simulation_time_s,piper_joint1,piper_joint2,piper_joint3,piper_joint4,piper_joint5,piper_joint6,probe_socket_distance_mm,max_joint_velocity_rad_s
0.02000000000000001,-0.5999937652526616,1.1999248845826975,-1.5998158925838348,0.15002607765212053,0.6997674949917166,2.102923754592275e-06,0.00042861156663669597,0.010006695438926566
0.04000000000000003,-0.5999891790801535,1.1998694357079331,-1.5996804136369023,0.15004494147090894,0.6995984224340869,3.643814652422974e-06,0.0002610155718695105,0.007166291518370523
0.060000000000000046,-0.5999859077274119,1.1998299394623513,-1.599583893220241,0.15005840272061274,0.6994778477996938,4.742127858731514e-06,0.0001838876076510828,0.0051094054049198555
0.08000000000000006,-0.5999835764212706,1.1998017835458283,-1.599515081358743,0.1500680064900066,0.699391882208211,5.5250743448654745e-06,0.00012899119383815227,0.0036428116961611107
0.10000000000000007,-0.5999819153216416,1.1997817112650184,-1.599466023095182,0.15007485804355336,0.6993305922269926,6.083207191598976e-06,8.985474564881108e-05,0.0025971688507486733
0.12000000000000009,-0.5999807319027802,1.1997674015032789,-1.59943104761012,0.15007974603262267,0.6992868952017662,6.481078509036187e-06,6.195813865092126e-05,0.0018516614893843285
0.1400000000000001,-0.5999798888732143,1.199757199763809,-1.5994061121578307,0.15008323315375513,0.6992557412952922,6.764705305714681e-06,4.207980768935978e-05,0.0013201447050837905
0.16000000000000011,-0.5999792883643866,1.199749926649099,-1.5993883345987803,0.15008572086954125,0.6992335301012106,6.966891495482463e-06,2.7925709197404363e-05,0.0009411967900426493
0.18000000000000013,-0.5999788606282619,1.199744741398249,-1.5993756601817968,0.15008749559968124,0.6992176946510079,7.111021808978335e-06,1.7867072130254057e-05,0.000671024831299979
0.20000000000000015,-0.5999785559665443,1.19974104463759,-1.5993666240084765,0.150088761683254,0.6992064047979388,7.21376636044009e-06,1.0760882380258924e-05,0.0004784055553203552
0.22000000000000017,-0.5999783389718221,1.199738409068019,-1.5993601816985656,0.1500896648987359,0.6991983557277719,7.2870086485337475e-06,5.854524035323452e-06,0.0003410778034832713
0.24000000000000019,-0.5999781844205543,1.1997365300594165,-1.5993555886712334,0.1500903092455025,0.6991926171692561,7.339219965076521e-06,2.9055137769439403e-06,0.00024317024370131267
0.2600000000000002,-0.5999780743452028,1.1997351904325175,-1.59935231408297,0.15009076891686807,0.6991885258847078,7.376439164495682e-06,2.5368866715037066e-06,0.00017336730950564172
0.2800000000000002,-0.59997799594754,1.1997342353530118,-1.5993499794718298,0.1500910968421747,0.699185609019284,7.402971107404208e-06,3.6534396708927814e-06,0.00012360153116214054
0.3000000000000002,-0.599977940111747,1.1997335544337768,-1.5993483150149992,0.1500913307809545,0.6991835294519746,7.421884556119428e-06,4.745076600995232e-06,8.812119798669553e-05
0.32000000000000023,-0.5999779003450493,1.1997330689754309,-1.5993471283432297,0.1500914976706022,0.6991820468332288,7.435367106259417e-06,5.5863715552284616e-06,6.282563179292722e-05
0.34000000000000025,-0.5999778720230354,1.1997327228698922,-1.5993462823074072,0.15009161672803828,0.6991809898065913,7.444978204315775e-06,6.20483261277258e-06,4.4791260655455335e-05
0.36000000000000026,-0.5999778518520604,1.1997324761152819,-1.599345679127396,0.15009170166244318,0.6991802362040862,7.451829514309671e-06,6.652514356651772e-06,3.193373159151379e-05
0.3800000000000003,-0.599977837486319,1.1997323001924904,-1.5993452490910491,0.1500917622538165,0.6991796989265242,7.456713494276739e-06,6.974435779111143e-06,2.2767011511483265e-05
0.4000000000000003,-0.5999778272550903,1.1997321747689622,-1.5993449424972184,0.15009180547911394,0.6991793158768903,7.460195053399358e-06,7.205151815768924e-06,1.6231638623552635e-05
0.4200000000000003,-0.5999778199684681,1.1997320853486926,-1.5993447239115535,0.1500918363156259,0.6991790427833774,7.4626768907742164e-06,7.370192529735645e-06,1.1572273501976226e-05
0.44000000000000034,-0.5999778147789917,1.199732021596816,-1.5993445680711886,0.15009185831410105,0.6991788480825926,7.4644460727653615e-06,7.488119411814049e-06,8.250399964266514e-06
0.46000000000000035,-0.5999778110830962,1.1997319761451295,-1.5993444569650015,0.1500918740076076,0.699178709271551,7.465707236119976e-06,7.5723220858340935e-06,5.882085202777695e-06
0.48000000000000037,-0.5999778084509212,1.1997319437405014,-1.5993443777519878,0.1500918852032107,0.6991786103068496,7.466606257080936e-06,7.632416301918643e-06,4.193605906085469e-06
0.5000000000000003,-0.5999778065763203,1.1997319206377288,-1.5993443212771696,0.15009189319005267,0.6991785397504169,7.467247124120305e-06,7.675291194329526e-06,2.989812112226355e-06
0.5200000000000004,-0.5999778052412573,1.1997319041666827,-1.5993442810135194,0.1500918988877946,0.6991784894475298,7.46770396577067e-06,7.70587443590959e-06,2.1315729419987586e-06
0.5400000000000004,-0.5999778042904471,1.1997318924237048,-1.599344252307601,0.15009190295251393,0.6991784535843163,7.4680296247749e-06,7.7276864997267e-06,1.519695298936147e-06
0.5600000000000004,-0.599977803613297,1.1997318840515871,-1.5993442318417521,0.15009190585224977,0.699178428015802,7.468261770198363e-06,7.743240937853116e-06,1.0834597683062154e-06
0.5800000000000004,-0.5999778031310442,1.1997318780827133,-1.599344217250651,0.15009190792089697,0.6991784097868465,7.468427254499456e-06,7.754332899181803e-06,7.724477415158088e-07
0.6000000000000004,-0.5999778027875938,1.199731873827224,-1.5993442068479438,0.1500919093966527,0.6991783967905965,7.468545219484806e-06,7.762241748408667e-06,5.507131111516114e-07
0.6200000000000004,-0.5999778025429963,1.199731870793287,-1.5993441994313466,0.1500919104494449,0.6991783875249795,7.468629310396655e-06,7.767880699286543e-06,3.926282805216999e-07
0.6400000000000005,-0.5999778023688,1.1997318686302516,-1.5993441941436928,0.1500919112004985,0.6991783809191003,7.468689254250003e-06,7.771901647025462e-06,2.799226312411729e-07
0.6600000000000005,-0.5999778022447418,1.199731867088122,-1.599344190373866,0.15009191173629438,0.6991783762094692,7.468731984935712e-06,7.774768351834496e-06,1.9956955270860857e-07
0.6800000000000005,-0.5999778021563912,1.1997318659886664,-1.5993441876861731,0.1500919121185271,0.6991783728517588,7.468762445273974e-06,7.776812180689572e-06,1.422821802358222e-07
0.7000000000000005,-0.5999778020934705,1.1997318652048128,-1.599344185769986,0.1500919123912091,0.6991783704578947,7.468784158742973e-06,7.778269379464728e-06,1.0143941174463956e-07
0.7200000000000005,-0.59997780204866,1.1997318646459667,-1.5993441844038425,0.1500919125857385,0.6991783687512004,7.468799637044867e-06,7.779308215638595e-06,7.232075203682184e-08
0.7400000000000005,-0.5999778020167479,1.1997318642475394,-1.5993441834298523,0.15009191272451422,0.6991783675344209,7.468810670640145e-06,7.780048932047492e-06,5.1560756176135276e-08
0.7600000000000006,-0.5999778019940207,1.199731863963482,-1.599344182735447,0.15009191282351597,0.6991783666669232,7.468818535852876e-06,7.780576895177665e-06,3.675994200931117e-08
0.7800000000000006,-0.5999778019778355,1.1997318637609642,-1.5993441822403718,0.1500919128941431,0.6991783660484446,7.468824142502618e-06,7.780953585308349e-06,2.6207897851905662e-08
0.8000000000000006,-0.599977801966309,1.1997318636165795,-1.5993441818874086,0.15009191294452803,0.6991783656075031,7.468828139153395e-06,7.78122181155867e-06,1.8684682263100794e-08
0.8200000000000006,-0.5999778019581001,1.1997318635136414,-1.5993441816357639,0.15009191298047245,0.699178365293136,7.4688309881265e-06,7.781413386659121e-06,1.3321199183507075e-08
0.8400000000000006,-0.5999778019522543,1.1997318634402518,-1.599344181456354,0.1500919130061148,0.6991783650690094,7.468833018987336e-06,7.781549783351063e-06,9.49731331774449e-09
0.8600000000000007,-0.5999778019480909,1.1997318633879288,-1.599344181328444,0.15009191302440802,0.6991783649092195,7.468834466664668e-06,7.781647285248254e-06,6.771071359618967e-09
0.8800000000000007,-0.5999778019451262,1.1997318633506255,-1.5993441812372506,0.15009191303745825,0.6991783647952982,7.468835498625076e-06,7.781716495100062e-06,4.827359454856643e-09
0.9000000000000007,-0.5999778019430145,1.19973186332403,-1.5993441811722342,0.15009191304676817,0.6991783647140781,7.468836234244953e-06,7.78176598145987e-06,3.441724111002187e-09
0.9200000000000007,-0.5999778019415111,1.1997318633050689,-1.5993441811258813,0.1500919130534098,0.6991783646561728,7.468836758623623e-06,7.781801173025922e-06,2.453690399516153e-09
0.9400000000000007,-0.59997780194044,1.199731863291551,-1.5993441810928342,0.15009191305814798,0.6991783646148896,7.468837132418357e-06,7.781826259990573e-06,1.7493562655238784e-09
0.9600000000000007,-0.5999778019396774,1.1997318632819132,-1.599344181069273,0.15009191306152808,0.699178364585457,7.468837398872936e-06,7.78184414633112e-06,1.2471721197298146e-09
0.9800000000000008,-0.5999778019391344,1.1997318632750418,-1.599344181052475,0.1500919130639394,0.6991783645644732,7.468837588811566e-06,7.781857090202136e-06,8.89165395349188e-10
1.0000000000000007,-0.5999778019387476,1.199731863270143,-1.5993441810404991,0.1500919130656597,0.6991783645495123,7.4688377242068145e-06,7.781865946039906e-06,6.33916427533679e-10
1.0199999999999985,-0.5999778019384723,1.1997318632666503,-1.5993441810319604,0.150091913066887,0.6991783645388465,7.468837820721959e-06,7.781872943385392e-06,4.519760441124607e-10
1.0399999999999963,-0.5999778019382761,1.1997318632641603,-1.599344181025873,0.15009191306776257,0.6991783645312424,7.468837889518768e-06,7.781877166069684e-06,3.2220505231188036e-10
1.059999999999994,-0.5999778019381365,1.199731863262385,-1.5993441810215334,0.15009191306838712,0.6991783645258209,7.468837938560791e-06,7.781880455830074e-06,2.2975656787787128e-10
1.0799999999999919,-0.599977801938037,1.1997318632611194,-1.599344181018439,0.1500919130688327,0.6991783645219558,7.4688379735195725e-06,7.781882808860157e-06,1.6377174217759222e-10
1.0999999999999897,-0.5999778019379661,1.199731863260217,-1.5993441810162328,0.15009191306915054,0.6991783645192,7.468837998438493e-06,7.781884763739837e-06,1.1683259142635931e-10
1.1199999999999875,-0.5999778019379157,1.1997318632595737,-1.59934418101466,0.1500919130693773,0.699178364517235,7.468838016201744e-06,7.781885590433401e-06,8.32444978162357e-11
1.1399999999999852,-0.5999778019378796,1.199731863259115,-1.5993441810135385,0.15009191306953915,0.6991783645158343,7.468838028864617e-06,7.781886762247935e-06,5.93378105239875e-11
1.159999999999983,-0.5999778019378541,1.199731863258788,-1.5993441810127391,0.1500919130696545,0.699178364514836,7.4688380378902725e-06,7.781887350952676e-06,4.231365639521599e-11
1.1799999999999808,-0.5999778019378358,1.199731863258555,-1.5993441810121696,0.15009191306973693,0.6991783645141241,7.468838044324613e-06,7.781887632112027e-06,3.012447975848867e-11
1.1999999999999786,-0.599977801937823,1.1997318632583884,-1.599344181011763,0.1500919130697956,0.6991783645136166,7.468838048910256e-06,7.781887929812761e-06,2.1493269880546763e-11
1.2199999999999764,-0.5999778019378137,1.19973186325827,-1.5993441810114735,0.1500919130698375,0.6991783645132547,7.468838052179975e-06,7.781888042997664e-06,1.5278961604108925e-11
1.2399999999999742,-0.5999778019378073,1.1997318632581857,-1.5993441810112667,0.1500919130698675,0.6991783645129965,7.468838054510899e-06,7.781888601510157e-06,1.0950047571343853e-11
1.259999999999972,-0.5999778019378025,1.1997318632581253,-1.5993441810111193,0.1500919130698888,0.6991783645128125,7.468838056171679e-06,7.78188860866473e-06,7.829870049325227e-12
1.2799999999999698,-0.5999778019377991,1.1997318632580827,-1.5993441810110147,0.150091913069904,0.6991783645126811,7.468838057355515e-06,7.781888446270877e-06,5.5072478175539705e-12
1.2999999999999676,-0.5999778019377968,1.1997318632580518,-1.5993441810109397,0.15009191306991487,0.699178364512588,7.468838058200059e-06,7.78188860978085e-06,3.926552950522297e-12
1.3199999999999654,-0.599977801937795,1.1997318632580303,-1.5993441810108864,0.15009191306992264,0.6991783645125212,7.4688380588028485e-06,7.781888773290823e-06,2.8269401431378423e-12
1.3399999999999632,-0.5999778019377938,1.1997318632580143,-1.5993441810108482,0.15009191306992814,0.6991783645124737,7.468838059230785e-06,7.781888734584805e-06,1.989159225773007e-12
1.359999999999961,-0.5999778019377932,1.1997318632580036,-1.5993441810108213,0.15009191306993203,0.69917836451244,7.4688380595370795e-06,7.781888715811179e-06,1.392771732293156e-12
1.3799999999999588,-0.5999778019377923,1.1997318632579954,-1.599344181010802,0.1500919130699349,0.6991783645124161,7.468838059753683e-06,7.781888864311096e-06,1.0814945272140782e-12
1.3999999999999566,-0.5999778019377922,1.1997318632579903,-1.5993441810107887,0.15009191306993688,0.6991783645123986,7.4688380599102695e-06,7.781888730120325e-06,7.30534042769062e-13
1.4199999999999544,-0.5999778019377917,1.1997318632579859,-1.5993441810107787,0.15009191306993833,0.6991783645123867,7.468838060020008e-06,7.781888621857756e-06,5.207948863076862e-13
1.4399999999999522,-0.5999778019377917,1.1997318632579832,-1.5993441810107718,0.1500919130699394,0.6991783645123778,7.468838060100053e-06,7.781888727888086e-06,3.4604841731091856e-13
1.45999999999995,-0.5999778019377914,1.199731863257981,-1.5993441810107667,0.15009191306994024,0.6991783645123715,7.4688380601547995e-06,7.78188853328453e-06,3.10159500358476e-13
1.4799999999999478,-0.5999778019377914,1.19973186325798,-1.5993441810107636,0.15009191306994088,0.6991783645123665,7.468838060195919e-06,7.78188855722354e-06,2.2055145171034865e-13
1.4999999999999456,-0.5999778019377913,1.1997318632579788,-1.5993441810107607,0.15009191306994105,0.6991783645123636,7.4688380602238276e-06,7.781888604858516e-06,1.6126120553674953e-13
1.5199999999999434,-0.5999778019377913,1.1997318632579779,-1.599344181010759,0.1500919130699414,0.6991783645123616,7.468838060244387e-06,7.781888571532686e-06,1.0533475091227438e-13
1.5399999999999412,-0.5999778019377913,1.1997318632579779,-1.599344181010758,0.15009191306994152,0.6991783645123606,7.468838060259247e-06,7.78188872519799e-06,1.0364791731474578e-13
1.559999999999939,-0.5999778019377912,1.1997318632579774,-1.5993441810107574,0.1500919130699415,0.6991783645123597,7.46883806026907e-06,7.781888727430231e-06,7.911265700379094e-14
1.5799999999999368,-0.5999778019377912,1.199731863257977,-1.5993441810107565,0.15009191306994146,0.6991783645123598,7.468838060276819e-06,7.781889121316632e-06,1.483260146235547e-13
1.5999999999999346,-0.599977801937791,1.199731863257977,-1.5993441810107563,0.15009191306994155,0.6991783645123589,7.4688380602836645e-06,7.781888727430231e-06,2.82312247113827e-13
1.6199999999999324,-0.5999778019377909,1.1997318632579763,-1.5993441810107556,0.15009191306994152,0.6991783645123578,7.468838060285069e-06,7.781888624089996e-06,7.312791196102684e-14
1.6399999999999302,-0.5999778019377912,1.1997318632579763,-1.5993441810107556,0.15009191306994155,0.6991783645123577,7.4688380602897555e-06,7.781888617393279e-06,7.53074614746141e-14
1.659999999999928,-0.5999778019377907,1.1997318632579763,-1.5993441810107552,0.1500919130699418,0.6991783645123579,7.468838060289826e-06,7.781888782677635e-06,4.6822067301544854e-14
1.6799999999999258,-0.5999778019377912,1.1997318632579763,-1.5993441810107554,0.15009191306994166,0.6991783645123576,7.468838060292039e-06,7.781888669950587e-06,8.520112798275342e-14
1.6999999999999236,-0.5999778019377912,1.1997318632579763,-1.5993441810107554,0.1500919130699417,0.6991783645123579,7.4688380602925634e-06,7.781888727430231e-06,5.762280435862973e-14
1.7199999999999214,-0.5999778019377912,1.1997318632579763,-1.5993441810107554,0.15009191306994177,0.6991783645123578,7.4688380602934605e-06,7.781888665028252e-06,1.0813474867092295e-13
1.7399999999999192,-0.5999778019377912,1.1997318632579763,-1.5993441810107554,0.15009191306994177,0.6991783645123579,7.46883806029381e-06,7.781888727430231e-06,5.548031870131117e-14
1.759999999999917,-0.5999778019377909,1.1997318632579763,-1.5993441810107556,0.15009191306994182,0.6991783645123575,7.4688380602937815e-06,7.781888569958714e-06,4.4617895525812223e-14
1.7799999999999148,-0.5999778019377914,1.1997318632579763,-1.5993441810107556,0.15009191306994124,0.6991783645123575,7.46883806028764e-06,7.781888624089996e-06,4.109310386761792e-13
1.7999999999999126,-0.5999778019377914,1.1997318632579763,-1.5993441810107556,0.15009191306994135,0.6991783645123573,7.468838060294382e-06,7.781888564835969e-06,3.081712818836292e-14
1.8199999999999104,-0.5999778019377909,1.199731863257976,-1.5993441810107554,0.15009191306994166,0.6991783645123576,7.468838060299035e-06,7.781888668834467e-06,2.1983827617821265e-13
1.8399999999999082,-0.5999778019377912,1.199731863257976,-1.5993441810107552,0.1500919130699416,0.6991783645123575,7.4688380602957856e-06,7.781888785367729e-06,3.023730486655384e-14
1.859999999999906,-0.5999778019377912,1.199731863257976,-1.5993441810107552,0.1500919130699416,0.6991783645123575,7.468838060295652e-06,7.781888785367729e-06,3.020145947627141e-14
1.8799999999999037,-0.5999778019377912,1.199731863257976,-1.5993441810107552,0.1500919130699416,0.6991783645123575,7.468838060295552e-06,7.781888785367729e-06,3.021510368018802e-14
1.8999999999999015,-0.5999778019377912,1.199731863257976,-1.5993441810107552,0.1500919130699416,0.6991783645123575,7.468838060295488e-06,7.781888785367729e-06,3.038201626284652e-14
1.9199999999998993,-0.5999778019377912,1.199731863257976,-1.5993441810107552,0.1500919130699416,0.6991783645123575,7.468838060295434e-06,7.781888785367729e-06,3.023031590573938e-14
1.9399999999998971,-0.5999778019377912,1.199731863257976,-1.5993441810107552,0.1500919130699416,0.6991783645123575,7.468838060295398e-06,7.781888785367729e-06,3.017119008108363e-14
1.959999999999895,-0.5999778019377912,1.199731863257976,-1.5993441810107552,0.1500919130699416,0.6991783645123575,7.468838060295377e-06,7.781888785367729e-06,3.022234533349029e-14
1.9799999999998927,-0.5999778019377912,1.199731863257976,-1.5993441810107552,0.1500919130699416,0.6991783645123575,7.468838060295356e-06,7.781888785367729e-06,3.021538609065264e-14
1.9999999999998905,-0.5999778019377912,1.199731863257976,-1.5993441810107552,0.1500919130699416,0.6991783645123575,7.4688380602953426e-06,7.781888785367729e-06,3.013157892049895e-14
2.0199999999998886,-0.5997882806553947,1.19972258189055,-1.5993363017907833,0.14962100042107035,0.6991371923431259,0.00036854923168008383,0.0005505459253001415,0.020209366849819818
2.0399999999998863,-0.5992186937398409,1.1996946652070137,-1.5993123768347413,0.14820646458142092,0.6990137080405652,0.0014530691244589724,0.0019766201736078084,0.07893116347642816
2.059999999999884,-0.5981910048267804,1.1996441608964235,-1.5992681509170386,0.14567624947982863,0.6987938413178602,0.003393260806078192,0.00079902423031501,0.1715698412165444
2.079999999999882,-0.5966218460279741,1.1995673398439175,-1.5992006822075948,0.14199843882151889,0.6984795320386076,0.006230582003218772,0.0378220222188211,0.30203356608333976
2.0999999999998797,-0.5947187798314404,1.1994729157690576,-1.5991055018998686,0.13707838250312707,0.6980513918883072,0.009966379820867824,0.005631247520651805,0.20747070720788988
2.1199999999998775,-0.591763073370527,1.1993270862101046,-1.5989546470372138,0.12975811054017544,0.6974297300507705,0.015564796768790095,0.008476877730097436,0.3124249695708116
2.1399999999998753,-0.5882125299435248,1.1991516313265738,-1.5987576747858943,0.12095877576306108,0.6966940002594612,0.022291152880401163,0.011246258871820906,0.43563754577543673
2.159999999999873,-0.584109729928243,1.198948165290401,-1.598508385470009,0.11082602245999919,0.6958633323609583,0.030034833095844083,0.0029979139155759137,0.5794528520790606
2.179999999999871,-0.5794149223954136,1.198715087253015,-1.598200115073785,0.09956548718503974,0.6949670485084123,0.03866901028276034,0.06727425319379465,0.7569738788344446
2.1999999999998687,-0.574573626886571,1.198472863794538,-1.5978348862995033,0.08713033926636093,0.6939809178087395,0.04809728741843759,0.014169442732748335,0.5252930499401213
2.2199999999998665,-0.5684367722255493,1.1981660114864503,-1.5973360706343844,0.07184728231331003,0.692817116136179,0.05974256649627755,0.017566009618140362,0.6517314660540214
2.2399999999998643,-0.5618640726062228,1.197836158771915,-1.596744001817136,0.055446354914415595,0.6916100848725184,0.0722277182794407,0.02046304680918485,0.7915640096484096
2.259999999999862,-0.5549096209250167,1.197484610042175,-1.5960510487670332,0.03811811965831633,0.6903839917986343,0.0854088328112237,0.0074308996846926,0.9489791953603846
2.27999999999986,-0.5475105206754792,1.197108258457263,-1.5952471754479018,0.02010571988899125,0.6891719823109532,0.09914137366043949,0.0871439639224725,1.141162458821228
2.2999999999998577,-0.5402444996224088,1.196737502545564,-1.59436343570396,0.0012988674430038202,0.6879324494947672,0.11333477569432367,0.021280036123996655,0.7951468924279891
2.3199999999998555,-0.5316398115191731,1.1962964049500027,-1.5932343889641802,-0.020397220731028474,0.6865935551905802,0.12977738954271728,0.024752136500138727,0.9251295084555432
2.3399999999998533,-0.522820196069847,1.1958418187446316,-1.5919687845111135,-0.042711267436723745,0.6852954298961862,0.14666819838504186,0.027465165054236615,1.0657638163571492
2.359999999999851,-0.5138314002008522,1.19537344945623,-1.5905623246300935,-0.06545926320227326,0.6840583601231072,0.1638710911878052,0.010983977829558197,1.221797122298717
2.379999999999849,-0.5045843620779348,1.1948865336158072,-1.5890038871356442,-0.08840346098937875,0.6829103651881022,0.18125410938335484,0.09865253472568232,1.412061108755779
2.3999999999998467,-0.4957262746935342,1.1944219265082623,-1.5873744422248401,-0.11171732256218231,0.6817919356192554,0.19875025573888988,0.02624205352057183,0.9862341673963227
2.4199999999998445,-0.48560670708675807,1.1938861983874618,-1.5853877089266795,-0.13773983091541173,0.6806740355846651,0.21835867934821376,0.029556736007653878,1.10959284380192
2.4399999999998423,-0.4754936825894866,1.1933479197365588,-1.5832523005495533,-0.16387348159457077,0.6796616656000178,0.23802927254264208,0.03192807296384752,1.2405753593864275
2.45999999999984,-0.46542039002240054,1.1928049098035185,-1.5809691701721593,-0.18995339530567265,0.6787678072682831,0.2576435636786662,0.013448791915164494,1.3839239473835752
2.479999999999838,-0.45527983065565425,1.1922512987472031,-1.5785266673828555,-0.21576312704234654,0.6780111675298156,0.2770901338209169,0.10214789437940609,1.5582065753754972
2.4999999999998357,-0.44573141733106625,1.1917373983459698,-1.5760641477155881,-0.24152013604980951,0.6773184955544937,0.29632740732719676,0.028988266453021754,1.0898736694482796
2.5199999999998335,-0.435096531865295,1.1911578436842616,-1.5731682215643852,-0.26961170804733753,0.6767183035262526,0.3173992494191723,0.031945564384682365,1.1976415396782032
2.5399999999998313,-0.4246700192367432,1.1905880707557066,-1.5701564732924853,-0.29732606701573727,0.6762533926807499,0.33817315830328515,0.03382102327015648,1.3093614110637704
2.559999999999829,-0.41447117773382064,1.1900240086130214,-1.5670345820260225,-0.3245244953110508,0.6759281659965235,0.35855234109117695,0.014832630305522754,1.4293261278944511
2.579999999999827,-0.4043854432365728,1.189459351250135,-1.563790397311797,-0.3510241429356967,0.6757504997991624,0.37844974177254886,0.09774045161476035,1.574142981727247
2.5999999999998247,-0.3950283730345391,1.1889495570148265,-1.5606130117138326,-0.37706467707416536,0.6756402485328891,0.39784813691989623,0.029502620683583017,1.1018843543136099
2.6199999999998225,-0.384839071565922,1.1883865997124605,-1.5569926486851555,-0.40488084920295336,0.6756802066210796,0.4186678624641521,0.03188250842661413,1.1854946555001085
2.6399999999998203,-0.37502715473510045,1.1878456185311828,-1.5533350510935626,-0.43186253759463705,0.6758430664183595,0.43885923457051984,0.033087965241155995,1.2687592664412086
2.659999999999818,-0.3655980116818913,1.1873208846441423,-1.5496488704058275,-0.4579040079193847,0.6761251157321648,0.4583500974367864,0.015124806067448981,1.355059346726213
2.679999999999816,-0.3564406234819382,1.1868063733040275,-1.5459223211215276,-0.48286794165930697,0.6765243800803221,0.4770808324641315,0.08535977109231276,1.4575679475075218
2.6999999999998137,-0.34807435265658715,1.1863552197675145,-1.5423675321955772,-0.5069938006135961,0.6769626879202018,0.49505694473341233,0.027690325082894308,1.0206888825892158
2.7199999999998115,-0.3391889346803989,1.1858690902655604,-1.5384488340319522,-0.5321633148900204,0.6775553999808779,0.5139065833023452,0.029241010592038118,1.0721264471893128
2.7399999999998093,-0.3308086561124641,1.1854141436985826,-1.5346082500743823,-0.5560850054275981,0.6782189865575038,0.5318278276531047,0.029596728288696705,1.118346382266117
2.759999999999807,-0.322926312841935,1.1849836779305094,-1.5308551810684157,-0.578692666777865,0.6789441111759235,0.5487759112851099,0.014246104956508077,1.1613032751016352
2.779999999999805,-0.3154460253110936,1.184572761655567,-1.5271803678373839,-0.5999054824542143,0.6797222924349083,0.564721618963443,0.06477178845721798,1.2094626948262466
2.7999999999998026,-0.308745749533835,1.1842235165462476,-1.523776965874628,-0.6199393207817108,0.6804879544315591,0.5796914101768114,0.02338178657238021,0.8473841122118034
2.8199999999998004,-0.3018802334363691,1.1838602885402139,-1.5201872788003337,-0.640125541701328,0.6813526765644695,0.5948525406350829,0.023831459452022013,0.859261841516325
2.8399999999997982,-0.2956056291666547,1.1835322383219913,-1.5168109563743999,-0.6587044396143693,0.6822105642883254,0.6088157442894022,0.02317994110301469,0.8604616895702688
2.859999999999796,-0.28990518517041125,1.1832330816500143,-1.5136555508030831,-0.6756544915551012,0.6830509655573843,0.6215663530885255,0.01206808771049958,0.8509519098735362
2.879999999999794,-0.28471072364835304,1.1829599460925402,-1.5107171884856718,-0.6909602171506769,0.6838636630394582,0.6331085319420764,0.03567743544487716,0.8332909860634666
2.8999999999997916,-0.28022227831980073,1.1827364680219188,-1.5081190711012755,-0.7047891566662475,0.684607562874556,0.6434878302921145,0.01640608282470119,0.5849495694885074
2.9199999999997894,-0.27595751584755635,1.1825208200285051,-1.5056031708920226,-0.7177278101208591,0.6853469059360326,0.6532419460840769,0.015490086361674075,0.5502187092444821
2.9399999999997872,-0.27233973372648773,1.1823398526830051,-1.503431373924824,-0.7287543615880899,0.6859999751519994,0.6615591342639284,0.013719286364342446,0.4986452341955595
2.959999999999785,-0.26934800147434745,1.1821898101767805,-1.501606399597218,-0.7378948441838065,0.6865597608730848,0.6684575243421337,0.008499452046509648,0.42763643147425756
2.979999999999783,-0.2669564393495,1.1820710238251098,-1.5001322025205406,-0.7452053505601524,0.687018910067089,0.6739776545811911,0.002138912248002288,0.3325723981105677
2.9999999999997806,-0.26515622629438945,1.1819833989987834,-1.4990115065399237,-0.7507789345591853,0.6873727784780357,0.678182247083314,0.006695189355659595,0.2361229735213367
3.0199999999997784,-0.2638658285486734,1.1819204425878134,-1.4982029784753954,-0.7547536404781673,0.6876302559094655,0.6811841501258765,0.004783712536380024,0.16851243647168565
3.039999999999776,-0.2629462296448762,1.1818758173039428,-1.4976241586367383,-0.757590243104173,0.6878160299273929,0.6833274192889583,0.003414947931624521,0.12026136994782369
3.059999999999774,-0.26229059366826535,1.1818441428401862,-1.497210197766586,-0.7596146282385262,0.687949697190837,0.6848576495885321,0.002436917941364128,0.08582646380074103
3.079999999999772,-0.26182300528251784,1.1818216389270106,-1.4969143484837037,-0.7610593645457068,0.6880456866584171,0.6859501884346878,0.0017383242171807908,0.06125154093708044
3.0999999999997696,-0.2614894539167399,1.181805639205625,-1.496703016599961,-0.7620904263131074,0.6881145245012574,0.6867302286240295,0.0012394514981858582,0.043713279566204126
3.1199999999997674,-0.2612514785538172,1.1817942580123573,-1.496552111054214,-0.7628262627388085,0.6881638429267755,0.6872871540753415,0.0008832658695018367,0.031196810902022542
3.139999999999765,-0.26108167313415626,1.181786159180523,-1.4964443813635009,-0.7633514065667136,0.6881991524206053,0.6876847822437547,0.0006289906353599215,0.022264212702379264
3.159999999999763,-0.2609604998076006,1.1817803945522336,-1.4963674882860147,-0.7637261858164481,0.688224419813502,0.6879686768934463,0.00044748755524379955,0.015889298866035195
3.179999999999761,-0.26087402528439174,1.1817762906013283,-1.496312612192043,-0.7639936545532211,0.6882424947676652,0.6881713691971786,0.00031794311454022876,0.011339719522704649
3.1999999999997586,-0.2608123107245034,1.181773368524954,-1.4962734524971602,-0.7641845390595409,0.6882554213951434,0.68831608544509,0.00022549475175876537,0.008092822835738202
3.2199999999997564,-0.2607682653649921,1.1817712877614077,-1.4962455098845657,-0.7643207677102726,0.6882646644468821,0.6884194085176228,0.00015953237655074394,0.005775610015703816
3.239999999999754,-0.26073682974764445,1.1817698059818396,-1.4962255722107796,-0.764417990107594,0.6882712727447361,0.6884931780980306,0.00011248420657147138,0.0041218840542336785
3.259999999999752,-0.26071439348780306,1.1817687507071264,-1.4962113467103006,-0.7644873748962046,0.6882759968931654,0.6885458473676692,7.894965320607746e-05,0.0029416686093931377
3.27999999999975,-0.2606983800842101,1.1817679991494352,-1.4962011970764746,-0.7645368928021936,0.6882793738715713,0.6885834516461685,5.508092565305424e-05,0.002099383466397585
3.2999999999997476,-0.2606869507694156,1.1817674638835787,-1.4961939556201849,-0.764572232295553,0.6882817877299228,0.6886102999717714,3.814330054765835e-05,0.0014982691632323597
3.3199999999997454,-0.26067879323109544,1.1817670826562643,-1.4961887891218708,-0.764597453069263,0.6882835130897197,0.6886294688691701,2.6204590149123595e-05,0.0010692713853238155
3.339999999999743,-0.26067297086191865,1.181766811135245,-1.4961851030565867,-0.76461545240694,0.6882847462967335,0.6886431548850812,1.791908724428469e-05,0.0007631081272011827
3.359999999999741,-0.26066881518717666,1.1817666177487016,-1.4961824732295488,-0.7646282980151573,0.6882856277181247,0.688652926288171,1.2378543007027156e-05,0.0005446082796764475
3.3799999999997388,-0.2606658490980433,1.181766480011508,-1.496180596984524,-0.7646374655558235,0.6882862576948717,0.6886599027753202,8.989815762405846e-06,0.00038867125663392276
3.3999999999997366,-0.2606637320659865,1.1817663819095754,-1.4961792583849698,-0.7646440081659459,0.6882867079516369,0.6886648837765482,7.298946657059494e-06,0.0002773835050421356
3.4199999999997344,-0.26066222104297426,1.1817663120373376,-1.4961783033683127,-0.7646486774388627,0.6882870297559124,0.688668440060908,6.775762162157476e-06,0.00019796064487988802
3.439999999999732,-0.2606611425557565,1.1817662622714142,-1.4961776220177079,-0.7646520097649822,0.6882872597517369,0.6886709791403636,6.84952637133894e-06,0.00014127883602328228
3.45999999999973,-0.2606603727890671,1.1817662268260447,-1.4961771359128349,-0.7646543879506366,0.6882874241303105,0.6886727919662076,7.128914424560551e-06,0.00010082665878924485
3.4799999999997278,-0.2606598233704796,1.1817662015803836,-1.4961767891048592,-0.7646560851936592,0.6882875416113972,0.6886740862689074,7.43182978236353e-06,7.195710165339614e-05
3.4999999999997256,-0.26065943122459784,1.1817661835993922,-1.496176541677311,-0.7646572964674707,0.6882876255744979,0.6886750103617597,7.69457782233235e-06,5.135372687431464e-05
3.5199999999997234,-0.2606591513316137,1.1817661707926088,-1.496176365152003,-0.7646581609189893,0.6882876855821932,0.6886756701359855,7.90340761957123e-06,3.664968867785822e-05
3.539999999999721,-0.26065895155880064,1.1817661616711161,-1.496176239211362,-0.76465877785337,0.6882877284689818,0.68867614119472,8.062428592709654e-06,2.6155837510795937e-05
3.559999999999719,-0.2606588089715281,1.1817661551744403,-1.4961761493599588,-0.764659218141851,0.6882877591195351,0.6886764775163177,8.180693264414831e-06,1.866667601471398e-05
3.5799999999997167,-0.2606587072002739,1.181766150547267,-1.4961760852561423,-0.7646595323632018,0.6882877810249451,0.68867671763969,8.267416334914519e-06,1.3321875358879081e-05
3.5999999999997145,-0.26065863456133737,1.181766147251627,-1.4961760395217414,-0.7646597566140408,0.688287796680296,0.6886768890804534,8.330449713967771e-06,9.507443684472563e-06
3.6199999999997123,-0.260658582715511,1.181766144904358,-1.4961760068928593,-0.7646599166554919,0.6882878078688147,0.6886770114839236,8.376000557264791e-06,6.78519251763672e-06
3.63999999999971,-0.2606585457107079,1.1817661432325535,-1.4961759836140105,-0.764660030872532,0.6882878158649621,0.6886770988762597,8.408791045623578e-06,4.842399386499473e-06
3.659999999999708,-0.26065851929864264,1.1817661420418404,-1.4961759670058734,-0.7646601123859941,0.688287821579583,0.6886771612717137,8.43233330952095e-06,3.455883124767595e-06
3.6799999999997057,-0.2606585004471129,1.1817661411937772,-1.496175955156907,-0.7646601705598425,0.688287825663647,0.6886772058201569,8.44920586897811e-06,2.4663659415738354e-06
3.6999999999997035,-0.26065848699189315,1.1817661405897613,-1.4961759467033375,-0.7646602120768717,0.6882878285823912,0.6886772376263794,8.461282519490757e-06,1.760175638444948e-06
3.7199999999997013,-0.2606584773882736,1.1817661401595634,-1.4961759406721904,-0.7646602417064015,0.6882878306683137,0.6886772603350461,8.469918441936968e-06,1.2561875802400686e-06
3.739999999999699,-0.26065847053372165,1.1817661398531651,-1.4961759363693048,-0.7646602628521598,0.6882878321590423,0.6886772765483365,8.476090792831617e-06,8.965056459363877e-07
3.759999999999697,-0.2609076846621003,1.1816905684212438,-1.4960905666802433,-0.7641839816205718,0.6879809026999512,0.6881505438782765,0.0012927788233030016,0.04958374497512084
3.7799999999996947,-0.2617442386476135,1.181435553513043,-1.4958131434482744,-0.7627228977688094,0.6870696741242384,0.6865236193553098,0.04564758144288662,0.19312855292788744
3.7999999999996925,-0.2632294456703283,1.1809859154042812,-1.4952754246679176,-0.7597424869493022,0.6850851886056201,0.6832662651712126,0.004524602825449103,0.13810351375410243
3.8199999999996903,-0.26654776709673433,1.1799808282949766,-1.4940956868427848,-0.7533855021249952,0.6809486697843135,0.6762784025034052,0.00968550958722131,0.2980032974006359
3.839999999999688,-0.2712756682580561,1.1785527786917096,-1.4923820141993451,-0.7443079784555641,0.6750471273943925,0.6663118191307205,0.015621524281053296,0.5084578346328216
3.859999999999686,-0.27737790309543936,1.1767099784960355,-1.4901027829720985,-0.7325968628593893,0.6674558145416171,0.6534751364875866,0.0036985519220509295,0.7655427661278615
3.8799999999996837,-0.28492241151424436,1.1744394121552977,-1.4872264347042452,-0.7184697875561953,0.6584095738029,0.6379830409952968,0.13458047588303296,1.0652628439726577
3.8999999999996815,-0.2931771894569245,1.171967240130665,-1.4838432686934777,-0.7019385620818179,0.6475529411632196,0.6200297036511717,0.024539134781185256,0.7612313195613987
3.9199999999996793,-0.3043316905499404,1.1686247943978414,-1.4791103801032095,-0.6800086212178119,0.633362489943668,0.5963777369828487,0.035714488563016955,1.006864752703781
3.939999999999677,-0.31755456243922,1.1646509725234255,-1.4730814222337454,-0.6538458024251222,0.6162768584459958,0.5699782557691744,0.040901703948624905,1.2958049399010805
3.959999999999675,-0.33240142099233133,1.160169224361998,-1.4657987712435339,-0.6241575808690031,0.5968536646626403,0.5412038273579126,0.013439601688118006,1.669234018923867
3.9799999999996727,-0.34863098907658596,1.1552202989754754,-1.457221682447001,-0.5915277775437361,0.5756865690442423,0.510445544254335,0.21293543770574155,2.0736982049376556
3.9999999999996705,-0.36494207165796805,1.150272804461789,-1.4478354696012632,-0.556614554958321,0.5526073411087126,0.4779557966792379,0.056598211390072796,1.488013707865085
4.019999999999677,-0.3844048100950274,1.1442437199397169,-1.4355809968718087,-0.5145605303663294,0.5248731410277274,0.43934746273331293,0.06552835803142167,1.7942315842062104
4.039999999999684,-0.4039596606087285,1.1381410533225687,-1.4221890980163605,-0.47036326561395597,0.49604493019068574,0.3989867055015223,0.06812175197209877,2.121577351262271
4.0599999999996905,-0.4230718848226605,1.1320416298600784,-1.4077028261152393,-0.42469941752938084,0.4663839030957025,0.35725688583699056,0.10999544946566744,2.479689194043091
4.079999999999697,-0.44136909133985974,1.1260268490533574,-1.3922774342567659,-0.3774129939925588,0.43616118482916744,0.31454332866161205,0.17525400906999508,2.8374137613116734
4.099999999999704,-0.45950006125572657,1.1200603581957636,-1.3758833781317064,-0.3295383714094794,0.405162547701336,0.271051339394592,0.07105499578072252,2.034281619286134
4.119999999999711,-0.4779190934774902,1.1136561495764776,-1.3567569729899405,-0.2747878193440719,0.3702955757671334,0.22159928675928642,0.08072414309004067,2.3108521451348127
4.139999999999717,-0.49453170732761886,1.1076442041720664,-1.3373385052834155,-0.21919577353477152,0.33607258334672757,0.17146270015544543,0.07279852262997967,2.5971159634617074
4.159999999999724,-0.5094200026508697,1.1015188871463202,-1.3156077441534253,-0.16307085157368983,0.29861617106456173,0.12098677984390947,0.1319563486697815,2.901838028841363
4.179999999999731,-0.5219155548924467,1.0951266320710897,-1.2906343208182671,-0.10655203868438898,0.25654804562843264,0.07050865313231112,0.2753254816155163,3.190090950329523
4.199999999999737,-0.5326739178394246,1.0891552652599241,-1.2645897302230156,-0.05211384880795059,0.21249259180801755,0.020165153624360787,0.07571372389561797,2.320038180955213
4.219999999999744,-0.5401415984997093,1.0833536722519737,-1.2357129068948967,0.005504568176920766,0.16316574383085258,-0.03557438400557996,0.08082222194254692,2.653775518678033
4.239999999999751,-0.5442699472431946,1.0785093262146916,-1.207232374510127,0.06599300305968755,0.11336749551792542,-0.09098276126121445,0.0841560510780508,2.9509645193659564
4.259999999999757,-0.5447080342494667,1.0746910466708586,-1.179424005142702,0.12763234100775087,0.06302094058537125,-0.14576829758781393,0.08743366989300319,3.233499337132222
4.279999999999764,-0.5412896599690477,1.0720254808316667,-1.1531055800457362,0.188418533098729,0.012434184333486337,-0.1996620445841912,0.26508744314110855,3.5288681446263666
4.299999999999771,-0.5341049706583545,1.070389208370884,-1.1282090780529985,0.24832754541036248,-0.036852742160369455,-0.2525841116107118,0.07216051886232716,2.562435428323623
4.319999999999777,-0.5222644024824693,1.069909218678331,-1.1032350598047806,0.31322713043217254,-0.09118535824835403,-0.3099649664095419,0.08131445442590889,2.7850260630875194
4.339999999999784,-0.5069615231362922,1.0706605971020566,-1.0815433203727454,0.37688575738360985,-0.14330043458992806,-0.3660795958887518,0.07010542381407556,3.0085986498397252
4.359999999999791,-0.488408105568234,1.0725380767992778,-1.062646766265534,0.4390395854278091,-0.19447971024408803,-0.42069879280100264,0.045560117954909746,3.2311369553749976
4.379999999999797,-0.46686822759754565,1.075483902201897,-1.0465566998346263,0.4994537341007693,-0.2445989286983972,-0.47362582020936717,0.2425221747447569,3.4485448143700164
4.399999999999804,-0.4439589386375664,1.079224218883354,-1.0338586816408684,0.5580947432341619,-0.2933796574290551,-0.5248355611083837,0.0806607445979966,2.5111003640478025
4.419999999999811,-0.4167965571236363,1.0842298346600006,-1.0233294501219474,0.6201264598965781,-0.34461803760400217,-0.5792035510630289,0.08561139528398568,2.6641244679841787
4.439999999999817,-0.38837475919261827,1.0900225217283164,-1.0162557935197778,0.6798253271958082,-0.3939966542717089,-0.631450522580313,0.08211420754651626,2.807978977057562
4.459999999999824,-0.3593701791956656,1.0964321237048955,-1.0125171326909417,0.7369910756501722,-0.4411227705017703,-0.6814175550520243,0.058886820847087434,2.9377684397971713
4.479999999999831,-0.33005825109362896,1.1034587292563276,-1.0119069427845941,0.7914941138120922,-0.48588756473327016,-0.728987391208024,0.2253627320146533,3.0472219527175235
4.4999999999998375,-0.3021484129791755,1.1105241734926912,-1.0139245393691132,0.8433326869923746,-0.5282875937693344,-0.7741929451825647,0.0866708206814859,2.218850417922559
4.519999999999844,-0.2724980236468678,1.118563834947358,-1.019019761761235,0.8966021007128923,-0.5711627238011133,-0.8208888575295931,0.0886616627320294,2.2856081060936644
4.539999999999851,-0.2446865063299224,1.1265835044951586,-1.0264990264698457,0.9461874537935362,-0.6104125320244703,-0.864691170264231,0.08317753377031145,2.2996835670384015
4.5599999999998575,-0.21948877633175734,1.1342803046535233,-1.035774656840967,0.9915797226029552,-0.6451907437339848,-0.9055199548612812,0.04976739030906765,2.279773881154951
4.579999999999864,-0.19663722778733697,1.1417643847455716,-1.0465073367613453,1.0328843475459382,-0.6758466017001935,-0.9433398972469308,0.16392336936040705,2.263469264638782
4.599999999999871,-0.17673787577181618,1.148476589281726,-1.0571222220144545,1.0702424763169887,-0.7035898128263688,-0.9782478834988729,0.06373326136011152,1.577220187211802
4.6199999999998775,-0.1580025662047098,1.1553225116092025,-1.0687018871664082,1.1048409866968427,-0.729510950527007,-1.0126113464269837,0.06158073128544801,1.468695512977658
4.639999999999884,-0.1418996617149288,1.161578034442261,-1.0798325414217629,1.1347107808916392,-0.7520862007702769,-1.0433923902782303,0.05871117841463723,1.41267388141244
4.659999999999891,-0.12820958539159655,1.1671969887473312,-1.0902532439325203,1.160269410398544,-0.7715002801112646,-1.070595607271085,0.032711542045437525,1.3300016586599894
4.679999999999898,-0.11667191895845509,1.172197796843299,-1.0998241947699625,1.1818625192621126,-0.7878807147354786,-1.094279425182915,0.047075137151477035,1.206990718251376
4.699999999999904,-0.10727016316318186,1.1763861490208463,-1.1080631428605956,1.2000724375933933,-0.8017596356449049,-1.1145919764064742,0.03496826058949614,0.8613611414782705
4.719999999999911,-0.09944695599454526,1.180019372240503,-1.1153835912816221,1.215245839992996,-0.8132331978944126,-1.131964113613518,0.029594292398940812,0.7377363679804095
4.739999999999918,-0.093617048245929,1.1828093979445182,-1.1210864493009671,1.2266446395850954,-0.8218611494835246,-1.1451469742993021,0.02297604013282885,0.5722395094330138
4.759999999999924,-0.08940704188580333,1.1848713872264218,-1.1253416333087696,1.234923778466599,-0.8281372281178115,-1.1547813931006832,0.016274277508991793,0.40853750442145603
4.779999999999931,-0.08642759524901332,1.1863548905836918,-1.1284236905922895,1.2408126381716378,-0.8326055543754559,-1.1616596199630376,0.011602541605110754,0.2916640300690848
4.799999999999938,-0.08431526810583263,1.1874191447625688,-1.130645697365348,1.2450042161054908,-0.8357869437961616,-1.1665701374512076,0.00827181302399256,0.20822529295518633
4.819999999999944,-0.08281569158059239,1.188181027060058,-1.1322423662903078,1.2479892925408136,-0.8380521680252456,-1.1700758616625309,0.005897727396279284,0.1486564837907137
4.839999999999951,-0.08175005806808595,1.188725635378702,-1.1333870361518232,1.250115970869933,-0.8396651357901924,-1.1725786725417393,0.004205657529271994,0.1061289976175851
4.859999999999958,-0.08099224225893724,1.1891145220109234,-1.1342063296980887,1.2516315196345937,-0.8408137035221646,-1.1743654817293763,0.002999685790847738,0.07576770760157778
4.879999999999964,-0.08045304258122989,1.1893920054472205,-1.1347920637813065,1.252711773091271,-0.8416316036438737,-1.1756411219858107,0.0021401481944263506,0.05409213770978462
4.899999999999971,-0.08006924520723582,1.1895898938976024,-1.135210480331803,1.253481868103856,-0.8422140467336726,-1.176551827948233,0.0015275098828583013,0.03861749313337779
4.919999999999978,-0.07979598637155076,1.1897309655660837,-1.1355092023695805,1.2540309131849894,-0.8426288228525463,-1.177201999687035,0.0010908399660827096,0.02756982206140295
4.939999999999984,-0.07960139100634919,1.1898315063867033,-1.1357223832561871,1.2544223880856502,-0.842924201475899,-1.17766617063441,0.0007795907473240873,0.01968266098040368
4.959999999999991,-0.07946279444323873,1.189903147433202,-1.1358744741592568,1.2547015285985195,-0.8431345541285111,-1.1779975517753742,0.0005577388950028486,0.01405185414618978
4.979999999999998,-0.07936407184177817,1.1899541887871268,-1.1359829588958894,1.254900576809759,-0.8432843567664121,-1.1782341315418439,0.000399611120247894,0.010031905501182811
5.000000000000004,-0.07929374642611842,1.1899905501558234,-1.1360603284967137,1.2550425170209563,-0.8433910391431747,-1.178403030662639,0.0002869101657913475,0.007161981815224038
5.020000000000011,-0.0792436472475435,1.1900164518476886,-1.1361155015216309,1.2551437357836532,-0.8434670135103703,-1.178523611185502,0.00020659584345821582,0.005113084624365373
5.040000000000018,-0.07920795572770876,1.190034901769643,-1.1361548430336668,1.2552159167379955,-0.8435211191180829,-1.1786096960743173,0.00014937515661961098,0.0036503351005942285
5.0600000000000245,-0.07918252779735391,1.1900480432884621,-1.136182894297203,1.2552673908104865,-0.8435596507988936,-1.1786711538263877,0.0001086262872262611,0.002606048399471541
5.080000000000031,-0.07916441167556558,1.190057403498348,-1.136202894645968,1.255304098541434,-0.8435870914180312,-1.178715029763831,7.963157476141335e-05,0.0018605108610439223
5.100000000000038,-0.07915150467440162,1.1900640703029133,-1.1362171543722812,1.2553302760785874,-0.8436066334619938,-1.1787463536860099,5.903043596832326e-05,0.0013282564473721047
5.1200000000000445,-0.07914230887073274,1.190068818668954,-1.1362273209937481,1.2553489442443238,-0.8436205504767262,-1.1787687164692833,4.44286613734156e-05,0.0009482692042784807
5.140000000000051,-0.07913575712461784,1.1900722006141509,-1.1362345692969802,1.255362257236925,-0.8436304615829999,-1.178784681713445,3.4118801360434907e-05,0.0006769885949753303
5.160000000000058,-0.07913108917022403,1.1900746093322505,-1.1362397369339314,1.255371751266936,-0.8436375198497836,-1.1787960796245673,2.687968769826268e-05,0.00048331586316557147
5.1800000000000646,-0.07912776335807523,1.1900763248816295,-1.1362434211474524,1.2553785218513014,-0.8436425464443549,-1.1788042168239854,2.1833133083983435e-05,0.00034504897270406685
5.200000000000071,-0.07912539378580365,1.190077546734401,-1.1362460477575522,1.255383350239652,-0.8436461261677511,-1.1788100261352208,1.8343135848310805e-05,0.0002463374377958988
5.220000000000078,-0.07912370551143892,1.190078416962992,-1.136247920357748,1.2553867935693297,-0.8436486754908831,-1.1788141735199267,1.5947133344021736e-05,0.0001758652740840754
5.240000000000085,-0.07912250264697444,1.1900790367563576,-1.1362492553956482,1.2553892491562435,-0.8436504910069343,-1.1788171344216392,1.4310164475244056e-05,0.00012555377025820637
5.260000000000091,-0.07912164562726681,1.1900794781842883,-1.1362502071864722,1.255391000342136,-0.8436517839371314,-1.1788192482691402,1.319327072529456e-05,8.963537016621259e-05
5.280000000000098,-0.07912103501537884,1.1900797925767708,-1.1362508857477036,1.2553922491895646,-0.8436527047043235,-1.1788207573875134,1.2429586518320721e-05,6.399249839507019e-05
5.300000000000105,-0.07912059996459649,1.1900800164922207,-1.1362513695148184,1.2553931397977518,-0.8436533604332784,-1.1788218347775448,1.1904961050155987e-05,4.568553427880241e-05
5.320000000000111,-0.07912028999803312,1.1900801759683204,-1.1362517144071396,1.2553937749299457,-0.8436538274136735,-1.178822603947994,1.1542407812869107e-05,3.261582307891454e-05
5.340000000000118,-0.07912006915185027,1.1900802895496216,-1.136251960291366,1.2553942278710146,-0.8436541599757281,-1.1788231530742652,1.1290315896345622e-05,2.3285092593366285e-05
5.360000000000125,-0.07911991180245725,1.1900803704438996,-1.1362521355897188,1.2553945508835633,-0.8436543968110637,-1.1788235451065592,1.1114044626459855e-05,1.6623695998838823e-05
5.380000000000131,-0.07911979969349034,1.1900804280579647,-1.136252260565271,1.2553947812383275,-0.8436545654741555,-1.1788238249862977,1.0990202259672872e-05,1.1867990756280988e-05
5.400000000000138,-0.07911971981759812,1.1900804690915068,-1.1362523496641783,1.2553949455147029,-0.8436546855880841,-1.1788240247980677,1.0902861921641136e-05,8.472797027322777e-06
5.420000000000145,-0.07911966290725957,1.1900804983161548,-1.1362524131855416,1.255395062667625,-0.843654771127531,-1.178824167447703,1.0841081605971053e-05,6.048899911848678e-06
5.440000000000151,-0.07911962235951596,1.1900805191303379,-1.1362524584718965,1.2553951462146982,-0.8436548320446358,-1.17882426928814,1.0797282908618124e-05,4.318431023855489e-06
5.460000000000158,-0.07911959346986613,1.1900805339544689,-1.1362524907579568,1.2553952057959261,-0.843654875426861,-1.178824341994072,1.0766180655772998e-05,3.0830144963873664e-06
5.480000000000165,-0.079119572886427,1.1900805445124023,-1.1362525137757078,1.255395248286027,-0.8436549063215727,-1.178824393900294,1.0744066666931877e-05,2.2010258277412186e-06
5.500000000000171,-0.07911955822103624,1.190080552031893,-1.1362525301857942,1.2553952785876694,-0.8436549283232714,-1.178824430957186,1.0728329871351593e-05,1.5713564083999609e-06
5.520000000000178,-0.07911954777216411,1.1900805573873645,-1.1362525418850704,1.2553953001971665,-0.8436549439917935,-1.1788244574128428,1.071712397564757e-05,1.1218227885225106e-06
5.540000000000185,-0.07911954032749782,1.1900805612015948,-1.1362525502258634,1.2553953156078983,-0.8436549551501336,-1.1788244763000653,1.0709140421394751e-05,8.008917273595279e-07
5.5600000000001915,-0.07928943860513978,1.1899457097092017,-1.1362351659759906,1.2555168558962888,-0.8432244927279039,-1.1789411054986256,0.0007688916822470607,0.04142292102782696
5.580000000000198,-0.07985197184803575,1.1894625940864298,-1.13616618451329,1.2559155662992443,-0.8419275057551141,-1.179301239275097,0.05165652064448853,0.18674881768059057
5.600000000000205,-0.08090802394186614,1.1886712521600595,-1.136074682733216,1.2566676723053432,-0.839140898007139,-1.1800216718426322,0.004532108721271734,0.116854401422423
5.6200000000002115,-0.08323856631228237,1.1868618660164305,-1.1358506911592363,1.2583132367241778,-0.8333017559445894,-1.1815676508355033,0.009340503822354915,0.25236248803118244
5.640000000000218,-0.08660138480202716,1.184302117014781,-1.1355457537483493,1.260662908483089,-0.8249585933089303,-1.1837726039258951,0.013092450520085007,0.4314731894670834
5.660000000000225,-0.09100874355255106,1.1810360505384145,-1.1351561586998453,1.2636981744991724,-0.8141796261890891,-1.1866119968000457,0.011187220081405307,0.6470275303515857
5.6800000000002315,-0.09654969289958772,1.1769680898517496,-1.1346749811843866,1.2674363677506768,-0.8012497128147066,-1.1900387496096758,0.1533113860627411,0.9810754271637238
5.700000000000238,-0.10287842672102955,1.1727393426640558,-1.134258526976342,1.2716554179547357,-0.7858342953072742,-1.1940092994589828,0.02492698292191111,0.6507433768261892
5.720000000000245,-0.11152761673804186,1.1671003385309702,-1.1337102384275077,1.2772783229226516,-0.7657595476964316,-1.1992411247673669,0.03182380225368794,0.8637427232542766
5.740000000000252,-0.12145267436999084,1.1610073275952448,-1.1331817515107212,1.2835626933904056,-0.7432689353810534,-1.2050805263844615,0.03544998552818931,1.1045302942357893
5.760000000000258,-0.13260902759068666,1.1545907872717183,-1.1326786959724133,1.2904247273629428,-0.7186510697410824,-1.2114447152924905,0.022872785733901505,1.3716079485890231
5.780000000000265,-0.14512829505325545,1.1477965233876524,-1.132187822380788,1.2978537687649356,-0.6923809306014981,-1.2182480537536213,0.21265014264709436,1.7671579246371762
5.800000000000272,-0.15830802825608511,1.141390930594096,-1.1319015768466183,1.3055471134527576,-0.6640287838299102,-1.2254338014033677,0.044411027703710505,1.200655952890995
5.820000000000278,-0.17463450544231826,1.1339717352065912,-1.1316313865088206,1.3147468102031736,-0.6306403481139754,-1.2339738228557533,0.05139543660958194,1.4347802945546482
5.840000000000285,-0.1922275252225609,1.126701902752293,-1.1315003491255187,1.3243450657304847,-0.5956331687661784,-1.242901528156184,0.05516364385115013,1.6887306108922604
5.860000000000292,-0.21100754187675483,1.1196765929365728,-1.1315053869354326,1.3342399802555571,-0.5593050852049837,-1.2521311584249,0.02867584589890634,1.9726826926901446
5.880000000000298,-0.23116688140908728,1.1128424303352045,-1.1315926642749423,1.3443828930625907,-0.5220730183346836,-1.2615777954154457,0.24015971531392666,2.3761126640131507
5.900000000000305,-0.25157639188798686,1.106760737471969,-1.1319188017553203,1.3545325313497312,-0.4834782838221278,-1.2711987489608745,0.05881421949178402,1.6347814455200693
5.920000000000312,-0.2756288775894401,1.1003428422709822,-1.1324093201954326,1.3660401920716208,-0.43999819214056124,-1.2821373925030106,0.0655454925932336,1.8628682845596
5.940000000000318,-0.30050777091330194,1.0945461045161302,-1.1330818601675563,1.3776129142199833,-0.395967143763282,-1.293227499473728,0.06910587518415504,2.1013109569592467
5.960000000000325,-0.32603041271006095,1.089400835516643,-1.1339245339719382,1.3891651826523086,-0.35173519448071616,-1.3043916858080282,0.03272195294496244,2.36182806827416
5.980000000000332,-0.3523102066561559,1.084862871800151,-1.1349157533521577,1.4006332591633257,-0.3078250339762156,-1.3155565133264056,0.2421123307080504,2.7155606756283635
6.000000000000338,-0.37804401455152586,1.0811807569898624,-1.1360737692476939,1.4119210728695626,-0.26350676376973614,-1.326692903380063,0.06542241585497904,1.873636781159961
6.020000000000345,-0.40713235923979896,1.0777600985438505,-1.137517844912361,1.42435752951817,-0.21513675883675565,-1.3390219563641057,0.07138365292312464,2.0693811104649584
6.040000000000352,-0.4362898331105829,1.075105021442711,-1.1391201608427417,1.4366162492665493,-0.16719263366367199,-1.3512781583751174,0.07533351029841015,2.273866452497597
6.060000000000358,-0.46536913419501774,1.0731866131883212,-1.140866312783684,1.448640793799878,-0.11991678683902264,-1.3633960085457892,0.03331951624190686,2.502531678583468
6.080000000000365,-0.49451364524031044,1.0719634768036117,-1.1427601484375205,1.4603810204924703,-0.07374522740356353,-1.3753161480148237,0.2364567688683657,2.8113671264534568
6.100000000000372,-0.5224304043288766,1.0714391818309146,-1.1447272059747382,1.4718249213963206,-0.027780192283297676,-1.3870236528973006,0.06647230278747647,1.9429164096623817
6.1200000000003785,-0.5530920459305926,1.071560985047011,-1.1470463142004683,1.4842300407374986,0.02144351478520922,-1.3997164728771583,0.07165979280560573,2.1063582465682305
6.140000000000385,-0.5831057565391384,1.072387645891269,-1.1494861889127097,1.4963140356146674,0.06955452309344615,-1.4121292373601888,0.07511483522542596,2.2736800492367544
6.160000000000392,-0.6123709865888085,1.0738707115325452,-1.152036082619856,1.5080438022678673,0.11637416190288408,-1.4242103718529822,0.033349257977674615,2.4592580339414853
6.1800000000003985,-0.6410546405777342,1.0759942623875869,-1.1547223832462368,1.5193940489316755,0.1615467616373148,-1.435916081096387,0.21757875091377518,2.7110507743781866
6.200000000000405,-0.6680065998729827,1.0785701727894739,-1.157398323869478,1.5303692481037654,0.20596159621571614,-1.4472454825575385,0.06403359845577804,1.8797968678121963
6.220000000000412,-0.6968108995508684,1.0820137628272029,-1.1604516807624663,1.542110403810564,0.2526848031955867,-1.459271965021613,0.06788118822425027,2.00163036825556
6.2400000000004185,-0.7243086898162631,1.0859836938664138,-1.1635631369275918,1.5534433194155093,0.29761763848738626,-1.4708292854617016,0.07001412883029672,2.113951602270168
6.260000000000425,-0.7504272869138865,1.0904082961577486,-1.1667112506712018,1.5643507145275803,0.34058414451206515,-1.4818815157127418,0.03344819189654383,2.2304518340882904
6.280000000000432,-0.7753310463462678,1.0952870823143213,-1.169927816032749,1.5748340830029932,0.3813000454615553,-1.4924020133353364,0.1806798303808767,2.3941756501445424
6.300000000000439,-0.798157517281762,1.1002696491937602,-1.173000437855007,1.5848467260570946,0.4205332234425201,-1.5024030251853584,0.05780781643535242,1.6604884277429304
6.320000000000445,-0.8216407212802757,1.1060533990964443,-1.1763527829326461,1.5953550788788677,0.46061540768170117,-1.5127323904974643,0.059629870661917536,1.7153752686097636
6.340000000000452,-0.843344339357113,1.1120080648550363,-1.1796291398880185,1.6053149645745601,0.498201967364413,-1.522421740150861,0.059234324946750815,1.7555513950893264
6.360000000000459,-0.86328775868093,1.1180469543816254,-1.1828134378292017,1.6147000856956528,0.533213831997855,-1.5314525105170864,0.0318785406380098,1.785830783461089
6.380000000000465,-0.8816433992439422,1.1241631276375503,-1.1859299684013906,1.6235256678987438,0.5654884991256462,-1.539816991648649,0.12634463133789217,1.8407040757431934
6.400000000000472,-0.8979334354877849,1.1299571030183135,-1.188771226059618,1.6316895983390511,0.5956131436969568,-1.547539193352489,0.04610721141801396,1.2740126702919832
6.420000000000479,-0.913806602454747,1.136097499205941,-1.1916902340195115,1.639853368925797,0.624936416112392,-1.5551405559760594,0.04520947788980199,1.2526589776980175
6.440000000000485,-0.9277610965995864,1.1418952505977977,-1.1943731327667404,1.6472330613470856,0.65115956630428,-1.561949363448923,0.04221183123230966,1.2068632032161841
6.460000000000492,-0.9398850761900481,1.1472670709657382,-1.196810817544186,1.6538123378137655,0.6742920065150079,-1.5679661406546892,0.026437642560860564,1.1358952899847632
6.480000000000499,-0.9503313681421904,1.152186637279033,-1.1990042609897602,1.6596107889765286,0.6943365362721683,-1.5732042103698356,0.04718064560503875,1.0544185618470192
6.500000000000505,-0.9590120497741315,1.1564185953486097,-1.2008550112247869,1.664570557886966,0.7116423046948659,-1.5776971928791221,0.0275966170722557,0.7313773466214799
6.520000000000512,-0.966376795802247,1.1601894365963048,-1.2024832090654993,1.6688547299235532,0.7263152709791674,-1.5815397561426363,0.02351736106162781,0.6244444890830783
6.540000000000519,-0.9719084827892909,1.16312026746881,-1.2037375780740998,1.672120337348003,0.7374476119173066,-1.5844555481580864,0.018135178926149614,0.48334624528795633
6.560000000000525,-0.9759188920154621,1.165300215172272,-1.2046657059830819,1.6745150666685762,0.7455814530181951,-1.5865865016641856,0.013250239267218598,0.3446955799514827
6.580000000000532,-0.9787609512342205,1.166873895490876,-1.2053319628146841,1.6762274862685438,0.7513809336235181,-1.588108035847494,0.009472014843353768,0.24574858486289697
6.600000000000539,-0.9807780093673251,1.168005525081792,-1.2058091777878241,1.6774514926098605,0.7555153938690553,-1.5891944424212454,0.006764811065215842,0.17518540623062856
6.6200000000005454,-0.9822111771030508,1.1688171539959278,-1.2061503115430148,1.6783261090148363,0.7584625835137507,-1.5899701608513876,0.004828406658699753,0.12487381589955306
6.640000000000552,-0.9832303229197529,1.1693981956280204,-1.2063938227085114,1.6789509233706645,0.7605633088056454,-1.5905240419755526,0.0034447454667137748,0.08900646228825287
6.660000000000559,-0.9839554888703899,1.169813615042019,-1.206567471825157,1.679397208208383,0.7620606156972503,-1.590919526523848,0.0024567615004124498,0.06343885932242771
6.6800000000005655,-0.9844717001550141,1.1701103448498076,-1.2066912122341533,1.6797159371235761,0.7631277979692463,-1.5912019122948264,0.001751668526540726,0.04521449640340101
6.700000000000572,-0.9848392815889359,1.170322155326343,-1.2067793425961824,1.679943548350242,0.7638883985773969,-1.5914035428350448,0.0012486519591419353,0.03222492528831435
6.720000000000579,-0.9851010861600613,1.1704732776680473,-1.2068420875245829,1.6801060805006345,0.7644304841814847,-1.591547512153125,0.0008898945680432726,0.0229667956636632
6.7400000000005855,-0.9852875827034254,1.1705810640659575,-1.2068867472873586,1.680222136011566,0.764816828232376,-1.5916503099128465,0.0006340773573270059,0.016368347608686645
6.760000000000592,-0.9854204488572365,1.170657923169177,-1.2069185285705673,1.6803050024131492,0.7650921732074983,-1.5917237101356019,0.0004516951184890296,0.011665581922896738
6.780000000000599,-0.985515114785039,1.1707127196476659,-1.206941142021567,1.680364169640688,0.7652884087458333,-1.5917761197663525,0.0003216911385064115,0.008313922219810302
6.800000000000606,-0.9855825673669069,1.1707517818987538,-1.2069572306550198,1.6804064147743139,0.7654282632518532,-1.5918135415767574,0.00022904528109989132,0.005925214660582047
6.820000000000612,-0.985630631566276,1.170779625431535,-1.2069686762958358,1.6804365772376262,0.7655279354585622,-1.5918402616992589,0.00016304833196594467,0.0042228069832752815
6.840000000000619,-0.9856648813542305,1.1707994710513963,-1.2069768184265812,1.6804581126374594,0.7655989702082916,-1.5918593405425614,0.00011606899431438128,0.003009523160331421
6.860000000000626,-0.9856892877348509,1.1708136154979842,-1.2069826102989631,1.6804734883784829,0.7656495954449973,-1.5918729633172857,8.267388440793268e-05,0.002144833988630269
6.880000000000632,-0.9857066799754545,1.1708236962678515,-1.2069867302028274,1.68048446621713,0.7656856751431308,-1.5918826903200805,5.9000085636262056e-05,0.0015285842018568415
6.900000000000639,-0.9857190740029949,1.1708308806892875,-1.2069896607274606,1.6804923040462647,0.7657113884819472,-1.5918896356428667,4.230788582242808e-05,0.0010893936810870482
6.920000000000646,-0.9857279062822983,1.1708360008435499,-1.206991745199175,1.680497899988826,0.765729713900081,-1.591894594775842,3.066077782789882e-05,0.0007763905094867722
6.940000000000652,-0.9857342004104792,1.1708396498062519,-1.2069932278554911,1.6805018952894197,0.7657427740819271,-1.591898135719335,2.2692234117982405e-05,0.000553318921630922
6.960000000000659,-0.9857386857997087,1.1708422502792635,-1.2069942824364177,1.6805047477825183,0.7657520818277339,-1.591900664040038,1.7426621644155588e-05,0.00039433997461473154
6.980000000000666,-0.9857418822353335,1.1708441035242536,-1.2069950325292775,1.680506784349982,0.7657587152829006,-1.591902469322847,1.4133470429422322e-05,0.00028103867799241796
7.000000000000672,-0.985744160125149,1.1708454242468112,-1.206995566043978,1.680508238375892,0.7657634428216854,-1.5919037583386833,1.2222071067258965e-05,0.00020029098937623577
7.020000000000679,-0.9857457834301944,1.1708463654624723,-1.2069959455112889,1.6805092764890586,0.7657668120499773,-1.5919046787271738,1.1203606845541844e-05,0.0001427436418931115
7.040000000000686,-0.9857469402562483,1.1708470362204542,-1.206996215409024,1.6805100176567993,0.765769213236106,-1.5919053359067004,1.0707028486367846e-05,0.00010173073624234621
7.060000000000692,-0.9857477646531575,1.1708475142359425,-1.2069964073736408,1.6805105468175272,0.7657709245168779,-1.5919058051486075,1.0488084880842486e-05,7.250161224061864e-05
7.080000000000699,-0.9857483521491771,1.1708478548932335,-1.206996543907491,1.6805109246141008,0.7657721441150915,-1.5919061401984944,1.0405609552390887e-05,5.1670564559275006e-05
7.100000000000706,-0.9857487708209859,1.1708480976621842,-1.2069966410158885,1.6805111943431694,0.7657730133003607,-1.5919063794320423,1.038531888598951e-05,3.6824666339560615e-05
7.120000000000712,-0.9857490691824148,1.170848270671075,-1.2069967100828882,1.6805113869168082,0.7657736327528576,-1.591906550250425,1.0390614744806787e-05,2.6244270623351712e-05
7.140000000000719,-0.9857492818061661,1.1708483939655447,-1.2069967592055384,1.6805115244049589,0.7657740742254353,-1.591906672218747,1.0404455292335997e-05,1.870381809847564e-05
7.160000000000726,-0.9857494333300129,1.1708484818311116,-1.206996794142924,1.6805116225646226,0.765774388855003,-1.5919067593069667,1.0419440413838392e-05,1.332987614073202e-05
7.1800000000007325,-0.9857495413117467,1.1708485444483352,-1.2069968189912108,1.6805116926456116,0.7657746130858786,-1.5919068214899703,1.0432729642353653e-05,9.499965572909377e-06
7.200000000000739,-0.985749618263708,1.1708485890723772,-1.2069968366637902,1.680511742679787,0.7657747728912491,-1.5919068658900652,1.0443534668714215e-05,6.770457667710602e-06
7.220000000000746,-0.9857496731026619,1.1708486208736144,-1.206996849232794,1.6805117784015309,0.7657748867817248,-1.591906897592749,1.0451920263478885e-05,4.825186482034868e-06
7.2400000000007525,-0.9857497121830356,1.170848643536707,-1.206996858172006,1.6805118039049218,0.7657749679494776,-1.5919069202291858,1.0458250014368587e-05,3.438826507948193e-06
7.260000000000759,-0.9857497400332356,1.170848659687518,-1.2069968645296323,1.6805118221129365,0.7657750257963283,-1.591906936392114,1.0462945351933408e-05,2.4507922643988566e-06
7.280000000000766,-0.9857497598803783,1.1708486711973658,-1.2069968690511914,1.6805118351124353,0.765775067022784,-1.5919069479328078,1.0466388895471511e-05,1.746637574048608e-06
7.3000000000007725,-0.9857497740242313,1.17084867939984,-1.206996872266916,1.6805118443933342,0.7657750964041752,-1.5919069561731207,1.0468894553240148e-05,1.2447989452385158e-06
7.320000000000779,-0.9857497841036973,1.1708486852453204,-1.2069968745539197,1.6805118510193566,0.7657751173437951,-1.5919069620568873,1.0470708221197787e-05,8.871472185567653e-07
7.340000000000786,-0.9857497912867227,1.1708486894110932,-1.206996876180413,1.6805118557499439,0.7657751322671106,-1.5919069662580265,1.0472016095456604e-05,6.322549774322971e-07
7.360000000000793,-0.9857079717304369,1.1708194828969127,-1.2072854162119857,1.679708930558929,0.7656047600259246,-1.59103275575162,0.0018114316674126573,0.0822570506608489
7.380000000000799,-0.9855541763033885,1.170719472247034,-1.2082760297557553,1.6772498177413266,0.765047105890291,-1.5883328732991284,0.0741442723651759,0.3208247103579405
7.400000000000806,-0.985284006128435,1.1705447967131466,-1.209954146004845,1.6721827569402143,0.763991383191152,-1.5829278785696954,0.007345556326597392,0.22916640740506136
7.420000000000813,-0.9846298586379277,1.1701575081205213,-1.2137689602512458,1.6614025081122386,0.7616867569070169,-1.5713321947898935,0.015502454943332147,0.4945068854775646
7.440000000000819,-0.9835922018846327,1.1696121954520589,-1.2191981756326766,1.6459792046784563,0.7583999536087773,-1.554793613025813,0.02298622401572817,0.8436737739866793
7.460000000000826,-0.9820848284046271,1.1689392846169147,-1.2262180200996085,1.6260457725364095,0.7541528022547264,-1.5334914273499178,0.009281395757699797,1.2701450783637125
7.480000000000833,-0.9798897590501761,1.1681332140954446,-1.2349357556490468,1.6019337331985537,0.7489276770724898,-1.50778416376604,0.2172845114932743,1.7677515431271864
7.500000000000839,-0.9771602919501026,1.1672735091902042,-1.2442575941613403,1.5735136313053497,0.7430057838790429,-1.4779932552573727,0.03984667249718795,1.2631648952892958
7.520000000000846,-0.9728108194908036,1.1662058107899798,-1.2572619567262198,1.5348689337163635,0.7350417332868517,-1.4387458657416239,0.0544024236870748,1.6707613398171464
7.540000000000853,-0.967604247952164,1.1653886947168044,-1.272161412328751,1.4904892069269544,0.727164693259513,-1.3949393133902297,0.08394689431628617,2.136571667442583
7.560000000000859,-0.9613713975352988,1.1649531131797535,-1.289034010283362,1.4401772983648633,0.7196115973695495,-1.3471904003753938,0.12996302072857546,2.753239583776427
7.580000000000866,-0.9538307820015972,1.1646630150064643,-1.3066203580047773,1.384856220578453,0.7122705033391934,-1.288605135860892,0.5817410218561847,6.881906461845327
7.600000000000873,-0.9448040066072861,1.1649826669111334,-1.3262585076040936,1.3274623958658358,0.7055354438422683,-1.2635628253099538,0.1108130194216453,2.648681576082007
7.620000000000879,-0.9328196935814347,1.165720066322271,-1.3491084128382018,1.2566108782642098,0.6985345427619032,-1.2022268336259265,0.10645177829265465,3.1345682369635086
7.640000000000886,-0.9186899748684278,1.1668315853748759,-1.3723565389827586,1.1819739688139863,0.6923914182163062,-1.13485962097489,0.15372055561104564,3.607864484617268
7.660000000000893,-0.902292352777443,1.1682470155234923,-1.3954641793622231,1.104456580430375,0.6866165825666596,-1.0689677071598243,0.17529940814113534,4.022170425188656
7.680000000000899,-0.8839814115018275,1.1697024699535805,-1.4169671198457352,1.0279582572569053,0.6807729420036615,-0.9853275039712109,0.1538989056712924,7.396486248773649
7.700000000000906,-0.863966369919785,1.1713659615716556,-1.4383806762239648,0.9486856614229688,0.6761770937621938,-0.9154269731680792,0.10369408080229287,3.3856937194746175
7.720000000000913,-0.8390418560401351,1.1732968826658923,-1.460615198337154,0.8583922184042366,0.6711393253674601,-0.8331489186957287,0.11915615372509993,3.8519726524855873
7.7400000000009195,-0.8120377432788155,1.1749646245308063,-1.4802395120706136,0.7681931243776833,0.6658063683874424,-0.751093426038714,0.15222930278869773,4.359480806137823
7.760000000000926,-0.7843496296383354,1.1773266538115201,-1.4995952904416727,0.6766575181718133,0.6637846870488341,-0.6694956622666015,0.3927331392891178,4.917390873165969
7.780000000000933,-0.7557328494779336,1.1803770837056438,-1.5189293000687756,0.5845981910152506,0.6649364879566839,-0.5776334336264566,0.4032908642561652,7.5884451854722865
7.8000000000009395,-0.7245237510139159,1.1833235956932038,-1.5363576005614192,0.49421501747588026,0.6660937168235713,-0.4986012286511322,0.10859085602131174,3.8580998889207834
7.820000000000946,-0.6894889821826377,1.1858412946689054,-1.551555298637338,0.394778695214714,0.6668794001263946,-0.4085979349059105,0.11881049482922487,4.24825976808414
7.840000000000953,-0.6536305995520125,1.1877983038465396,-1.5632601128887673,0.29683847062356555,0.6674289588829866,-0.3137362071636673,0.14220598460734737,4.65265271988294
7.8600000000009596,-0.6176563024893209,1.1891530449787129,-1.5714479238571626,0.20076314881824114,0.6676375879975874,-0.22093705023368249,0.26774556314655046,5.058365686350956
7.880000000000966,-0.5819543366876405,1.1898889075520351,-1.5762059523236838,0.10674247992868992,0.6675392787147933,-0.12558541145377444,0.298930456052062,7.6949894523686915
7.900000000000973,-0.5450406124273091,1.1900833654912175,-1.577838326549106,0.013159777695687115,0.6670256480008246,-0.03891644710195145,0.10287634832842385,3.995539789552983
7.92000000000098,-0.506522859054834,1.1895402100411334,-1.5757636036621019,-0.0865265949999378,0.6659091948849827,0.05166398629002085,0.11128001096043802,4.350639403632796
7.940000000000986,-0.4678681689357299,1.1882929129336566,-1.5698936366636251,-0.18772670852479778,0.664291601565553,0.1466446249070931,0.12415194578681954,4.66137339229605
7.960000000000993,-0.4316146420651072,1.18641620572521,-1.560584511951746,-0.28568321406835356,0.6621457844674278,0.23278228617185978,0.31619665892447596,5.1079458728965195
7.980000000001,-0.3992132062475804,1.184282653568898,-1.549141329577897,-0.3754211677674809,0.6598351839627977,0.32777052268736806,0.37782772818299754,7.753553022269907
8.000000000001005,-0.3665257039904444,1.1814280152681937,-1.5345409426555117,-0.46760483643471024,0.6574765379411506,0.40762397270709144,0.10108912758652219,3.951804285157721
8.020000000000994,-0.33472116305538885,1.1782340214355107,-1.5167658697415773,-0.5634805781678373,0.654950160391993,0.49598043184916524,0.11091400398726196,4.25740075151164
8.040000000000983,-0.30535941347146733,1.1747718458799605,-1.496714521766607,-0.6578129348240226,0.6524509774678918,0.5816107458671272,0.14491858818009423,4.528767193074521
8.060000000000972,-0.27863686742497124,1.1713433206240964,-1.4752420931203725,-0.7503162052504198,0.6506953180011343,0.6643046188462463,0.30292663878913584,4.775212195792641
8.080000000000961,-0.25553330122804735,1.1681724596754508,-1.4531035811632376,-0.8373988685170682,0.649005040878468,0.7526355397757905,0.2673100210981977,7.653033911881503
8.10000000000095,-0.2333457757079872,1.1648474759058804,-1.4303710194928334,-0.9224785580160997,0.6489710328662419,0.8190074493279826,0.10313726873976564,3.640390350497187
8.120000000000939,-0.2150209059211334,1.161805275244103,-1.4063742353423103,-1.006254921923363,0.6484116124383438,0.8938911286832589,0.21260028957471042,3.5572801969178114
8.140000000000928,-0.19697671484636728,1.1588186251840942,-1.3812384988290454,-1.091448685814421,0.6494880075940228,0.9720863453514785,0.04556413132735688,3.8818275103449844
8.160000000000917,-0.18195608295162508,1.1568983830279767,-1.3585285138613352,-1.1689019254865647,0.6529988952057084,1.04375025994403,0.051308798407962326,3.920035358376554
8.180000000000906,-0.16903229487235255,1.155464357499382,-1.3368297548529144,-1.2401092202603883,0.657589800350552,1.109297514960354,0.17262430501157772,3.8789921015397435
8.200000000000895,-0.15831081897994215,1.154826236874294,-1.317845606887156,-1.3047525272892069,0.663712978463094,1.1692190172265235,0.07944895244948373,2.745345050384671
8.220000000000883,-0.14835063477230526,1.154673182395889,-1.2991886499772225,-1.3665703151179867,0.671320148810976,1.227665902049926,0.07773293966483522,2.6357526113700778
8.240000000000872,-0.14023765389035955,1.1548753829791698,-1.2824536497183714,-1.4210726340955702,0.6790550217813485,1.2797604789609347,0.07174983294984673,2.4918931996341853
8.260000000000861,-0.13376453910297523,1.155288770023456,-1.2675684144843717,-1.4685506602267768,0.6864999899559506,1.3256259413542648,0.04358695733894514,2.308105960773138
8.28000000000085,-0.12864996129389186,1.1558182831276664,-1.254431311076413,-1.5093303980246637,0.6933927517374028,1.3654433766879135,0.0618818865780623,2.086102109134329
8.30000000000084,-0.12483998659641404,1.1564057284681508,-1.2434214230067457,-1.5440157960000045,0.6994669467330431,1.3995190352126838,0.04698567854913774,1.4685761674963107
8.320000000000828,-0.12189319700167135,1.156979647245233,-1.2338467519079548,-1.573285776307465,0.7047969286225945,1.4286101960232218,0.0401315624547553,1.2431773102873587
8.340000000000817,-0.11986678653788457,1.1574678092621855,-1.2265314838561907,-1.5954078462122316,0.7089344131713773,1.4506739207974972,0.03085233603187413,0.9588351062025232
8.360000000000806,-0.11850017067641758,1.157853789679857,-1.2211549493451688,-1.6115420447027669,0.7120146749918131,1.4667956080287305,0.022583378166493015,0.683784040203409
8.380000000000795,-0.11758307593456041,1.1581463302516892,-1.2173027772326974,-1.6230484886913863,0.7142443360432899,1.4783057314312733,0.016178536610702777,0.48808547925642487
8.400000000000784,-0.1169586314651879,1.1583635937954566,-1.2145464175962388,-1.6312553128965819,0.7158517407100736,1.4865234218593402,0.011574418897090093,0.3484701974447972
8.420000000000773,-0.11652834752172964,1.1585230392100858,-1.212575920349973,-1.6371092451957454,0.7170072054781105,1.4923904678175848,0.008272825076771533,0.24879137230576057
8.440000000000762,-0.11622908730271186,1.1586391042990623,-1.2111680936705658,-1.6412851434915003,0.7178361173281338,1.4965792630382946,0.005908780283596171,0.17762533959099758
8.46000000000075,-0.11601947917484119,1.15872311672541,-1.21016269483831,-1.6442641702095193,0.7184299172549227,1.4995698656294283,0.004217799367057211,0.1268161220759733
8.48000000000074,-0.11587188919453312,1.15878368930331,-1.2094449018154423,-1.646389446278101,0.7188548632106989,1.5017050148268265,0.003009131401479281,0.0905407247977195
8.500000000000728,-0.11576756286900532,1.1588272412358152,-1.2089325478656492,-1.6479056877122822,0.7191587533605965,1.5032294104879504,0.00214564874242913,0.06464179719616987
8.520000000000717,-0.11569360845903176,1.158858494190792,-1.2085668878100526,-1.6489874457543394,0.7193759629136903,1.5043177568768888,0.0015289923229904942,0.04615118330071162
8.540000000000706,-0.11564107588067968,1.158880890403572,-1.2083059481442477,-1.6497592341541212,0.719531160260401,1.5050947846502658,0.0010887203828137892,0.0329497577267819
8.560000000000695,-0.1156037045190309,1.1588969240466491,-1.2081197519129174,-1.6503098781867167,0.7196420210343225,1.5056495456367687,0.0007744394865790703,0.02352456384771226
8.580000000000684,-0.1155770903241452,1.1589083946723937,-1.2079868965493168,-1.6507027464292423,0.7197211967231685,1.5060456186497542,0.0005501262762446757,0.016795421464161898
8.600000000000673,-0.1155581223638638,1.1589165967998658,-1.2078921046450102,-1.6509830478405745,0.7197777358300042,1.5063283959637708,0.0003900438818726811,0.01199113261375805
8.620000000000662,-0.11554459646434276,1.1589224596978056,-1.20782447268266,-1.651183036493068,0.7198181064505672,1.5065302855191858,0.00027581204774295966,0.008561098224198099
8.64000000000065,-0.115534947473641,1.15892664945218,-1.2077762196503252,-1.6513257242321502,0.7198469303584474,1.5066744250530129,0.000194308529681186,0.006112216499834792
8.66000000000064,-0.11552806223404254,1.1589296430020284,-1.207741793262197,-1.6514275291715936,0.7198675091321236,1.5067773338141703,0.00013616779165673978,0.004363831307237741
8.680000000000629,-0.11552314814795392,1.1589317815963103,-1.2077172318003444,-1.6515001651330954,0.7198822008028664,1.5068508057635794,9.470816868676654e-05,0.0031155674269677837
8.700000000000617,-0.1155196404027453,1.158933309268402,-1.2076997085745917,-1.651551989618823,0.719892689272733,1.5069032612299083,6.516627937195465e-05,0.0022243664301006736
8.720000000000606,-0.11551713627160484,1.1589344004650535,-1.207687206794805,-1.65158896551076,0.7199001769190063,1.5069407119280553,4.415231791961094e-05,0.0015880913721118201
8.740000000000595,-0.11551534847906872,1.1589351798555236,-1.2076782875479277,-1.6516153471983825,0.7199055222286616,1.5069674499367873,2.9266012691937146e-05,0.001133821315496093
8.760000000000584,-0.11551407204287538,1.1589357365181747,-1.207671924231642,-1.6516341701047366,0.7199093381226525,1.506986539596216,1.8834969570952252e-05,0.0008094941701517766
8.780000000000573,-0.11551316066903088,1.1589361340922815,-1.2076673844169115,-1.6516475999477778,0.7199120621828343,1.5070001686993222,1.176146161756982e-05,0.0005779400757383863
8.800000000000562,-0.11551250993300631,1.158936418038463,-1.2076641455562511,-1.6516571819288186,0.7199140068032114,1.5070098992260703,7.482680454527836e-06,0.0004126215183536292
8.820000000000551,-0.11551204528863245,1.1589366208291398,-1.2076618348429071,-1.6516640185224971,0.7199153950006998,1.5070168463556868,5.825467048105309e-06,0.00029459197523122767
8.84000000000054,-0.11551171351512043,1.158936765658107,-1.2076601863022376,-1.6516688963260526,0.7199163859840494,1.5070218062729275,6.073141839992578e-06,0.00021032453098943364
8.860000000000529,-0.11551147661446784,1.158936869091181,-1.2076590101782023,-1.6516723765637418,0.7199170934090804,1.5070253474156874,6.964017617227543e-06,0.00015016161248584446
8.880000000000518,-0.11551130745623854,1.1589369429599292,-1.2076581710921381,-1.6516748596600284,0.7199175984117213,1.5070278756214586,7.850295632403516e-06,0.00010720817292656783
8.900000000000507,-0.11551118666888166,1.1589369957144764,-1.2076575724602392,-1.6516766313113949,0.7199179589124783,1.5070296806387995,8.570916432662859e-06,7.65414778928384e-05
8.920000000000496,-0.1155111004205512,1.1589370333898255,-1.2076571453763427,-1.6516778953577795,0.7199182162588923,1.5070309693343116,9.119156914719455e-06,5.4646930110506e-05
8.940000000000484,-0.11551103883478463,1.1589370602960758,-1.2076568406804835,-1.651678797235793,0.7199183999675146,1.5070318894008385,9.52459602176855e-06,3.9015275090690026e-05
8.960000000000473,-0.11551099485934965,1.1589370795114025,-1.2076566233003068,-1.651679440712198,0.7199185311091194,1.5070325462839913,9.820212381044836e-06,2.7855025123445455e-05
8.980000000000462,-0.11551096345861253,1.1589370932341545,-1.2076564682140323,-1.6516798998229796,0.7199186247253211,1.5070330152668758,1.003406633763632e-05,1.9887143752766284e-05
9.000000000000451,-0.11551094103687316,1.1589371030343245,-1.2076563575702952,-1.651680227391676,0.7199186915537326,1.507033350098015,1.0188046647119933e-05,1.4198460220807895e-05
9.02000000000044,-0.11551092502661255,1.1589371100331478,-1.2076562786333418,-1.6516804611070754,0.7199187392594987,1.507033589151272,1.0298589085153665e-05,1.0137014381138343e-05
9.040000000000429,-0.11551091359448429,1.158937115031369,-1.2076562223170635,-1.6516806278595548,0.7199187733144484,1.5070337598237402,1.037779489142294e-05,7.2373379627898764e-06
9.060000000000418,-0.11551090543138158,1.1589371186008501,-1.2076561821391307,-1.6516807468349908,0.7199187976246888,1.5070338816756241,1.04344743354511e-05,5.167108982985923e-06
9.080000000000407,-0.1155108996025309,1.1589371211499913,-1.2076561534748342,-1.6516808317222174,0.7199188149786219,1.5070339686719687,1.0474998341300901e-05,3.689065515378096e-06
9.100000000000396,-0.11551089544045447,1.1589371229704535,-1.2076561330247517,-1.6516808922880122,0.7199188273667654,1.5070340307831427,1.0503954204508157e-05,2.633813941479869e-06
9.120000000000385,-0.11551089246853774,1.1589371242705295,-1.2076561184349666,-1.651680935500824,0.7199188362100627,1.5070340751275086,1.052463532749617e-05,1.8804153824620062e-06
9.140000000000374,-0.115510890346454,1.158937125198972,-1.207656108026116,-1.6516809663325378,0.7199188425228598,1.507034106787234,1.053940200695676e-05,1.3425252854827599e-06
9.160000000000363,-0.11551088883119147,1.1589371258620134,-1.207656100600085,-1.6516809883305203,0.7199188470292534,1.5070341293907399,1.0549943520250719e-05,9.584978276868657e-07
9.180000000000351,-0.11551088774922771,1.1589371263355186,-1.2076560953020992,-1.6516810040257637,0.7199188502461429,1.5070341455285448,1.0557467613632256e-05,6.843208418362133e-07
9.20000000000034,-0.11551088697665945,1.1589371266736685,-1.2076560915223338,-1.6516810152240942,0.7199188525425172,1.5070341570501529,1.0562837619950368e-05,4.885717771778283e-07
9.22000000000033,-0.11540944679838139,1.1589921884458647,-1.2079148821862054,-1.6510955191467716,0.7200757343365533,1.5066584042983684,0.0008471799680788413,0.025168300750249548
9.240000000000318,-0.11510574001775346,1.1591572108583361,-1.208692924047671,-1.649336466476077,0.7205476855999727,1.5055298018634968,0.0032599311948322885,0.09821671464718046
9.260000000000307,-0.11455977981057097,1.1594591946799069,-1.2101062752797638,-1.6461915955240984,0.7213922808495985,1.5035105321307352,0.002439699819350309,0.21477789819307827
9.280000000000296,-0.1137585934846674,1.1599323594397315,-1.212284148812045,-1.6416251629080176,0.7225785885369285,1.5005578986510233,0.05704271517886947,0.37842227296895437
9.300000000000285,-0.11273400723724429,1.1604917743722054,-1.2149119523656005,-1.635492040135292,0.7242908358103785,1.496671078792317,0.008555475794610742,0.25834888822743424
9.320000000000274,-0.1112132260060171,1.1613832506162747,-1.2190448965914904,-1.6263887408392521,0.7267709914152989,1.490845460665169,0.012976131130177128,0.38888280884866055
9.340000000000263,-0.10942612049972009,1.162469357642394,-1.224060251055129,-1.6154473147151427,0.7297743870265333,1.4838461268923484,0.018049373921727462,0.541864656385641
9.360000000000252,-0.1074122683753139,1.1637566468180711,-1.2299425001809359,-1.6028556185730447,0.7332574645242796,1.4757876231369347,0.003523525209920698,0.7239141582866941
9.38000000000024,-0.10523246327759193,1.1652777076653826,-1.2367826970724873,-1.5888771944604225,0.7370755717581253,1.466803103421085,0.10305470230519764,0.9463475393648463
9.40000000000023,-0.10294388318539623,1.1668528824539652,-1.2439112214928896,-1.5733890600932163,0.7415571668809146,1.456993400806527,0.02180619846217837,0.653909828955817
9.420000000000218,-0.10024487281417267,1.1689213831578347,-1.2531238811909644,-1.554406742366707,0.7469914317476658,1.4448756519230173,0.027377234489857006,0.8105901649388825
9.440000000000207,-0.0975108161854169,1.1712041873912264,-1.2631863366262874,-1.5340444344541837,0.7529073483915432,1.4318839405534378,0.03354901673161755,0.9832279699804314
9.460000000000196,-0.09479570256651736,1.1737164205977517,-1.2740845394097435,-1.512553850111611,0.7592401796404004,1.4181672258653895,0.008471157770159317,1.183514590297885
9.480000000000185,-0.09220063693304963,1.1764990498880843,-1.285931987953931,-1.4902551764512162,0.7657921884167829,1.4038777648997267,0.13671225147542843,1.4218462085267292
9.500000000000174,-0.08969015169149337,1.1792991457473676,-1.2978268804696482,-1.4668920549830253,0.7730643836053804,1.3891098769093704,0.0334500364594242,0.9875270785812433
9.520000000000163,-0.0871319953315166,1.182750442745016,-1.3122210341716358,-1.4400707862621425,0.7813713014195661,1.3720002272721066,0.039733187352685224,1.145752381757034
9.540000000000152,-0.08485609650184706,1.1864274025316335,-1.3273350612207557,-1.4125317899659329,0.7900633330409124,1.354424181939029,0.04676254609965924,1.315735157689355
9.56000000000014,-0.08290828411475014,1.1903517272178434,-1.3431563049409618,-1.384533484615296,0.7990495992716061,1.3365224624944423,0.012448765698076864,1.5130161012700083
9.58000000000013,-0.08141971390915911,1.1945539081268663,-1.3597733754634251,-1.35640114579476,0.8080912754203173,1.3184347561152205,0.15742293204085078,1.7406543224176483
9.600000000000119,-0.08017143448902801,1.1987262803590248,-1.3761546787721133,-1.3277359067931154,0.8178439280196514,1.3002300679601002,0.04205531273544948,1.2117181130703822
9.620000000000108,-0.07940142322504141,1.2036638400904318,-1.3951881484196664,-1.2960086738315166,0.8285845445174479,1.2798262377980616,0.048911533327407136,1.3549252381020427
9.640000000000096,-0.07918826831794087,1.2087906815443241,-1.4146379285611015,-1.2642762876157057,0.8395330266962725,1.2593576897800873,0.055848520218197695,1.5062632512733785
9.660000000000085,-0.07954842386485979,1.2141365617561253,-1.4344901185937295,-1.2328039618703008,0.8505892628209027,1.2389465419039836,0.012864266271177155,1.683258383626311
9.680000000000074,-0.08060659265915061,1.2196769683982989,-1.454730678063571,-1.2018201267785835,0.8614041256462118,1.2187126811656361,0.16772117799138017,1.8740543129926157
9.700000000000063,-0.08189824736295746,1.2250903997530456,-1.4743629518212162,-1.1709017234747043,0.8729085668552463,1.1986952523206462,0.04667347990638213,1.3071616398456647
9.720000000000052,-0.08416271467143958,1.2312691585782138,-1.496385450572129,-1.1375612540279771,0.8851484461396455,1.1767686694731767,0.053954524243299655,1.4228622211194577
9.740000000000041,-0.08708092683963356,1.2374979613646624,-1.5183010386047016,-1.104843600808968,0.8972960490963735,1.1551520788233587,0.060442765629274496,1.543028382702129
9.76000000000003,-0.09060104419541903,1.243805401744037,-1.5400979089396662,-1.072971331240177,0.9092301364655468,1.1339453835281477,0.01714540762727523,1.684988581706313
9.780000000000019,-0.09475304403855407,1.2501671322560708,-1.5617299245110297,-1.0422441429792917,0.9208306605268122,1.1132416322358203,0.15224351569566266,1.8312005914785419
9.800000000000008,-0.09901394351492675,1.2562891387212252,-1.5823662172858537,-1.0120501575062804,0.9327963134003113,1.093056614652676,0.046677499337773175,1.273150860405476
9.819999999999997,-0.104384481794954,1.2630291023968472,-1.6047624841191703,-0.9802332961584679,0.9452685950640567,1.0713923367984868,0.05311919372309019,1.3549651998214092
9.839999999999986,-0.11017341808768895,1.2696571162940213,-1.626506842110825,-0.9496054869736953,0.9574305025695536,1.0503818341972135,0.057648338261371564,1.4380368489442967
9.859999999999975,-0.11631249684527023,1.2761869451712529,-1.6475977454067419,-0.9203029324958691,0.96914753673925,1.0300997263230556,0.01676944668658595,1.5346371030841994
9.879999999999963,-0.12284657272411327,1.2825793416213283,-1.6679871706641847,-0.8924684361135534,0.9802719721141786,1.0106097316402842,0.1287409528893218,1.6312682193937937
9.899999999999952,-0.12918926059419147,1.288607764528238,-1.6870914079345605,-0.8655774768829964,0.9915087566852987,0.9919041962434286,0.042282384937883916,1.1325233600009705
9.919999999999941,-0.13644506073986828,1.2950298611348596,-1.7071837987592768,-0.8378888062571981,1.0029520474002154,0.972289860547502,0.04717497491058709,1.1775705921880761
9.93999999999993,-0.14373342253449065,1.3011763966792966,-1.7262034284662167,-0.8117631187235979,1.0138681832249699,0.9536415170584794,0.049445133099560445,1.2195618435297777
9.95999999999992,-0.15098544434851813,1.3070640439185766,-1.7441828845965348,-0.7872696725702096,1.0241520419654082,0.9360055006606252,0.01523638215347277,1.265968625679629
9.979999999999908,-0.15822445615437297,1.3126634688162342,-1.7611024674558706,-0.7644742520391626,1.0337219774157376,0.9194132283225277,0.09461957843198254,1.3061069128924727
9.999999999999897,-0.16497894756645154,1.3178238197740704,-1.7766229049141713,-0.7429412404918475,1.043126042640073,0.9038356720148997,0.03422406832784444,0.9063993790542278
10.019999999999886,-0.17218673598534887,1.3231078461441392,-1.7923399685670214,-0.7214799114792668,1.0524013584400458,0.8880594102369577,0.036821775631197984,0.9118820344992418
10.039999999999875,-0.17902240547740728,1.327989156264227,-1.8067320932196456,-0.7018394397620316,1.0609640350397256,0.873529624489968,0.03684185273687677,0.9085996702503586
10.059999999999864,-0.18543991606918037,1.332484495097536,-1.8198505001426009,-0.6840298683908546,1.0687514792082484,0.8602614783976228,0.012516531650364888,0.8991935880040914
10.079999999999853,-0.19145135272207908,1.3365789512179622,-1.8317046741052916,-0.6680446744756748,1.0757440503254743,0.8482511108233398,0.050866186631048145,0.87515542755761
10.099999999999842,-0.19678630051006177,1.3402010788785257,-1.842165456719334,-0.65358714651631,1.0822698111320035,0.837450279526586,0.02313417147710114,0.6089250690390066
10.11999999999983,-0.20196032923253335,1.343634477335046,-1.8519994503620059,-0.6401635772628115,1.0882702843201433,0.8273003485198503,0.022870745587744896,0.5700015628308855
10.13999999999982,-0.20643541308988209,1.3465678302297164,-1.860353575594183,-0.6287623207306579,1.0933946097755933,0.8186456083547664,0.020577713335530566,0.5152840948500063
10.159999999999808,-0.21019648204569835,1.3490140742287369,-1.8672777638784608,-0.6193421938811213,1.097634694684518,0.8114671820101921,0.009837322149530429,0.4422466290531556
10.179999999999797,-0.21324044095396424,1.3509719226984078,-1.872801153999206,-0.6118233766856087,1.1010350268238072,0.805722982198727,0.0027915898871959718,0.34250707026081684
10.199999999999786,-0.21555720237335568,1.352458027848328,-1.8769853301888757,-0.6060934967314342,1.1036482657415836,0.8013476778549481,0.009223136778777891,0.242365944003559
10.219999999999775,-0.21722919395862664,1.353523673399598,-1.8799762591381255,-0.6020156165253685,1.1055031166646632,0.798223931117303,0.006575835063356617,0.17280351425560986
10.239999999999764,-0.2184270444517833,1.3542841174942606,-1.8821075315113793,-0.5991079406476387,1.1068265328516687,0.7959937020050357,0.0046883930431543056,0.12322860118217578
10.259999999999753,-0.21928423438958866,1.354826587345223,-1.8836264741555124,-0.5970342666975719,1.107770492378967,0.7944014091627255,0.003343984124030862,0.08788977112232658
10.279999999999742,-0.21989715621910366,1.355213474522936,-1.8847091459392329,-0.5955551829203288,1.1084436345111903,0.7932645773265168,0.0023858930757129876,0.06269222151405748
10.29999999999973,-0.22033517072405953,1.3554893557913616,-1.8854809205658951,-0.5945001008416709,1.1089235737770555,0.7924529262355852,0.001702923861864133,0.04472223762029445
10.31999999999972,-0.22064806576699664,1.3556860582013577,-1.8860311093332305,-0.5937474231689907,1.1092657209842454,0.7918734409366132,0.0012159800002680974,0.03190494387728818
10.339999999999709,-0.22087151865555096,1.3558262947631163,-1.8864233501279035,-0.5932104498639229,1.1095096154683042,0.7914597124849562,0.0008687517889311672,0.02276197597422599
10.359999999999697,-0.22103106465884534,1.3559262688076947,-1.8867029957651258,-0.59282735068149,1.1096834611751187,0.791164327586566,0.0006211289434241499,0.016239565691265306
10.379999999999686,-0.22114496466638475,1.3559975368865027,-1.886902372086614,-0.5925540250612392,1.1098073712600527,0.7909534350865832,0.0004445288859116112,0.011586379353334732
10.399999999999675,-0.22122626968070733,1.3560483399449408,-1.887044521959893,-0.5923590150086299,1.1098956864730904,0.7908028666513899,0.00031857806616926904,0.008266609127797454
10.419999999999664,-0.22128430326228993,1.3560845538546291,-1.8871458721761925,-0.5922198791650575,1.1099586304954356,0.7906953670881961,0.00022875165729078787,0.005898092329463426
10.439999999999653,-0.22132572410442505,1.3561103677995514,-1.8872181336325917,-0.5921206075989125,1.1100034912293737,0.7906186169038701,0.0001646934599565211,0.004208224846156387
10.459999999999642,-0.22135528669003066,1.3561287682582728,-1.8872696554898316,-0.5920497782186923,1.1100354634773864,0.7905638204918247,0.00011901927287924887,0.0030025385123424496
10.479999999999631,-0.2213763853284566,1.3561418842030684,-1.8873063903440703,-0.5919992418602211,1.1100582499091856,0.79052469815495,8.646421607897896e-05,0.002142297885337112
10.49999999999962,-0.2213914430141986,1.3561512332671006,-1.8873325822197782,-0.5919631843427399,1.1100744895660912,0.7904967664512961,6.327488603470511e-05,0.001528524077026471
10.519999999999609,-0.22140218924438118,1.3561578972672967,-1.8873512570199125,-0.5919374573705118,1.1100860633531364,0.7904768243905107,4.677578141277163e-05,0.00109060008427267
10.539999999999598,-0.22140985843999736,1.3561626473445398,-1.8873645721718784,-0.5919191011939945,1.1100943118110003,0.7904625865993244,3.505970723436009e-05,0.0007781428822506741
10.559999999999587,-0.221415331628915,1.3561660331772556,-1.887374065902336,-0.5919060040602261,1.110100190345131,0.790452421416902,2.6766297831600512e-05,0.0005552052718929393
10.579999999999576,-0.2214192375984426,1.3561684465795794,-1.8873808349586927,-0.5918966592465353,1.110104379868403,0.7904451639057992,2.092324570678851e-05,0.00039613945698608054
10.599999999999564,-0.22142202510341433,1.3561701668373916,-1.8873856613188136,-0.5918899917119899,1.110107365661032,0.7904399823495657,1.683256279238552e-05,0.00028264598784655547
10.619999999999553,-0.22142401440791845,1.3561713930253907,-1.8873891025322218,-0.59188523441711,1.1101094935760738,0.7904362829375948,1.3989939385738058e-05,0.0002016683239629189
10.639999999999542,-0.22142543407332932,1.3561722670434064,-1.8873915561320103,-0.5918818400798828,1.1101110100977922,0.7904336417140836,1.2028983778052171e-05,0.00014389067508958778
10.659999999999531,-0.22142644721475638,1.3561728900369903,-1.8873933055598937,-0.5918794182145901,1.1101120908913835,0.7904317559924353,1.0683724126486486e-05,0.00010266624481762233
10.67999999999952,-0.22142717024029668,1.3561733341021232,-1.8873945529104799,-0.5918776902094345,1.110112861150265,0.790430409667175,9.763153385926003e-06,7.325255010248017e-05
10.699999999999509,-0.22142768622497533,1.3561736506283653,-1.8873954422778287,-0.591876457274609,1.1101134100974113,0.7904294484481073,9.13264799434319e-06,5.226582942904495e-05
10.719999999999498,-0.22142805445538838,1.356173876245841,-1.8873960764015023,-0.5918755775733208,1.110113801320284,0.7904287621785474,8.699243315313716e-06,3.729176711420375e-05
10.739999999999487,-0.2214283172413991,1.3561740370642414,-1.8873965285352077,-0.5918749499047998,1.1101140801363854,0.7904282722112776,8.39976044985335e-06,2.6607746082442444e-05
10.759999999999476,-0.22142850477738077,1.3561741516943582,-1.887396850909145,-0.5918745020621252,1.1101142788425695,0.7904279223955113,8.191626600564436e-06,1.8984677094714287e-05
10.779999999999465,-0.22142863861147913,1.3561742334018232,-1.8873970807636826,-0.5918741825255309,1.110114420456131,0.7904276726419646,8.046187824537584e-06,1.3545602916196127e-05
10.799999999999454,-0.2214287341214639,1.3561742916422779,-1.8873972446513814,-0.5918739545355691,1.1101145213810113,0.7904274943285876,7.944075395577777e-06,9.664813179761266e-06
10.819999999999443,-0.22142880228162592,1.3561743331556284,-1.8873973615043482,-0.5918737918643033,1.1101145933079515,0.7904273670204511,7.872103665310279e-06,6.895862286940432e-06
10.839999999999431,-0.22142885092372488,1.3561743627460285,-1.887397444821275,-0.5918736757980517,1.110114644568691,0.7904272761278834,7.82122104784971e-06,4.920210543553283e-06
10.85999999999942,-0.22142888563686192,1.3561743838378417,-1.8873975042268012,-0.5918735929845664,1.1101146811010818,0.7904272112344787,7.785163731381925e-06,3.5105792477832625e-06
10.87999999999941,-0.22142891040967203,1.356174398871927,-1.88739754658335,-0.5918735338969924,1.1101147071369029,0.7904271649033666,7.75956701124615e-06,2.5048047348473973e-06
10.899999999999398,-0.22142892808862577,1.3561744095881105,-1.8873975767838678,-0.5918734917379008,1.1101147256920503,0.7904271318249385,7.74137303608924e-06,1.7871827502115695e-06
10.919999999999387,-0.2214289407050917,1.3561744172265258,-1.887397598317055,-0.5918734616573129,1.110114738915887,0.7904271082083602,7.728428559319193e-06,1.275158115539076e-06
10.939999999999376,-0.2214289497087446,1.356174422671132,-1.8873976136703776,-0.5918734401947594,1.1101147483402178,0.7904270913471375,7.71921256511914e-06,9.098275925216773e-07
10.959999999999365,-0.22172544908520322,1.3561061354407693,-1.8873818180501973,-0.5913270087110071,1.1099386442033667,0.789754787418476,0.0011756694701816344,0.06330723963053637
10.979999999999354,-0.22271548108909187,1.3558743682444727,-1.8873300308290872,-0.5896656849817824,1.1094153784799246,0.7876782287711435,0.05102881597416929,0.24655577403417533
10.999999999999343,-0.22449697343386238,1.3554665473931735,-1.8872143173627023,-0.5862079097740113,1.108272228124801,0.7835194453445227,0.004961972945917316,0.1763235124442403
11.019999999999332,-0.2284684093931652,1.3545571236568712,-1.8869652420843366,-0.5788827838428584,1.105901626325485,0.7745988254968765,0.010501865980342662,0.38047486159076577
11.03999999999932,-0.23414950859280415,1.3532694792055406,-1.8865870491227448,-0.5684197271449964,1.1025384322393876,0.7618755759357194,0.016449009155893965,0.6491651551678002
11.05999999999931,-0.24151713813334313,1.351619683059042,-1.8860534971055782,-0.5549191355068667,1.0982462795036159,0.7454883341381465,0.003811997113755155,0.9773989582355228
11.079999999999298,-0.25066874210428375,1.3495991281784194,-1.8853413655602993,-0.5386771230416543,1.0931837994343023,0.7257111558002847,0.1503511574345899,1.3599810458450903
11.099999999999287,-0.26082748124932004,1.3474189845318676,-1.8844265655086605,-0.519503734375805,1.0871752679092916,0.7027897134064236,0.026937586231218294,0.9718813973000876
11.119999999999276,-0.2745576900725564,1.3445352443271685,-1.883098330692526,-0.49436569984589035,1.079524628702731,0.6725952216584377,0.035093361613037714,1.2854880372781832
11.139999999999265,-0.28996661968477744,1.3413882770537429,-1.8814295731870578,-0.4661794751485561,1.0711355084148415,0.6388945794394677,0.04214316839003829,1.638317233402034
11.159999999999254,-0.3068992396093947,1.3380235464247474,-1.8793682523602067,-0.4353022426944191,1.0621863894199226,0.6021619911063446,0.014878677673021357,2.031182246305836
11.179999999999243,-0.32499585757435606,1.3344193422912691,-1.87677657995107,-0.40047534153311704,1.0529947002962805,0.5628881128672424,0.42680084653424905,2.466321432460408
11.199999999999232,-0.3448493217755002,1.3309001980695154,-1.8740584085958798,-0.36578277877080984,1.043029288339036,0.5214137601230723,0.04691158664708593,1.7587395986917898
11.21999999999922,-0.36815890117288336,1.327039961159883,-1.870900994245766,-0.3228027262148203,1.0325297337125283,0.4721254565647768,0.0549164880357161,2.0973028186091867
11.23999999999921,-0.3924846638556604,1.3238179880185361,-1.8685561837305198,-0.2775342538422469,1.0234862857717015,0.4205996175519792,0.06749605956406232,2.4661207588417704
11.259999999999199,-0.417564820621133,1.3209863549109153,-1.866414749326659,-0.23046443994863314,1.0154633593410176,0.3673265309996733,0.1239263490391202,2.865788016663184
11.279999999999188,-0.4430005899452746,1.3182988262321547,-1.8639100072284702,-0.18195489939661227,1.0082212603495606,0.31279276317440813,0.2899215763060558,3.299557638903628
11.299999999999176,-0.46933941973074667,1.3158433223578863,-1.861089558234023,-0.13336382294138346,1.0012952039474927,0.2572683402266073,0.06081166080191935,2.3545212820506745
11.319999999999165,-0.49908785142874107,1.3130559433082485,-1.8569953245510598,-0.07700338415830339,0.9941287653184584,0.20975640859618777,0.07664318781855124,2.9541730587723993
11.339999999999154,-0.5297720743261028,1.3101520405842908,-1.8516378455761402,-0.018559001821169787,0.9870343885095402,0.15054853773329538,0.07636373493123032,3.412246101098089
11.359999999999143,-0.5607268690481806,1.3070631313616905,-1.8448284839613802,0.041173363692982,0.9800057214273963,0.08779184312990801,0.10234421419143881,3.1411958410585883
11.379999999999132,-0.591924480032112,1.3037217008146793,-1.8363904380208904,0.10169884419977922,0.973154308976941,0.01429264908256078,0.17739358322495916,7.292971552688851
11.399999999999121,-0.622909407168068,1.3003160508998894,-1.8266580016338692,0.16252717321871707,0.9662586280028753,-0.04452692407774084,0.0853636089727153,3.0397819484027404
11.41999999999911,-0.6571195159508315,1.296327675952785,-1.8140876609766452,0.23112996091321433,0.9590148413596796,-0.11501553322040753,0.09624067250770085,3.3523017042310745
11.439999999999099,-0.6905945565588393,1.2921281652380447,-1.7996878397001383,0.2998026208959138,0.9519310981369712,-0.18448054874336942,0.10993899102547755,3.6901944711781995
11.459999999999088,-0.722871827209668,1.2877154280756498,-1.7835580420008939,0.36809816809346907,0.9450557812360414,-0.25121711575205513,0.1523799234599717,3.4794387132057465
11.479999999999077,-0.7533980700120013,1.2831466638162328,-1.765980726746582,0.43579496837515236,0.9384154092327428,-0.3331358238421419,0.6055481802068814,7.3925361253727475
11.499999999999066,-0.783173690094862,1.2784783540677127,-1.7468636399665636,0.5007554729293522,0.9318743311665985,-0.3940577235412598,0.09366247878488732,3.156950768826185
11.519999999999055,-0.8140181028868676,1.2732961879598264,-1.7245036348614466,0.572929001082784,0.9253156086612594,-0.46588783391321154,0.10449811787436117,3.4314310616168715
11.539999999999043,-0.842867485955718,1.268040754796749,-1.7007553935449653,0.6439038364879428,0.9190280174126382,-0.5361833593763801,0.13104670830699375,3.7096924376417677
11.559999999999032,-0.8681529322950663,1.2626960649040733,-1.6764052588000564,0.7099667919360142,0.9125899560754887,-0.6030771386689371,0.0790386935847957,3.4829913623347672
11.579999999999021,-0.8919223109045342,1.2575329178328274,-1.6513941691158247,0.7771358614687859,0.907039461631727,-0.6840793251142885,0.28568108314425233,7.272230486803018
11.59999999999901,-0.9142341822468724,1.2524816702559323,-1.6254097592168075,0.840899209884516,0.901676740175887,-0.7431254628012782,0.0955068983754374,3.038927437159719
11.619999999999,-0.9354072707880929,1.2470222910371174,-1.5968668025717927,0.9086757967068555,0.8960539552499291,-0.8170201145110934,0.09604616226330775,3.1416905116150073
11.639999999998988,-0.9541992108966764,1.2419271236814529,-1.5685158997115978,0.9740571359673584,0.8912384092775277,-0.8869232056364723,0.0891500165427172,3.2592253858883122
11.659999999998977,-0.9706840122270245,1.23730932797454,-1.5408540675065703,1.036451410799932,0.8873733340826225,-0.9529994326289856,0.046571269526780416,3.381099865700765
11.679999999998966,-0.9853245466493528,1.233377681405901,-1.514356373701569,1.0952268321315768,0.8853201491100825,-1.0153501117553299,0.2569970819095521,3.4949553117587637
11.699999999998955,-0.997474628955958,1.2302550382664084,-1.490314215661379,1.1506116207147128,0.8839184227242477,-1.0742372654748107,0.0792806585117828,2.496849729322075
11.719999999998944,-1.0089124926910127,1.227318952280954,-1.4651732331455047,1.2066919163917447,0.8835013755955634,-1.1346832736657035,0.08232478703564002,2.5698986506198773
11.739999999998933,-1.0187623017434506,1.225030697603739,-1.4415939311076167,1.2593970234753922,0.88425220792162,-1.1911980155358883,0.07935978309467098,2.626140863456689
11.759999999998922,-1.027152815993972,1.2233070926754512,-1.4195461331431176,1.308576225866715,0.8860350819559057,-1.2437456590454363,0.040037252772627555,2.65908695287858
11.77999999999891,-1.0343391267450932,1.2220977139981455,-1.3989222876516296,1.3540115204824428,0.888616933988683,-1.292327920730907,0.1592218039600604,2.658294703214988
11.7999999999989,-1.0399682060928646,1.2212759292619058,-1.38043950613881,1.3961556418860004,0.8913590410007828,-1.3371122168159364,0.06165150232392926,1.898957175953071
11.819999999998888,-1.0449385795581345,1.2207215437811825,-1.362074179214888,1.4370633564809616,0.8946742090639168,-1.381137104014983,0.061719671445388924,1.8712469759768524
11.839999999998877,-1.0487626885129995,1.2204200517952737,-1.3456400230902807,1.4734910363444156,0.8979720348821412,-1.4205439000118825,0.05705058901094578,1.8080106584975058
11.859999999998866,-1.0516243920448203,1.2202742346487339,-1.3310944735430121,1.505456572963541,0.9011326431648049,-1.4553506602695965,0.03510379516650884,1.70173857753975
11.879999999998855,-1.0537595070611359,1.2202745410289084,-1.3183720381087407,1.5330696024781045,0.9040779688532314,-1.485641305557949,0.057114420125920065,1.541842917541991
11.899999999998844,-1.055207378168733,1.220326945118601,-1.3077375905641435,1.5567191808178744,0.9065882191060469,-1.5116131290786918,0.03665657899966878,1.101288347241026
11.919999999998833,-1.0562482323022726,1.2204245874573796,-1.2985708259002775,1.5767194690512383,0.9088293606978961,-1.5338195547805968,0.03154710232846402,0.9429971447618901
11.939999999998822,-1.05690427943212,1.22053097574171,-1.291612938101348,1.5918604522411652,0.9105732458687197,-1.550669481541436,0.024029171471855744,0.731386848097051
11.95999999999881,-1.0573109235180094,1.2206254712312057,-1.2865253008694022,1.6029111518630093,0.9118753657164619,-1.5629835882700365,0.017504301340377285,0.5221750195445765
11.9799999999988,-1.057564231128157,1.2207036308180543,-1.2828957722076364,1.6107927181787787,0.9128184431000461,-1.5717751848364303,0.01250807362773827,0.37280467644775583
11.999999999998789,-1.057726094569087,1.2207644461731915,-1.280306674489006,1.6164136515536294,0.9134987712210375,-1.578051907665682,0.008931029563788526,0.26616227172403334
12.019999999998777,-1.057832011059835,1.220810456429402,-1.2784599665530503,1.6204223844841068,0.913988046060207,-1.5825331459928995,0.006373578828474815,0.19002534728367723
12.039999999998766,-1.0579027423570062,1.2208446525437395,-1.2771428643809903,1.6232813516696962,0.9143391662745024,-1.5857325054573652,0.004546429795954211,0.1356677083986607
12.059999999998755,-1.057950771749574,1.2208697724192097,-1.276203522956816,1.6253203379509482,0.9145907632940672,-1.5880166729973915,0.003241689219725726,0.09685931013638051
12.079999999998744,-1.057983819754348,1.220888079997581,-1.2755336124880237,1.6267745307824402,0.914770855437817,-1.5896474433467556,0.002310314795659543,0.06915223043741389
12.099999999998733,-1.0580067923379457,1.2209013507117799,-1.275055859719485,1.6278116572456685,0.9148996680668288,-1.590811723784047,0.0016456241605428779,0.04937089042895042
12.119999999998722,-1.0580228844967,1.2209109342918156,-1.2747151494758844,1.6285513357186527,0.914991753560241,-1.5916429559564267,0.0011713374873259716,0.03524809743702271
12.139999999998711,-1.0580342215020886,1.220917837031345,-1.2744721730187114,1.629078875734411,0.915057558712129,-1.592236409930864,0.0008329535729615588,0.02516519834940389
12.1599999999987,-1.0580422419958666,1.2209227996775702,-1.274298895909841,1.6294551189738389,0.91510457103746,-1.5926601033321692,0.0005915518356404114,0.017966562629319876
12.179999999998689,-1.0580479334842625,1.2209263628618165,-1.2741753248345424,1.6297234572633836,0.9151381510020695,-1.5929625970219312,0.0004193482348284737,0.012827132951902244
12.199999999998678,-1.0580519811541722,1.2209289188619663,-1.2740872013772302,1.6299148374918158,0.915162133211253,-1.593178560792884,0.00029651386381798696,0.009157863397120011
12.219999999998667,-1.0580548643221446,1.2209307511627454,-1.2740243571202918,1.6300513309533318,0.915179259193824,-1.5933327469732486,0.00020889998810809054,0.006538207382333947
12.239999999998656,-1.0580569203325942,1.2209320640503292,-1.273979540486013,1.630148678922498,0.9151914882008024,-1.593442827364297,0.00014641255377857617,0.004667917681610976
12.259999999998644,-1.0580583876715213,1.2209330044465716,-1.2739475800570057,1.6302181081205238,0.9152002200219409,-1.593521418659181,0.00010185148686547644,0.003332634246653301
12.279999999998633,-1.058059435485451,1.2209336778691202,-1.273924787881242,1.6302676254893762,0.9152064545345361,-1.593577528481367,7.008241245894342e-05,0.0023793157787718334
12.299999999998622,-1.058060184023789,1.2209341600242827,-1.273908533933224,1.6303029416185153,0.9152109058519096,-1.5936175877769534,4.744627417113303e-05,0.001698699208656775
12.319999999998611,-1.0580607189184819,1.220934505191033,-1.2738969426399014,1.6303281293313536,0.915214083941119,-1.5936461878862123,3.133991519252284e-05,0.001212776721818977
12.3399999999986,-1.05806110122343,1.220934752265955,-1.273888676458892,1.6303460933895813,0.9152163529556725,-1.593666606772216,1.9922042396685724e-05,0.0008658550392705701
12.359999999998589,-1.058061374506411,1.2209349291124076,-1.2738827815385803,1.6303589054874101,0.9152179729135574,-1.59368118471916,1.1920872673497766e-05,0.0006181722334258891
12.379999999998578,-1.0580615698762488,1.2209350556849214,-1.273878577651928,1.6303680431706824,0.9152191294691994,-1.593691592560299,6.568835959717813e-06,0.0004413404845903704
12.399999999998567,-1.0580617095553222,1.2209351462713414,-1.2738755797038812,1.6303745602350603,0.9152199551772191,-1.5936990231779153,3.830572036083323e-06,0.00031509245935110695
12.419999999998556,-1.0580618094229126,1.2209352111006189,-1.273873441755268,1.6303792082548998,0.9152205446777605,-1.5937043282237415,3.972752111943922e-06,0.00022495840350618323
12.439999999998545,-1.0580618808282085,1.2209352574951033,-1.2738719171041213,1.63038252325834,0.9152209655400889,-1.5937081157297943,5.241294866216583e-06,0.00016060771429778206
12.459999999998534,-1.0580619318838946,1.2209352906960542,-1.2738708298181745,1.6303848875444973,0.9152212660053942,-1.5937108197971195,6.4305173824388455e-06,0.00011466491425390813
12.479999999998522,-1.058061968389725,1.220935314454886,-1.2738700544336374,1.6303865737718903,0.915221480515249,-1.5937127503496984,7.353359417964254e-06,8.186432189044049e-05
12.499999999998511,-1.0580619944922391,1.2209353314565343,-1.2738695014776422,1.6303877764025838,0.9152216336588852,-1.5937141286559844,8.036128271244398e-06,5.844653323306748e-05
12.5199999999985,-1.0580620131561536,1.2209353436225696,-1.2738691071437716,1.630388634128376,0.915221742991455,-1.593715112689315,8.532504756224237e-06,4.172754290667159e-05
12.53999999999849,-1.0580620265012657,1.2209353523281898,-1.2738688259292972,1.6303892458653033,0.9152218210461683,-1.593715815233834,8.89049383410023e-06,2.979112047296519e-05
12.559999999998478,-1.058062036043277,1.2209353585575495,-1.2738686253845295,1.6303896821610364,0.9152218767708675,-1.5937163168111186,9.147593005253227e-06,2.126918419992604e-05
12.579999999998467,-1.0580620428659606,1.220935363014937,-1.2738684823683801,1.6303899933307182,0.9152219165536729,-1.593716674909072,9.331788808319557e-06,1.5185000000329026e-05
12.599999999998456,-1.0580620477442522,1.2209353662043514,-1.273868380378072,1.630390215259498,0.9152219449552316,-1.5937169305708405,9.463557951453766e-06,1.084123426899218e-05
12.619999999998445,-1.0580620512322578,1.220935368486454,-1.2738683076448531,1.6303903735409468,0.9152219652315018,-1.593717113098929,9.557732901899334e-06,7.740029778647429e-06
12.639999999998434,-1.0580620537261824,1.2209353701193293,-1.2738682557759828,1.6303904864286007,0.9152219797069858,-1.5937172434136841,9.624996540714349e-06,5.525944305232007e-06
12.659999999998423,-1.058062055509325,1.220935371287658,-1.2738682187862786,1.630390566941028,0.9152219900411956,-1.593717336451059,9.673019253773506e-06,3.9452119944729654e-06
12.679999999998412,-1.0580620567842514,1.2209353721235903,-1.2738681924074806,1.6303906243631763,0.915221997418889,-1.5937174028744858,9.70729445211054e-06,2.8166582358294793e-06
12.6999999999984,-1.058062057695802,1.220935372721687,-1.2738681735957296,1.6303906653171438,0.9152220026858866,-1.593717450297054,9.731753192061389e-06,2.0109345463161612e-06
12.71999999999839,-1.0580620583475397,1.2209353731496093,-1.2738681601803326,1.6303906945258675,0.9152220064460334,-1.5937174841540824,9.749204249833232e-06,1.4356933284844694e-06
12.739999999998378,-1.058062058813513,1.220935373455773,-1.2738681506132856,1.6303907153577837,0.9152220091304235,-1.5937175083260817,9.761653914131843e-06,1.0250036232963339e-06
12.759999999998367,-1.058036902009219,1.2209170677142773,-1.274119859591145,1.6298209974601825,0.9151181850668394,-1.5929640361625086,0.0016496816947509279,0.07093781033668398
12.779999999998356,-1.0579377915482053,1.2208416144525158,-1.274976344254031,1.6280844211144034,0.914765626792446,-1.5906368796041694,0.061074351680175096,0.2762709319070589
12.799999999998345,-1.0577761794725615,1.2207318405429666,-1.2764533864057623,1.6244570773855294,0.9141338793092596,-1.5859769421205958,0.005696607548344196,0.19757985021683805
12.819999999998334,-1.057376649993377,1.220471737380001,-1.2797932834072037,1.6167776189917369,0.9127290716498664,-1.5759806211361433,0.01243985087869042,0.4263544300954076
12.839999999998323,-1.0567460376303532,1.2201024320945841,-1.2845580362328597,1.6057910314271326,0.9107311025411158,-1.5617231107843876,0.018089296198193435,0.7273492061309683
12.859999999998312,-1.0558402204091728,1.2196611698690611,-1.2907461074486077,1.5916057959375876,0.9081411860620612,-1.5433589756886334,0.01247796128957992,1.0952289564367221
12.8799999999983,-1.0545022145980014,1.2190849562758055,-1.2984363724685262,1.5744742908988745,0.9049281584828954,-1.521197155721697,0.18168548993066413,1.523825103431464
12.89999999999829,-1.0528859485296913,1.2185342743687244,-1.3067878272311964,1.5541877829317532,0.9013995611028846,-1.4955127950283142,0.03120481023524017,1.089048899415865
12.919999999998279,-1.0503364180527504,1.217816469466761,-1.3181009656046494,1.5275294077361345,0.8966854148638407,-1.4616773680649495,0.04131765020480681,1.4404824490295027
12.939999999998268,-1.0470225971258325,1.2170756230185038,-1.3306908413942808,1.4975187790223057,0.8914708786224663,-1.4239129649463245,0.047035687954486,1.835703843453162
12.959999999998256,-1.0428446784635061,1.216381467260491,-1.3444428692304715,1.4645253097508804,0.8857866143064408,-1.3827497067053147,0.025222306781386938,2.276001753511919
12.979999999998245,-1.0378915725926765,1.2156370471737783,-1.3586004719051872,1.427446788922312,0.8799729593832899,-1.3387423701862484,0.48833714681181417,2.7642250784796256
12.999999999998234,-1.0317769836426143,1.2153202965190992,-1.3747505595202985,1.3900898271561364,0.8741259086930039,-1.2922669921336232,0.055931199825859756,1.9707681370166297
13.019999999998223,-1.0242198580676307,1.2152883706297894,-1.3933415981363508,1.3444588881091617,0.8683760963514668,-1.2370356832780336,0.0642657722278409,2.35012523367881
13.039999999998212,-1.0156653809176936,1.2157805832420814,-1.4131499599259796,1.2959409613634079,0.8636223326086141,-1.17929661837142,0.09699178897141403,2.7634821505666864
13.059999999998201,-1.0059769537180823,1.2168017345485074,-1.4339969340653989,1.244801550305666,0.8596918814789563,-1.1245421781123057,0.10889216414780242,2.8824146669732156
13.07999999999819,-0.995287474908066,1.2181183855979825,-1.4551021805250872,1.1907042112931907,0.8573477892578217,-1.0662241164901651,0.6591324866340558,7.199601427813809
13.099999999998179,-0.9828475603388747,1.2202695683949982,-1.4780113813999953,1.1369806980317139,0.8549828225928647,-1.0147016844240875,0.08244862847527025,2.951584879257853
13.119999999998168,-0.9672929862954551,1.2226712705261094,-1.5028832320065422,1.073568631105139,0.8531232153969007,-0.9447029508984491,0.1000225082868841,3.3353442699640614
13.139999999998157,-0.9503472062212127,1.2249186745851444,-1.5259472754743302,1.0114014006337124,0.8510955850726952,-0.8750782895469776,0.12255785996171778,3.76878294654359
13.159999999998146,-0.9308682527358211,1.2267973468904094,-1.547690740682149,0.9470455240004283,0.8476185834283282,-0.8073029087413575,0.1484474615134007,3.3972297930141764
13.179999999998135,-0.9068251469684079,1.227851014985374,-1.567470552650885,0.8792012086287946,0.8408597189819182,-0.7222030653111156,0.19756877265596612,7.612153362964748
13.199999999998123,-0.8825444185200043,1.2266536178483223,-1.5807062464849448,0.814127347804548,0.8303049747093805,-0.6573518364150698,0.05512905357984223,3.393927930506763
13.219999999998112,-0.8561511063060151,1.2282016542814296,-1.5993162725349577,0.7417687511518734,0.8260854886077982,-0.5757527266374017,0.08322258273498094,3.6997692537711644
13.239999999998101,-0.8304188600676918,1.2308513485834474,-1.6182316158907686,0.6718461584954356,0.8257048228935561,-0.49566977635272436,0.09172501703028436,4.040080523513926
13.25999999999809,-0.803724651470451,1.2337261266534743,-1.6362672567755487,0.6022819617494432,0.8264837339492338,-0.4171801260216937,0.0224193756005128,4.59118791199932
13.27999999999808,-0.7760162390228357,1.2368920599551725,-1.6535626111944928,0.5333105502225445,0.8283801150599592,-0.3311021612657698,0.32030758734502074,7.4036262424102075
13.299999999998068,-0.7493048103790834,1.2403479086831521,-1.6699174475347813,0.4655320215016321,0.8324141196671784,-0.2596339799711634,0.09129356687036409,3.422474036716167
13.319999999998057,-0.7187327162731004,1.2443170585652954,-1.6869236842602422,0.3922162490186485,0.8377695644965375,-0.1779120397726699,0.09378772805070269,3.7092666219250128
13.339999999998046,-0.6878698794556753,1.248534062295359,-1.7030090442021015,0.32034645422069263,0.8446696597223472,-0.09801599471813507,0.08459630233029065,4.001793766532572
13.359999999998035,-0.6567199540367613,1.2524459457049677,-1.7169804110996516,0.2504531432431667,0.8515387121397827,-0.020160567824869823,0.032696750927015225,4.492776010902662
13.379999999998024,-0.6253470713172509,1.255790903404716,-1.7282913485970803,0.183162528895845,0.8574381579766531,0.06414031950458496,0.3456816398020408,7.385187393924113
13.399999999998013,-0.5961596953855531,1.2583877829558023,-1.736661131383229,0.11855263364073917,0.8627435390072915,0.1281686574118119,0.07715493830059071,3.3473252836198824
13.419999999998002,-0.5642283550180018,1.2606684259066083,-1.7432847381534151,0.05099198597383797,0.8676156410112973,0.2024385456997972,0.07950593792455388,3.6075517406199764
13.43999999999799,-0.5333800749767975,1.262485846023907,-1.74767063613776,-0.013548638027967628,0.8720052538911452,0.27471705190791007,0.07420154305148983,3.8424453619653645
13.45999999999798,-0.504067490347638,1.2638588111723301,-1.750023148599695,-0.07443970263278786,0.8759885120792789,0.34329066679084186,0.030344158181313627,3.107539742513155
13.479999999997968,-0.47566015709481674,1.264873512131347,-1.7506486963013534,-0.13220253737352036,0.8795590552268333,0.4190343890797411,0.19813944807261985,4.100536500203108
13.499999999997957,-0.44957160889207515,1.2656095110329884,-1.7499158790269975,-0.1874476150164928,0.8828635432164095,0.48810180971173267,0.06598085980980756,2.928648402748833
13.519999999997946,-0.42230875314653166,1.266966534894935,-1.7495937420879688,-0.24374404308250824,0.8883115910729598,0.5580358306318466,0.06859539986363086,2.9731174368290816
13.539999999997935,-0.3967631977587701,1.2686073572113639,-1.7492665134162506,-0.296256265619769,0.8947656363290315,0.622934683388691,0.06871801705442326,3.009573760593136
13.559999999997924,-0.3729526249173389,1.270408680587214,-1.7488011017176701,-0.3448992237731175,0.9017854407954654,0.6829382630030326,0.03553734829167766,3.0273390534152638
13.579999999997913,-0.3507050785293757,1.2722959437873997,-1.7481247650504919,-0.38956290898547075,0.9090172744273934,0.7381802886638924,0.13459766876879103,3.013466229857222
13.599999999997902,-0.33081150425911793,1.2741437007624026,-1.7472933128680033,-0.43082347890375716,0.9163679136598786,0.788937394416916,0.052643595527725684,2.1522481105078195
13.61999999999789,-0.3111059252808689,1.2761189078934676,-1.7462014465187847,-0.47088743381324183,0.9240390591510297,0.838678780548731,0.052110003407936076,2.1142537568408053
13.63999999999788,-0.293556840680868,1.2779818972606687,-1.744946380893394,-0.5065507787097049,0.9312659899847151,0.883128595397087,0.049099288213267984,2.038524247515914
13.659999999997869,-0.2781204886543831,1.2797003865020302,-1.7436018588207807,-0.5378766564439846,0.9379185138195589,0.9223399394992738,0.028486763593735774,1.9157610370124258
13.679999999997857,-0.26466141469899146,1.2812636622690015,-1.7422382260243126,-0.5649562113345584,0.9438888687628526,0.956432359006311,0.04780368574152262,1.7344039362852843
13.699999999997846,-0.25341675420947346,1.282620623899223,-1.7409672065509927,-0.5881801484858221,0.9491770937121259,0.9856426042948876,0.03149248654094548,1.2386091189331998
13.719999999997835,-0.2437614948531094,1.283820814313249,-1.739759657786653,-0.6078751352770433,0.9537722057854048,1.0106024171018915,0.027010871367445923,1.0599291274420584
13.739999999997824,-0.2364547895451043,1.2847508821460756,-1.7387731206445534,-0.6227912605992343,0.9573190834836699,1.029538249533564,0.020829146486297984,0.821888274065189
13.759999999997813,-0.23112508667454548,1.2854409369520472,-1.7380122573856926,-0.6336804318191527,0.9599438106954552,1.043375809328332,0.0151156393676627,0.5867720066557515
13.779999999997802,-0.22732781898487903,1.2859385441076099,-1.7374474454198323,-0.6414479298741489,0.9618323037111078,1.0532549116939418,0.010819633254808588,0.4189165235302636
13.799999999997791,-0.22462146031650404,1.2862960660391476,-1.7370329781853868,-0.6469891349017586,0.9631876430355086,1.0603079388088577,0.007737114135509963,0.29907872928878704
13.81999999999778,-0.22269204733944734,1.2865523649785653,-1.7367312345444994,-0.6509424014399309,0.9641585404217207,1.0653433340246727,0.005528955107587973,0.2135224340531107
13.839999999997769,-0.2213162325539193,1.2867358021164284,-1.736512749972703,-0.6537629189485977,0.9648531252384959,1.0689382730354615,0.003948891311637989,0.15244088304274928
13.859999999997758,-0.22033501522533697,1.2868669375746926,-1.7363551490105973,-0.6557753291050562,0.9653495683465421,1.0715048214094884,0.002819171968154081,0.10883269086395328
13.879999999997747,-0.21963513754784247,1.2869606048678321,-1.7362417667807883,-0.6572111986095451,0.9657041558097976,1.073337166848035,0.002011909389338465,0.07769932585990857
13.899999999997736,-0.2191358891194897,1.2870274690944852,-1.7361603488736799,-0.658235720318456,0.9659573014311871,1.074645339973269,0.001435305584895664,0.05547216428073082
13.919999999997724,-0.21877973455231942,1.2870751793729451,-1.736101961164643,-0.6589667464274168,0.9661379647607647,1.0755792887805797,0.0010235790922599917,0.03960344347248383
13.939999999997713,-0.2185256489915323,1.28710921201695,-1.7360601284195043,-0.6594883596219309,0.9662668681853196,1.0762460662255662,0.0007296491416026974,0.028274228803086512
13.959999999997702,-0.21834437495778528,1.287133482772895,-1.736030176659871,-0.6598605516615611,0.96635882499911,1.0767221010345471,0.0005198490662795169,0.020185921001733713
13.979999999997691,-0.21821504433268635,1.2871507889917777,-1.736008741707566,-0.6601261269232931,0.9664244168517481,1.0770619582567063,0.0003701198974302752,0.01441140600428955
13.99999999999768,-0.21812277137265051,1.287163127764614,-1.7359934069886471,-0.6603156270945922,0.9664711987401509,1.0773045937212786,0.0002632768517357053,0.010288785694028224
14.019999999997669,-0.21805693698994288,1.287171924198803,-1.735982439074458,-0.6604508445116268,0.9665045627636419,1.077477819307363,0.00018705001511147516,0.007345508632076937
14.039999999997658,-0.21800996544490406,1.287178194902579,-1.7359745958093828,-0.6605473287585025,0.9665283563398891,1.0776014908516203,0.00013268194339018352,0.005244204393907927
14.059999999997647,-0.2179764519570277,1.2871826649076512,-1.7359689877128337,-0.6606161750774386,0.9665453242064922,1.0776897841035893,9.392503925592594e-05,0.00374401285747889
14.079999999997636,-0.21795254048237342,1.2871858512098862,-1.7359649781702355,-0.6606653004012417,0.9665574241949723,1.077752819607182,6.632555323679169e-05,0.002672975868183084
14.099999999997625,-0.21793547987457157,1.287188122417307,-1.735962111711897,-0.6607003538222906,0.966566052703117,1.0777978227584755,4.671302882472996e-05,0.001908326712363206
14.119999999997614,-0.21792330726595902,1.2871897413176636,-1.735960062553641,-0.6607253662357464,0.9665722056269817,1.0778299520101173,3.283708340341514e-05,0.001362418105095148
14.139999999997602,-0.21791462219120214,1.2871908952458813,-1.7359585977147831,-0.6607432138816243,0.9665765931952822,1.0778528901543674,2.3109756437375335e-05,0.0009726757049883985
14.159999999997591,-0.2179084254407135,1.287191717742566,-1.7359575506041924,-0.6607559490999609,0.9665797218943672,1.0778692664599758,1.642199519106288e-05,0.000694425589068624
14.17999999999758,-0.21790400409104282,1.2871923039983708,-1.7359568021135856,-0.660765036338649,0.9665819529068268,1.077880958049907,1.2005947890037364e-05,0.0004957735451629578
14.19999999999757,-0.21790084947853627,1.2871927218657548,-1.7359562670896371,-0.6607715205556741,0.9665835437926772,1.0778893050650276,9.311153036126487e-06,0.00035394922612034597
14.219999999997558,-0.21789859867592562,1.2871930197095753,-1.735955884657345,-0.6607761473820317,0.9665846782162513,1.0778952642766917,7.878416260941062e-06,0.0002526961184244803
14.239999999997547,-0.21789699273716553,1.2871932320036452,-1.7359556112996166,-0.6607794488637897,0.9665854871462395,1.077899518755923,7.268267465906929e-06,0.00018040815297745447
14.259999999997536,-0.21789584690583327,1.2871933833202298,-1.735955415908714,-0.6607818046432891,0.9665860639741816,1.077902556169921,7.104656326343861e-06,0.00012879936889132523
14.279999999997525,-0.21789502935921817,1.2871934911738596,-1.7359552762480774,-0.6607834856149986,0.9665864752957114,1.0779047246805622,7.138559842951794e-06,9.195414176357421e-05
14.299999999997514,-0.21789444604245886,1.2871935680484308,-1.7359551764227474,-0.6607846850761793,0.9665867685987026,1.0779062728522133,7.239078806237822e-06,6.56491097674321e-05
14.319999999997503,-0.21789402984783152,1.287193622842106,-1.7359551050709667,-0.6607855409544755,0.9665869777456395,1.0779073781432533,7.3482128581667885e-06,4.686907394498943e-05
14.339999999997492,-0.2178937328942553,1.2871936618972293,-1.7359550540714108,-0.6607861516684417,0.9665871268830308,1.0779081672471242,7.444321885174506e-06,3.3461383210626904e-05
14.35999999999748,-0.21789352101876552,1.2871936897344258,-1.7359550176190528,-0.6607865874448462,0.9665872332291452,1.077908730614487,7.5218379512816866e-06,2.3889188218320888e-05
14.37999999999747,-0.21789336984621419,1.287193709575853,-1.73595499156456,-0.6607868983941514,0.9665873090618924,1.0779091328210741,7.581565877280103e-06,1.7055281044320837e-05
14.399999999997458,-0.21789326198501952,1.2871937237181603,-1.7359549729420833,-0.660787120272788,0.9665873631363344,1.0779094199696457,7.626385493516257e-06,1.2176328436944056e-05
14.419999999997447,-0.21789318502634675,1.2871937337983246,-1.7359549596317125,-0.6607872785948385,0.9665874016954815,1.0779096249744913,7.659470565981145e-06,8.69308274433022e-06
14.439999999997436,-0.21789313011653372,1.287193740983129,-1.7359549501182026,-0.6607873915659342,0.9665874291910628,1.0779097713342136,7.683636572972202e-06,6.206278485316735e-06
14.459999999997425,-0.21789309093851955,1.2871937461042169,-1.7359549433185082,-0.6607874721767459,0.9665874487974924,1.0779098758252454,7.701163701763885e-06,4.430866754514982e-06
14.479999999997414,-0.21789306298510103,1.287193749754357,-1.7359549384585113,-0.6607875296967971,0.9665874627783644,1.0779099504248355,7.713815172961072e-06,3.1633417013367102e-06
14.499999999997403,-0.2178930430404021,1.2871937523560553,-1.7359549349849053,-0.6607875707403791,0.9665874727477898,1.0779100036839386,7.722916968816375e-06,2.258413745608418e-06
14.519999999997392,-0.21789302880990413,1.2871937542104588,-1.7359549325022117,-0.6607876000271348,0.9665874798567511,1.0779100417073642,7.729450414420388e-06,1.6123558540276221e-06
14.53999999999738,-0.2178930186564745,1.2871937555322155,-1.7359549307277617,-0.6607876209247765,0.9665874849259849,1.0779100688535384,7.73413235460205e-06,1.151113829120995e-06
14.55999999999737,-0.217948672995765,1.287181877987028,-1.7359542952440423,-0.6606782788789445,0.9665493908802291,1.0776693432029165,0.00022859806052058577,0.02267214620664827
14.579999999997359,-0.21813524299847692,1.28714237421706,-1.7359539163406912,-0.660345679697967,0.9664338382178472,1.076925674086231,0.00982396063858445,0.08842076587524463
14.599999999997348,-0.21846754821890618,1.2870701569677236,-1.735944111934822,-0.6596562438911265,0.966189787237615,1.0754358046806118,0.0009772128236445144,0.06317215734793949
14.619999999997336,-0.2192100799874815,1.2869104918638103,-1.7359294784773558,-0.6581947353718925,0.9656764517283056,1.072240421647413,0.002074794492882684,0.1363146994066845
14.639999999997325,-0.2202699918640117,1.2866827473503295,-1.7359075849764443,-0.6561097504933856,0.9649450422762141,1.0676828969796024,0.0032279184970677656,0.23257386895306897
14.659999999997314,-0.22164108175442995,1.2863891521020345,-1.7358786492884528,-0.6534247501183226,0.9640039747261232,1.061812787799339,0.0006959873910850384,0.3501091506042989
14.679999999997303,-0.22334094479078184,1.2860273526993262,-1.7358455604476861,-0.6502005164295678,0.9628782210023508,1.0547282693970843,0.029144957247754993,0.48750812546363337
14.699999999997292,-0.22521289674605702,1.28562602004597,-1.73578474011142,-0.646410988206544,0.9615491243484768,1.0465165509307877,0.005355606465459301,0.34819481354280396
14.719999999997281,-0.22773782508865198,1.2850905198720548,-1.7357123512280503,-0.6414537175209162,0.9598242631467414,1.0357003009107268,0.0069990563062046806,0.46055125081029813
14.73999999999727,-0.2305578044858619,1.2844953353569155,-1.7356235224521537,-0.6359185251942321,0.9579059133006913,1.0236281214037626,0.008321080925456763,0.5869479954508615
14.759999999997259,-0.233641937911595,1.2838487100020948,-1.735518404951809,-0.6298842518020796,0.9558225530842169,1.0104697135717462,0.003265340030393532,0.7276093907802619
14.779999999997248,-0.23700797183561031,1.2831491940713933,-1.7354005838279025,-0.6234558653915959,0.9536169191722716,0.9964022265118156,0.04189360853873964,0.8822571063124062
14.799999999997237,-0.24042068308883632,1.2824381478762705,-1.7352387546917272,-0.6165877731513881,0.9512572397521284,0.98154237359864,0.009570602211527697,0.6300936046039235
14.819999999997226,-0.24455774952574352,1.2815870437955437,-1.735046909391764,-0.6084716826214815,0.9484961618057719,0.9638861403504426,0.011284918684686035,0.7513949080213389
14.839999999997215,-0.24888547898190494,1.28070324333507,-1.7348266750131331,-0.599981394429968,0.9456255302207429,0.9454286006791575,0.01249640048520528,0.8835803609464707
14.859999999997203,-0.2533734912766334,1.279794417087283,-1.7345789664103548,-0.5911993644439097,0.942674410612292,0.9263457446484473,0.005449552148445575,1.0269961948346575
14.879999999997192,-0.2580519505560862,1.2788569907908056,-1.7343084758117433,-0.5822351006249173,0.9396872638536609,0.9068111671619332,0.049481159113761185,1.1811604490283343
14.899999999997181,-0.2626421058710021,1.2779366353555504,-1.7339846997913948,-0.573010329439002,0.936613379723725,0.8869175268161666,0.012588252645100283,0.8435400514584015
14.91999999999717,-0.2679564655093283,1.2768853723065443,-1.7336058954896152,-0.5625734999920932,0.9331762788101189,0.8643020749567478,0.014210163724855956,0.9622067455562194
14.939999999997159,-0.27334624636582344,1.2758279311286185,-1.7331909702343427,-0.5519832445630104,0.9297156223477405,0.8413736933962173,0.015252307920436498,1.0891746295042215
14.959999999997148,-0.2787861621088773,1.2747698306864794,-1.7327421901249327,-0.5413149387260425,0.9262567078984941,0.8182908223734423,0.0069143743750050505,1.2244985823666934
14.979999999997137,-0.2843166945256322,1.2737057118550592,-1.732265437571298,-0.5306720058725365,0.9228407336632375,0.7952052424180702,0.052451781660756876,1.3672481437591681
14.999999999997126,-0.28964043550282226,1.272681040905184,-1.7317379813393254,-0.5199511232263848,0.9194005220876474,0.7721778749524665,0.014287143622589565,0.9764190965017134
15.019999999997115,-0.2956339031189241,1.2715423573593299,-1.731132821272102,-0.5081359973220794,0.9156593285927268,0.7466879497022868,0.015724000986550715,1.0843378346737118
15.039999999997104,-0.3015905593198985,1.270419391449747,-1.7304933790980417,-0.49638037682396385,0.9119692117633437,0.7213488712706164,0.01657100191229637,1.197555883560851
15.059999999997093,-0.30749134014547364,1.2693152845496907,-1.7298231950396965,-0.4847491286448624,0.9083505508001911,0.6962943817429851,0.007672232276441747,1.3157078067080838
15.079999999997082,-0.3133828073164256,1.2682237670210557,-1.7291289191273929,-0.4733338984739327,0.9048388504506273,0.6716481132833064,0.05122933656536572,1.4373735984212597
15.09999999999707,-0.3189721383614785,1.2671874255882576,-1.7283995956333726,-0.4620174362132269,0.9013557507080533,0.6474400621892864,0.014739265206097179,1.0264842390692928
15.11999999999706,-0.32512691621399364,1.2660591803404793,-1.727581014409308,-0.44980164152427465,0.8976495548517323,0.6211982434249735,0.015914618730357072,1.1161845455348174
15.139999999997048,-0.3311406509952804,1.2649637918633123,-1.7267417889878507,-0.437845705079127,0.8940544876296538,0.595535625639323,0.016529918321703637,1.2075789070908187
15.159999999997037,-0.3370009908955716,1.263902302735569,-1.7258861983704241,-0.4262016878835213,0.8905856474900369,0.5705571970501303,0.007794409919043527,1.2998059825884503
15.179999999997026,-0.3427560448267427,1.2628683574908748,-1.7250209442747548,-0.41494443266411324,0.8872711732478559,0.546354327131933,0.046133790400218665,1.3909534287042886
15.199999999997015,-0.3481404482888977,1.2618996578591193,-1.7241471204298224,-0.4039541549347572,0.8840288928706254,0.5229284584733846,0.014038036866414748,0.993318983493371
15.219999999997004,-0.35393997110627656,1.260865837963775,-1.7231906547733835,-0.39233630638296746,0.8806519475931548,0.4980643477050403,0.014872590819120983,1.0574496438056473
15.239999999996993,-0.3595056451079937,1.2598783134477425,-1.7222381720310984,-0.38116420977943644,0.8774319562302951,0.47417036207621815,0.015197634976154763,1.1190312913645049
15.259999999996982,-0.36483190229027185,1.258936525293443,-1.7212939281951907,-0.37047492659477094,0.8743785864813975,0.45131925314244986,0.007342747170117921,1.1766415847564595
15.27999999999697,-0.36996356361006855,1.2580347285889235,-1.7203638881888361,-0.3603215285114765,0.8715111809393163,0.42956642913010246,0.037338039037737775,1.2278782948275295
15.29999999999696,-0.3746852801477069,1.2572034868934878,-1.7194576177997425,-0.35059287865433636,0.8687530880770788,0.4088874276133525,0.012245273944486473,0.8768460707540308
15.319999999996949,-0.37962931818494067,1.2563390643125412,-1.7184975493631316,-0.3405850781596322,0.8659565422597865,0.3875319311693005,0.012648046180232315,0.908077995619543
15.339999999996937,-0.3842599395818117,1.2555318672319333,-1.7175736317251067,-0.3311927338035019,0.8633509212886386,0.3674996811022653,0.012602536000922157,0.9318737093071161
15.359999999996926,-0.38857790793823604,1.2547803215853857,-1.7166892979965735,-0.32243571956894485,0.8609403576004249,0.3488278172252676,0.006354495942480881,0.9461871606299328
15.379999999996915,-0.39261945123026404,1.2540799024593603,-1.7158490588348825,-0.3143404417249025,0.8587340191962592,0.3315321639750075,0.024874116830992814,0.948125412923459
15.399999999996904,-0.39624144521754806,1.2534510647976667,-1.7150642539057321,-0.3068155103455229,0.85667166937491,0.31556504919985023,0.00938048404471646,0.6770510717202591
15.419999999996893,-0.3998523983124702,1.2528270712515515,-1.714276814415177,-0.29943575565899433,0.8546748747210849,0.29984931540220394,0.009247558303800193,0.6680592607845761
15.439999999996882,-0.40308301845864186,1.2522696948387795,-1.713559736824038,-0.2928233188023507,0.8528950223191348,0.2857720768525761,0.008737170813693726,0.6460989867307635
15.459999999996871,-0.4059394373984836,1.2517769517478472,-1.7129148933145095,-0.2869787631218802,0.8513306205600675,0.2733315087610902,0.00484429440125015,0.6084383888495412
15.47999999999686,-0.4084435212231761,1.251346105045,-1.712344674985334,-0.28189708817703235,0.8499793096802195,0.26250023905738296,0.008680897217754759,0.5516881775210181
15.499999999996849,-0.4105462682758156,1.2509838855592719,-1.711854074751293,-0.2775178872285743,0.8488088823805422,0.25321009166854,0.005432500225736118,0.3939312019172118
15.519999999996838,-0.4123628618624823,1.250671728019826,-1.7114296140585175,-0.27378287863043,0.8478193886504866,0.24526531221537515,0.004652237141986543,0.3373913945284481
15.539999999996827,-0.4137417089916497,1.250434836529423,-1.7111047775409753,-0.27094787756626276,0.8470701443920609,0.23923639167792027,0.00358201081361571,0.26170585262027224
15.559999999996815,-0.41474947305321164,1.250261770628523,-1.710865985685363,-0.26887575820834303,0.8465237428004916,0.2348302798585241,0.0025721004129497216,0.18683607392098756
15.579999999996804,-0.4154684342184314,1.2501384811176075,-1.710695240389261,-0.2673967242926723,0.846134601767239,0.23168467483920693,0.0018351300834714831,0.13338577357911835
15.599999999996793,-0.41598139345598073,1.2500506332344112,-1.7105732628337207,-0.26634105561337,0.8458573844350099,0.22943896847750767,0.0013093787502109562,0.09522660302858353
15.619999999996782,-0.41634740257171016,1.2499880294746846,-1.7104861927949642,-0.2655875848532571,0.8456598481861399,0.22783571662907304,0.0009342803755582793,0.06798405602563934
15.639999999996771,-0.4166085727835077,1.2499434109705125,-1.7104240753476472,-0.26504981367588376,0.845519063890652,0.2266911250993025,0.0006666514878431984,0.04853509107123496
15.65999999999676,-0.41679494090787206,1.2499116084199509,-1.7103797773112288,-0.2646659975700317,0.8454187133891817,0.22587397976849274,0.00047569666727825257,0.03465011043017722
15.679999999996749,-0.41692793466595746,1.2498889394421933,-1.710348195931501,-0.2643920641679514,0.8453471771159518,0.22529060441656365,0.0003394509042845779,0.024737362519318056
15.699999999996738,-0.4170228418746365,1.2498727802987095,-1.710325685237469,-0.2641965563948939,0.8452961779929513,0.22487412183339078,0.00024224604993042841,0.017660466043897694
15.719999999996727,-0.4170905706294972,1.2498612612546245,-1.7103096423300364,-0.26405702205422615,0.8452598182919467,0.22457678712457702,0.00017290551574177998,0.012608137084131889
15.739999999996716,-0.41713890446259466,1.2498530497472389,-1.7102982100806718,-0.2639574363987832,0.8452338948258014,0.22436451431480503,0.00012345745010387528,0.009001184830352636
15.759999999996705,-0.41717339757877253,1.2498471959822028,-1.7102900640211909,-0.2638863622809042,0.8452154116456058,0.22421296878733027,8.821733687000388e-05,0.006426114097941894
15.779999999996694,-0.4171980134838231,1.2498430229481434,-1.7102842598538575,-0.2638356368821718,0.8452022330810178,0.2241047776032196,6.313396327747559e-05,0.004587722918348359
15.799999999996682,-0.4172155806113189,1.2498400480534289,-1.7102801244751036,-0.2637994343485375,0.845192836602944,0.2240275378959019,4.532315213295983e-05,0.003275261070063395
15.819999999996671,-0.4172281174150787,1.2498379272841187,-1.7102771781655985,-0.26377359675193557,0.8451861367370241,0.22397239502666078,3.273512633641404e-05,0.002338270018696745
15.83999999999666,-0.41723706433847424,1.2498364154059354,-1.7102750790686445,-0.2637551565778313,0.8451813595746113,0.22393302750315844,2.3916257965923226e-05,0.0016693345966057303
15.85999999999665,-0.4172434493429089,1.2498353375982698,-1.7102735835904652,-0.2637419959153424,0.8451779533287856,0.22390492229372555,1.7835892927049085e-05,0.001191769103134234
15.879999999996638,-0.4172480060291123,1.2498345692351367,-1.7102725181656102,-0.26373260321710484,0.8451755245750561,0.2238848574606397,1.3755941093506129e-05,0.0008508261803990159
15.899999999996627,-0.41725125793045614,1.249834021472599,-1.7102717591303491,-0.2637258996971001,0.8451737927976218,0.22387053280232222,1.1129282129901247e-05,0.000607420664700742
15.919999999996616,-0.4172535786670009,1.2498336309748526,-1.7102712183780973,-0.26372111543021354,0.8451725579837994,0.22386030616187946,9.527143309287248e-06,0.000433648926290708
15.939999999996605,-0.41725523487357197,1.2498333525903729,-1.7102708331370067,-0.26371770092441094,0.8451716775200315,0.22385300517282938,8.605151266267617e-06,0.00030959004195930186
15.959999999996594,-0.4172564168350082,1.2498331541309575,-1.710270558685766,-0.26371526400990297,0.8451710497191122,0.22384779286085038,8.10125867032648e-06,0.0002210220921737618
15.979999999996583,-0.41725726034886834,1.2498330126498216,-1.7102703631634022,-0.2637135247971013,0.8451706020751303,0.22384407169435333,7.836480604313493e-06,0.0001577917827941726
15.999999999996572,-0.4172578623277145,1.2498329117883116,-1.7102702238712812,-0.2637122835302658,0.845170282889139,0.22384141508438984,7.701202990250495e-06,0.00011265048747350403
16.019999999996596,-0.4172582919336907,1.249832839884408,-1.7102701246383771,-0.2637113976447849,0.845170055298126,0.22383951848115505,7.633561180315438e-06,8.042327651413598e-05
16.03999999999662,-0.41725859852473435,1.2498327886243,-1.710270053944142,-0.2637107653930599,0.8451698930175392,0.22383816446086696,7.6004142526867495e-06,5.741567102335183e-05
16.059999999996645,-0.4172588173254163,1.2498327520810975,-1.7102700035811484,-0.2637103141583785,0.8451697773055985,0.223837197800637,7.584556454676121e-06,4.0990113601408376e-05
16.07999999999667,-0.4172589734739581,1.249832726029539,-1.710269967702312,-0.26370999211458646,0.8451696947987659,0.22383650768395447,7.577225699459821e-06,2.9263602836156872e-05
16.099999999996694,-0.41725908491040153,1.2498327074574467,-1.7102699421420964,-0.26370976227363835,0.8451696359683704,0.22383601499684985,7.574022015225906e-06,2.0891828923115336e-05
16.11999999999672,-0.4172591644377676,1.249832694217447,-1.7102699239329313,-0.2637095982373662,0.8451695940201327,0.22383566325838825,7.572763847711131e-06,1.4915064049774038e-05
16.139999999996743,-0.4172592211930122,1.2498326847786834,-1.7102699109606927,-0.26370948116554027,0.8451695641094884,0.2238354121457799,7.57238508871196e-06,1.0648140659922997e-05
16.159999999996767,-0.41725926169678157,1.2498326780498117,-1.710269901719262,-0.26370939761199014,0.8451695427820888,0.2238352328718357,7.572376375090592e-06,7.601904880828127e-06
16.17999999999679,-0.4172592906025774,1.2498326732528153,-1.71026989513567,-0.2637093379802562,0.8451695275748579,0.22383510488484662,7.572500734998379e-06,5.4271406612080195e-06
16.199999999996816,-0.4172593112314007,1.2498326698330482,-1.7102698904455276,-0.26370929542139643,0.8451695167315333,0.22383501351256566,7.572654815636682e-06,3.874536168804538e-06
16.21999999999684,-0.41725932595330606,1.2498326673951043,-1.7102698871042805,-0.26370926504735737,0.8451695089998359,0.22383494828020342,7.572796615231426e-06,2.7661030525353665e-06
16.239999999996865,-0.41725933645969887,1.2498326656571,-1.7102698847239868,-0.26370924336956153,0.8451695034868444,0.22383490170961343,7.572913237010826e-06,1.9747721202842132e-06
16.25999999999689,-0.4172593439576617,1.249832664418081,-1.710269883028276,-0.26370922789822926,0.8451694995558728,0.22383486846200823,7.573003779243111e-06,1.4098263174970295e-06
16.279999999996914,-0.41725934930863706,1.2498326635347874,-1.7102698818202597,-0.2637092168564179,0.8451694967529413,0.22383484472592854,7.5730719368735606e-06,1.0065010572138595e-06
16.29999999999694,-0.41725935312739987,1.2498326629050895,-1.7102698809596766,-0.2637092089759329,0.8451694947543437,0.22383482778030275,7.573121677134187e-06,7.185596921730906e-07
16.319999999996963,-0.4176746327149845,1.2498239813693415,-1.710312095452115,-0.26280652108295155,0.8451063762786024,0.22323665931818548,0.0011396571195654553,0.038771706202007754
16.339999999996987,-0.4189229733823267,1.2497977169850136,-1.7104376540313697,-0.26009463674342076,0.8449178838189042,0.22144006947809275,0.004108149361783837,0.1514723316658227
16.35999999999701,-0.4211754155814124,1.249751313284702,-1.7106608054166532,-0.2552430625274273,0.8445823904246378,0.2182261069404774,0.0017894945249113702,0.33003647836912764
16.379999999997036,-0.42460551392169144,1.2496808487755133,-1.710985790244328,-0.24819802651675574,0.8441027387071717,0.21352610852453438,0.07881095122829535,0.5837560712212034
16.39999999999706,-0.42880758243278555,1.2495925653906506,-1.7113640501725986,-0.238732092439232,0.8434730430701542,0.2073383000455529,0.0116248688255807,0.39882880690760847
16.419999999997085,-0.4353200421738016,1.2494587840209253,-1.7119097649560755,-0.22466039303080315,0.8425670995395104,0.19806477070675674,0.017487565141608968,0.6012687692736078
16.43999999999711,-0.4431637742845133,1.2492987835361504,-1.7124991760636472,-0.2077238418123381,0.8415240577989092,0.1869228502832315,0.02324769848249712,0.839569582925613
16.459999999997134,-0.45225265745961846,1.249116648453885,-1.713092099525147,-0.1881922877961627,0.8403817658700353,0.174095894113164,0.005900405092776616,1.1199592915819676
16.47999999999716,-0.4626634727695603,1.2489094366638873,-1.7136461136193448,-0.16646680592918014,0.8391927281385209,0.15979387116150978,0.14067594309072629,1.4702504110758738
16.499999999997183,-0.47350823946604154,1.2486907372920708,-1.714080067254797,-0.14236473838528063,0.8379649205525838,0.14417730633366221,0.02918376663425218,1.0188712752268343
16.519999999997207,-0.48726171270289814,1.2484199102610156,-1.7144374655611663,-0.11272417432003616,0.8366012489905412,0.12488759032349638,0.036160579580851296,1.2670365206647578
16.53999999999723,-0.5020576470750212,1.248130531945231,-1.7145727567780935,-0.08083274761210076,0.8353055259141285,0.10420663085563847,0.042237132331342866,1.5424506480182814
16.559999999997256,-0.5177795255170788,1.2478248239527299,-1.7144340404622964,-0.04704548446577763,0.8341257536278387,0.08237300836364382,0.014624335177763577,1.8554247367012708
16.57999999999728,-0.534543346409972,1.2475000169446262,-1.7139677353483385,-0.011844018316486241,0.8331160155893476,0.05962591958441713,0.1836552136870295,2.24224489670099
16.599999999997305,-0.5511805122899673,1.2471733025776666,-1.713160971973068,0.025105866435174554,0.832264593812024,0.036116635137309595,0.044008686418635624,1.5659353310548092
16.61999999999733,-0.5708838579921567,1.2467962126534982,-1.7118046768158628,0.06777699744653591,0.8316031669387642,0.008880457919299154,0.05123690130372038,1.826574334807787
16.639999999997354,-0.5911765735821392,1.2467088517946328,-1.7106091321549877,0.11176102907441066,0.8320689805831779,-0.01909812015469331,0.056954004972603896,2.105872879439168
16.65999999999738,-0.6119602019432688,1.2468729018874078,-1.7094434239078227,0.1566618456851822,0.833545380249963,-0.04759339211998475,0.022329457960643277,2.413787341301803
16.679999999997403,-0.6333985332084532,1.2472561099798076,-1.7081585177628373,0.20196949118468943,0.8358122989306331,-0.0763869627726815,0.2105423701600993,2.7923246882999515
16.699999999997427,-0.6541748078198454,1.2476682352953454,-1.7064898823154822,0.24812536860678078,0.8388178575781315,-0.10536693712298037,0.05520305206671148,1.9593570700819372
16.71999999999745,-0.6778775365506848,1.2482414174845167,-1.7041185543237936,0.29952939187330524,0.842717788593239,-0.13784702062045776,0.062204969408828414,2.202063216168804
16.739999999997476,-0.7016215106985466,1.2487605437061193,-1.700859710959216,0.3512174804310858,0.8469171694343225,-0.17043015711045528,0.06702392113205446,2.4603633354570946
16.7599999999975,-0.7252836265597451,1.2492005708688139,-1.6966398829276899,0.40289622072378395,0.851300212057101,-0.2029197974993422,0.02883227477589385,2.7437497684182564
16.779999999997525,-0.7490209353772483,1.2494574778886938,-1.691212204213099,0.45416535535887065,0.8558748348465857,-0.23513129361211285,0.22718632825574966,3.101948091331879
16.79999999999755,-0.7715034507168743,1.249771310371649,-1.6852877540434525,0.5055441575416808,0.8604515002670285,-0.2669954970718292,0.06307263695082632,2.1872690641510157
16.819999999997574,-0.7962803848826067,1.2499414272447444,-1.6773994413256417,0.5616059835706158,0.8657132905448464,-0.3018997485109538,0.06932320876274024,2.407955585199226
16.839999999997598,-0.8203560689745901,1.2499679537980537,-1.6682905687936418,0.6170763153241232,0.8709767114164788,-0.3363106065304153,0.07145252388528768,2.640032369877277
16.859999999997623,-0.8436767090037393,1.2499115870493738,-1.6580824547599788,0.6718455769659818,0.8762455548511672,-0.37006743810188114,0.041124811966632716,2.8791239766981516
16.879999999997647,-0.8663492205140183,1.249633360317753,-1.6464552199815243,0.7256057156860345,0.8815452613402902,-0.40302495691520085,0.2084674531792347,3.190961728945787
16.89999999999767,-0.8874455521514611,1.249507639156606,-1.6346883765632314,0.7787675382260137,0.8869563291137331,-0.4351561730349127,0.06854603458071101,2.273275116624334
16.919999999997696,-0.9097549098280251,1.24928213984551,-1.6205229368187513,0.8357014976015217,0.8930635100155038,-0.46964280718904056,0.07348265446097445,2.455694426679099
16.93999999999772,-0.9307757222317465,1.2490462825660362,-1.6054747946426422,0.8913314859389742,0.8992684787903014,-0.5030886366608479,0.07145535321338223,2.638730243743874
16.959999999997745,-0.9504632844059616,1.248869738311235,-1.5897591097372945,0.9454556943581859,0.9055546379765771,-0.5353738077483644,0.03923796870337227,2.8116581483381067
16.97999999999777,-0.969069183670534,1.2489016331965876,-1.5736328431017301,0.9975075900021979,0.9123103451062263,-0.5663973411892177,0.22784952196690056,3.0253514904380414
16.999999999997794,-0.9857544257003352,1.2494088982733198,-1.5586716904860214,1.0474304130274694,0.9201051208096466,-0.5961727197190084,0.06814660645692791,2.1248033631818126
17.019999999997818,-1.0028684508137315,1.250464013647396,-1.5426683812222228,1.0988668960674466,0.9294686256086234,-0.6273956438646286,0.0721263033647241,2.2047142114791827
17.039999999997843,-1.0184448113350608,1.2518592068545455,-1.5270935980413165,1.1474684836495888,0.9392565845400316,-0.6570808059919372,0.07012982877572481,2.2755034836717445
17.059999999997867,-1.0325032706779729,1.253506045019385,-1.5119467539537241,1.1931212174312296,0.9492813341952729,-0.6851540037160451,0.043143979562783194,2.333798179368806
17.07999999999789,-1.045271821247245,1.255454422580996,-1.4972190565411871,1.2357274613598745,0.9593397999064507,-0.7115647866452652,0.17567503573569632,2.4355489649517947
17.099999999997916,-1.0561972812614004,1.2574114640406593,-1.4834476655560938,1.2757398012884844,0.9692141213762162,-0.7363607876169735,0.06000104768303504,1.6990791221935158
17.11999999999794,-1.0667207315313734,1.2597147297717124,-1.4690912859727738,1.315561037937257,0.9796063174508615,-0.7614740988826909,0.061209364380854406,1.7015593952495414
17.139999999997965,-1.075765804999231,1.2620704066670327,-1.4556061731094645,1.3519399402502505,0.9895108486011746,-0.7846030742794321,0.055391733777319915,1.6863090111435342
17.15999999999799,-1.0834532721270758,1.2643940460129302,-1.443049267847597,1.3848673012270287,0.9988402364509317,-0.8057234600646912,0.042015825916378466,1.6405187518774078
17.179999999998014,-1.090018653487095,1.2667468483824313,-1.4314280758145679,1.4143885139823287,1.0074796937747308,-0.8248409462525637,0.10480826886078924,1.6232412746167284
17.199999999998038,-1.0953258411205604,1.2688422652822617,-1.4211059091151768,1.440874749426793,1.0153490739679507,-0.8420331985609859,0.04300748917117504,1.1212736186784433
17.219999999998063,-1.099999015827774,1.270961432377947,-1.4112239968507612,1.4653656930782026,1.0228034122998235,-0.8581901977880865,0.0406582657735304,1.0425385734687715
17.239999999998087,-1.1036996731311617,1.272847436427133,-1.40272649175306,1.4860948704447163,1.0292230858996856,-0.8719669904213901,0.033148456754567034,0.9379456754267342
17.25999999999811,-1.1065673183779552,1.2744551091707221,-1.3956228252897978,1.5031770242839744,1.0346047988004312,-0.8833935203381361,0.02675789797550125,0.7940249659572545
17.279999999998136,-1.1087410517294314,1.275797604799336,-1.389901858185103,1.5167818634555086,1.038933529081926,-0.8925369428346615,0.0039432406194903884,0.6216571026131875
17.29999999999816,-1.1103030486770933,1.2768193030028196,-1.3855552211019153,1.5271217274413726,1.0422452984483426,-0.8995015436990113,0.017611459211254822,0.43772699480356847
17.319999999998185,-1.111384302656673,1.2775701245571818,-1.3824263630024336,1.5344845411193329,1.0446251525686583,-0.9044740875600481,0.012620922575875387,0.3119252020733929
17.33999999999821,-1.1121347825936019,1.278111779519641,-1.3801881328789156,1.5397316695719323,1.0463286937321679,-0.908024500742134,0.00901163892338971,0.22230996636789607
17.359999999998234,-1.1126592915231295,1.278501037943612,-1.3785884711130953,1.5434715148316016,1.047546375749127,-0.9105595091309295,0.006430205443372658,0.15845738548429597
17.379999999998258,-1.113027781989031,1.2787800347623048,-1.37744590170305,1.5461372969675777,1.0484159060256975,-0.9123695150751224,0.004585806585375175,0.1129534393673386
17.399999999998283,-1.1132876615075735,1.2789796286272594,-1.3766301665440956,1.5480376068496753,1.0490363931670892,-0.9136618665291527,0.0032688944969354377,0.08052132021460323
17.419999999998307,-1.1134714604485145,1.279122228778223,-1.376047950898127,1.549392313172453,1.0494789480394413,-0.9145846105990217,0.002329046651747323,0.05740372442650826
17.43999999999833,-1.1136017185683578,1.2792240140816968,-1.375632494395055,1.55035809953216,1.0497944849442005,-0.9152434534738895,0.0016585163499076066,0.04092437755992824
17.459999999998356,-1.113694169420763,1.279296618098462,-1.375336078514561,1.5510466375481262,1.050019403809434,-0.9157138698026523,0.0011802375081385787,0.02917650927084445
17.47999999999838,-1.1137598566982396,1.2793483824022902,-1.3751246172969753,1.551537525817439,1.0501797008124167,-0.9160497488039545,0.000839143208454218,0.020801335372551834
17.499999999998405,-1.1138065640424888,1.2793852762227615,-1.374973773710461,1.551887505665988,1.0502939283378017,-0.9162895676113033,0.0005959129130952198,0.01483043417429249
17.51999999999843,-1.1138397938875189,1.2794115651334768,-1.37486617690305,1.552137026884554,1.0503753195731032,-0.9164607990629762,0.00042248331720073885,0.010573528373566041
17.539999999998454,-1.1138634445224116,1.2794302942491433,-1.3747894310166089,1.5523149264309946,1.050433310112924,-0.9165830588817643,0.00029883236619238833,0.007538561137146827
17.559999999998478,-1.113880282111678,1.279443635883592,-1.3747346917693857,1.5524417629440759,1.0504746260138584,-0.9166703527750101,0.00021067878144446402,0.005374756028589241
17.579999999998503,-1.1138922717124913,1.27945313893564,-1.3746956495999447,1.5525321935117304,1.0505040609780205,-0.9167326808742099,0.00014783822174301584,0.003832042575712331
17.599999999998527,-1.113900810422312,1.279459907402879,-1.3746678035948483,1.5525966679120426,1.050525031055,-0.9167771833122735,0.00010304961432136106,0.0027321391874758415
17.61999999999855,-1.1139068921173405,1.2794647279733866,-1.3746479432211178,1.552642636393664,1.0505399703338563,-0.9168089581709583,7.113786421613581e-05,0.0019479418559995058
17.639999999998576,-1.1139112241239273,1.2794681611247098,-1.3746337784772367,1.5526754107058878,1.050550613096643,-0.9168316454990622,4.841732334880536e-05,0.0013888318067484036
17.6599999999986,-1.1139143099862554,1.2794706061186296,-1.3746236760041617,1.552698777947181,1.050558194956064,-0.9168478443040192,3.2268320840116915e-05,0.0009902017437864524
17.679999999998625,-1.113916508253268,1.279472347347083,-1.3746164708219895,1.5527154382012522,1.0505635962114082,-0.9168594102857188,2.0840473293512296e-05,0.0007059891018100249
17.69999999999865,-1.1139180742691055,1.2794735873675755,-1.3746113320309021,1.5527273165491429,1.0505674440076649,-0.9168676684197117,1.2857096299513578e-05,0.0005033528361391666
17.719999999998674,-1.113919189899533,1.2794744704444883,-1.3746076670137881,1.5527357855202206,1.0505701851294609,-0.9168735647424886,7.529871207435783e-06,0.0003588783087529405
17.739999999998698,-1.113919984686392,1.2794750993215862,-1.3746050531056253,1.552741823691224,1.0505721378670276,-0.9168777747267667,4.642319948018469e-06,0.00025587156966314556
17.759999999998723,-1.1139205509067016,1.2794755471703017,-1.3746031888559473,1.5527461287619275,1.0505735289690528,-0.9168807806618575,4.2406574682828245e-06,0.00018243029795681444
17.779999999998747,-1.1139209542951347,1.2794758661005505,-1.3746018592670606,1.5527491981745192,1.0505745199694507,-0.9168829269035284,5.134438720814198e-06,0.00013006845914755125
17.79999999999877,-1.1139212416799456,1.2794760932225917,-1.374600911000783,1.5527513865928304,1.050575225943207,-0.9168844593225971,6.155363152035457e-06,9.273573223732715e-05
17.819999999998796,-1.1139214464214735,1.279476254964406,-1.3746002346952764,1.5527529468834127,1.0505757288682531,-0.9168855534713568,6.994862385802186e-06,6.611839290643289e-05
17.83999999999882,-1.1139215922859007,1.2794763701465046,-1.3745997523530644,1.5527540593339366,1.0505760871445047,-0.9168863346944954,7.631079196680444e-06,4.714086426700354e-05
17.859999999998845,-1.1139216962046357,1.279476452171731,-1.3745994083459876,1.5527548524851404,1.050576342375185,-0.916886892488349,8.099189303524895e-06,3.3610336038705534e-05
17.87999999999887,-1.1139217702399797,1.2794765105847656,-1.3745991629998286,1.552755417983478,1.0505765241977874,-0.9168872907534494,8.439045101721877e-06,2.396338853825708e-05
17.899999999998894,-1.1139218229854262,1.2794765521827267,-1.3745989880188083,1.5527558211706787,1.0505766537255967,-0.9168875751148728,8.684080638919651e-06,1.708534144598711e-05
17.919999999998918,-1.1139218605632273,1.2794765818060863,-1.3745988632222998,1.55275610863384,1.0505767459993853,-0.9168877781489838,8.860053659378061e-06,1.2181454696602741e-05
17.939999999998943,-1.113921887335065,1.2794766029019156,-1.3745987742174366,1.5527563135884614,1.050576811733963,-0.9168879231153453,8.986124320608904e-06,8.6850974533536e-06
17.959999999998967,-1.113921906408345,1.279476617924995,-1.3745987107391988,1.5527564597164096,1.050576858562393,-0.9168880266213085,9.076305690210508e-06,6.192275908401453e-06
17.97999999999899,-1.1139219199968888,1.2794766286234576,-1.3745986654665598,1.5527565639023013,1.0505768919223537,-0.9168881005245357,9.140749040450175e-06,4.414951599868277e-06
17.999999999999016,-1.113921929677901,1.2794766362422103,-1.3745986331781552,1.5527566381844737,1.0505769156875648,-0.9168881532914065,9.186769230663114e-06,3.1477603304619833e-06
18.01999999999904,-1.1139219365750386,1.2794766416677938,-1.3745986101501038,1.5527566911459798,1.050576932617607,-0.9168881909669199,9.219617404072347e-06,2.244281966215712e-06
18.039999999999065,-1.113921941488836,1.2794766455315456,-1.3745985937265315,1.5527567289063393,1.050576944678365,-0.9168882178672071,9.2430562875883e-06,1.6001225229323358e-06
18.05999999999909,-1.1139219449896252,1.279476648283061,-1.3745985820132682,1.5527567558286268,1.0505769532703086,-0.916888237073987,9.259777660104605e-06,1.140851524768948e-06
18.079999999999114,-1.1139219474837305,1.2794766502425137,-1.3745985736593922,1.552756775023615,1.0505769593911116,-0.9168882507876069,9.271704474682609e-06,8.134016227211444e-07
18.099999999999138,-1.1139219492606347,1.2794766516379112,-1.3745985677014276,1.5527567887092135,1.0505769637515052,-0.9168882605791142,9.28021052816608e-06,5.799372002326666e-07
18.119999999999163,-1.1138476024858979,1.2794132895864767,-1.3747874536656008,1.5522783830293585,1.0503908639053126,-0.9163884551535586,0.000844676169719984,0.02137188761045858
18.139999999999187,-1.1136229174465706,1.2792212964345595,-1.375355612081785,1.5508408741288002,1.0498330609551338,-0.9148872439539767,0.001792395662845452,0.08340250476739777
18.15999999999921,-1.113216201333898,1.2788827980873378,-1.3763788411004396,1.5482657424535786,1.0488220243767583,-0.9122016355497367,0.0039460274824886805,0.18029612870649525
18.179999999999236,-1.1125819894479891,1.278326997696907,-1.377932380053876,1.5445148800912205,1.0473473299203753,-0.908274472694076,0.0669323976890043,0.32707131050307503
18.19999999999926,-1.11178261868421,1.2777085344492263,-1.379834638706278,1.5394585972053143,1.0453832882221437,-0.9031025680350051,0.008609242193147059,0.21927135437057346
18.219999999999285,-1.1105269694952633,1.276727218951982,-1.382763894825326,1.5319582152672189,1.0424724765078364,-0.8953529326264273,0.012994361682184092,0.33006540897145126
18.23999999999931,-1.1089674827752154,1.275557019016983,-1.3862736153253037,1.5229255153641137,1.038988420893127,-0.8860419152199631,0.01317620689748215,0.45977812788676625
18.259999999999334,-1.1071055152063936,1.2742412144058894,-1.390310724688545,1.5125004020047295,1.034966132459455,-0.875322736466404,0.015137648661825796,0.6088486855281726
18.279999999999358,-1.1048744562482384,1.2726874585886363,-1.3948919134332691,1.5008732028987732,1.03050527819393,-0.8633716403078193,0.11868738643715677,0.8149030106294151
18.299999999999383,-1.1024521238083052,1.2711984047259353,-1.3996297485500473,1.4879548581777746,1.025626236498996,-0.8503191016389383,0.021636283696942336,0.553406514212215
18.319999999999407,-1.0992646392961722,1.2693109391972617,-1.405567526093849,1.4720786867671474,1.0196740168352245,-0.8341989734356915,0.02673365873321747,0.6859858897255928
18.33999999999943,-1.0956718533140586,1.26733291519168,-1.4118797452727185,1.454979395717166,1.013339827982511,-0.8169162731143954,0.02565451678052886,0.8323325672043557
18.359999999999456,-1.0916870966991739,1.265317901778495,-1.418501289528421,1.4368486108116902,1.0066741823713794,-0.7986701306032838,0.023779628868037982,0.9931299995708323
18.37999999999948,-1.0872060094664144,1.2631591670049886,-1.4254460937815867,1.4179030041476508,0.9997882585005196,-0.7796621958632388,0.14926216864551345,1.2368378236418989
18.399999999999505,-1.08256564208875,1.2611939514839856,-1.432250445535348,1.398013974272486,0.9927200690269056,-0.760012675257696,0.032196511895385846,0.8444788341874461
18.41999999999953,-1.0768315857142694,1.2589109139021026,-1.4401713261867204,1.3750437052659454,0.9846701350979753,-0.7372517635437746,0.03702245462678818,0.9850382348759114
18.439999999999554,-1.0706501799888242,1.2566570083625075,-1.4481769979206232,1.3513235398273384,0.976513200721068,-0.7138705336279174,0.03588079531943861,1.140459507942935
18.459999999999578,-1.0640595742664531,1.2544737082814923,-1.456219924917026,1.3270548272686764,0.9682970397550011,-0.6900571412102114,0.027099110468409727,1.3022697633049822
18.479999999999603,-1.0569405049478235,1.252266183005274,-1.464312483311824,1.3024533519882784,0.9601162708196365,-0.6659964750480241,0.15895229852727027,1.5428364491862705
18.499999999999627,-1.0498024623939457,1.250311536477827,-1.4720003944615634,1.2773531287209963,0.9520156118511662,-0.6417744494211155,0.03883776150744276,1.0667282959507245
18.51999999999965,-1.0413531566629983,1.2481634702282096,-1.4805706154068932,1.2493204067032397,0.9431533188097783,-0.6146312541604728,0.04294294545954538,1.2018188138678185
18.539999999999676,-1.0325575347022657,1.246125740576191,-1.4889528394637934,1.2210821205134184,0.9344536640458729,-0.5874021176384978,0.04234679205827828,1.3467876902882345
18.5599999999997,-1.0234747121011665,1.2442198336368002,-1.4971275402008128,1.1928310372923325,0.9259476334205766,-0.5602508145547782,0.026656490867988884,1.4996697286142056
18.579999999999725,-1.0139927552438213,1.2423727777607583,-1.5051133646815456,1.164778713637592,0.9177030414849975,-0.5333335772409973,0.15166573809059056,1.7105446071944186
18.59999999999975,-1.0047342041371603,1.240762518231216,-1.5125200026371322,1.1367135318467865,0.9097445107357013,-0.5067011506304046,0.04126413873906688,1.192261094654349
18.619999999999774,-0.9941574774850601,1.2390635621561046,-1.5205139713064348,1.1061256113979259,0.9012926616560241,-0.4775322239346204,0.0445151574873394,1.3098132733428307
18.639999999999798,-0.9834719686780681,1.2374955821845466,-1.528130840445465,1.0759017733024285,0.8931965515573964,-0.44877581793387217,0.04422868351701479,1.4322412500060715
18.659999999999823,-0.9727395246463505,1.236064897574121,-1.5353796470998993,1.0462071372891155,0.8854622660865088,-0.42056581996138037,0.02476597309676543,1.5610795364086334
18.679999999999847,-0.9618579302306177,1.234717997189869,-1.542292727928739,1.0172325623126341,0.8781277763813815,-0.39302399082322903,0.1338893813132655,1.7294875821582978
18.69999999999987,-0.9514720496302731,1.2335503958426672,-1.5485688100190034,0.9887252360469458,0.871183815093325,-0.36616871458524874,0.03986470099383398,1.2096249949719706
18.719999999999896,-0.9399695235554519,1.2323527330090764,-1.5551580434664078,0.9583231618475951,0.8639875859814792,-0.3373487805082237,0.04219300547238888,1.2997059549433267
18.73999999999992,-0.9286524316626592,1.2312650701776324,-1.5612921815116896,0.9288221546253428,0.8572329998482959,-0.3093987341655096,0.0418698920554894,1.3896552252710976
18.759999999999945,-0.9175680797062109,1.2302869884664978,-1.5670010173052014,0.9003453731321166,0.8509053737957335,-0.28241843748829937,0.022205737086071414,1.4818387518866476
18.77999999999997,-0.9066205721680999,1.2293814904986333,-1.572327161519976,0.8730410458075607,0.8450172300268843,-0.25649096496383517,0.10949943589007936,1.5985052144669294
18.799999999999994,-0.8963919140587892,1.2285946688675287,-1.577064800777752,0.8466414521698753,0.8395328667831208,-0.23160492965233354,0.03536131975793759,1.1186862852851296
18.820000000000018,-0.8854052481632303,1.2278025972613749,-1.581904480749178,0.8191497087690122,0.8339808591706482,-0.20551208951330138,0.03667201238493652,1.173270139041192
18.840000000000042,-0.874880719494887,1.2270892348678497,-1.5863055251785794,0.7930263961780968,0.8288707594694672,-0.1807044448344812,0.03601661214602257,1.222377257520525
18.860000000000067,-0.8648436850369539,1.2264527601129498,-1.5903068546443202,0.7683454609589679,0.8241772592510221,-0.15724397251032005,0.018948354942110522,1.2675789173346685
18.88000000000009,-0.855209260153238,1.2258699404628781,-1.5939522510230184,0.7451955217126468,0.8198957089981337,-0.1351712079217886,0.07915568930621411,1.3226136090839744
18.900000000000116,-0.8464238672453606,1.225361974387224,-1.5971248980505373,0.7233291809295556,0.8159799148110084,-0.11444729187726485,0.028354206192859676,0.9255641371200289
18.92000000000014,-0.8373538088136028,1.2248611723646945,-1.6002564273095101,0.7013290269724658,0.8121355526305234,-0.09346027937655148,0.028498113997347346,0.9374186720545317
18.940000000000165,-0.8289717039601416,1.2244160235260464,-1.6030204798669982,0.6810873770252976,0.808691143517855,-0.07413153040986088,0.027221436251447552,0.937850455295675
18.96000000000019,-0.8212817890748781,1.2240249246899013,-1.6054542216187415,0.6626265017338554,0.8056200011718457,-0.05648135446870278,0.01488390022929497,0.9265871866347846
18.980000000000214,-0.8142224529400109,1.2236752915857974,-1.6075935635357805,0.6459639721336672,0.8029078024518334,-0.040503892116287764,0.04222264151243518,0.9087854648689061
19.000000000000238,-0.8080416385497714,1.2233755565506994,-1.6093961253899012,0.6309078803657973,0.8005131669315194,-0.026135145382155816,0.019117110931752515,0.6369665851076985
19.020000000000262,-0.8021436750655384,1.2230969099995332,-1.6110593972262408,0.6168339811842253,0.7983126356107304,-0.012632815170167207,0.01788781121479759,0.5987479517285631
19.040000000000287,-0.7971066072724642,1.222863271834353,-1.612434777930557,0.60484224628745,0.7964692057150975,-0.0011195449073477938,0.015712385552058006,0.5423674355672369
19.06000000000031,-0.792918037613678,1.222672994566857,-1.6135486024629755,0.5949029293005714,0.7949611928288394,0.008429780157381597,0.009897883982525037,0.46494433381273026
19.080000000000336,-0.7895551906583422,1.2225215045237152,-1.6144206523738949,0.5869544084404341,0.7937697531555976,0.016071344265173086,0.002358504665588183,0.36181573973094194
19.10000000000036,-0.7870112386148899,1.2224078809870393,-1.6150686989150032,0.5808937873818015,0.7928703461463248,0.02189180771819946,0.007627246887212901,0.25675986182479066
19.120000000000385,-0.785184345782811,1.2223270103403545,-1.6155282492627523,0.576571452650422,0.792233319090655,0.02604728227609241,0.005439822020022567,0.18325954865174404
19.14000000000041,-0.7838799132291638,1.2222696429901998,-1.6158533659365486,0.5734865002028205,0.7917811371342313,0.02901409790572843,0.003879860023653869,0.13079441427902208
19.160000000000434,-0.7829486751303456,1.2222288865618987,-1.6160839555131623,0.5712847649758025,0.7914597005710615,0.031132265946348103,0.002768107730269464,0.09334701841989934
19.180000000000458,-0.7822839354032035,1.2221998995291274,-1.6162478005677559,0.5697134178194672,0.7912309668552344,0.03264453895645872,0.001975479224119509,0.06661986070254747
19.200000000000482,-0.7818094654745661,1.222179267170602,-1.6163643734897999,0.5685919871104744,0.7910680786017624,0.03372423110319901,0.001410216681453803,0.04754461604387772
19.220000000000507,-0.7814708226446104,1.2221645733886504,-1.6164473913620947,0.5677916591944387,0.7909520187962408,0.03449508069049892,0.0010070230546166824,0.03393086792246516
19.24000000000053,-0.7812291329180385,1.2221541047862183,-1.616506552830148,0.5672204961526345,0.7908692931336418,0.03504543112442262,0.000719393517551224,0.024215071435747058
19.260000000000556,-0.7810566434749695,1.2221466443338656,-1.6165487337684503,0.5668128814652266,0.7908103113881488,0.03543835548429607,0.0005141882444142895,0.017281225015161644
19.28000000000058,-0.7809335433928325,1.2221413265816394,-1.6165788183245673,0.566521985402938,0.7907682503471936,0.03571888500577323,0.00036778215234649884,0.012332804984725384
19.300000000000605,-0.7808456921081156,1.2221375355909319,-1.6166002807194233,0.5663143866945025,0.7907382515955901,0.03591916988617217,0.0002633287625946051,0.00880132760830236
19.32000000000063,-0.7807829970097507,1.2221348327445347,-1.6166155947419365,0.5661662336465004,0.7907168537634884,0.036062163861381794,0.00018881348383826616,0.0062810722414359125
19.340000000000654,-0.7807382549474984,1.2221329055682297,-1.6166265231017343,0.5660605042085083,0.790701589796899,0.03616425482305293,0.00013566740985045966,0.004482485353617363
19.360000000000678,-0.7807063251451869,1.222131531387074,-1.6166343224736188,0.5659850504592578,0.7906907008162791,0.036237142956998224,9.77796701795238e-05,0.00319892169182409
19.380000000000702,-0.7806835387873261,1.222130551485203,-1.6166398890993954,0.5659312029747149,0.7906829325713784,0.036289181646499746,7.079341484418704e-05,0.0022829062877498902
19.400000000000727,-0.7806672775907894,1.2221298527177453,-1.6166438623338468,0.5658927747960026,0.7906773905276998,0.036326334814674795,5.160368799710028e-05,0.0016291924224520436
19.42000000000075,-0.7806556730140373,1.2221293544176373,-1.6166466983612777,0.5658653505918319,0.79067343663291,0.03635286042216741,3.799883722174209e-05,0.001162670235841731
19.440000000000776,-0.7806473915797234,1.222128999068563,-1.6166487227162203,0.5658457793599858,0.7906706157432334,0.036371798452505884,2.8403624159611798e-05,0.0008297373554192318
19.4600000000008,-0.7806414816620578,1.2221287456586316,-1.6166501677233676,0.5658318123893777,0.7906686031719147,0.036385319310781795,2.1693991620222123e-05,0.0005921403734114924
19.480000000000825,-0.7806372641432427,1.222128564943249,-1.6166511991975319,0.5658218448897202,0.7906671672875403,0.0363949725639668,1.706237348156271e-05,0.00042257973432541685
19.50000000000085,-0.7806342543792715,1.2221284360682085,-1.6166519354898379,0.5658147316047261,0.7906661428397385,0.03640186452982343,1.3920125020150168e-05,0.0003015731236443575
19.520000000000874,-0.7806321065106124,1.2221283441621578,-1.6166524610768978,0.5658096552241919,0.790665411933316,0.036406785067045505,1.183012528596657e-05,0.00021521700784286966
19.540000000000898,-0.780630573719701,1.222128278620027,-1.6166528362578734,0.5658060324762281,0.79066489045666,0.03641029809745857,1.046514164865609e-05,0.00015358915008601036
19.560000000000922,-0.7806294798689828,1.2221282318790412,-1.6166531040748837,0.565803447110021,0.7906645184002323,0.036412806234613494,9.58446562199835e-06,0.0001096085629091714
19.580000000000947,-0.7806286992606889,1.2221281985459327,-1.6166532952521864,0.5658016020690476,0.7906642529498344,0.03641459692556037,9.018259238877392e-06,7.822191285731306e-05
19.60000000000097,-0.7806281421926428,1.2221281747745614,-1.6166534317215138,0.5658002853595574,0.7906640635592324,0.03641587539390224,8.652471967540273e-06,5.582289883013345e-05
19.620000000000996,-0.7806277446503613,1.2221281578220895,-1.616653529138374,0.5657993456926729,0.7906639284348167,0.03641678815958302,8.413602874102462e-06,3.9837891546006886e-05
19.64000000000102,-0.7806274609509702,1.2221281457324846,-1.6166535986781714,0.5657986751014182,0.7906638320276057,0.03641743983090743,8.255455696389862e-06,2.8430226027403056e-05
19.660000000001045,-0.780627258493649,1.222128137110814,-1.6166536483182918,0.5657981965354003,0.7906637632439213,0.03641790509325073,8.149250734014803e-06,2.0289170343400127e-05
19.68000000000107,-0.7806271140133673,1.2221281309622896,-1.6166536837532797,0.5657978550077756,0.7906637141687822,0.0364182372684318,8.076986153408391e-06,1.447932360906163e-05
19.700000000001094,-0.7806270109074279,1.2221281265774817,-1.6166537090481083,0.5657976112773042,0.7906636791550986,0.03641847442570118,8.027261619071086e-06,1.0333138939929266e-05
19.720000000001118,-0.7806269373275938,1.2221281234504637,-1.6166537271045074,0.5657974373395618,0.7906636541738468,0.03641864374469783,7.992733989837316e-06,7.3742231328288456e-06
19.740000000001142,-0.7806268848185707,1.2221281212204362,-1.6166537399938419,0.5657973132092519,0.7906636363504396,0.036418764630393896,7.968587406014298e-06,5.262599149958261e-06
19.760000000001167,-0.7806268473463794,1.2221281196300948,-1.6166537491947301,0.5657972246239108,0.7906636236339466,0.036418850937017876,7.951609054851168e-06,3.7556431098819875e-06
19.78000000000119,-0.7806268206049721,1.2221281184959454,-1.6166537557626666,0.5657971614051623,0.7906636145610888,0.03641891255583064,7.939621729016203e-06,2.68020711502496e-06
19.800000000001216,-0.78062680152141,1.2221281176871277,-1.6166537604511027,0.5657971162892301,0.7906636080878603,0.03641895654872218,7.931133684577098e-06,1.9127244332437315e-06
19.82000000000124,-0.7806267879027414,1.2221281171103195,-1.6166537637978808,0.565797084092335,0.7906636034693934,0.03641898795754604,7.925109644352201e-06,1.365011984505348e-06
19.840000000001265,-0.7806267781840033,1.22212811669897,-1.6166537661869338,0.5657970611150847,0.7906636001742454,0.03641901038194566,7.920827913911634e-06,9.741381096494578e-07
19.86000000000129,-0.7805001312134191,1.2221648804839493,-1.6167874409718488,0.5654272767342798,0.7907318211955231,0.03654145496178854,0.0012462618473995976,0.03585846506380802
19.880000000001314,-0.7800655341131895,1.2222900047642538,-1.6172315388997212,0.5643061832148103,0.7909204230533703,0.0369194898135662,0.029998137115479336,0.14576819434221136
19.900000000001338,-0.7793249796977246,1.2225064417042029,-1.618028092630555,0.5619702884529086,0.7913865435570527,0.03767385602170178,0.0030138049289892906,0.097987704088205
19.920000000001362,-0.777636014350638,1.2229957830150098,-1.619800667895615,0.5570278252199617,0.7923249576553277,0.039294232724125765,0.006777628385102355,0.2113315190003443
19.940000000001387,-0.7752121725210073,1.2236946017924542,-1.622323666173313,0.5499778364782977,0.7936739443914363,0.041605219206536745,0.011383549433403452,0.36077966661446303
19.96000000000141,-0.7720489178606347,1.2246111750864548,-1.625594402478175,0.5409056954439407,0.7954088087990595,0.04458145728747352,0.004581165466733755,0.5484380778071929
19.980000000001436,-0.7680630201705057,1.2257516797549308,-1.6296099481544168,0.5300235955515011,0.797456794288492,0.04817337053105766,0.0894571372208031,0.7843265141935994
20.00000000000146,-0.7637067537898644,1.226999278810847,-1.634033933641167,0.51720810993635,0.800057686024018,0.05233140011035134,0.016593187895129025,0.5400276682197411
20.020000000001485,-0.7577020009787621,1.2286999565370123,-1.6399536600953106,0.5004696674172345,0.8033957797755781,0.05781401641936677,0.022568075803962282,0.7140626406969831
20.04000000000151,-0.7508944540869182,1.2306098591548937,-1.6465164260169014,0.48178798771043346,0.8071873289719455,0.06393338696875094,0.028450217098488634,0.9103424196608656
20.060000000001533,-0.7433196281263982,1.2327300840880162,-1.6536646124725356,0.46143947949560565,0.8113656744155305,0.07060312912790567,0.008878700858734545,1.1370442486914172
20.080000000001558,-0.7348718400851577,1.2350585990743976,-1.661354041796039,0.4397875027335627,0.8158187674332723,0.07773389155306447,0.13076073415182915,1.4111329542710267
20.100000000001582,-0.7262541995203785,1.2374230538964939,-1.6691229926234221,0.41662227183106415,0.8209128054003402,0.08525896968401277,0.029992390900240362,0.9776562097235011
20.120000000001607,-0.7155460103640088,1.2403222529855662,-1.6784048166048346,0.3893086760293964,0.8269055113915698,0.09420809322911625,0.03662734233485969,1.1650210041909976
20.14000000000163,-0.7041128402342908,1.2433816131248212,-1.687985588184117,0.3607643377751385,0.8333254601234117,0.10356358654036225,0.042655262198905974,1.3693999602521618
20.160000000001656,-0.6920008109720529,1.246605085138501,-1.6978135460931736,0.3312798892064922,0.840086307156363,0.11323572705073881,0.014455836514137031,1.6007987035029672
20.18000000000168,-0.6790806842426796,1.2499903421340117,-1.7078412772644882,0.30123683368720094,0.8470545624950446,0.12313716983309232,0.15836029721985087,1.8812024745397338
20.200000000001705,-0.6662374779564977,1.2533342204945577,-1.717601920032142,0.2703009945656847,0.8546879168917615,0.13321217683766853,0.040201475431880886,1.306814721009558
20.22000000000173,-0.6510196403346636,1.2572478341175575,-1.728641749667347,0.23542416993431536,0.863347464565419,0.1446746800344254,0.046820095862015326,1.4878364537408277
20.240000000001753,-0.6352627882697061,1.2612581691325515,-1.7396053503052884,0.20010464461206176,0.8723632880403308,0.15629601826814754,0.0524772242025985,1.681077704975145
20.260000000001778,-0.619031585985652,1.2653708035175368,-1.750460935006124,0.16460633704323546,0.8816308119499482,0.16799525054507583,0.01922418637054804,1.8966608952738073
20.280000000001802,-0.6021950314658723,1.269586160870882,-1.7611695756040666,0.12929015557774262,0.8909984223135202,0.17969622071245323,0.17292511332167176,2.161446990187993
20.300000000001827,-0.5857448934770763,1.2736863662912812,-1.771336283776735,0.09373022259379893,0.9009704076059364,0.19135914200483184,0.04680220146297894,1.502896221572463
20.32000000000185,-0.5668925082202141,1.2783522723207026,-1.7824044850355851,0.05473810862698483,0.9120155301187425,0.2042784361921766,0.05288499440678929,1.6634030680577583
20.340000000001876,-0.5478338416236791,1.2830467079162788,-1.793079708901735,0.016062048046041486,0.923272432013175,0.21712147902243475,0.05774112959682331,1.8308230609971754
20.3600000000019,-0.5286499700254144,1.287776373188284,-1.8033588281612531,-0.022080467771327786,0.9346244885351025,0.2298197802981909,0.02287931550254308,2.0142235223153655
20.380000000001925,-0.5092183196760833,1.2925492124128262,-1.8132235627375002,-0.05937557552273983,0.9459094477462539,0.24231144206451227,0.17460755852572554,2.2447331263727257
20.40000000000195,-0.4905402504155354,1.297141444516781,-1.8223899227158382,-0.09629516667033561,0.9576392930353274,0.25457328347731123,0.04984584229673948,1.5606728107266064
20.420000000001973,-0.4697527764626755,1.3022666457716696,-1.8320540767966103,-0.1359056779202005,0.9703616418747592,0.2678735955674737,0.054939275389718725,1.689516707426165
20.440000000001998,-0.4492117254032498,1.3073561676962098,-1.8411361702410838,-0.17452491430294012,0.9830736286865914,0.2808805111413134,0.058561224652655924,1.819665767016772
20.460000000002022,-0.42899688560444177,1.312416890601869,-1.8496647810323898,-0.21199441377920886,0.9956590292294895,0.2935401006798698,0.025332104840208956,1.9579839824480891
20.480000000002047,-0.40899023996019096,1.3174663145557572,-1.85764819401908,-0.2480695498078716,1.0079594673575332,0.3058066424833516,0.16346184556731067,2.1383991648445644
20.50000000000207,-0.3900980594671655,1.322277506477754,-1.864916059464401,-0.28321730869776673,1.0204615970231063,0.31767321574974167,0.049343262756565184,1.4859439434301478
20.520000000002096,-0.36968057608892435,1.3275577602431181,-1.8723539812666181,-0.3201380072216627,1.0337233832875186,0.3302752028668474,0.05302420231283428,1.5744566782168696
20.54000000000212,-0.34998829927154773,1.3327349431583535,-1.8791724706567197,-0.35550292155340457,1.046695716572991,0.3423856039886226,0.054973444595797026,1.658327133141437
20.560000000002145,-0.3310766840147524,1.3378120361455093,-1.8854239860461275,-0.38921634310707703,1.0592760989482006,0.35396688107960356,0.026296598552999186,1.7411068324413084
20.58000000000217,-0.3128255984438018,1.3428110602693202,-1.8911366885171397,-0.4211170102013372,1.071328587811026,0.3649912535784852,0.13870320928886318,1.8572216630489489
20.600000000002193,-0.2959528199549904,1.3475090829284802,-1.8962328228156546,-0.45161622455355854,1.0832779989174828,0.37546718373971666,0.04496828483002224,1.2896483374449637
20.620000000002218,-0.2783328086557976,1.3525440486782243,-1.9012871079389937,-0.4828138266288777,1.0955899953942476,0.3862908141951261,0.04679415522159684,1.330065882530158
20.640000000002242,-0.2618366613590836,1.3573768851854018,-1.9058006274659145,-0.5119932185650711,1.1073005989006572,0.3964438115838073,0.04670474148426225,1.3592652935633163
20.660000000002267,-0.24647982657782394,1.3620018262221285,-1.9098334225379736,-0.5391186941042595,1.1183329349469404,0.40590681742578194,0.025040104882860206,1.3769598291424299
20.68000000000229,-0.2321441846589212,1.3664350706250636,-1.9134190641752595,-0.5641192498041465,1.128594487639123,0.414671875185964,0.09764880151573539,1.4131308541821095
20.700000000002316,-0.2192864235498387,1.3704872781481199,-1.916543466685404,-0.587311390217165,1.1384019129405698,0.4227613825716775,0.035971926272270915,0.9809356082339853
20.72000000000234,-0.20654768670391485,1.3746189759317688,-1.9195067995889419,-0.6099567058068608,1.148011881609871,0.4307264839214251,0.03550029898886926,0.9649328579223679
20.740000000002365,-0.1951905219549093,1.3783964256923862,-1.9220528833309534,-0.6301974046964802,1.1567027043405287,0.43786108366328064,0.033238222019786434,0.9303278673527245
20.76000000000239,-0.18519001710628122,1.3818076124937575,-1.9242310315363917,-0.6480538864698611,1.1644365327960307,0.44416578500036674,0.02027601806315757,0.8737454539870625
20.780000000002413,-0.17645542484913784,1.384854132553566,-1.9260679505892182,-0.6635505908372853,1.1711886526853192,0.44965451122568834,0.036173965139995726,0.8092204798988983
20.800000000002438,-0.1691298496137244,1.3874448840351725,-1.9275833802827502,-0.676885037089771,1.1771130980972861,0.45436167407838574,0.021555052264644416,0.5643113711344404
20.820000000002462,-0.16283508596597268,1.3897156489259568,-1.9288493606650614,-0.6882320900671968,1.1821525724466486,0.4583880579189594,0.01844030283711078,0.4825187428389005
20.840000000002487,-0.15806805896687368,1.391459946131123,-1.9297902401443405,-0.6968408654841602,1.1859946611268624,0.4614432580263021,0.01421175167664868,0.3737708704104455
20.86000000000251,-0.1545904324068977,1.3927455659493855,-1.9304659404233515,-0.7031312833216864,1.1888106029683772,0.46367607890745594,0.010351927058118666,0.2666157467206104
20.880000000002536,-0.15211377757833386,1.3936669927719658,-1.9309392215158234,-0.7076181660577263,1.1908225291080166,0.4652704113180514,0.007401577083579541,0.19017859712829316
20.90000000000256,-0.15034941326312623,1.3943262410745685,-1.9312721239929502,-0.7108186661416243,1.1922587724318776,0.4664088387031267,0.00528766669384263,0.13565415795237534
20.920000000002585,-0.1490921011339706,1.3947973551244106,-1.9315069150729307,-0.7131015710784697,1.1932835461780955,0.4672217289247904,0.003775278609069223,0.09676130240114439
20.94000000000261,-0.14819592075651947,1.395133739899365,-1.9316728331340518,-0.7147299491858852,1.1940144731977829,0.46780217050383394,0.002694237380375714,0.06901890276869647
20.960000000002633,-0.14755704123131638,1.395373779932906,-1.9317902466560979,-0.7158914531946187,1.1945356801105744,0.4682166329073808,0.0019220278641627895,0.04923032411991778
20.980000000002658,-0.1471015351470864,1.3955449953145695,-1.9318734197989427,-0.7167199382928985,1.1949072734104282,0.46851257841287414,0.0013706846332905067,0.035115275985133566
21.000000000002682,-0.14677674210669658,1.3956670816950945,-1.9319323806546287,-0.7173108840474968,1.1951721658525012,0.4687238973003499,0.000977170767076498,0.02504716470011723
21.020000000002707,-0.14654513807365652,1.3957541169870533,-1.9319741992767072,-0.7177323958735631,1.195360978574762,0.4688747888177069,0.0006963761476303023,0.017865715486448965
21.04000000000273,-0.1463799780909626,1.3958161545552572,-1.9320038705159748,-0.718033052907362,1.195495553567589,0.4689825323644683,0.0004960517026103401,0.0127432970226404
21.060000000002756,-0.1462621965051813,1.3958603690824447,-1.9320249283971354,-0.7182475061402575,1.195591466476907,0.4690594662440308,0.0003531595334159432,0.009089560612099656
21.08000000000278,-0.14617820025336614,1.3958918784788448,-1.932039876044775,-0.7184004716690594,1.1956598222472306,0.4691144005846809,0.0002512510176351373,0.0064834142111057326
21.100000000002805,-0.14611829711871155,1.3959143322910414,-1.932050487768068,-0.7185095791126633,1.1957085372668372,0.4691536262313976,0.00017858741996373137,0.004624497143335319
21.12000000000283,-0.1460755758331586,1.395930332370863,-1.9320580219551104,-0.7185874033878138,1.1957432543427415,0.46918163514211497,0.00012679490268266717,0.0032985660419972314
21.140000000002853,-0.1460451079164422,1.395941733329864,-1.9320633714372857,-0.718642913963285,1.1957679953900067,0.46920163478468135,8.990323246067199e-05,0.0023528043317954535
21.160000000002878,-0.14602337871021526,1.3959498569842277,-1.9320671698569167,-0.7186825085986943,1.195785626888321,0.4692159154406099,6.365956255432321e-05,0.001678210464308705
21.180000000002902,-0.14600788173693682,1.395955645335947,-1.9320698669970284,-0.7187107506971945,1.1957981917481098,0.4692261124773223,4.5039287038325746e-05,0.0011970355377578315
21.200000000002927,-0.14599682947160209,1.3959597696684167,-1.9320717821734248,-0.7187308952481656,1.1958071458933395,0.4692333936229152,3.189794412382515e-05,0.0008538226718060898
21.22000000000295,-0.1459889471029519,1.3959627083262907,-1.932073142099814,-0.7187452639735165,1.195813526900555,0.4692385926891729,2.272342244773945e-05,0.000609015505964462
21.240000000002976,-0.14598332546417056,1.395964802158802,-1.9320741077524857,-0.7187555129129977,1.1958180741978364,0.46924230505608694,1.6456924608095538e-05,0.00043439923717125873
21.260000000003,-0.14597931615364632,1.3959662940360018,-1.9320747934359273,-0.7187628232879456,1.1958213147330965,0.4692449558522838,1.2354271530583214e-05,0.00030984878576051855
21.280000000003024,-0.14597645674070334,1.395967357010688,-1.932075280316306,-0.7187680376408301,1.1958236240293445,0.46924684863903876,9.862578506056832e-06,0.0002210093197327573
21.30000000000305,-0.14597441742532927,1.3959681143871778,-1.932075626029416,-0.7187717569410117,1.1958252696972032,0.46924820017293356,8.515416737065848e-06,0.0001576418141353543
21.320000000003073,-0.14597296299752385,1.395968654022059,-1.932075871502404,-0.7187744098484143,1.1958264424445686,0.46924916522800936,7.895835660488935e-06,0.00011244297011994665
21.340000000003098,-0.14597192570760947,1.395969038514388,-1.932076045797569,-0.7187763021179657,1.195827278175662,0.46924985431993477,7.674793401416553e-06,8.020348577089624e-05
21.360000000003122,-0.1459711859178461,1.3959693124666819,-1.932076169551887,-0.7187776518388301,1.1958278737397778,0.46925034636188007,7.641096754513337e-06,5.720766594440143e-05
21.380000000003147,-0.14597065830345732,1.3959695076586258,-1.9320762574194301,-0.7187786145698658,1.1958282981544512,0.4692506977013946,7.681457569008585e-06,4.0805177070107715e-05
21.40000000000317,-0.14597028201137835,1.3959696467334708,-1.9320763198057656,-0.7187793012682658,1.195828600603478,0.4692509485731516,7.742608990345992e-06,2.9105586542545463e-05
21.420000000003196,-0.14597001364157855,1.3959697458246683,-1.932076364099588,-0.7187797910777055,1.1958288161365613,0.4692511277065025,7.802330817654995e-06,2.076048508674418e-05
21.44000000000322,-0.1459698222414092,1.395969816427382,-1.932076395547324,-0.718780140449884,1.1958289697310598,0.46925125561548187,7.85294408973115e-06,1.4808077942363548e-05
21.460000000003244,-0.145969685735611,1.3959698667319658,-1.932076417874203,-0.7187803896507444,1.1958290791865003,0.4692513469480192,7.893050198005467e-06,1.056233501445789e-05
21.48000000000327,-0.14596958838022608,1.3959699025740777,-1.932076433725287,-0.7187805674012357,1.1958291571872952,0.46925141216338195,7.92366764718911e-06,7.5339240377296035e-06
21.500000000003293,-0.14596951894674268,1.3959699281116436,-1.932076444978644,-0.7187806941874795,1.1958292127726893,0.4692514587299481,7.946521044380203e-06,5.373813514874799e-06
21.520000000003318,-0.14596946942704045,1.3959699463071982,-1.9320764529677352,-0.7187807846218487,1.1958292523842857,0.46925149198046634,7.963336293344697e-06,3.833045634833771e-06
21.540000000003342,-0.14596943410976593,1.3959699592715553,-1.9320764586393233,-0.7187808491270808,1.1958292806125377,0.46925151572275187,7.975592032874936e-06,2.7340436980468747e-06
21.560000000003367,-0.14596940892160618,1.3959699685086744,-1.9320764626656024,-0.7187808951375251,1.1958293007287228,0.469251532675751,7.984467844811614e-06,1.950145246793563e-06
21.58000000000339,-0.1459693909574932,1.395969975090131,-1.9320764655238178,-0.7187809279559675,1.1958293150640387,0.46925154478090886,7.990867793752418e-06,1.3910044202030993e-06
21.600000000003416,-0.14596937814554395,1.3959699797794247,-1.9320764675527988,-0.7187809513647888,1.195829325279757,0.46925155342450126,7.995468661051723e-06,9.921792256228783e-07
21.62000000000344,-0.1461435217132974,1.3959502389746266,-1.9321396442056589,-0.7184328957338474,1.1957683261372085,0.46911188034267143,0.0005206885779943843,0.01501629147254109
21.640000000003464,-0.14666721891584295,1.3958906957368231,-1.9323293581957617,-0.717387324401492,1.1955853509955439,0.4686923629248508,0.0016955182208043388,0.058723906737712474
21.66000000000349,-0.1476110266025841,1.3957839468665716,-1.9326705999271754,-0.7155164853446982,1.1952553317340917,0.4679419848165924,0.0006799413036549642,0.12728198703203208
21.680000000003513,-0.14904740641674574,1.3956131239992626,-1.933173743675696,-0.7128008086845772,1.1947797308470063,0.4668449361981263,0.038394199478265695,0.22980890389340583
21.700000000003538,-0.15082268459874612,1.3954211662487779,-1.9338123057977636,-0.7091406385960184,1.19414142179429,0.4654008371308976,0.0054649412058336245,0.154103666344095
21.720000000003562,-0.15356151237076107,1.3951172149210171,-1.9347766223381222,-0.7037184544904379,1.1932035568529085,0.4632361589279005,0.008100499593629866,0.23200204286691084
21.740000000003587,-0.15686211019807464,1.3947563316441278,-1.93592529024351,-0.6972020677866956,1.1920870088375968,0.46063534500901954,0.010206408507719046,0.3236657432380274
21.76000000000361,-0.1606851230876353,1.394347246948155,-1.9372386502370103,-0.6897003384449151,1.1908092491211852,0.4576413107558432,0.004372341498095015,0.42986111924405973
21.780000000003636,-0.16506327422326872,1.3938727456308113,-1.9386942776573897,-0.6813750150178147,1.189413661976807,0.4543033498825624,0.0677232043535576,0.5715906496961428
21.80000000000366,-0.1696539038096551,1.39341544179474,-1.9402287646530814,-0.6721375357270787,1.1878869525278195,0.4506588462999777,0.013678116045802513,0.3896495925207123
21.820000000003684,-0.17546206043476392,1.3928368082338884,-1.9421131626894725,-0.6608250847616499,1.1860499272880498,0.4461563703981739,0.016734336287259333,0.4832597947095342
21.84000000000371,-0.1817199635826172,1.3922326274099222,-1.944096050534601,-0.648689941258309,1.1841173218571928,0.4413291211621343,0.018766034402641175,0.5870343118117545
21.860000000003733,-0.18837597019330035,1.3916131549187503,-1.9461535525724138,-0.6358747231437403,1.1821103818948964,0.4362329596758418,0.008731847472454734,0.7033076798080184
21.880000000003758,-0.19547939411691656,1.3909570070139632,-1.948260438213659,-0.6225741548909711,1.1800794223440862,0.43092400559146515,0.08607622020648725,0.857422407283251
21.900000000003782,-0.20258251777877265,1.3903572788683234,-1.950349574005193,-0.6086305864725201,1.1780007531294692,0.42543749816445303,0.02028724032902146,0.5885744532849055
21.920000000003807,-0.2109986223526546,1.3896581176356118,-1.9527282190519186,-0.592599908278822,1.175674421067961,0.41908028031901373,0.023310383759814868,0.6844339904349978
21.94000000000383,-0.21969260083320824,1.3889672698303248,-1.955101607642101,-0.5761215463667057,1.1733524648142706,0.41254971800240525,0.02514766045485313,0.7883565730549026
21.960000000003856,-0.22861564163790044,1.3882919574518928,-1.9574525217541818,-0.5593333553433345,1.171049933850633,0.405898712813625,0.011724657475704206,0.9038424314686334
21.98000000000388,-0.23783302186158198,1.3876093570669408,-1.959761509762041,-0.5424308909528436,1.1688107844427078,0.39917841616137123,0.09509611565944351,1.0561025135466235
22.000000000003904,-0.24683785965233998,1.3870035696910132,-1.9619722247891873,-0.5251908928436313,1.1666024832882267,0.39241517987285557,0.0245496579903108,0.7279266422357787
22.02000000000393,-0.25714177379408276,1.3863293434468587,-1.9643787426307744,-0.5060125334849572,1.1642334245648855,0.3848339899026104,0.027337650400766595,0.8184928680804107
22.040000000003953,-0.26753026532042545,1.385685460605582,-1.9666971042593198,-0.4867642614149556,1.1619477753629384,0.37722870830583743,0.028958658652835593,0.914815768334817
22.060000000003978,-0.2779607692546522,1.3850753181863689,-1.9689195231335794,-0.467569160149733,1.15975196271704,0.36964544885548317,0.013364640623927115,1.0212459364936397
22.080000000004002,-0.2885077613290749,1.3844779136247838,-1.971035203640166,-0.44861028462869196,1.1576776096564778,0.3621272746560892,0.09602443628976665,1.1605005910230417
22.100000000004027,-0.29864772749401863,1.383958472193956,-1.9730049978777866,-0.4296194020518304,1.1556881528289102,0.35469096560789803,0.026479047486166897,0.8018777250070872
22.12000000000405,-0.30996450532364705,1.383399474592154,-1.9750731826846708,-0.40897340870926474,1.153623058990836,0.34654398925360996,0.028879402668124415,0.8807356227346468
22.140000000004076,-0.32116316103025805,1.3828793665241403,-1.9770052250797556,-0.3886162595200861,1.151686514407361,0.33851215706748533,0.030210080127437897,0.9626143298888901
22.1600000000041,-0.33221006299490197,1.3823985185353196,-1.9788023458673614,-0.3686506474872593,1.1498769046084298,0.3306332076175836,0.013897466808902997,1.0521373237749918
22.180000000004124,-0.34318299831461885,1.3819400048642219,-1.9804626532048835,-0.34923578539411204,1.1482119144020353,0.3229406481979838,0.08979832983614078,1.1683955425749593
22.20000000000415,-0.3535847557312037,1.3815478435114852,-1.9819654674450242,-0.33008462516952014,1.1466559023891105,0.31544202872632765,0.02624240120013528,0.8085524589592902
22.220000000004173,-0.3649357019714513,1.3811383616946153,-1.983486809425393,-0.3096863460087065,1.1450912615687214,0.30739254015072803,0.028103488040374044,0.8697163365030007
22.240000000004198,-0.37596963121840443,1.3807664237290445,-1.9848614767706454,-0.28990735085007574,1.143665564728857,0.29958595913366015,0.029009208282811758,0.9307309716471478
22.260000000004222,-0.38666419722300527,1.380430549049964,-1.9860975639928373,-0.2708252445579452,1.1423712913642985,0.29205047859328676,0.013500495269541467,0.9957543073262256
22.280000000004247,-0.39709477362071294,1.3801187670327768,-1.9872004801411518,-0.25256426706116947,1.1412137413460504,0.28480890925250285,0.07691771085125344,1.0795387710847182
22.30000000000427,-0.40683270131722843,1.3798561894585935,-1.9881654166353262,-0.23484721925396554,1.140162067686461,0.2778600530258051,0.023987920537116524,0.747893725627241
22.320000000004296,-0.41719517951595975,1.3795910389209483,-1.9890997746986654,-0.21640884313774703,1.1391422789618746,0.27057227141895074,0.02514426048377753,0.7856905744088627
22.34000000000432,-0.4270580008897515,1.3793565793193976,-1.9899088440389057,-0.1988862082163036,1.1382436914121503,0.26364341840469474,0.025453715285751313,0.8197301982273502
22.360000000004344,-0.43641140646694215,1.3791504681018394,-1.9906045100595773,-0.18232785952289063,1.1374556752948881,0.25709104938686717,0.01223963239893235,0.8529391337622725
22.38000000000437,-0.44532165757451553,1.3789653070048233,-1.9911965667361473,-0.16681258997497825,1.1367747738341594,0.25092619803594673,0.057503107425814264,0.8949727213500441
22.400000000004393,-0.45346917473698334,1.3788119942730193,-1.9916906387617688,-0.1521024888873527,1.1361772852291037,0.24513942399217523,0.01978691270399284,0.6209361458867536
22.420000000004418,-0.4618288854878098,1.378663952900628,-1.9921394263971142,-0.13731020769340713,1.135624885176718,0.23927774464593102,0.020057616187259108,0.629897540430794
22.440000000004442,-0.46953035162985607,1.3785376052937397,-1.9925043584012825,-0.12369383210171599,1.1351590058418917,0.23387922260208333,0.01959154441112327,0.6310260909989388
22.460000000004467,-0.47657634070376315,1.378430512764513,-1.9927975664107656,-0.11126965357546273,1.1347688829302904,0.22894969926061012,0.010094927156026296,0.6253043725075758
22.48000000000449,-0.4830158540137307,1.378338706713408,-1.9930295229434982,-0.10006156799147709,1.1344470375244442,0.22448735096287425,0.03143602137781076,0.6163032802322889
22.500000000004515,-0.48867694375522636,1.3782645171283445,-1.99320935418764,-0.08990019321973028,1.1341780553886178,0.22047502964584395,0.013637776894664642,0.42908732257490884
22.52000000000454,-0.49405600885530165,1.3781981591737302,-1.9933559629717985,-0.08040829299153941,1.1339476052700308,0.21670388100064625,0.01283293088431682,0.4037838019444332
22.540000000004564,-0.4986436429482838,1.3781451056892178,-1.993463245005899,-0.07231755924667374,1.133766740848141,0.21348831686440659,0.011425679178428636,0.3660497388775456
22.56000000000459,-0.502453845188526,1.3781035397706463,-1.9935398783705038,-0.06560957572242047,1.133627586064853,0.2108213913225593,0.007010600602377039,0.31428820467091484
22.580000000004613,-0.5055088650184066,1.3780717841829515,-1.9935930167267923,-0.06024491181893793,1.133523531827594,0.20868733113598875,0.0015055256207871612,0.24475059021166892
22.600000000004638,-0.5078215402236116,1.3780487713975065,-1.9936286977500703,-0.056151583679304375,1.133448299793773,0.20706184810386974,0.005503732301424003,0.17331180308646044
22.620000000004662,-0.5094792099506037,1.3780328062731757,-1.9936517299357792,-0.053234506543936945,1.1333970487195313,0.20590126523295155,0.003926535348538784,0.12365963431187227
22.640000000004687,-0.5106620154720409,1.3780217058413076,-1.9936669246246672,-0.051153145075162956,1.1333616736403684,0.20507258471476486,0.0028014015479262164,0.08823225788162856
22.66000000000471,-0.5115059780946782,1.3780139365265935,-1.9936771411955951,-0.049668075423375375,1.1333370461442376,0.2044808895166238,0.0019987327596847327,0.06295447407223648
22.680000000004735,-0.5121081625321057,1.3780084718393806,-1.9936841167296466,-0.048608465654196166,1.1333197902285967,0.2040584068410936,0.0014260866556976227,0.04491854334876774
22.70000000000476,-0.5125378309901601,1.378004614244448,-1.993688936848412,-0.04785242531360149,1.1333076417079553,0.20375674546406222,0.0010175352623715116,0.032049749338487636
22.720000000004784,-0.5128444053392662,1.3780018839482502,-1.9936922981970102,-0.04731298436421936,1.1332990590132046,0.20354135302314819,0.0007260533632683289,0.022867756126170872
22.74000000000481,-0.513063149796103,1.3779999478398135,-1.9936946583930184,-0.04692808888875469,1.1332929800995715,0.20338755840051448,0.0005180958434989917,0.016316328093010445
22.760000000004833,-0.5132192263030104,1.3779985730194408,-1.9936963240409924,-0.04665346287631192,1.1332886666389659,0.20327774589824477,0.000369732453098748,0.011641830825690983
22.780000000004858,-0.5133305884221315,1.377997595801972,-1.993697503892086,-0.04645751501946022,1.1332856018488486,0.20319933753848776,0.00026389181704041014,0.008306539305443679
22.800000000004882,-0.5134100463189488,1.377996900706539,-1.9936983418809102,-0.0463177046594464,1.1332834221869872,0.20314335238234194,0.00018839601173707997,0.005926782054992333
22.820000000004907,-0.5134667402256107,1.3779964060333367,-1.993698938216787,-0.04621794885276118,1.1332818709639256,0.20310337785266666,0.00013455882201778935,0.004228806242053122
22.84000000000493,-0.5135071918085644,1.377996053864945,-1.9936993631767552,-0.04614677228953323,1.1332807664478481,0.20307483523661732,9.618603152954101e-05,0.0030172869624022166
22.860000000004955,-0.513536054347418,1.3779958030834893,-1.9936996663128037,-0.04609598724421558,1.133279979724411,0.20305445523884566,6.886250754011098e-05,0.0021528583083471626
22.88000000000498,-0.5135566480033013,1.3779956244671132,-1.993699882702086,-0.04605975170927642,1.1332794192173778,0.20303990351538695,4.9443854011704325e-05,0.0015360815823701112
22.900000000005004,-0.513571341741964,1.377995497232623,-1.9937000372465812,-0.04603389736581937,1.1332790198082885,0.20302951329696495,3.569381394995706e-05,0.0010960064777455827
22.92000000000503,-0.5135818258413636,1.3779954065905904,-1.9937001476613685,-0.04601545008515761,1.1332787351587335,0.2030220944764221,2.6024983776964518e-05,0.0007820093849377532
22.940000000005053,-0.5135893063291939,1.3779953420127073,-1.993700226567595,-0.04600228780282726,1.1332785322770336,0.2030167972931564,1.9311593176404678e-05,0.0005579699559367955
22.960000000005078,-0.5135946437161999,1.3779952960019999,-1.9937002829668171,-0.04599289640895993,1.1332783876652486,0.20301301500097468,1.4750794093074282e-05,0.00039811603545710026
22.980000000005102,-0.5135984519837896,1.3779952632189834,-1.9937003232839412,-0.04598619557411916,1.1332782845827767,0.20301031437092504,1.1756216912214834e-05,0.0002840589861357795
23.000000000005127,-0.5136011692126196,1.3779952398602393,-1.9937003521072623,-0.0459814144746515,1.1332782111008575,0.20300838606888577,9.878839982204433e-06,0.00020267836917008865
23.02000000000515,-0.5136031079767184,1.3779952232162447,-1.993700372714736,-0.045978003121736825,1.1332781587183185,0.20300700922414636,8.761603276876689e-06,0.00014461264724817624
23.040000000005175,-0.513604491300123,1.3779952113566203,-1.9937003874488268,-0.04597556909396445,1.1332781213761083,0.20300602613065039,8.127590074798003e-06,0.00010318228902291579
23.0600000000052,-0.5136054783122375,1.3779952029060116,-1.9937003979838097,-0.04597383239552356,1.133278094755449,0.20300532418316844,7.780155674769337e-06,7.362139575896013e-05
23.080000000005224,-0.5136061825531397,1.3779951968844701,-1.993700405516532,-0.04597259324716365,1.1332780757778445,0.20300482297936004,7.5936254297868e-06,5.252946068741703e-05
23.10000000000525,-0.5136066850345646,1.3779951925937606,-1.9937004109026355,-0.04597170910479002,1.1332780622488132,0.2030044651103856,7.4943097160670025e-06,3.748019521213392e-05
23.120000000005273,-0.5136070435590194,1.3779951895363642,-1.9937004147538695,-0.045971078262047924,1.133278052603997,0.20300420958521948,7.441389785836881e-06,2.6742422975123845e-05
23.140000000005298,-0.5136072993690457,1.3779951873577758,-1.9937004175076292,-0.0459706281506367,1.1332780457282063,0.20300402713547697,7.412977361806346e-06,1.908093575917023e-05
23.160000000005322,-0.5136074818915194,1.3779951858053918,-1.9937004194766579,-0.045970306992490065,1.1332780408264433,0.20300389686296894,7.397521527330115e-06,1.3614402680634646e-05
23.180000000005347,-0.5136076121227479,1.3779951846992176,-1.993700420884575,-0.045970077843541374,1.1332780373319622,0.20300380384598815,7.388962045380708e-06,9.713987083643768e-06
23.20000000000537,-0.5136077050437604,1.3779951839109972,-1.9937004218912768,-0.045969914343900686,1.1332780348407325,0.20300373743015143,7.384115940896931e-06,6.931008925421897e-06
23.220000000005395,-0.5136077713436398,1.3779951833493391,-1.9937004226110948,-0.04596979768557392,1.133278033064725,0.20300369000802745,7.38130144480725e-06,4.945331465200988e-06
23.24000000000542,-0.5136078186491302,1.3779951829491206,-1.9937004231257807,-0.045969714448905456,1.1332780317985998,0.2030036561477665,7.379620435611112e-06,3.5285343840337644e-06
23.260000000005444,-0.5136078524019738,1.3779951826639398,-1.9937004234937912,-0.045969655058861796,1.133278030895973,0.20300363197092613,7.378588123796906e-06,2.517638172287485e-06
23.28000000000547,-0.5136078764848965,1.37799518246073,-1.9937004237569242,-0.045969612683579436,1.1332780302524852,0.2030036147082258,7.377936019646456e-06,1.796355462929517e-06
23.300000000005493,-0.513607893668254,1.37799518231593,-1.9937004239450666,-0.04596958244846808,1.133278029793739,0.2030036023823478,7.377514525919579e-06,1.2817143616264754e-06
23.320000000005518,-0.5136079059287166,1.3779951822127503,-1.9937004240795897,-0.04596956087546776,1.133278029466696,0.20300359358145073,7.377235102901256e-06,9.145137436284014e-07
23.340000000005542,-0.5136079146766548,1.3779951821392282,-1.9937004241757736,-0.04596954548295476,1.1332780292335451,0.2030035872974538,7.37704712383297e-06,6.525130525913499e-07
23.360000000005567,-0.5137035031024495,1.3778382321462885,-1.993379630721456,-0.04580765362588048,1.132964376039696,0.20274180986538876,0.002758289714654805,0.0344640620965963
23.38000000000559,-0.5140192541231006,1.3773190375397846,-1.9923429848845013,-0.045316683419778715,1.1320647524221117,0.20193314152746472,0.034692629693102606,0.12999415675862308
23.400000000005615,-0.5145931247386866,1.3763770672604878,-1.9903812805904888,-0.044294094876841564,1.1299630320407292,0.200313410925355,0.003374992750272981,0.08616227392200458
23.42000000000564,-0.5158636405934762,1.3742900433892196,-1.9860960676063808,-0.042127744511729244,1.1256705813627215,0.19683926138170066,0.009033691744681003,0.1866355791818165
23.440000000005664,-0.5176717747855633,1.3713176122306072,-1.9799846137629782,-0.039032794368844624,1.119528287778369,0.19188417506223704,0.01623072436266579,0.3163889371284594
23.46000000000569,-0.520000757972922,1.3674592348004473,-1.9720515631181639,-0.03503845966981377,1.1116541970423255,0.18550217886554574,0.014184730787148176,0.5078227834543655
23.480000000005713,-0.5228614382627607,1.3627255208961844,-1.9623673146396756,-0.030234547623187894,1.102312687667892,0.17779962728074583,0.10535844302040803,0.7022177768976313
23.500000000005738,-0.5260173962022742,1.3574953040268545,-1.9514377422742395,-0.024555860487093847,1.090764226374318,0.16887231394723706,0.01876702298410591,0.47807139416423805
23.520000000005762,-0.5302245979482206,1.3505047760034707,-1.9369003577435269,-0.017102140665513802,1.0759254138262244,0.157112758111403,0.0287577472720709,0.6339607825594934
23.540000000005787,-0.5348750752925187,1.34274625225004,-1.9206849284075662,-0.008730281191629751,1.0592383204651818,0.1439877382612834,0.039100996038219725,0.8188349993312042
23.56000000000581,-0.5399002223931753,1.3342771961056297,-1.9029101634971137,0.00046032135745098735,1.0410057044731647,0.12968194727148538,0.016729116602944148,1.0732033023315442
23.580000000005835,-0.5452979224592978,1.3251409659006341,-1.883724227192702,0.01032357969867809,1.0216496126377164,0.11438738655008847,0.16013638049164647,1.3081678815442892
23.60000000000586,-0.5506984900997055,1.3159236659352451,-1.8639264170842644,0.020991687527053795,1.0000283906302123,0.09823277769248819,0.03482616992946618,0.9028029179980396
23.620000000005884,-0.5571085293412846,1.3048053990163921,-1.8400264731375322,0.033734220945626704,0.9745669767717773,0.07903678581445639,0.04198932519079749,1.0863670984780527
23.64000000000591,-0.5643208836129645,1.293360194546991,-1.8151518270028297,0.04858755314742899,0.9477782145240656,0.05896862690939082,0.05141365291819599,1.2904448446746577
23.660000000005933,-0.5720513861894438,1.281672958846664,-1.789452842756354,0.06508834704760182,0.9199060168907098,0.038220803466689865,0.028104542985984093,1.5381758533152585
23.680000000005958,-0.5800911696002922,1.2698630401309101,-1.7631623761620197,0.08283383883701195,0.8911298012160693,0.01698444431818699,0.09256163641733385,1.767341402953633
23.700000000005982,-0.5877346786198436,1.2579816733004283,-1.7362180738637614,0.10145544357319214,0.8610575362910222,-0.004642946955488569,0.05222458984737945,1.2826202960200441
23.720000000006007,-0.5962178344314781,1.2448175472510237,-1.7059111555913034,0.12310746407768555,0.8269348406493507,-0.02923050662617068,0.06100715826677953,1.4835832768589696
23.74000000000603,-0.6042350751553036,1.2318332040003248,-1.6754818766991715,0.14537272493791076,0.7924013368581271,-0.05415833467708579,0.029931789564900585,1.7347790156750746
23.760000000006055,-0.611666570705591,1.2192476271093182,-1.6453528003544688,0.16805489389249811,0.7576224615748415,-0.07925429177948583,0.015316311689321193,1.8584426278468271
23.78000000000608,-0.6184444151240515,1.207004974951755,-1.615408907799317,0.19098003602259192,0.7224646183742932,-0.1043509817500085,0.07994007453328833,2.068345614273012
23.800000000006104,-0.6239224927004025,1.1948278830000825,-1.5849208614373806,0.21395928425950198,0.6859534306405995,-0.12938453681933157,0.029919628734119453,1.6151995385029494
23.82000000000613,-0.6291130453233711,1.1819637434514296,-1.5518630680867005,0.2395448568593621,0.6455903087437396,-0.15709716214139297,0.032630277566748,1.933296539161037
23.840000000006153,-0.6325685030292565,1.16860817788806,-1.5164725682281472,0.2652313034304794,0.600805280204977,-0.18464599342846397,0.06515349709128715,2.2982251799972224
23.860000000006178,-0.6343594400089868,1.1554692945116989,-1.4804681482632893,0.2909639608089305,0.554185992885831,-0.21188550468201134,0.05483687697807181,2.5433086622447156
23.880000000006202,-0.6346278144849932,1.143085677348945,-1.4451088882312595,0.3166314680359288,0.5070425142337072,-0.2386800021899282,0.0669801436828852,2.811739203965181
23.900000000006226,-0.6330121125277685,1.131627087131265,-1.410801057186239,0.3421811182452347,0.45947987333127915,-0.264995819602191,0.07854905561282018,2.0592911528978255
23.92000000000625,-0.6297504417445811,1.1203577062081393,-1.3751370594171557,0.3699931052592204,0.4083335979027687,-0.29352566891844517,0.08389957860990974,2.217773809637601
23.940000000006275,-0.6248469409836702,1.1104321332023204,-1.3416225641884847,0.3974716731608343,0.35831596198764,-0.32142587848428283,0.07912457305710775,2.3797026932428804
23.9600000000063,-0.6183271388970902,1.1017542079938347,-1.310086965815613,0.42448651353524036,0.3091367989401072,-0.34858230279659164,0.08824617220208224,2.535613297589346
23.980000000006324,-0.6104735525295513,1.094393967337185,-1.2808697354041363,0.4509235105233414,0.26092084584409764,-0.37489535966054927,0.2178686116157341,2.6157299768571094
24.00000000000635,-0.6011358657271969,1.0880893160515104,-1.2536637711130507,0.4767413957469008,0.21496526226046664,-0.400360097097599,0.07179897913791339,1.9886738191817515
24.020000000006373,-0.5900296568742627,1.0826082495572813,-1.226892144847761,0.5040669536677148,0.16670064598011047,-0.42739187879328766,0.07081374007859664,2.1040838520014806
24.040000000006398,-0.5778042640921495,1.0782763243297973,-1.2024563047857522,0.5305021879145082,0.1200719724575816,-0.45336906130745286,0.06252326835317706,2.212833590949406
24.060000000006422,-0.5647181103673895,1.0750083519313283,-1.180355112400224,0.5559436543787823,0.07535166947523433,-0.4782125390578355,0.049051593502708116,2.3000341629916368
24.080000000006446,-0.5507461418237926,1.07263259952177,-1.1601627895672855,0.5803233856327298,0.03239336009634211,-0.5018638783134988,0.18235600488720854,2.473486648202624
24.10000000000647,-0.5368246461133697,1.0711894752400062,-1.1426325943358568,0.6036352055324854,-0.008649397953524852,-0.524340581662644,0.06142334804589508,1.77436055065944
24.120000000006495,-0.5212639760890436,1.0703806335054724,-1.1255646786337248,0.6275417041292214,-0.05074568655116957,-0.5475576748900762,0.06005775614063994,1.8182846330855917
24.14000000000652,-0.5059080073497605,1.0702936117245225,-1.1108356673097948,0.6498606741217957,-0.08989875790311343,-0.5693360443416046,0.05862317748391453,1.8263360673838809
24.160000000006544,-0.49100840284180836,1.0707657616215671,-1.0982203602795821,0.6704163202580602,-0.1259907845566423,-0.5896358639281157,0.03379642849292316,1.819613839708786
24.18000000000657,-0.4766383709648129,1.0716677069931588,-1.087413798232868,0.6891215912114846,-0.1589310884585647,-0.6084398741212066,0.11031024494752119,1.8325856431043637
24.200000000006593,-0.4634557577713291,1.0728490732319176,-1.0784571663427795,0.7060368684479097,-0.18918751569123773,-0.6257961236511261,0.04552189136425935,1.2858670677844335
24.220000000006618,-0.4502344643685153,1.0743344416383784,-1.070356372476131,0.7220975794380349,-0.21818397856889019,-0.6428817365006104,0.044157811472573395,1.2402084559641835
24.240000000006642,-0.4382713836082416,1.0759231522929698,-1.0636990431524154,0.7361285087371144,-0.24381967768940524,-0.6581860841340558,0.040455344096416795,1.1752234501646028
24.260000000006666,-0.4276239938843631,1.077521588441654,-1.0582700941833556,0.7482244171747191,-0.2661921545774321,-0.6717113950507532,0.025551312100818874,1.0886829222212107
24.28000000000669,-0.4182528173044933,1.0790691863829058,-1.0538637753420412,0.7584987156874478,-0.2854109654451454,-0.683487251718715,0.03799233225412003,0.9937509505008606
24.300000000006715,-0.41037487593972466,1.0804612588943565,-1.050370199061247,0.7671314446735225,-0.30180764454594294,-0.6935863340138572,0.025891000751680174,0.6938384182631294
24.32000000000674,-0.4035863423733184,1.0817345181594806,-1.0475459313194644,0.7743398530114427,-0.31561785082809285,-0.7022237562863695,0.021924366418683377,0.5872207237357684
24.340000000006764,-0.39841412905447915,1.082747693818546,-1.0454994527622679,0.7797571763846004,-0.3260609636508549,-0.708778300652614,0.016781528043237737,0.4528335735820989
24.36000000000679,-0.39462002196519114,1.0835140434433181,-1.0440556193251767,0.7836955469355669,-0.3336798982556928,-0.7135685656733215,0.012204949706646689,0.32286271700875485
24.380000000006813,-0.3919047627007691,1.084074406864447,-1.0430521566194881,0.7865008146202641,-0.33911206652377646,-0.7169884549514153,0.008711727445487715,0.2301876436992538
24.400000000006838,-0.3899639478994687,1.0844809159274917,-1.0423500694094878,0.7884998072616668,-0.34298486335627726,-0.7194299931559741,0.006215426167801821,0.1641052320681102
24.420000000006862,-0.3885777753894093,1.0847742792776112,-1.041856359286554,0.7899246897345062,-0.34574580237890307,-0.7211730618183713,0.004433046019527038,0.11698957605021433
24.440000000006886,-0.3875882756093673,1.0849852236708162,-1.0415078920135878,0.7909405707823509,-0.3477140328853053,-0.722417476419309,0.0031610089094176916,0.08339909395423802
24.46000000000691,-0.3868822012703522,1.0851365200007723,-1.0412612745420562,0.7916649674182703,-0.349117125382033,-0.7233058905047264,0.00225348520371551,0.059452245215411634
24.480000000006935,-0.38637850318826994,1.0852448411678333,-1.041086396940729,0.7921815745778921,-0.35011733398897776,-0.7239401479598047,0.0016061688969364486,0.042380900055868406
24.50000000000696,-0.38601924290738593,1.0853222963387925,-1.0409622156196239,0.79255002643527,-0.3508303358401272,-0.7243929575188284,0.001144529514643323,0.03021124244608541
24.520000000006984,-0.3857630359879863,1.0853776312793484,-1.0408739446205326,0.7928128275498236,-0.35133859798964134,-0.7247162275840169,0.0008153494538081213,0.021535974406832716
24.54000000000701,-0.3855803387791409,1.0854171381927034,-1.0408111539521772,0.7930002805598351,-0.3517009100479329,-0.7249470166985124,0.0005806481024142378,0.015351779140978858
24.560000000007033,-0.3854500688593681,1.0854453318277875,-1.0407664652343143,0.7931339927829616,-0.35195918144895266,-0.7251117817490582,0.00041332921537458897,0.01094338425328804
24.580000000007058,-0.3853571859337701,1.0854654454307033,-1.0407346480254107,0.7932293732590733,-0.352143287804564,-0.7252294108641526,0.00029406754156894617,0.00780088153842165
24.600000000007082,-0.38529096229404275,1.0854797913905512,-1.0407119889832064,0.7932974117755736,-0.35227452606747245,-0.7253133886718047,0.00020908431423627015,0.005560771679483446
24.620000000007106,-0.38524374731209854,1.085490021936456,-1.0406958489919782,0.7933459467964213,-0.3523680777503227,-0.7253733421261804,0.00014855920940967071,0.003963929904710804
24.64000000000713,-0.38521008536600293,1.0854973168097262,-1.0406843509546555,0.7933805693627461,-0.3524347649255663,-0.7254161441072433,0.0001054975793446527,0.002825637945844809
24.660000000007155,-0.3851860863546247,1.0855025179777165,-1.040676159030171,0.7934052675997558,-0.3524823020307253,-0.7254467013042583,7.492315992466005e-05,0.0020142194973532556
24.68000000000718,-0.3851689766016812,1.0855062261378479,-1.04067032218833,0.7934228863301367,-0.3525161882336141,-0.7254685167024751,5.330327604683613e-05,0.0014358096662363416
24.700000000007204,-0.38515677852211805,1.0855088697508177,-1.0406661631677618,0.793435454866914,-0.35254034355952224,-0.7254840911541118,3.8139412979532647e-05,0.001023497509249686
24.72000000000723,-0.3851480821664867,1.0855107543729214,-1.040663199570204,0.7934444208089614,-0.35255756235441144,-0.7254952100681844,2.767295546331904e-05,0.0007295861465564657
24.740000000007253,-0.3851418823079893,1.085512097884515,-1.0406610877447346,0.7934508168018971,-0.3525698365343956,-0.7255031480842682,2.066501276863248e-05,0.0005200753401959357
24.760000000007278,-0.3851374622770308,1.0855130556340236,-1.0406595828562244,0.7934553794889478,-0.3525785860120074,-0.7255088151932796,1.6215803453366524e-05,0.000370728397956287
24.780000000007302,-0.3851343111335943,1.0855137383777642,-1.0406585104584447,0.7934586343609714,-0.3525848229535978,-0.7255128610560778,1.3612761750819713e-05,0.000264268480880098
24.800000000007326,-0.3851320646121949,1.0855142250764038,-1.0406577462511664,0.7934609562827711,-0.3525892688685925,-0.7255157494786344,1.2245098648138966e-05,0.00018838000799165352
24.82000000000735,-0.3851304630175198,1.0855145720209884,-1.0406572016620195,0.7934626126690749,-0.35259243807528856,-0.7255178115813656,1.1614100887918871e-05,0.00013428397502665096
24.840000000007375,-0.3851293212059404,1.085514819340484,-1.0406568135755232,0.7934637942840754,-0.3525946971984689,-0.7255192837577944,1.1371667472495218e-05,9.572238371339228e-05
24.8600000000074,-0.38512850718399705,1.0855149956417125,-1.0406565370156045,0.7934646372124056,-0.3525963075815496,-0.7255203347740069,1.1312103731437586e-05,6.823430358552464e-05
24.880000000007424,-0.3851279268504506,1.0855151213174425,-1.04065633993191,0.7934652385322976,-0.3525974555195404,-0.7255210851155013,1.1328371920635788e-05,4.863982066628673e-05
24.90000000000745,-0.38512751311839544,1.085515210904823,-1.040656199484867,0.7934656674961923,-0.3525982738102178,-0.7255216207992925,1.1369729484860156e-05,3.4672177019559014e-05
24.920000000007473,-0.38512721816009465,1.085515274766714,-1.0406560993985408,0.7934659735065634,-0.3525988571165933,-0.7255220032346527,1.1414167705786571e-05,2.4715545724713967e-05
24.940000000007498,-0.3851270078781178,1.0855153202902894,-1.0406560280743289,0.7934661918055799,-0.3525992729178424,-0.7255222762628922,1.145334801813138e-05,1.7618107031591238e-05
24.960000000007522,-0.385126857963677,1.085515352741483,-1.0406559772467754,0.793466347533913,-0.3525995693155243,-0.7255224711832009,1.1485043221120702e-05,1.2558802516660021e-05
24.980000000007546,-0.3851267510865219,1.085515375874101,-1.0406559410257006,0.7934664586261488,-0.3525997805981394,-0.725522610340697,1.150952930736422e-05,8.95235229014357e-06
25.00000000000757,-0.385126674891551,1.0855153923640284,-1.0406559152136023,0.7934665378762807,-0.35259993120774513,-0.7255227096880071,1.1527935470077135e-05,6.381548086010712e-06
25.020000000007595,-0.3851266205705525,1.085515404118756,-1.0406558968192243,0.7934665944111633,-0.352600038567504,-0.7255227806140313,1.1541534041387367e-05,4.548988936017479e-06
25.04000000000762,-0.38512658184396836,1.085515412498028,-1.040655883710915,0.793466634741626,-0.3526001150972603,-0.7255228312495323,1.1551468161973947e-05,3.2426767231992737e-06
25.060000000007644,-0.3851265542349698,1.0855154184711304,-1.0406558743696004,0.7934666635123058,-0.35260016965031604,-0.7255228673992242,1.1558669736474133e-05,2.311491892301707e-06
25.08000000000767,-0.38512653455193147,1.0855154227290114,-1.0406558677127453,0.7934666840365538,-0.3526002085376152,-0.7255228932072083,1.1563863205637177e-05,1.6477110104941176e-06
25.100000000007693,-0.3851265205194769,1.085515425764209,-1.0406558629689064,0.7934666986780208,-0.3526002362578195,-0.7255229116320411,1.1567595360874935e-05,1.1745450381731505e-06
25.120000000007717,-0.3851265105154427,1.0855154279278265,-1.0406558595883317,0.793466709122869,-0.35260025601773237,-0.7255229247858953,1.1570270172621758e-05,8.372559499815353e-07
25.140000000007742,-0.38512650338335447,1.0855154294701446,-1.0406558571792548,0.7934667165739602,-0.35260027010327444,-0.725522934176693,1.1572183705705118e-05,5.968246715018421e-07
25.160000000007766,-0.38523050814791704,1.0854956088047452,-1.0406753783310185,0.7932838400006587,-0.3524210405574945,-0.7252465708047593,0.00044927389017113204,0.02599760718997286
25.18000000000779,-0.38558488361768045,1.0854260672777278,-1.040734702992717,0.7927237508080113,-0.35187864187208767,-0.7243926670004563,0.02103052949564756,0.10165402063506775
25.200000000007815,-0.3862003451223054,1.0853111998491005,-1.0408648129774356,0.7915849620288695,-0.35073339376926527,-0.7226832406738585,0.0020318244680196133,0.07249617905691412
25.22000000000784,-0.3875862141972309,1.0850489142900608,-1.0411409639196039,0.7891524293781004,-0.3483201772365841,-0.7190159723004063,0.004303107411465606,0.15643307483803898
25.240000000007864,-0.3895607962156672,1.0846776150747182,-1.0415469780237383,0.7856781253821682,-0.34487451150557424,-0.7137853989565806,0.006642060977700776,0.2668879150613469
25.26000000000789,-0.3921097497549223,1.0842027925929472,-1.042089622198331,0.7811952889367613,-0.3404309057547208,-0.7070481352650974,0.0018116055188101433,0.4016119684724952
25.280000000007913,-0.39527708603432704,1.083614616762551,-1.0427765040416566,0.7757853839255542,-0.3350953055746463,-0.6989166063411448,0.06260272447876268,0.5600500359916029
25.300000000007937,-0.3987126290062066,1.0829992770471681,-1.0436294901782104,0.7694591488761408,-0.3287688255702354,-0.6894939931900845,0.01106824339593162,0.39958686262256765
25.320000000007962,-0.4033452820199613,1.082177421577438,-1.04481226191947,0.761117765785728,-0.3205059395123918,-0.6770806466473657,0.014387425190298389,0.5285238513913494
25.340000000007986,-0.4084855292453162,1.0812871793404506,-1.0462292784705824,0.7517641327950346,-0.31125049680902406,-0.6632258652548162,0.016876032158038262,0.6735530685522555
25.36000000000801,-0.4140669052212404,1.080347177010077,-1.0478906308024745,0.7415163277081331,-0.3011220358672609,-0.6481239936141275,0.00707138759916873,0.8347241272866801
25.380000000008035,-0.4201318480668386,1.0793526838712313,-1.0498202645412995,0.7305138472417825,-0.29029822296305013,-0.6319781098536131,0.09005215968975222,1.013313536601389
25.40000000000806,-0.4261665855026037,1.0784119324457058,-1.0519990336579406,0.7187764664161795,-0.2786251253473609,-0.6149267297392041,0.019604389079528967,0.723089054315051
25.420000000008084,-0.43341912159103735,1.0773211022750226,-1.0547942620532051,0.7047731021072378,-0.26482155594140144,-0.5946634843369648,0.022932106607317686,0.8622879534136746
25.44000000000811,-0.44089582491797824,1.0762534504102004,-1.0579590006826471,0.6900273681497872,-0.2503059265858468,-0.5734805254533751,0.024865772161830627,1.013949818012778
25.460000000008133,-0.4485249836602541,1.0752275468537529,-1.0614970610992458,0.6746671374123298,-0.23520620451867796,-0.5515793412435726,0.011413611440437897,1.1782404361272703
25.480000000008157,-0.4563598121279939,1.0742438589550947,-1.0654499798216164,0.6588328057552026,-0.21971246371222006,-0.5291590223255829,0.10568733491023438,1.3564075647194365
25.500000000008182,-0.46383177906657785,1.0733856256956802,-1.0696849047426054,0.6425459980795021,-0.20361323747060775,-0.5063313563136835,0.02557987748527687,0.9680281471089387
25.520000000008206,-0.47228416337386286,1.0725038886520866,-1.0748814512134237,0.623939930378767,-0.1853855582095269,-0.4803766772273163,0.028571257370211232,1.1042001132741246
25.54000000000823,-0.48060648185115873,1.071742020831892,-1.0805367674398896,0.6049266871656643,-0.16678525177682868,-0.45406275556745807,0.029852685057108582,1.2498676565538922
25.560000000008255,-0.4887350501746724,1.0711131887280356,-1.0866332450591978,0.58563631705625,-0.14794078854952292,-0.42757094531190754,0.014297606386513251,1.4048823900977556
25.58000000000828,-0.4967215443973449,1.0706266758959264,-1.0932234702381807,0.5662022451056451,-0.1290466387038161,-0.40107547487275885,0.11039479065703386,1.5698763764167216
25.600000000008304,-0.5040586435454307,1.070301006357939,-1.1000061059425554,0.5466629853274865,-0.10985417456537669,-0.3746517983982059,0.02897787137846086,1.1205038293490315
25.62000000000833,-0.5119267029137184,1.0701122518045192,-1.1080156579125224,0.524971344727512,-0.0887447299639005,-0.34539826469803314,0.03155317105975091,1.2443394212995442
25.640000000008353,-0.5193169977394727,1.0701122778800638,-1.1164284671223679,0.5032820337399558,-0.06766644675952198,-0.31631774484112357,0.032434281850442524,1.374227743192172
25.660000000008377,-0.5261936201755767,1.070303190836847,-1.1251957666375119,0.4817243980243471,-0.04674582917546365,-0.28756332739652996,0.01595356077561135,1.5095887392865852
25.680000000008402,-0.5326050317287455,1.0707007061745522,-1.1343696047699143,0.4604215029417937,-0.026178041959673173,-0.2592771311419806,0.10615446394056068,1.6501610331706091
25.700000000008426,-0.5382227317911874,1.0712348773614202,-1.1434830701725547,0.43942239549478673,-0.005681980068891087,-0.23149841414318093,0.030313785648348537,1.1779459963394423
25.72000000000845,-0.5438582286192234,1.0720369330808275,-1.1538481423141742,0.4166975951747398,0.01628392929805911,-0.20138201798512756,0.03251014526831445,1.2808748258089704
25.740000000008475,-0.5488134596394163,1.0730277259988392,-1.1643610415577865,0.3944468165384993,0.037764492514803474,-0.17193025277571372,0.033361140709295606,1.3857258864566522
25.7600000000085,-0.5531031950523193,1.0741943820526345,-1.1749523261008097,0.372781740707583,0.05865099207182858,-0.14326333476734335,0.01650302207390964,1.491412123112592
25.780000000008524,-0.556782393924528,1.0755519790257722,-1.1856694055940706,0.351800076112973,0.07876658726382202,-0.11548645167886552,0.09526580093153278,1.5966535615720003
25.80000000000855,-0.5597584456780005,1.0769526318194094,-1.1959678415588662,0.3315271789692737,0.09843372962020341,-0.08860492619697553,0.02974537253017212,1.1398848311115062
25.820000000008573,-0.5624081528724977,1.078653279819758,-1.207243953419592,0.310158433281926,0.11895709199940543,-0.06006967669668882,0.03144658755958579,1.213472983032635
25.840000000008597,-0.5644362070762655,1.080455982843785,-1.218287138129053,0.2897023822471658,0.138583244860797,-0.03264772283992372,0.03228533618591398,1.284123389994866
25.860000000008622,-0.5659034901830681,1.0823391345001894,-1.229040885250666,0.27022739132184537,0.15724480490413564,-0.006422423295566877,0.01566611081291271,1.3501584465217138
25.880000000008646,-0.5668688674443738,1.084314165224143,-1.2395552850150173,0.25178548864441264,0.17481397525640918,0.018542368553580015,0.07790808250421874,1.409291837754274
25.90000000000867,-0.567419355288297,1.0862057772622544,-1.2493458961218264,0.23434950486175016,0.1916379151875633,0.04227224432349902,0.02668637415522611,1.0062326185960695
25.920000000008695,-0.5675912116029964,1.088314804822516,-1.2596443892346139,0.21652179660217216,0.20866881992201533,0.06678085953262582,0.02756611066873406,1.0420697304805053
25.94000000000872,-0.5674071345572402,1.0903925566239434,-1.2693664861174458,0.1999115081973602,0.22452513456344675,0.08977088992732044,0.027930566777054744,1.069369339854569
25.960000000008744,-0.5669384162040255,1.0924211093290248,-1.2784921582601885,0.18453534428664853,0.23918792275549072,0.11119973764936718,0.013385381818516883,1.0857694155687692
25.98000000000877,-0.5662329269958001,1.0944085303909712,-1.2870727306330192,0.17039515899829794,0.25259787369708964,0.13104911829917354,0.05258920639872927,1.0881081043217926
26.000000000008793,-0.5654314511669929,1.0962145080207832,-1.294789508846118,0.15742023135090263,0.26506110823035123,0.14937229976676378,0.02068764733502026,0.7769660556143198
26.020000000008817,-0.5644259565993311,1.0980779210072407,-1.302472366950847,0.14476921866364237,0.2771006409134038,0.1674084674981028,0.020410856196948147,0.7666456162571589
26.040000000008842,-0.5633708072267007,1.099787318198462,-1.3093564254051244,0.13350924191762037,0.287812223914392,0.18356421208347282,0.019687909898734167,0.7414441430871904
26.060000000008866,-0.5623169612477547,1.1013342754540347,-1.3154521802873818,0.12361733081899257,0.29721531776479077,0.19784160227160882,0.010125167092029399,0.6982237866781675
26.08000000000889,-0.5612962930124332,1.1027208220646108,-1.3207964658634022,0.11505461121943901,0.3053241647210956,0.21027202222105656,0.018442999995087403,0.6331139328522475
26.100000000008915,-0.5603909124500654,1.1038880338798378,-1.325285801970421,0.1077392464989773,0.31231857670679913,0.22093327864775367,0.01195512925863045,0.4520755550784302
26.12000000000894,-0.5595541182722352,1.1049140152717214,-1.3291577753566166,0.10151595398113894,0.3182285135689336,0.23005108086786213,0.010246225957976536,0.3871925415856465
26.140000000008964,-0.5588896419577968,1.1057014938053218,-1.332100132009128,0.09680394603454803,0.32270401960937833,0.23697009321996,0.007939712927917392,0.30034008269589013
26.16000000000899,-0.5583878811618851,1.1062821070696298,-1.334253176430867,0.09336477553623905,0.325969910111604,0.24202671383644284,0.00565393653704132,0.21442282279308886
26.180000000009013,-0.5580213420478357,1.1066985534838016,-1.3357897717069156,0.09091118733025494,0.3282978109887236,0.2456368187160935,0.004034755613831896,0.15308426490170673
26.200000000009037,-0.5577554360546801,1.1069967765977164,-1.3368861602570008,0.08916042096121125,0.3299572305807306,0.24821420401773184,0.0028798817110073146,0.10929242598646166
26.220000000009062,-0.5575634361493373,1.1072100707092638,-1.3376682992440156,0.0879109922238577,0.33114021992012627,0.2500542930955045,0.0020562254361618216,0.07802783445910262
26.240000000009086,-0.557425251101193,1.1073624872547922,-1.3382261834991462,0.08701925750167312,0.33198361103746965,0.25136799952303046,0.001468800851954673,0.055706903855389706
26.26000000000911,-0.5573260234880959,1.1074713334874142,-1.3386240733842303,0.08638277095166243,0.3325849150093158,0.25230590221823634,0.0010498568723260363,0.039771179635208195
26.280000000009135,-0.5572548843512346,1.1075490300524942,-1.338907834347684,0.08592844888351611,0.33301363245823445,0.2529755049676923,0.0007510720232949371,0.02839408711797077
26.30000000000916,-0.5572039402968678,1.1076044738851787,-1.3391101930717904,0.0856041439900371,0.3333193052846523,0.2534535586419513,0.0005379836022054409,0.020271567754994443
26.320000000009184,-0.5571674875200486,1.10764402941973,-1.3392544965326618,0.08537264241611603,0.33353725114483473,0.2537948584801999,0.0003860133303196696,0.01447260651731989
26.34000000000921,-0.5571414187261873,1.107672245192581,-1.3393573979398257,0.08520738456575681,0.3336926489114079,0.25403852479526723,0.0002776325357635259,0.010332517836356867
26.360000000009233,-0.5571227834476413,1.1076923697938084,-1.3394307747132608,0.08508941343052306,0.33380344999864026,0.25421248699908344,0.00020034030598661354,0.007376758490431478
26.380000000009257,-0.5571094658440808,1.1077067222905292,-1.339483097485401,0.08500519767357483,0.33388245334297856,0.25433668491232747,0.00014522152100791244,0.0052665348204730495
26.400000000009282,-0.5570999504353447,1.107716957637646,-1.339520406966734,0.08494507839340126,0.33393878447733105,0.25442535429614094,0.00010591845338348853,0.00375996972682991
26.420000000009306,-0.5570931526801682,1.1077242565784136,-1.3395470108521979,0.08490216071658993,0.3339789499266274,0.2544886585764428,7.789730174241795e-05,0.002684378368396632
26.44000000000933,-0.5570882969062549,1.1077294613823518,-1.339565980928261,0.08487152273967011,0.33400758890687626,0.2545338537912636,5.792501730650022e-05,0.0019164747726732284
26.460000000009355,-0.5570848285860219,1.107733172800057,-1.3395795076250683,0.08484965091561088,0.3340280092496462,0.2545661202889758,4.369606102457947e-05,0.0013682406136851203
26.48000000000938,-0.5570823514097107,1.1077358192813298,-1.3395891528753328,0.08483403704156767,0.3340425695018823,0.25458915650785957,3.3566039364537803e-05,0.0009768364184076048
26.500000000009404,-0.5570805822045427,1.107737706373883,-1.3395960304383514,0.08482289058363866,0.33405295135895063,0.25460560289688017,2.63615666859766e-05,0.0006973988103578987
26.52000000000943,-0.5570793186683032,1.1077390519686356,-1.3396009344916537,0.08481493332481167,0.3340603539095586,0.25461734456810614,2.1244607089542376e-05,0.0004978982001998567
26.540000000009453,-0.5570784162897705,1.1077400114422162,-1.339604431329134,0.08480925277494476,0.3340656321340598,0.2546257273712424,1.7615880587241068e-05,0.00035546750440791544
26.560000000009477,-0.5570777718479316,1.1077406955902462,-1.339606924749346,0.08480519752635403,0.334069395655745,0.25463171215707076,1.504637808996099e-05,0.0002537810843351426
26.580000000009502,-0.5570773116185813,1.107741183417371,-1.3396087026821109,0.08480230255182362,0.3340720791523393,0.25463598491170797,1.3228981384480182e-05,0.0001811834757877983
26.600000000009526,-0.5570769829473362,1.107741531258518,-1.3396099704363496,0.08480023587707125,0.33407399256090536,0.25463903538544075,1.1944241843119278e-05,0.00012935342121686067
26.62000000000955,-0.5570767482291279,1.1077417792834579,-1.3396108744078203,0.08479876051160096,0.33407535687511997,0.25464121322869926,1.103592673145072e-05,9.235007389484372e-05
26.640000000009575,-0.5570765806074678,1.1077419561351884,-1.3396115189840982,0.08479770727202195,0.33407632966962264,0.2546427680695589,1.0393298043339588e-05,6.593204852757263e-05
26.6600000000096,-0.5570764609024885,1.1077420822374757,-1.3396119785987561,0.08479695538119299,0.33407702329954136,0.2546438781265201,9.938164586952806e-06,4.7071266831712776e-05
26.680000000009624,-0.5570763754168171,1.107742172153353,-1.3396123063266396,0.08479641861833635,0.33407751787723844,0.25464467063620655,9.615441117949534e-06,3.360587429247839e-05
26.70000000000965,-0.5570763143685008,1.1077422362668767,-1.3396125400127488,0.08479603543186515,0.3340778705250838,0.25464523643743797,9.386344287425913e-06,2.3992444846347072e-05
26.720000000009673,-0.5570762707718158,1.107742281982305,-1.3396127066424395,0.08479576188110978,0.33407812197293896,0.25464564038332665,9.22354690292372e-06,1.7129070883444596e-05
26.740000000009697,-0.55707623963797,1.1077423145791718,-1.3396128254576027,0.08479556659754041,0.33407830126234467,0.2546459287748502,9.107765347960984e-06,1.222906075654006e-05
26.760000000009722,-0.5570762174042733,1.1077423378219933,-1.339612910178656,0.08479542718767007,0.33407842910073987,0.25464613466794644,9.02536690064845e-06,8.730766907094759e-06
26.780000000009746,-0.5570762015264761,1.1077423543950193,-1.339612970588932,0.08479532766514797,0.33407852025311363,0.25464628166244224,8.966696010457385e-06,6.2332088623803255e-06
26.80000000000977,-0.5570761901876387,1.107742366212223,-1.3396130136644286,0.08479525661757392,0.33407858524731987,0.25464638660710504,8.924903735373982e-06,4.450112190003452e-06
26.820000000009795,-0.557076182090221,1.1077423746383426,-1.3396130443793752,0.08479520589781732,0.3340786315900155,0.2546464615308771,8.895126052904677e-06,3.177095249750271e-06
26.84000000000982,-0.5570761763076058,1.1077423806464886,-1.3396130662806423,0.08479516968977062,0.3340786646336591,0.25464651502165414,8.87390434482188e-06,2.2682426164826366e-06
26.860000000009844,-0.5570761721780645,1.1077423849305266,-1.3396130818973218,0.08479514384140659,0.33407868819470454,0.25464655321064444,8.858778227639416e-06,1.6193799976771743e-06
26.88000000000987,-0.5570761692290348,1.10774238798521,-1.3396130930327823,0.08479512538865859,0.3340787049943902,0.2546465804751382,8.847995411681945e-06,1.156133619060714e-06
26.900000000009893,-0.557076167123045,1.107742390163316,-1.3396131009729133,0.08479511221552577,0.33407871697303687,0.2546465999402406,8.840308276670059e-06,8.254053613455967e-07
26.920000000009917,-0.557076115862939,1.1077504239785971,-1.3396421884939909,0.08478372235184022,0.3341239560403007,0.25436135500161156,9.270239949458803e-05,0.012210717822446013
26.94000000000994,-0.5570759481957193,1.1077745225792481,-1.3397295283602377,0.08474952366091312,0.3342598771519272,0.2535045596736605,0.00034759547774303585,0.047670336482501276
26.960000000009966,-0.5570754895123433,1.1078183432446647,-1.339887541043837,0.08468824633686677,0.33450274799640806,0.251971510031439,0.00022872770642729472,0.10286124291647324
26.98000000000999,-0.5570738079098918,1.107886530697829,-1.3401282880223189,0.08459887278681603,0.33485081987955484,0.2497293746346499,0.005852524448924277,0.17551263794066277
27.000000000010015,-0.5570738288875875,1.107966629381905,-1.340422907383143,0.08447781105654867,0.33533099273404304,0.24677468815025874,0.0008516903133308538,0.12528847209375832
27.02000000001004,-0.557072284952888,1.1080929516091884,-1.340878389178224,0.08429948054140256,0.336034746233414,0.24234943879791263,0.0012910471988342345,0.18858120243137694
27.040000000010064,-0.5570701939471159,1.1082448384692254,-1.3414256374491744,0.08408530694126315,0.3368802020609894,0.23703265189560047,0.0018306989284864504,0.26274382428657606
27.06000000001009,-0.5570672393780808,1.1084214331921038,-1.342059247605039,0.08383891098155948,0.3378520951748483,0.23091161505704277,0.0001904759392756121,0.34752046059227293
27.080000000010113,-0.5570617421718458,1.1086261619876314,-1.3427832921630884,0.08356500224973801,0.3389216877783319,0.2240866815837304,0.01034847198608668,0.44292347081950484
27.100000000010137,-0.5570594498156175,1.1088333153229137,-1.3435356132167557,0.08326045811709291,0.34012643218058597,0.21663007180290814,0.0021111397009851264,0.316184147334392
27.12000000001016,-0.5570537024790684,1.109099407407549,-1.3444865191887008,0.08288944180327841,0.3415891344925282,0.20742442713689418,0.0026323604159981602,0.39191802165003686
27.140000000010186,-0.5570467666752305,1.1093853337277106,-1.3455062086513043,0.08249195362652326,0.3431568146023359,0.19755501237752068,0.0032448913719881375,0.4754527079483441
27.16000000001021,-0.5570382196051291,1.1096901854679313,-1.3465880996551527,0.08207269515761258,0.3448094455394337,0.18713535747173604,0.0007135322564471489,0.5669776762772587
27.180000000010235,-0.557025784359919,1.110018696700004,-1.3477385276448386,0.0816371592284011,0.3465121447210472,0.17627986947629784,0.013191246915236338,0.6667511875318808
27.20000000001026,-0.5570176981235436,1.1103373129349747,-1.348878647036977,0.08118000803175203,0.3483193581445285,0.16505497343915754,0.0031039919077478317,0.475971046017249
27.220000000010284,-0.5570040210376241,1.1107198214161296,-1.3502265553040156,0.0806570717479509,0.35038082509170754,0.1520568189241477,0.0036244264860710693,0.5531773689324805
27.24000000001031,-0.5569885582117292,1.1111141044788424,-1.3516118308673997,0.08012033196191579,0.35249755207216854,0.13870454716385122,0.004237204656763745,0.6365074734096448
27.260000000010333,-0.5569708797728705,1.111519801241667,-1.3530294485061243,0.0795742378299333,0.3546501485551355,0.1251054724004152,0.0011048994477480176,0.726045674181587
27.280000000010357,-0.5569483201778357,1.1119427441475047,-1.3544883780161008,0.07902401795435442,0.3568031983629503,0.11136407825949347,0.014564890510921847,0.8218763905147812
27.30000000001038,-0.5569311390857121,1.112345063099361,-1.3559026369154819,0.07846224442478379,0.35902364587494795,0.09752744535785841,0.003708537173851052,0.586716469770454
27.320000000010406,-0.556906453629463,1.1128113612921637,-1.3575174813970157,0.07784028081979417,0.3614761136277014,0.08202657925143808,0.00418660598487276,0.6595572916036173
27.34000000001043,-0.5568797831320853,1.113281058936858,-1.3591384408269005,0.07721692138383157,0.36393510002033874,0.06647675480856881,0.004756703116602115,0.7367688926828102
27.360000000010455,-0.5568507591401978,1.113754286590454,-1.3607622646645032,0.07659603719078292,0.3663832915542968,0.05097132575354044,0.0013298756865957949,0.818199504811364
27.38000000001048,-0.5568165671645305,1.1142373368914866,-1.3623993102582241,0.07598225011632354,0.36878746856312056,0.03559851923275078,0.014596371285901976,0.9036434261863104
27.400000000010504,-0.55678869695397,1.1146912459128344,-1.3639642559840333,0.07536674829429652,0.37122063973465597,0.0203851181111196,0.003928275287581241,0.6450952929016031
27.42000000001053,-0.5567521641548812,1.1152044560181207,-1.3657082681153765,0.07470054439448988,0.3738488953596339,0.003727323711691804,0.0043348515838658955,0.7086840211569757
27.440000000010553,-0.5567140370849811,1.1157125927285012,-1.367428793846698,0.07404439896764364,0.3764385814293818,-0.012694779873286046,0.004827497152543205,0.7745422332653018
27.460000000010577,-0.5566740455480265,1.116216137063031,-1.3691241535316927,0.07340146514513966,0.37897516567090295,-0.02880496393581425,0.0014068066857096182,0.8422284917683716
27.4800000000106,-0.5566294912156651,1.1167212052091873,-1.3708048048642845,0.07277553656692569,0.3814297106493735,-0.044534316943750825,0.013440368553842409,0.9111916326135159
27.500000000010626,-0.5565919971010793,1.117190868991397,-1.3723928469681352,0.07215729384742986,0.38387470266361445,-0.05987497379296752,0.0038027665189529504,0.6504909212150234
27.52000000001065,-0.5565458794381158,1.1177100967137739,-1.37412453785383,0.07150143812303694,0.3864640042990828,-0.07633352726607998,0.004114856816508113,0.7001174233270325
27.540000000010675,-0.5564991731232299,1.1182157287392613,-1.375805090261857,0.07086599071856522,0.3889738207611158,-0.09229522039311445,0.004498577138687641,0.749513162977318
27.5600000000107,-0.5564517162146962,1.118708468265573,-1.3774341547996705,0.07025328389924775,0.3913929634520408,-0.10770326672374217,0.0013679530767283276,0.7979074327023145
27.580000000010724,-0.5564011898774474,1.1191937006334682,-1.3790212567291842,0.06966608434248603,0.39369860527751344,-0.12251051916363644,0.011266340628342685,0.8443641040127386
27.60000000001075,-0.5563580988435823,1.119639547542245,-1.3805016737829556,0.0690955106432201,0.3959563876344575,-0.13672622196927178,0.003382367434543825,0.6027890912536193
27.620000000010773,-0.5563078791326431,1.1201199533061366,-1.382076669565754,0.06850388091068456,0.39829408845073444,-0.15162743670123321,0.0035802478434038896,0.6337760260835451
27.640000000010797,-0.5562585730685521,1.1205783417914472,-1.3835749944486846,0.06794188054381835,0.40051560231599004,-0.16579465249718664,0.003824766697059891,0.6616234422828932
27.66000000001082,-0.5562101135939569,1.1210155343716672,-1.3849974184961933,0.06741093003422673,0.40261361233052556,-0.1791926868887084,0.0012462457757497825,0.6851941750270112
27.680000000010846,-0.5561607902640605,1.1214357155897376,-1.386351758199632,0.06691258497452338,0.40457304964186536,-0.1917984896240082,0.008224479525429538,0.7031339689302928
27.70000000001087,-0.556118768589772,1.1218149244350974,-1.3875913313033024,0.06643936162415129,0.4064467374379842,-0.203636531428563,0.0027139669212626937,0.5019688087028462
27.720000000010895,-0.5560725954627812,1.1222084092880495,-1.3888630609513906,0.06596505731497085,0.408322324971568,-0.21562195255150954,0.002778299572013501,0.5096449682270375
27.74000000001092,-0.5560291020581571,1.1225718335332109,-1.3900349193863886,0.06552850997227974,0.4100491057256199,-0.22666036999708092,0.0028523377908378778,0.5108624462147092
27.760000000010944,-0.5559882843488969,1.1229060519722085,-1.3911086163682986,0.06513014597403725,0.41162414619048504,-0.2367403389663687,0.0010672180338192688,0.5040808775368986
27.78000000001097,-0.5559492199321908,1.1232136344852284,-1.3920896374858605,0.06477014345059245,0.41304166222118766,-0.24586521459103855,0.00440810924928315,0.4874974979016152
27.800000000010993,-0.5559166654587908,1.1234812780026706,-1.3929536195264685,0.06444335340005147,0.4143359567658396,-0.25407280104979846,0.0018289431723605034,0.34802641466486106
27.820000000011017,-0.5558842046939912,1.1237378654085926,-1.3937743275350392,0.06413891285018858,0.41554032337609026,-0.2617839104634013,0.0017373854014926782,0.3277217340258117
27.84000000001104,-0.555856130510703,1.1239571174499297,-1.3944745644896013,0.06387934905651077,0.41656709713662154,-0.2683591647475466,0.0016058155227398573,0.29722840452243526
27.860000000011066,-0.5558324603062776,1.1241398472873174,-1.395056812568232,0.06366401882263482,0.41741822749284974,-0.27381298510611574,0.0008427647669046692,0.25456633794017075
27.88000000001109,-0.5558132077705452,1.1242866046995788,-1.3955235969292636,0.06349157022143831,0.4180987117113521,-0.27817743565795094,0.0001817606962478116,0.1974538081512955
27.900000000011115,-0.5557987900826041,1.124397441867294,-1.3958770958977258,0.06336009550761826,0.41861869423983816,-0.2815017596365901,0.0007324981477168494,0.14096135297860657
27.92000000001114,-0.5557882970104862,1.124477088649324,-1.3961303320073362,0.06326650702713947,0.41898863072914455,-0.28387496340398793,0.000524094038139088,0.10063099336696608
27.940000000011164,-0.555780807264838,1.124533910458936,-1.3963109196628611,0.06319984664028383,0.4192523918404768,-0.2855691714071284,0.0003756265137805091,0.07183952692776531
27.96000000001119,-0.5557754663014983,1.1245744421063848,-1.3964396958705925,0.06315236522686091,0.41944045526051843,-0.2867786506973564,0.000269993558382585,0.0512855685549518
27.980000000011213,-0.5557716602301528,1.124603350659833,-1.3965315235448976,0.06311854423859464,0.419574547755634,-0.2876420866929758,0.00019479470839537354,0.0366122897493661
28.000000000011237,-0.5557689492726131,1.124623967633798,-1.3965970029446138,0.06309445332407979,0.4196701590745155,-0.2882584856120998,0.0001412400918265926,0.026137172947139953
28.02000000001126,-0.5557670190105374,1.1246386704181557,-1.3966436937015743,0.06307729310518657,0.4197383328740207,-0.2886985270664782,0.00010308923233695248,0.018659084713936014
28.040000000011286,-0.5557656449693951,1.1246491551475362,-1.3966769867579123,0.06306506966021852,0.4197869431498173,-0.2890126685700691,7.590645212542637e-05,0.013320547174189519
28.06000000001131,-0.555764667050024,1.1246566317231557,-1.396700726387713,0.0630563627360156,0.41982160409365005,-0.2892369312709488,5.653625853176261e-05,0.00950941490871327
28.080000000011335,-0.555763971148902,1.1246619631025552,-1.3967176538734838,0.06305016068130657,0.4198463187121298,-0.289397030330761,4.273250520131595e-05,0.006788683029429225
28.10000000001136,-0.5557634759856759,1.1246657647364326,-1.3967297239415561,0.06304574288550797,0.4198639412444648,-0.28951132356377823,3.289560957179706e-05,0.004846377829245144
28.120000000011384,-0.555763123682624,1.124668475530964,-1.3967383304319931,0.06304259604624501,0.4198765068480146,-0.28959291644267826,2.5886022378366937e-05,0.0034597841898431295
28.14000000001141,-0.5557628730374754,1.1246704084772592,-1.3967444672300027,0.06304035452883626,0.41988546665896,-0.28965116484246245,2.0891664554992918e-05,0.0024699078645857185
28.160000000011433,-0.5557626947246591,1.1246717867677214,-1.3967488430265231,0.06303875788470358,0.41989185539092494,-0.2896927478352944,1.7333654362586003e-05,0.001763244341897807
28.180000000011457,-0.5557625678747747,1.124672769556369,-1.3967519631522238,0.06303762059142715,0.4198964108351071,-0.28972243354871785,1.479925131873494e-05,0.0012587638075829812
28.20000000001148,-0.5557624776377803,1.1246734703310255,-1.3967541879310335,0.06303681049811084,0.4198996590665556,-0.2897436259046965,1.2994154090397132e-05,0.0008986198311197386
28.220000000011506,-0.5557624134476638,1.1246739700154884,-1.3967557742898646,0.0630362334715664,0.41990197519869904,-0.2897587549315178,1.1708545512950308e-05,0.0006415163836146273
28.24000000001153,-0.5557623677870136,1.1246743263129582,-1.396756905428698,0.06303582245942727,0.4199036267033398,-0.2897695554038269,1.0792894208400747e-05,0.00045797261380170023
28.260000000011555,-0.5557623353076594,1.124674580368827,-1.396757711976883,0.06303552969953458,0.4199048042993809,-0.2897772657611529,1.014068097389732e-05,0.00032694241577854705
28.28000000001158,-0.5557623122048536,1.1246747615217905,-1.3967582870786117,0.06303532117049004,0.41990564397768826,-0.2897827701139942,9.67605649499292e-06,0.00023340116993939155
28.300000000011604,-0.5557622957719388,1.1246748906917308,-1.396758697149551,0.06303517263865532,0.4199062427056978,-0.2897866996206432,9.345022381867118e-06,0.00016662293975550129
28.32000000001163,-0.5557622840834779,1.124674982795486,-1.3967589895468062,0.06303506684234142,0.41990666962545664,-0.28978950485915894,9.109137683805951e-06,0.00011895057861611398
28.340000000011653,-0.5557622757698014,1.124675048469434,-1.3967591980379337,0.0630349914860512,0.41990697403829647,-0.2897915074930464,8.941034873782772e-06,8.491772055145864e-05
28.360000000011677,-0.5557622698566073,1.1246750952977826,-1.3967593467005786,0.06303493781174375,0.41990719109825014,-0.289792937154905,8.821225742698264e-06,6.062197754393814e-05
28.3800000000117,-0.5557622656508473,1.1246751286884058,-1.396759452703084,0.06303489958112354,0.41990734587170186,-0.2897939577773238,8.735830135405742e-06,4.327747092876013e-05
28.400000000011726,-0.5557622626595462,1.1246751524973524,-1.3967595282871774,0.06303487235071359,0.4199074562320984,-0.28979468639026207,8.674959123885055e-06,3.0895387725381e-05
28.42000000001175,-0.5557622605320481,1.124675169474152,-1.3967595821817067,0.06303485295548306,0.419907534924003,-0.28979520654032653,8.631568620510148e-06,2.205593274847393e-05
28.440000000011775,-0.5557622590189343,1.1246751815793374,-1.3967596206106967,0.06303483914103204,0.4199075910348575,-0.2897955778706679,8.600637060733773e-06,1.5745527345606177e-05
28.4600000000118,-0.5557622579427977,1.1246751902108538,-1.396759648012129,0.06303482930159547,0.4199076310444129,-0.28979584295998095,8.57858731781839e-06,1.1240587086944725e-05
28.480000000011824,-0.5557622571774538,1.1246751963654946,-1.396759667550464,0.06303482229342386,0.4199076595730213,-0.28979603220480293,8.56286791577287e-06,8.024551733206227e-06
28.50000000001185,-0.5557622566331532,1.1246752007540177,-1.396759681482092,0.06303481730185437,0.4199076799152,-0.2897961673049412,8.551661565214492e-06,5.728653706576039e-06
28.520000000011873,-0.5557622562460608,1.1246752038832224,-1.3967596914159093,0.06303481374662705,0.4199076944200876,-0.289796263751688,8.543672645892605e-06,4.08963323887827e-06
28.540000000011897,-0.5557622559707753,1.1246752061144798,-1.3967596984991253,0.06303481121444152,0.4199077047627245,-0.28979633260413457,8.537977443870485e-06,2.9195516036601307e-06
28.56000000001192,-0.5557622557750054,1.1246752077054625,-1.396759703549747,0.06303480941091931,0.4199077121374898,-0.28979638175726385,8.533917159566812e-06,2.0842410833630044e-06
28.580000000011946,-0.5557622556357857,1.1246752088399008,-1.3967597071510454,0.06303480812638595,0.4199077173960297,-0.2897964168472316,8.531022796877889e-06,1.4879205837177924e-06
28.60000000001197,-0.5557622555367824,1.1246752096488044,-1.3967597097189182,0.06303480721149982,0.419907721145605,-0.2897964418976377,8.52895934200234e-06,1.0622128556411297e-06
28.620000000011995,-0.5557622554663798,1.1246752102255868,-1.396759711549916,0.06303480655989147,0.41990772381922153,-0.2897964597808928,8.527488151277518e-06,7.583040189486117e-07
28.64000000001202,-0.5557622554163157,1.1246752106368583,-1.3967597128554923,0.06303480609579974,0.4199077257256306,-0.2897964725475848,8.526439217863537e-06,5.413462882166516e-07
28.660000000012044,-0.5557824798557499,1.1247218648363524,-1.3969070160632469,0.06308327925333235,0.420124766995147,-0.2896537785229885,0.0008992128955565576,0.02188454014077983
28.68000000001207,-0.5558514901631018,1.1248849702199777,-1.397400847122504,0.06323221702724513,0.42076415321707067,-0.28921289639074854,0.022857167026163062,0.09025402694034608
28.700000000012093,-0.5559709728565672,1.1251573579539185,-1.3982836739828608,0.06353583098199728,0.42216858497792337,-0.2883286174883549,0.002186364242087657,0.058076346703775046
28.720000000012117,-0.5562423691244772,1.1257830976379146,-1.4002547168031199,0.0641827487268821,0.4250876991157915,-0.28643291834538315,0.004881347255866923,0.12513284052499787
28.74000000001214,-0.5566329769577805,1.1266805612005604,-1.4030696222751657,0.06510507494764844,0.4292505085997655,-0.2837290705507678,0.00885636604998454,0.21315248513122692
28.760000000012166,-0.5571446742968292,1.1278573858491054,-1.406726430869258,0.06629226266800656,0.4345985543304329,-0.2802463392386005,0.0017384220638527723,0.3296187208879941
28.78000000001219,-0.5577905164599838,1.1293476644535805,-1.4112610411708415,0.06772123275374205,0.4409450465985461,-0.2760430926748755,0.06820904786663178,0.47591265331102456
28.800000000012215,-0.5585044417043523,1.1309614724257586,-1.4162752293061192,0.06938775157580127,0.4485766613017413,-0.27116924505811457,0.01200079133270315,0.31844618191578455
28.82000000001224,-0.55949043297028,1.1331958194760532,-1.4230472654588946,0.0715712605017984,0.4584206361202051,-0.2647515440591025,0.016320900697510878,0.420244016695182
28.840000000012264,-0.5606153052743562,1.135728840535346,-1.430631596861912,0.07400484083856125,0.4693903647581347,-0.2575887070480694,0.022056177799606853,0.5342425414059803
28.86000000001229,-0.5618749202289844,1.1385592073491206,-1.4389747759287381,0.07665305848917574,0.4813046010219308,-0.24978121557099017,0.0015734599142344873,0.6774147095788616
28.880000000012313,-0.5632856005857668,1.1417283828663913,-1.44809781105977,0.07947473848911807,0.4938526288151724,-0.24143441057174286,0.09871203083527166,0.8451863062324165
28.900000000012337,-0.5647409911155148,1.144936899844747,-1.4574106977369203,0.08246737659123309,0.5075086600106612,-0.23261498537463385,0.021521422083957503,0.5705367049994511
28.92000000001236,-0.5665547825368161,1.148941373088387,-1.468728365817456,0.08600074580821501,0.5234106903550777,-0.2221386370457705,0.026494635601568502,0.6778843236447978
28.940000000012386,-0.5685027647096883,1.153218274654805,-1.4806206336413295,0.08968432861254932,0.5399890875859837,-0.21118691881935023,0.03328131428586762,0.7942407460876459
28.96000000001241,-0.5705769651539844,1.157769055794964,-1.4930437925968345,0.09348168972509174,0.5570456318422713,-0.19986399809003677,0.0035627461154365057,0.9440823771387766
28.980000000012435,-0.5727959878830534,1.1626407829258427,-1.5060255522519503,0.09735115438363003,0.5742379216457842,-0.188273132329926,0.11714526903676045,1.1098472565313948
29.00000000001246,-0.5750209070322132,1.167451037710555,-1.518884513432964,0.10130125243834656,0.5922422257895789,-0.1764664080398189,0.028380435337700703,0.7519492347467827
29.020000000012484,-0.5776601909136398,1.173179538011214,-1.5338084806191874,0.10575715293129132,0.6122750938013055,-0.16304742313376455,0.03373066410975974,0.8531298805349379
29.04000000001251,-0.5804017151233157,1.179117103650312,-1.5490253495861228,0.11025654940644485,0.6325064014046504,-0.14944284799684773,0.04112895658302336,0.9611620560967447
29.060000000012533,-0.5832321808442885,1.18526636750542,-1.564509137653342,0.11476878936924595,0.6527440036715708,-0.1357464384015416,0.004294481049394024,1.106419380162264
29.080000000012557,-0.5861700616135487,1.191668999403784,-1.5802811753522323,0.11925704507718349,0.6726531633777211,-0.12204842790624584,0.12401804384908427,1.2541293646686444
29.10000000001258,-0.5890566250492033,1.197894295821362,-1.5956485908111484,0.12373957369617142,0.693064800687856,-0.1083821849091276,0.03217683078898862,0.8517022434828689
29.120000000012606,-0.5923629725872226,1.2050751021808523,-1.612974981128396,0.1286611592162401,0.715139625840512,-0.09325758133129382,0.03770030094234823,0.9391656517949448
29.14000000001263,-0.5957092645474616,1.2123549730228782,-1.6302926362809502,0.1335323726949749,0.7369765318669327,-0.07822256670852105,0.04503634313238275,1.0317346213076652
29.160000000012655,-0.5990789598640931,1.2197371615290087,-1.6475925896723909,0.13833135954465828,0.7583992574824739,-0.06335627621788541,0.004650272452692292,1.1626122302647535
29.18000000001268,-0.6024910604765511,1.227250777322902,-1.6648798314564954,0.14302791329211098,0.7791122855336395,-0.048732071078688086,0.11998753935279431,1.280590153628139
29.200000000012704,-0.6057843621320665,1.2344625374772629,-1.6815204271687587,0.14764595537989025,0.8000217008445053,-0.03436547265626589,0.03298411804070111,0.8715337164712386
29.22000000001273,-0.6094476407108961,1.2425571821247996,-1.6998462863983779,0.15261715341199592,0.8221336174823755,-0.018794711900440783,0.03836080617665306,0.9397771338175054
29.240000000012753,-0.6130708770412567,1.250600222976903,-1.7178535475304957,0.1574623306657397,0.843636942572844,-0.0035677015302269127,0.04478726606363984,1.011499204660174
29.260000000012777,-0.616638447741823,1.2585960508719833,-1.735546908925777,0.1621684889095993,0.8643806104329933,0.011253440569166547,0.0052393589663722534,1.1185014102858835
29.2800000000128,-0.6201712527365869,1.2665601072892354,-1.7529147380826975,0.16671137682177714,0.8841338796976257,0.025614687658853996,0.10621375256344744,1.1993407564648333
29.300000000012826,-0.6235223652518446,1.2741031516843129,-1.7694350531235468,0.17111681313830934,0.9037813860394417,0.03951673879773829,0.031046363682642276,0.8182101821758284
29.32000000001285,-0.6271476640774973,1.2823406071955996,-1.7872030219821786,0.17577024362806215,0.9241114650265775,0.05427003268417546,0.03578381666912703,0.8632070368975926
29.340000000012875,-0.6306525296676971,1.2903527395098526,-1.8043460055189133,0.18023500513775126,0.9435352459205983,0.06844762756411382,0.04052503594241534,0.909623653064436
29.3600000000129,-0.6340257672073166,1.2981455014909289,-1.82087800500712,0.1845049990903997,0.9619372442523455,0.08200649483261375,0.005621270494343473,0.9836401785626434
29.380000000012924,-0.6372895602024873,1.305724158925799,-1.836778650777424,0.18856121154368716,0.9791676609824452,0.09491407075848478,0.08408075275190463,1.0234126664506011
29.400000000012948,-0.6403253076778529,1.3127823406142975,-1.8516703327523663,0.19242906280151725,0.9959909921851855,0.10718569406672117,0.02665555489784242,0.7003689238744408
29.420000000012973,-0.6435054129887319,1.3202384866143047,-1.8672157014028445,0.1964122555124258,1.012937048849852,0.11985713094836895,0.03012502574073912,0.7189741464246346
29.440000000012997,-0.6464958140013206,1.3272925630888135,-1.8818437354203499,0.2001486931369917,1.0287474662566323,0.1317433616224469,0.032662964724857656,0.7358529124687075
29.46000000001302,-0.6492914338628133,1.3339521923711335,-1.8955741811621625,0.20363719271440053,1.0433526853425534,0.14282245675966734,0.005340718338420566,0.76829799377799
29.480000000013046,-0.6519126446530331,1.3402177702280864,-1.9083901240956649,0.2068655065884926,1.0566902988886597,0.1530853369532017,0.05477596383581261,0.7649599366274928
29.50000000001307,-0.6542812707307211,1.3458944844436556,-1.9200744845106008,0.20985696326613276,1.069314039749839,0.1625605361775835,0.020068187386037127,0.5259811427480063
29.520000000013095,-0.6566383821215583,1.351579379706054,-1.9316719135646683,0.2127964748559395,1.081461494700079,0.17188559371386128,0.021589410932415298,0.5151628651581032
29.54000000001312,-0.6587511146964915,1.3566997304691804,-1.942084251611337,0.21543169558262676,1.0922968101907016,0.18023842668775936,0.021677588399239094,0.4978367633780059
29.560000000013144,-0.6606205937175351,1.3612647202581836,-1.951335119654786,0.21776563038183647,1.101804854073924,0.18762019467100846,0.005060895431811719,0.48025727133037305
29.580000000013168,-0.6622606978109734,1.3652743966015213,-1.959423419459596,0.21979676563394676,1.1100104052991773,0.1940473004034677,0.018874967735335674,0.43156326081900526
29.600000000013193,-0.66364500293881,1.3686672550592847,-1.9663016087318244,0.22154400990583764,1.1171756686325491,0.19956008390943406,0.011444882179216442,0.2997828897649095
29.620000000013217,-0.6648382363757268,1.3716023208137142,-1.9722182024965194,0.2230367003416987,1.1232055216759753,0.20427422544748017,0.010360764788565265,0.2556141870726803
29.64000000001324,-0.6657445159639095,1.3738383347942213,-1.9767187148529735,0.2241706127985333,1.1277717538819774,0.2078516228639948,0.007880292577872582,0.19817077129705743
29.660000000013266,-0.6664070444400909,1.3754766246520902,-1.9800124655650784,0.224999827166634,1.1311015374015887,0.21046609150775758,0.005383179490780092,0.14106082936001627
29.68000000001329,-0.6668795572962792,1.3766458698338122,-1.9823615562164283,0.22559141237238026,1.1334736135127053,0.2123325203330012,0.003833443919958966,0.10047015074596745
29.700000000013315,-0.667216514226159,1.3774801904057934,-1.9840369522849053,0.22601348215710443,1.135163368950075,0.2136649357048764,0.002730776221841895,0.07157839232288644
29.72000000001334,-0.6674568053137087,1.3780753567317092,-1.9852316911003667,0.22631458647657157,1.1363673187186205,0.21461612712698655,0.0019462172236811408,0.05100376444941156
29.740000000013364,-0.667628162954285,1.3784998369541925,-1.9860835825713892,0.22652938179984491,1.1372252587120673,0.21529516856002673,0.0013876996384849976,0.03634764997959565
29.760000000013388,-0.6677503630261213,1.378802538965229,-1.986690967608976,0.2266826015305631,1.1378366949858567,0.21577992620294462,0.0009899411821799443,0.025905314937456562
29.780000000013413,-0.6678375077665586,1.3790183778070593,-1.9871240010895441,0.2267918943551728,1.1382724858743185,0.21612598754285978,0.0007065914866128101,0.01846413003854497
29.800000000013437,-0.6678996536293612,1.3791722686979653,-1.987432719745219,0.22686985211269553,1.1385831051479491,0.2163730356469885,0.0005047043664905398,0.013160985162935953
29.82000000001346,-0.6679439720470874,1.3792819857600325,-1.9876528059786958,0.22692545795031308,1.1388045141544196,0.21654939966321643,0.00036084239388914553,0.009381276006466712
29.840000000013486,-0.6679755771341771,1.3793602061035302,-1.9878097030220656,0.22696512013973516,1.138962338511228,0.21667530334922458,0.00025832306145498197,0.006687216558273372
29.86000000001351,-0.6679981159065627,1.37941597012413,-1.987921551699232,0.22699340992042472,1.1390748407675655,0.21676518414655074,0.0001852674449759577,0.004766899158484453
29.880000000013535,-0.6680141891639514,1.3794557240906264,-1.9880012855645046,0.2270135880098258,1.1391550370931203,0.2168293487319477,0.00013321518782619202,0.0033980644141970466
29.90000000001356,-0.6680256516233327,1.37948406417738,-1.9880581252730676,0.2270279802619169,1.1392122049629148,0.21687515489043438,9.614024872140926e-05,0.0024223163561964416
29.920000000013584,-0.6680338259485481,1.3795042672690954,-1.9880986442778987,0.2270382456700097,1.1392529573091157,0.21690785523675724,6.975080035008475e-05,0.001726762831986484
29.940000000013608,-0.6680396553793531,1.379518669561059,-1.988127528734628,0.22704556755288682,1.139282007929562,0.2169311995355913,5.099079913477407e-05,0.0012309385117514663
29.960000000013633,-0.6680438125752407,1.3795289365555814,-1.9881481193142179,0.22705078993544853,1.1393027169600642,0.21694786468901942,3.768467228888059e-05,0.0008774883053412077
29.980000000013657,-0.6680467772352586,1.3795362555865551,-1.988162797493226,0.22705451483111075,1.1393174796410983,0.21695976169825448,2.828340787247852e-05,0.0006255287132658837
30.00000000001368,-0.6680488914512536,1.3795414730906208,-1.9881732609515024,0.22705717163313358,1.1393280034147644,0.21696825479909934,2.168233499979934e-05,0.0004459167941856985
30.020000000013706,-0.6680503991821969,1.3795451924767212,-1.9881807199054864,0.2270590666104509,1.1393355054366845,0.216974317899536,1.7089775552595664e-05,0.00031787830234200376
30.04000000001373,-0.6680514744047574,1.379547843900836,-1.9881860370728919,0.22706041821188608,1.1393408533648268,0.21697864625822696,1.3932799421515003e-05,0.00022660437008769867
30.060000000013755,-0.6680522411885202,1.3795497340094574,-1.9881898274510736,0.22706138224760217,1.1393446657176518,0.2169817362101624,1.1791670129846064e-05,0.0001615384533038267
30.08000000001378,-0.668052788012387,1.3795510814017413,-1.988192529446524,0.22706206985016716,1.1393473834132903,0.21698394208163196,1.0357067392854734e-05,0.00011515524761095776
30.100000000013804,-0.668053177974151,1.379552041910122,-1.9881944555809055,0.22706256028550947,1.1393493207660075,0.21698551682099138,9.403417641193077e-06,8.209026764804942e-05
30.120000000013828,-0.6680534560713401,1.3795527266224155,-1.9881958286376398,0.227062910090462,1.1393507018391555,0.2169866410043717,8.770703339931446e-06,5.851937776679903e-05
30.140000000013853,-0.6680536543934702,1.3795532147293712,-1.9881968074294587,0.22706315959019432,1.139351686359609,0.21698744354243152,8.349329418654429e-06,4.1716493107982024e-05
30.160000000013877,-0.6680537958248448,1.3795535626833437,-1.9881975051670837,0.227063337546818,1.1393523881911147,0.21698801646260396,8.06650791429679e-06,2.9738285816788343e-05
30.1800000000139,-0.6680538966851672,1.379553810727246,-1.9881980025535102,0.22706346447503525,1.139352888503227,0.21698842546192723,7.874831847271844e-06,2.119942608466973e-05
30.200000000013926,-0.6680539686126638,1.3795539875488296,-1.9881983571183741,0.22706355500704406,1.1393532451589552,0.21698871744055562,7.743638667408261e-06,1.5112360428641257e-05
30.22000000001395,-0.6680540199070146,1.3795541135985756,-1.988198609872033,0.22706361957931953,1.1393534994068768,0.2169889258798229,7.653034068697522e-06,1.0773095784247279e-05
30.240000000013975,-0.6680540564870515,1.3795542034549013,-1.9881987900489686,0.22706366563571875,1.1393536806517104,0.2169890746815632,7.589985830636327e-06,7.679779465489453e-06
30.260000000014,-0.668054082573727,1.3795542675102397,-1.9881989184891573,0.22706369848560226,1.1393538098550897,0.2169891809089462,7.545845317887739e-06,5.474657957461338e-06
30.280000000014024,-0.6680541011771707,1.3795543131729822,-1.9881990100485005,0.2270637219158914,1.1393539019598584,0.21698925674311897,7.51479666845846e-06,3.902700560574396e-06
30.300000000014048,-0.6680541144440245,1.3795543457243056,-1.9881990753171157,0.22706373862762183,1.1393539676182698,0.216989310880024,7.4928782209931165e-06,2.782104849007476e-06
30.320000000014073,-0.6680541239051446,1.3795543689289709,-1.9881991218442314,0.22706375054731712,1.139354014423958,0.21698934952756735,7.477364396470624e-06,1.9832695708794604e-06
30.340000000014097,-0.6680541306522448,1.3795543854707404,-1.9881991550113582,0.22706375904907744,1.1393540477901691,0.21698937711748234,7.466362045588139e-06,1.4138066718415985e-06
30.36000000001412,-0.6680541354638698,1.3795543972627715,-1.988199178654739,0.2270637651129842,1.139354071575827,0.21698939681351836,7.4585483367442386e-06,1.0078554763577126e-06
30.380000000014146,-0.6680541388952304,1.379554405668885,-1.988199195509061,0.22706376943808412,1.1393540885318274,0.21698941087422985,7.452993275153931e-06,7.184665051941293e-07
30.40000000001417,-0.6680541413422699,1.3795544116613008,-1.9881992075237633,0.2270637725229744,1.1393541006191943,0.21698942091196566,7.449041215481227e-06,5.121708237060137e-07
30.420000000014195,-0.6683271046445117,1.3794546947977888,-1.9879536239921403,0.22757558916290235,1.1391650360549002,0.21641037580845793,0.0008297551010813542,0.02476597752525753
30.44000000001422,-0.669147032049068,1.3791554796356138,-1.987215837580752,0.22911330199961386,1.1385960573841,0.21467116926712054,0.0031535744336862975,0.09669427545107448
30.460000000014244,-0.6706232670043208,1.3786114487636607,-1.985877834232272,0.23186230830939975,1.1375925284990045,0.21155966373498097,0.004263986434727247,0.20871463347737987
30.480000000014268,-0.6728526462413406,1.3777992545852082,-1.9838870843142649,0.23584405123653943,1.1361720549609382,0.20700917551470913,0.05165887465197888,0.35554339714071104
30.500000000014293,-0.6756099493048088,1.3767784628262947,-1.981338241843308,0.24122715561864208,1.1341365299559498,0.20101582002103693,0.007591051489182448,0.25411958159246517
30.520000000014317,-0.6798412570507196,1.3752241784942159,-1.9774631150995232,0.249205420917365,1.1312161042828681,0.1920361967996788,0.012164864453562428,0.38249508557746537
30.54000000001434,-0.6849092320667434,1.3733623055882698,-1.9727888244999934,0.25880660608999656,1.1277188932157516,0.1812474563099105,0.016766988252733716,0.5329518818691314
30.560000000014366,-0.6907414060572805,1.3712070011743243,-1.9673479909760747,0.26987111267224995,1.12374596668644,0.16882706961117636,0.007103789329845187,0.7050817432105501
30.58000000001439,-0.6973498713578564,1.368783387411027,-1.9611944511220376,0.28215611702399535,1.119425127203225,0.15497818500636587,0.09257548268774517,0.8975594784440949
30.600000000014415,-0.7042278038487678,1.3662284726759633,-1.9545790046416542,0.2958403998822568,1.1144475790771502,0.13985274179822818,0.019256168791409855,0.6413370420794501
30.62000000001444,-0.7128392728638899,1.3630450688920006,-1.9462807296277977,0.31263136977407074,1.1085347218902752,0.12117374227669182,0.025193711839314112,0.794947224731395
30.640000000014464,-0.7220038052377324,1.3596500446598845,-1.9373131073389076,0.3306952952865548,1.1022445189965304,0.10114772121686595,0.030414748579317034,0.964428133857492
30.660000000014488,-0.7316286482957103,1.3560569165436782,-1.9277127464347226,0.3498210183549038,1.0957129165224635,0.08000553732170734,0.010597005195624062,1.1503094747139322
30.680000000014513,-0.7417466448272722,1.3522964199219316,-1.917541211555677,0.369719095258134,1.0890876996076775,0.05797871527941614,0.12154703334095904,1.351314044394684
30.700000000014537,-0.7517043660341669,1.3485365499238058,-1.9071383422452615,0.3906876812634961,1.0819309458828585,0.03520922596270236,0.029374974659066102,0.9654606241654041
30.72000000001456,-0.763318302846301,1.3441560219553335,-1.8948672585053292,0.41487107288858316,1.0739786147175008,0.008835182557024718,0.036031806868884214,1.122052819193631
30.740000000014586,-0.7750917640280598,1.3396865602246704,-1.8821223937899643,0.4398370304607675,1.0659080398346115,-0.018257614240779062,0.04138588173453252,1.2911204075547882
30.76000000001461,-0.7869459766240867,1.3351295920020945,-1.868927816766946,0.46537185633053785,1.0578577625153196,-0.04585085625298611,0.01375972961273682,1.4730023615776502
30.780000000014635,-0.7989485745642468,1.3305146121626608,-1.8553392044993875,0.4911848520661713,1.0499696220211747,-0.07373307624035912,0.14023378559655938,1.665832818345011
30.80000000001466,-0.8103735983239639,1.3260217042206812,-1.8417817729869008,0.5176779684512703,1.0417049582285687,-0.10180044700620623,0.037032704174844756,1.1901020428659215
30.820000000014684,-0.823166643867138,1.3209693894551515,-1.8262889839581355,0.5472613916637781,1.0328674871124877,-0.13325250537344036,0.04400193144111159,1.3378346842756892
30.840000000014708,-0.8357261793567722,1.31594434366824,-1.8105587760999418,0.5771081893428022,1.0241467529356116,-0.16480413605731112,0.04913509678095697,1.4944840889020148
30.860000000014733,-0.8479996767257082,1.3109356061122435,-1.7946063640073007,0.6070097749345502,1.0156691788499375,-0.1962653857812678,0.016081905443960702,1.6599252467195855
30.880000000014757,-0.8600879019300932,1.3059715981237938,-1.7784808892755417,0.6366913835898658,1.0075592677596321,-0.2274574678666418,0.14845829334620345,1.8316542562145957
30.90000000001478,-0.8712651890997005,1.3012323739013796,-1.7626926628072372,0.666617861202526,0.9992197181589898,-0.2583175226630604,0.04194359939411897,1.3085175393254513
30.920000000014806,-0.8833822316528944,1.2960396688546854,-1.745071666416065,0.6992675702420733,0.990560492833024,-0.2921169189500667,0.04870351251946452,1.4374811936667535
30.94000000001483,-0.8949410834373668,1.29098029206821,-1.727516667139411,0.7316304274159525,0.9821966955086907,-0.3254382987942799,0.05320669925590032,1.5710881730889596
30.960000000014855,-0.9059246190457452,1.2860327988387181,-1.710037001934671,0.7635100309204023,0.9742319057892204,-0.35812655894390305,0.017502112129038648,1.708635346340699
30.98000000001488,-0.9164623022341002,1.2812233880426613,-1.6926710921201498,0.7946642043011236,0.9667675972914107,-0.39004163951987036,0.1452092520339226,1.8673361270218243
31.000000000014904,-0.9259083642156521,1.276719280208075,-1.675992021807333,0.8255739107924732,0.9591996794630481,-0.4211598204613884,0.04367486503354892,1.3194628650606102
31.020000000014928,-0.9358301467625803,1.27190385559637,-1.6578016861617733,0.8585759749493715,0.9515491028669372,-0.4545548110869455,0.049521543640935056,1.4201069098891232
31.040000000014953,-0.9450102929598047,1.2673103887232253,-1.6400439425361721,0.8907150605707096,0.9443018665552748,-0.4869418165976753,0.05293989035916468,1.5203069487198093
31.060000000014977,-0.9534712869953827,1.2629086850626443,-1.622718106116419,0.9218223152137831,0.9375311251917087,-0.5182053264939508,0.01799924682742175,1.6328380057910319
31.080000000015,-0.9613614181701429,1.2587183417763843,-1.6058410404778682,0.9517084113635769,0.9313128675898603,-0.5482489844185974,0.12915699093651212,1.7591144195938888
31.100000000015026,-0.968185817321465,1.254877973150492,-1.5899870925959674,0.9808241881195097,0.9250959969822024,-0.5770853605270502,0.04165331406319838,1.2331621818712641
31.12000000001505,-0.9751087552012628,1.2508824942973897,-1.5731548300293055,1.0111499824310521,0.9189822354139557,-0.6073203190946798,0.04581341052749928,1.29618994391647
31.140000000015075,-0.9812941595668853,1.2471635964122747,-1.5571248256177541,1.0400479159112401,0.9133110147769765,-0.6360660600372229,0.04768709669077207,1.3546676963592166
31.1600000000151,-0.9867962512296924,1.2436853953092597,-1.541878291286358,1.0673982332778242,0.9081224717373785,-0.6632510446332897,0.017452816472300597,1.4155252043994275
31.180000000015124,-0.991761003992051,1.2404568260363007,-1.5274022840737067,1.093085791775123,0.9034641704979477,-0.688827578312963,0.09921483386562871,1.4756896574797729
31.200000000015148,-0.9958807513565807,1.2375727696347756,-1.5141736337252532,1.1174893766679261,0.8988992861305233,-0.7128412062544194,0.03541311590440569,1.032545244627002
31.220000000015173,-0.9998854368714354,1.234678129828589,-1.500647521651127,1.1420140742828926,0.8945614756726105,-0.7371598010492906,0.037251224477579746,1.0463382689791174
31.240000000015197,-1.0033151287095954,1.2320714247130293,-1.488216199062602,1.1646122492465871,0.8906550028318715,-0.7595568870097187,0.03715913667235603,1.0483026984606487
31.26000000001522,-1.0062344905656713,1.229718179917402,-1.476842224601589,1.1852324171731046,0.8871904783418166,-0.7800091699553042,0.015497448778296678,1.0413105132702127
31.280000000015246,-1.008756358385033,1.2276178660398842,-1.4664925391804722,1.2038505713364565,0.8841810288765631,-0.7985226836177337,0.055028790784754825,1.0206002613872203
31.30000000001527,-1.0107513388518883,1.2258125032400946,-1.4574360428100543,1.2207347020090413,0.8813601365370642,-0.8151723645711392,0.024825497745475267,0.7138003948852137
31.320000000015295,-1.0125593892805071,1.2241248617427494,-1.4488549607026147,1.2364881530631107,0.8788492698034048,-0.8308181203075751,0.023950223579952815,0.6706351449310204
31.34000000001532,-1.014005273413058,1.2227093523165637,-1.4415568620660968,1.249917168206369,0.8767412608239781,-0.8441590547648304,0.021566576310628874,0.6076780944907824
31.360000000015344,-1.0151385446683125,1.2215433556338173,-1.4354996899998225,1.261046600607099,0.8750250217202601,-0.8552243548566778,0.011902007791681145,0.5223570761328008
31.380000000015368,-1.0160079592334093,1.2206229755983886,-1.4306599285871962,1.2699512622332518,0.8736708942888379,-0.8640788619033668,0.0030675176330842353,0.40598046857419173
31.400000000015392,-1.016632330226997,1.2199334280823506,-1.4270039064559077,1.2767460682206446,0.8726331182687315,-0.8708232870747654,0.010116019506269181,0.2877701087582853
31.420000000015417,-1.0170705283239678,1.2194421570411214,-1.4243840157840806,1.2815905509862386,0.8719065847892264,-0.8756384194935032,0.00723378857127796,0.20539643956203127
31.44000000001544,-1.0173768298409736,1.2190937429790025,-1.422516570022378,1.285048012463617,0.8713919684755069,-0.879076213555582,0.005161753148440611,0.14657959011399044
31.460000000015466,-1.017592271236712,1.2188463538151124,-1.4211853450720424,1.2875152655439421,0.8710270366748661,-0.8815306484386018,0.0036816007165931153,0.10459430717271335
31.48000000001549,-1.0177445021804747,1.218670546329,-1.4202362964764765,1.2892757457341635,0.8707680445173952,-0.8832830078255232,0.0026247183597447447,0.07462942214671814
31.500000000015515,-1.0178524293993059,1.2185455314684346,-1.4195596678835463,1.2905318366529468,0.8705841324992103,-0.8845341159373387,0.001870286704987244,0.05324625951483889
31.52000000001554,-1.01792913230759,1.2184565953715563,-1.4190772421471645,1.291428008986873,0.8704534818926506,-0.88542735249428,0.0013318634880448161,0.03798847268983853
31.540000000015564,-1.0179837395926048,1.2183933057932148,-1.418733269563349,1.2920673729996701,0.8703606409339388,-0.8860650843641614,0.0009476572501000789,0.0271021042002321
31.560000000015588,-1.0180226649515682,1.2183482568210835,-1.4184880095442114,1.292523509745524,0.8702946539879453,-0.8865203970307471,0.0006735250636128366,0.019335081157747236
31.580000000015612,-1.018050436671852,1.2183161861534577,-1.418313130976365,1.292848922819329,0.870247746697406,-0.8868454703462583,0.0004779455974458751,0.013793776502007771
31.600000000015637,-1.018070263324035,1.218293352185324,-1.418188435300117,1.2930810735323188,0.8702143988595871,-0.8870775584522469,0.00033841721046323547,0.009841689465738239
31.62000000001566,-1.0180844242729656,1.2182770933054439,-1.4180995213719365,1.2932466892573884,0.8701906891370971,-0.8872432591823317,0.00023888054461840267,0.007026534481047024
31.640000000015686,-1.0180945418003653,1.2182655155234126,-1.418036121145404,1.2933648384242615,0.870173831100451,-0.887361562229929,0.00016787593195103615,0.005016637020289554
31.66000000001571,-1.018101772071118,1.2182572707591155,-1.4179909133084871,1.293449124925718,0.8701618443276533,-0.8874460254074726,0.00011722700295743475,0.0035816582774067774
31.680000000015735,-1.0181069398470817,1.2182513993280204,-1.4179586775382813,1.2935092539530846,0.8701533210368289,-0.8875063284009028,8.110070540481298e-05,0.0025571463780221875
31.70000000001576,-1.0181106338814767,1.218247217956398,-1.4179356915370787,1.2935521492308697,0.8701472603965946,-0.8875493820828275,5.533643103371576e-05,0.0018256898524572297
31.720000000015784,-1.0181132746571782,1.2182442401260976,-1.4179193011353968,1.2935827501313366,0.8701429508330515,-0.8875801205138835,3.696758728855537e-05,0.0013034620338201457
31.740000000015808,-1.018115162582767,1.2182421193951551,-1.4179076137762974,1.293604580372319,0.8701398864023215,-0.8876020663972412,2.388123232662318e-05,0.0009306143425293318
31.760000000015832,-1.0181165123332918,1.218240609056715,-1.4178992799648231,1.293620153741811,0.8701377073546362,-0.887617734788504,1.4578585410783084e-05,0.000664417508824377
31.780000000015857,-1.018117477343877,1.2182395334213578,-1.4178933374351648,1.2936312635477796,0.8701361578848661,-0.887628921326979,8.018537784163191e-06,0.00047436470368932124
31.80000000001588,-1.0181181672925725,1.2182387673711208,-1.4178891000359355,1.2936391891132146,0.8701350560963592,-0.8876369080202314,3.603544723758478e-06,0.00033867538743642076
31.820000000015906,-1.0181186605855974,1.2182382218013255,-1.417886078500426,1.2936448430894802,0.8701342726457445,-0.887642610165272,2.0195877714376093e-06,0.00024179920970264818
31.84000000001593,-1.0181190132768565,1.2182378332540102,-1.4178839239518801,1.2936488765488194,0.8701337155588924,-0.8876466812438631,3.4375035804146374e-06,0.00017263390288657147
31.860000000015955,-1.018119265441742,1.2182375565357768,-1.4178823876197797,1.293651753956422,0.8701333194342848,-0.8876495878131769,4.950276699421977e-06,0.00012325293573375108
31.88000000001598,-1.0181194457326206,1.21823735946069,-1.417881292115321,1.2936538066546577,0.8701330377658553,-0.8876516629744463,6.099503270226155e-06,8.79971135921156e-05
31.900000000016004,-1.0181195746351546,1.2182372191064192,-1.4178805109491883,1.2936552710180442,0.8701328374839036,-0.887653144547237,6.936700051688967e-06,6.282602068326672e-05
31.920000000016028,-1.018119666796167,1.2182371191479953,-1.4178799539265223,1.2936563156724827,0.8701326950731965,-0.8876542023242019,7.539683971225455e-06,4.4854978221278524e-05
31.940000000016052,-1.0181197326878741,1.2182370479589844,-1.4178795567326619,1.2936570609130573,0.8701325938125786,-0.8876549575297783,7.972048550734396e-06,3.2024452873983056e-05
31.960000000016077,-1.0181197797977322,1.218236997259182,-1.4178792735071424,1.2936575925563998,0.8701325218120739,-0.8876554967128425,8.28141131140492e-06,2.286402880754219e-05
31.9800000000161,-1.0181198134791363,1.2182369611515276,-1.4178790715485072,1.2936579718227579,0.8701324706170797,-0.8876558816654522,8.502508555680407e-06,1.632389415168527e-05
32.00000000001612,-1.0181198375596534,1.2182369354362044,-1.4178789275385026,1.2936582423857024,0.8701324342158205,-0.8876561565043926,8.660415969656603e-06,1.1654529693063192e-05
32.020000000016076,-1.0181198547759056,1.2182369171221565,-1.4178788248497007,1.2936584354012846,0.8701324083335588,-0.8876563527270863,8.773145075461032e-06,8.320811948977818e-06
32.04000000001603,-1.018119867084502,1.21823690407919,-1.4178787516256584,1.2936585730957495,0.8701323899307158,-0.8876564928212924,8.853599290058618e-06,5.9406864752367625e-06
32.06000000001598,-1.0181198758843573,1.2182368947902098,-1.417878699411955,1.2936586713249596,0.8701323768459948,-0.8876565928422676,8.911008672986223e-06,4.2413833793887505e-06
32.080000000015936,-1.0181198821756463,1.2182368881747605,-1.4178786621800308,1.2936587414002463,0.8701323675426125,-0.8876566642527504,8.951968704135007e-06,3.0281570757274437e-06
32.10000000001589,-1.0181198866734529,1.2182368834633572,-1.4178786356311235,1.2936587913909408,0.8701323609278527,-0.8876567152366234,8.981190393391825e-06,2.161967887948106e-06
32.12000000001584,-1.0181198898890305,1.2182368801079841,-1.4178786166999298,1.293658827053583,0.870132356224754,-0.8876567516368132,9.00203576603064e-06,1.5435476860372242e-06
32.140000000015796,-1.0181198921878996,1.218236877718352,-1.417878603200683,1.293658852494803,0.8701323528808732,-0.8876567776249084,9.016905756580491e-06,1.1020234447087941e-06
32.16000000001575,-1.018043557114086,1.2182284651492996,-1.4179925217233726,1.2933359935562787,0.8700659790013273,-0.88729472616269,0.0008452585455106324,0.034078808420134846
32.1800000000157,-1.0177782855064839,1.218197117304994,-1.4183759074641462,1.2923504440605977,0.869850205601052,-0.8861766533784129,0.030554440700420432,0.13264243245255058
32.200000000015656,-1.0173244261440506,1.218146609358286,-1.4190430724326906,1.2903062836365453,0.8694432814115104,-0.8839379051740716,0.0029802597648616916,0.09491169308485178
32.22000000001561,-1.0162896440923768,1.2180308692319894,-1.4205439056120022,1.2859729496905337,0.8685560899956187,-0.8791352857642218,0.006419020023440053,0.20480601207604515
32.24000000001556,-1.014799173305792,1.2178667593104273,-1.4226784733694018,1.2797856355070187,0.86729786096032,-0.8722854700967799,0.009580477583448141,0.34942737519792366
32.260000000015516,-1.0128514684633667,1.2176672701486027,-1.4254412803428615,1.2718148223986767,0.8656768154148721,-0.863462901188661,0.004832104918662178,0.5261427439615084
32.28000000001547,-1.010372043583985,1.2174157907203755,-1.4288457576664724,1.2622188707762834,0.8637068620092526,-0.8528161299133388,0.09024311112662715,0.7318313167066105
32.30000000001542,-1.0076493850423904,1.2171609503829128,-1.4325382938079434,1.2509273717080878,0.8615054002038227,-0.8404771551849567,0.016348387116555903,0.5231603112080466
32.320000000015376,-1.003876993456008,1.216829753233732,-1.43750311408426,1.2361379743534793,0.8586099856282214,-0.8242218694567973,0.02151713281409567,0.6919784718747533
32.34000000001533,-0.9995679341094745,1.2164806821596355,-1.442990869279491,1.2195896021690509,0.8554287277852152,-0.8060790149645585,0.024854443039032195,0.8818852167123796
32.36000000001528,-0.9947453105317445,1.216139265349969,-1.448947331839623,1.2015163385090821,0.8520013491168482,-0.7863035852810539,0.011839878372932152,1.093402443174811
32.38000000001524,-0.9893054660219454,1.2157858569843831,-1.4553614620598132,1.1821988259729586,0.848364698512584,-0.765163166585482,0.12771003875656584,1.3247733222968296
32.40000000001519,-0.9837289197619089,1.2154682148909595,-1.4617325559125987,1.1615127237460205,0.8446857141849202,-0.74283451428834,0.029062796786516926,0.9467366066104921
32.42000000001514,-0.9767524707566084,1.2151276851403212,-1.4693663443785618,1.1370239293097062,0.8403820929894509,-0.7163000632598036,0.034431472077109365,1.128994936040483
32.4400000000151,-0.9692503822850146,1.2148191088782871,-1.4772068913842336,1.1113365806968543,0.836011442694616,-0.6885612377396678,0.037355462912635085,1.3276063520717425
32.46000000001505,-0.961258876388902,1.2145667498537038,-1.485209534383527,1.0847042332449728,0.8316073200240455,-0.6598825698459097,0.01738078123846375,1.5432667274616363
32.480000000015,-0.9526554098783061,1.2143501824608973,-1.4933733917553484,1.057430748393937,0.8272025854755857,-0.6305262124071583,0.147316320232298,1.773945605503555
32.50000000001496,-0.9440938192129137,1.2141843443790628,-1.5011645307533958,1.0292979860607412,0.8229688208452681,-0.6006336268313455,0.037883127148063855,1.267468467137727
32.52000000001491,-0.9338929847271142,1.2140620599529475,-1.5100020203386635,0.9974345352413904,0.8183108376837258,-0.5666464253548674,0.042902971232284336,1.4457667132885437
32.540000000014864,-0.9232855360196163,1.2139991418604523,-1.5187273460487611,0.9650324621458355,0.8138053782910497,-0.5321887984381382,0.04540284433299972,1.636546706987308
32.56000000001482,-0.9123225683589853,1.2140126205186412,-1.5273209036285689,0.9323353638050186,0.8094662766544144,-0.49749900175655665,0.020729881199619882,1.8400352252803571
32.58000000001477,-0.900877309714875,1.214082958834361,-1.5357985679573576,0.8996446831022202,0.8053105156456074,-0.46280599306515596,0.15242196049648857,2.0537043327586058
32.600000000014724,-0.8897307090254235,1.2141879804192888,-1.5436772574981752,0.8666665454626286,0.8014861844890733,-0.42820460163372276,0.04244224472731815,1.4671465445368055
32.62000000001468,-0.8768953589856715,1.2143777747873803,-1.5522908315882258,0.8303372978778599,0.7974765583914364,-0.3898976581774365,0.04681210151901074,1.6292943846756736
32.64000000001463,-0.8638892014759799,1.2146205226420241,-1.560554696282325,0.7941594477588807,0.7937679778761707,-0.3518172832082163,0.04887406462843907,1.7994215252866044
32.660000000014584,-0.8507682116950089,1.214926201632728,-1.5684766579926341,0.7583488103700992,0.7903493139649312,-0.3141646802726024,0.022244958869357238,1.9770900409098557
32.68000000001454,-0.8374052662142406,1.2152777706153735,-1.5760877046466173,0.7231803229463126,0.7872156035772754,-0.27712604242878214,0.14602819179003054,2.1592093271756085
32.70000000001449,-0.8246294814487366,1.215632421323615,-1.5830115012785628,0.6883129475844699,0.7844776107770519,-0.24075049222546657,0.043138064526397166,1.5423923470060563
32.720000000014444,-0.8103268792213507,1.216076246082477,-1.5903511694446297,0.6507465463250727,0.7817495755389379,-0.20131366873955878,0.046646167503791955,1.6771657461369887
32.7400000000144,-0.7961571718227288,1.2165452486983486,-1.5972187174040886,0.6139996565157403,0.7793640162932451,-0.16274718154832374,0.048163433308650076,1.8145053315079898
32.76000000001435,-0.7821681361584932,1.217045151912424,-1.6036431518492609,0.5782436166855347,0.7772890993887552,-0.1252090422357549,0.022212685708603686,1.9531980013694612
32.780000000014304,-0.7682351850716821,1.2175630170120393,-1.6096643505842254,0.543702118687476,0.7755006742685926,-0.08883662123991068,0.1297930249368473,2.0895720119638037
32.80000000001426,-0.7551437895145947,1.2180556429417535,-1.6150347472757105,0.5100186715405851,0.7740710881579205,-0.0536362640531226,0.04053167403338276,1.4925765498036891
32.82000000001421,-0.7408777990979809,1.2186154151355952,-1.6205548385781656,0.4745161257738739,0.7727571584181286,-0.016269963177201006,0.042982378326813904,1.5889304384152194
32.840000000014165,-0.7270581460027596,1.2191696410078467,-1.6255897624859492,0.4404319275797529,0.7717284889317727,0.019638478092864606,0.04375580054442535,1.681474377205612
32.86000000001412,-0.7137161617501703,1.2197220041351535,-1.6301802711767301,0.40788120970084846,0.7709434227320243,0.05397951318029641,0.02078327064862676,1.7681269122688008
32.88000000001407,-0.7007377536650723,1.2202642981015819,-1.6343687577482677,0.3770164950394424,0.7703680547108929,0.08666998199689879,0.10421630845245682,1.8446536377685847
32.900000000014025,-0.688775857726436,1.2207653629162902,-1.6380271674958047,0.3474995538256653,0.7700424444848348,0.11774303040037953,0.035003341789492076,1.3175793550927937
32.92000000001398,-0.6761513243984668,1.221300651049639,-1.6416545893700727,0.3172348228936491,0.7698430251824814,0.14983644885478958,0.03617247738346645,1.3645015729019387
32.94000000001393,-0.6642573306218317,1.2218075159725104,-1.6448657137921858,0.288892574662926,0.7698110316170069,0.17994128803326956,0.03594228663228931,1.400266118609668
32.960000000013885,-0.6531055261852101,1.22228857506412,-1.6477038617487225,0.26252623618564513,0.7699068991562302,0.20800156545393111,0.01797291254256018,1.4218328347390614
32.98000000001384,-0.6426045908330317,1.222739883377804,-1.650208699503273,0.23820325339581566,0.7700983068607514,0.23399363422440952,0.06911702598010422,1.4244331299748652
33.00000000001379,-0.633194817233209,1.223145200336499,-1.65234046161486,0.21563990442702022,0.7704014940839742,0.25798668678704734,0.026648991060951678,1.0173761346496382
33.020000000013745,-0.6237665477552752,1.2235507288733234,-1.6543489851592403,0.1935753473712367,0.7707667797509073,0.28160449504937096,0.026271954170977198,1.0038604429903226
33.0400000000137,-0.6153042003683374,1.2239143808021664,-1.6560511664711126,0.17384379246565312,0.7711671652790214,0.3027599095464548,0.024762567593549712,0.9708680638424502
33.06000000001365,-0.6078001716027374,1.2242380249281355,-1.6574837613377182,0.15643630075559545,0.771574755891838,0.3214555655572794,0.013716130410874676,0.9143080101541189
33.080000000013605,-0.6012013318730901,1.224520728460517,-1.6586775896113282,0.14132610700283013,0.7719690423924137,0.3377326721237494,0.02398580307163168,0.8289004980745498
33.10000000001356,-0.5956644420630266,1.224758780568294,-1.659641750694037,0.12832331065458577,0.772349972641472,0.3516928936282069,0.015379689251430642,0.5919613487268285
33.12000000001351,-0.5908674931065605,1.22496407453084,-1.6604415000168762,0.11725063568657978,0.7726918828706337,0.36363228801464725,0.01316752809251217,0.5070027200778906
33.140000000013465,-0.5872205624167016,1.2251201565575733,-1.6610299814952438,0.10885194372255362,0.772965881374946,0.3726923947657377,0.010129726041724548,0.3932784561951766
33.16000000001342,-0.5845515796205102,1.2252344606248724,-1.6614500858846388,0.10271580555946414,0.773173961417332,0.37931378113800696,0.007276899252972457,0.2807773048098092
33.18000000001337,-0.5826454994159587,1.225316021623829,-1.661744472692206,0.09833689553024162,0.773326542467884,0.38404108222084044,0.005193226414902629,0.20045942140819453
33.200000000013326,-0.5812845519906176,1.2253742263527132,-1.6619517857109045,0.09521193242331384,0.7734374296030834,0.3874161127109821,0.003706353606209577,0.14311688553746812
33.22000000001328,-0.5803129599916149,1.2254157510523234,-1.662098291954642,0.09298180314595338,0.7735175463468335,0.38982569674833684,0.0026453013563255585,0.10217748958028602
33.24000000001323,-0.5796193967670523,1.225445369611968,-1.6622020909432487,0.09139025499053022,0.7735751967986637,0.39154600553582114,0.0018881001485468666,0.07294903288080282
33.260000000013186,-0.5791243346983288,1.2254664926723904,-1.6622757679591704,0.09025442619812868,0.7736165631716599,0.3927742100839191,0.0013477289905566875,0.052081539851844244
33.28000000001314,-0.5787709782154191,1.2254815554066847,-1.6623281339579428,0.089443822867301,0.7736461857022341,0.393651079585196,0.0009620948349357402,0.037183311657575185
33.30000000001309,-0.5785187741018145,1.225492295747452,-1.6623653888121392,0.08886531983501413,0.773667368398501,0.3942771154352953,0.0006868891266859436,0.026546807124590302
33.320000000013046,-0.5783387705357877,1.225499953634759,-1.6623919113504206,0.08845245855812003,0.7736825006443303,0.3947240700458349,0.0004904931200645937,0.018952936274847124
33.340000000013,-0.5782103002082104,1.2255054135164978,-1.6624108026344104,0.08815781051152934,0.7736933029076111,0.39504317064565586,0.0003503434692341218,0.013531336447092803
33.36000000001295,-0.5781186107473802,1.2255093061689006,-1.662424263136743,0.0879475277699618,0.7737010102513344,0.3952709906220973,0.0002503391983289384,0.009660617044673435
33.380000000012906,-0.5780531723954684,1.2255120814024625,-1.6624338564992676,0.08779745421771479,0.77370650739111,0.3954336413342224,0.00017899155981676928,0.006897139747088942
33.40000000001286,-0.5780064696203463,1.2255140599541752,-1.662440694970166,0.08769035038019814,0.7737104271205126,0.39554976483521415,0.00012810395113963235,0.004924171499891255
33.42000000001281,-0.5779731384032114,1.2255154705122047,-1.662445570292616,0.08761391293805486,0.7737132215607848,0.3956326705100245,9.183008168866621e-05,0.003515582557584017
33.440000000012766,-0.5779493503805764,1.2255164761264827,-1.6624490463575763,0.08755936134502926,0.7737152134994673,0.39569186051585964,6.600205835247869e-05,0.002509928896507088
33.46000000001272,-0.5779323732386656,1.2255171930448534,-1.6624515249275325,0.08752042915273446,0.7737166332625067,0.39573411886177146,4.7650996422453384e-05,0.0017919484957776622
33.48000000001267,-0.5779202569349389,1.2255177041454914,-1.662453292328383,0.08749264415416336,0.7737176451360149,0.39576428895080384,3.466468782775761e-05,0.0012793507102298572
33.500000000012626,-0.5779116097399082,1.225518068514996,-1.6624545526566488,0.08747281464472606,0.7737183662690567,0.39578582870172835,2.5542212813429294e-05,0.0009133846177375892
33.52000000001258,-0.5779054383920778,1.2255183282777191,-1.6624554514148284,0.08745866278167712,0.7737188801817421,0.39580120687498654,1.9216049124459627e-05,0.0006521053445492049
33.54000000001253,-0.5779010340143114,1.2255185134649649,-1.6624560923433762,0.08744856292276561,0.7737192464103922,0.3958121860272871,1.4920164420109168e-05,0.0004655665968737335
33.56000000001249,-0.5778978906918598,1.2255186454865417,-1.662456549412437,0.08744135488536967,0.7737195073904817,0.3958200245253808,1.2090807824458349e-05,0.0003323883966143226
33.58000000001244,-0.5778956473617082,1.2255187396057965,-1.6624568753676734,0.08743621067425618,0.7737196933663911,0.3958256207726066,1.0296933872549762e-05,0.0002373066362219513
33.60000000001239,-0.5778940463394329,1.225518806704147,-1.6624571078216275,0.08743253936846775,0.7737198258926133,0.39582961617858115,9.20273131256758e-06,0.0001694235976982856
33.62000000001235,-0.577892903720273,1.225518854539069,-1.6624572735962242,0.08742991924139103,0.7737199203299796,0.3958324686737987,8.55536283386777e-06,0.00012095892089634212
33.6400000000123,-0.5778920882547669,1.2255188886409394,-1.6624573918188303,0.08742804931647048,0.7737199876251087,0.3958345051949396,8.178667826702391e-06,8.6357864708688e-05
33.66000000001225,-0.5778915062726143,1.225518912952412,-1.6624574761298208,0.08742671479366332,0.7737200355787597,0.3958359591564447,7.959913653276192e-06,6.165465539981323e-05
33.68000000001221,-0.5778910909230824,1.2255189302842366,-1.662457536256703,0.0874257623751109,0.773720069749817,0.39583699720311954,7.831606629593851e-06,4.4017952936388336e-05
33.70000000001216,-0.5778907944960698,1.2255189426402195,-1.662457579136607,0.08742508265564503,0.7737200940995462,0.3958377383099951,7.754962208925493e-06,3.142633939430727e-05
33.720000000012114,-0.5778905829417836,1.2255189514488878,-1.662457609716743,0.08742459755530141,0.7737201114507269,0.39583826741855926,7.708112795378802e-06,2.243663582301102e-05
33.74000000001207,-0.5778904319595377,1.2255189577286503,-1.6624576315252229,0.08742425135019398,0.7737201238148488,0.39583864517225953,7.678757478659387e-06,1.6018493487506337e-05
33.76000000001202,-0.5778903242063965,1.225518962205538,-1.6624576470781338,0.08742400427145713,0.7737201326252753,0.3958389148671082,7.659913136761069e-06,1.1436301250096897e-05
33.780000000011974,-0.5778902473050399,1.2255189653971432,-1.662457658169837,0.08742382793695849,0.7737201389034026,0.3958391074140226,7.64754734973321e-06,8.164874097677296e-06
33.80000000001193,-0.5778901924220109,1.2255189676724614,-1.662457666079992,0.08742370209101684,0.7737201433770616,0.39583924488165806,7.639278283485061e-06,5.8292594517844616e-06
33.82000000001188,-0.5778901532530408,1.2255189692945518,-1.6624576717211976,0.08742361227761317,0.7737201465648922,0.3958393430257927,7.633661764356766e-06,4.161762249699026e-06
33.840000000011834,-0.5778901252988942,1.225518970450952,-1.662457675744282,0.08742354817981542,0.7737201488364679,0.3958394130951645,7.629799797934278e-06,2.9712632777869558e-06
33.86000000001179,-0.5778901053485526,1.2255189712753582,-1.6624576786133864,0.08742350243466342,0.7737201504551398,0.39583946312073937,7.627118689983836e-06,2.1213141637415042e-06
33.88000000001174,-0.5778900911103739,1.225518971863083,-1.662457680659519,0.08742346978737972,0.773720151608567,0.3958394988361738,7.625243903501153e-06,1.5144984593603537e-06
33.900000000011694,-0.5778900809488566,1.2255189722820763,-1.6624576821187413,0.08742344648774865,0.7737201524304713,0.3958395243349757,7.6239258534208395e-06,1.0812663020421643e-06
33.92000000001165,-0.5778900736967751,1.2255189725807798,-1.6624576831594018,0.08742342985932625,0.7737201530161396,0.3958395425396788,7.622995776540743e-06,7.719630062427434e-07
33.9400000000116,-0.5778900685211023,1.2255189727937275,-1.6624576839015606,0.08742341799199506,0.7737201534334721,0.39583955553680744,7.622337262529201e-06,5.511379245719475e-07
33.960000000011554,-0.5778327647691903,1.2255289517683738,-1.6624837014406366,0.0872899059538273,0.7737459108961883,0.39594644211795743,0.00033069316882901973,0.012844932601551774
33.98000000001151,-0.5776386846982137,1.2255626763024454,-1.6625695046506428,0.086884207542455,0.7738200271301406,0.396276574632649,0.010310003384413303,0.0524586588945341
34.00000000001146,-0.5773012465453637,1.2256218199901179,-1.6627261514609577,0.08604402083407253,0.773990688835035,0.39693713830030775,0.0010260469469803536,0.035296389504435234
34.020000000011414,-0.576539935959923,1.2257547096542383,-1.6630723667577147,0.08426261984945495,0.7743407636870353,0.3983545324863873,0.002247384915156311,0.07615181191199669
34.04000000001137,-0.5754525188778732,1.2259442547301378,-1.6635649924874698,0.08172198225323199,0.7748416110099373,0.4003761046558106,0.003708374200625263,0.12995060380084625
34.06000000001132,-0.5740430318266718,1.2261913387057572,-1.664202861287136,0.07845171355328862,0.7754850852833174,0.4029798086401162,0.0009193401998408122,0.19694248653174537
34.080000000011275,-0.5722876427861346,1.2264975400106113,-1.6649839658729813,0.07452712406665837,0.7762477361817361,0.406122207163622,0.03075702147718293,0.28225892513113776
34.10000000001123,-0.5703708946187751,1.2268328761101197,-1.6658498535162642,0.06991735426589873,0.7771848669152854,0.4097630887246324,0.0056477423396427175,0.19436106429904265
34.12000000001118,-0.5677674037895746,1.2272866400173652,-1.66700367920968,0.06388931333019797,0.7783912531076859,0.4145603120715653,0.007550253368374409,0.2570115106582134
34.140000000011135,-0.5648537050833156,1.2277935114189114,-1.6682820654183157,0.05716344955925791,0.7797461391208137,0.419914604913374,0.00938562456950166,0.32753436471380387
34.16000000001109,-0.5616573787384499,1.2283513703120543,-1.6696730591670494,0.04983767529448416,0.7812264060322314,0.425750600913542,0.002953990124776996,0.4081492447041565
34.18000000001104,-0.5581517057817954,1.2289601813482358,-1.6711673327109189,0.04204139704433486,0.7827946959593486,0.43198992186089424,0.044863909891683325,0.507287531353147
34.200000000010995,-0.5546141663360399,1.2295757763412942,-1.6726832102891946,0.033719709128974436,0.7845351380339397,0.43857862292073596,0.010235100119641398,0.35116249083088547
34.22000000001095,-0.5502955372971643,1.2303243996188313,-1.674490883309138,0.023894963304395552,0.7865725510842123,0.4464093664484746,0.01231503199601551,0.4185886311792968
34.2400000000109,-0.5457630775494582,1.2311085272113875,-1.676358053661412,0.013629344064657151,0.788721987876007,0.4545955634261045,0.014155884726560292,0.4920972544638608
34.260000000010855,-0.5410438557318282,1.23192690506044,-1.6782748911943612,0.003024722702235074,0.7909570158057614,0.463059023340092,0.005186144717665442,0.5745226152400071
34.28000000001081,-0.5360972145943826,1.2327805935506069,-1.6802335502476333,-0.007784894052049419,0.7932356664645783,0.47172299454818756,0.05414301319609732,0.6761333245847118
34.30000000001076,-0.5312550310484508,1.2336180345238756,-1.6821490263207053,-0.01889551322950866,0.7956649178604929,0.4805438073927317,0.013745829181270722,0.4690256097139729
34.320000000010715,-0.5256086891679626,1.2345909607847885,-1.684320575189673,-0.03144845537892289,0.7983981659998808,0.4905739717119609,0.01580094550144597,0.5346655165810762
34.34000000001067,-0.5198584223152185,1.2355802254682988,-1.686486153240902,-0.04416659234471147,0.8011994330099923,0.5007429913722564,0.017492531564389752,0.6049042770144852
34.36000000001062,-0.5140275054486106,1.2365855904650993,-1.6886405744065618,-0.0569580429126473,0.8040413820516651,0.5109804390990992,0.006938441484511669,0.6826992512383177
34.380000000010575,-0.5080648302043296,1.2376094007635325,-1.6907790287425255,-0.06969777997944233,0.8068803911601655,0.5212192608462172,0.05883898530531313,0.7792665914032749
34.40000000001053,-0.5023276358835429,1.2385972471599676,-1.6928255021894145,-0.08251416791549206,0.8098360221957819,0.5314297261408987,0.015989468890164883,0.5411490890210686
34.42000000001048,-0.495823650976112,1.239713737823936,-1.695071415791451,-0.09661383228455632,0.8130827756276939,0.5427347184701193,0.017873110193233094,0.6004378010090252
34.440000000010436,-0.48932975362776715,1.2408277574943696,-1.697258247338042,-0.11061814672152165,0.8163471746663924,0.553972870813528,0.019299584968087976,0.6626209274984565
34.46000000001039,-0.4828650058981183,1.2419396925879411,-1.699385626792364,-0.12444978052405811,0.8196023810268206,0.565084703335631,0.00810218208915071,0.7304572372203929
34.48000000001034,-0.4763732365404032,1.243052973312824,-1.701451948369629,-0.13799969219637165,0.8228056173558403,0.5760156419575291,0.05892584366587326,0.8152419806083014
34.500000000010296,-0.4702086904253202,1.2441140987519106,-1.7033975634076046,-0.1514149532129368,0.8260786252231748,0.5867497760681858,0.01691941267211391,0.5665138397482652
34.52000000001025,-0.4633771439245817,1.2452878102845257,-1.7054775657981365,-0.16586747916121164,0.8296044280629558,0.5983882159772789,0.018495604187850078,0.6153669223680109
34.5400000000102,-0.4566711532908303,1.2464406621107673,-1.7074627999250844,-0.17998690441802248,0.8330902135657887,0.6097698257370866,0.01955010611076991,0.6651129926826876
34.560000000010156,-0.4501050202150045,1.2475733065411914,-1.709357092094472,-0.1937131143957025,0.836511307334843,0.620847883995478,0.008631702249644789,0.7180321348833288
34.58000000001011,-0.44362276292947217,1.2486899175787285,-1.7111618364348626,-0.20695879083825922,0.8398287832808088,0.6315820983883449,0.054296788463293014,0.7845315260410749
34.60000000001006,-0.43754701015371866,1.2497413823416,-1.7128365395951899,-0.21987502890897084,0.8431566695144401,0.6419695398590216,0.01650016752937675,0.5455008246623947
34.620000000010016,-0.43096728122818273,1.2508794627184194,-1.7145823457512375,-0.23350061628899496,0.8466684333467184,0.6529969327333032,0.01763562533672124,0.5800511203489518
34.64000000000997,-0.4246260407290015,1.2519784079301384,-1.7162161494168313,-0.2465805877537584,0.8500760601572274,0.6635941014705026,0.018218311522898583,0.6131909117292574
34.66000000000992,-0.4185319919255284,1.2530389183919646,-1.7177448145500918,-0.2590740929183273,0.8533590144421201,0.673728639472255,0.008479744814148342,0.6464623201221393
34.680000000009876,-0.4126344525672269,1.2540653581314327,-1.7191721741201687,-0.2709208144192556,0.8564858203656053,0.6833761594690531,0.04480700187227201,0.6882916454191529
34.70000000000983,-0.4071960954133768,1.2550167436328217,-1.7204757763929082,-0.28226095622113706,0.85955336102235,0.6925457196283132,0.014685584752658949,0.4790052388775509
34.72000000000978,-0.40147778230337744,1.256017751613254,-1.7217954976023944,-0.29390377300374143,0.8627023820314969,0.7020169928920036,0.015248968761239129,0.49552207810707044
34.740000000009736,-0.3961032945571616,1.2569612139197148,-1.7230016223559461,-0.30481411382748314,0.8656796466816663,0.7109014094069808,0.015270613045178133,0.5080136163516265
34.76000000000969,-0.39107499026741904,1.2578478503055253,-1.7241024137737007,-0.31497201150638454,0.8684709241666562,0.7191823861117823,0.007592453316975687,0.5170461073627847
34.78000000000964,-0.38635283553401467,1.2586814200208694,-1.7251031389009004,-0.3243489997526719,0.8710562864190627,0.7268530363613386,0.030304743462513013,0.5278450793733794
34.8000000000096,-0.38211206688511207,1.2594335958143843,-1.7259956938051049,-0.3330595180313831,0.8735062855179334,0.7339333604145188,0.011425143556159954,0.3680395789281635
34.82000000000955,-0.3778724327036159,1.2601864430393215,-1.7268585416321007,-0.34158823761046875,0.8759023189414801,0.7409033336345494,0.01128876697900507,0.36283262505170905
34.8400000000095,-0.3740701153171331,1.2608635358097369,-1.7276152463553223,-0.34922180123359725,0.8780604457494984,0.747146609257379,0.010673766812005055,0.3506462562546625
34.86000000000946,-0.37070083335529236,1.2614658048005292,-1.7282734624406875,-0.35596237896931243,0.8799750098334196,0.7526639274955577,0.0059249419776716316,0.330853005797558
34.88000000000941,-0.36774109834911745,1.2619954757279328,-1.7288384611943186,-0.36181780114916506,0.8816420521335527,0.7574674967190476,0.010688060710383309,0.30415882962677426
34.90000000000936,-0.365252185677892,1.2624423169621755,-1.7293120236345558,-0.36686198546574605,0.8830966248303154,0.761587193176067,0.0066834213308062706,0.21331477911670202
34.92000000000932,-0.3630990625141646,1.2628292196130946,-1.7297127788413458,-0.3711599897199972,0.8843335783547469,0.7651106649282365,0.005726287591724968,0.18259615561186476
34.94000000000927,-0.36146283672860785,1.2631238112479193,-1.7300140255390353,-0.3744208402675871,0.8852748310536144,0.767784395217246,0.004411482361738307,0.14155821822300343
34.960000000009224,-0.36026594126906075,1.2633395598762436,-1.7302325084486045,-0.3768033560808822,0.8859638154428602,0.7697384325773737,0.0031744298035438455,0.10099786922159013
34.98000000000918,-0.35941163013740246,1.2634935413827724,-1.7303871215229454,-0.3785033076924172,0.8864558108719865,0.7711335363399386,0.0022659221470808155,0.07206494773060942
35.00000000000913,-0.3588019147976605,1.263603397881022,-1.730496742528463,-0.3797162935497371,0.886806970501985,0.77212958454659,0.0016171895301613339,0.051422111209382795
35.020000000009084,-0.35836678934121097,1.2636817561509854,-1.7305745562064823,-0.38058183288165764,0.8870575374097674,0.7728407229845737,0.0011540585433449113,0.03669321060513564
35.04000000000904,-0.3580562724616822,1.2637376383721817,-1.7306298387611316,-0.3811994600045634,0.8872362907634487,0.773348447233021,0.0008234785655721234,0.026183557156009327
35.06000000000899,-0.357834685506602,1.2637774868885914,-1.7306691381550365,-0.3816401893442287,0.887363794064886,0.7737109418986475,0.0005875402171885033,0.018684292747128448
35.080000000008944,-0.3576765625725838,1.2638058997286925,-1.7306970876442904,-0.3819546902378979,0.887454731672562,0.7739697484714354,0.00041916558725248773,0.013333013114480003
35.1000000000089,-0.3575637286560387,1.2638261574873966,-1.730716971379902,-0.38217911712544483,0.8875195851717544,0.7741545259147773,0.00029901982312658515,0.00951442480340122
35.12000000000885,-0.35748321300639796,1.2638406002324103,-1.7307311201676943,-0.3823392682855435,0.8875658339566643,0.7742864495403821,0.00021330071304597072,0.006789512904275231
35.140000000008804,-0.35742575930749804,1.2638508968587536,-1.730741189709366,-0.3824535526617842,0.8875988139722355,0.7743806376709469,0.00015215812913723658,0.004845024955884075
35.16000000000876,-0.3573847621635409,1.2638582374455394,-1.7307483569068074,-0.38253510656624184,0.8876223313940064,0.774447884181155,0.00010856467665493419,0.00345743769308167
35.18000000000871,-0.3573555079962843,1.2638634705560075,-1.730753458712135,-0.3825933039493301,0.8876391008990054,0.7744958954630446,7.750925937477377e-05,0.002467251272312417
35.200000000008664,-0.3573346332675451,1.263867201203764,-1.7307570905209146,-0.3826348340256952,0.8876510585221654,0.7745301735699427,5.542156483239925e-05,0.0017606494064041438
35.22000000000862,-0.35731973783174276,1.26386986073549,-1.7307596759896329,-0.38266447021873173,0.8876595849138762,0.7745546467459257,3.976151056085867e-05,0.0012564139071916823
35.24000000000857,-0.35730910901105384,1.2638717566714788,-1.730761516624136,-0.38268561885638214,0.8876656646218857,0.7745721195985972,2.8726099130400573e-05,0.0008965878209698969
35.260000000008525,-0.3573015246919647,1.263873108247346,-1.7307628270245428,-0.3827007107102445,0.8876699997113147,0.7745845945043895,2.1038752825147508e-05,0.000639813082535699
35.28000000000848,-0.3572961128155118,1.26387407175673,-1.7307637599479127,-0.38271148039374986,0.8876730908032557,0.7745935010790365,1.579436907411944e-05,0.00045657647200313936
35.30000000000843,-0.35729225111143,1.2638747586204635,-1.7307644241366191,-0.3827191657393624,0.88767529487006,0.7745998600102577,1.2339654463406317e-05,0.0003258172213834499
35.320000000008385,-0.35728949555057943,1.2638752482691513,-1.7307648970038074,-0.3827246500740122,0.8876768664514313,0.7746044000276993,1.0178818962999702e-05,0.0002325062405976925
35.34000000000834,-0.35728752929051827,1.2638755973276021,-1.7307652336611283,-0.3827285637471647,0.8876779870459819,0.7746076414147526,8.912180958953045e-06,0.00016591866521186666
35.36000000000829,-0.3572861262446289,1.2638758461625643,-1.730765473344234,-0.3827313565816917,0.8876787860699706,0.774609955632625,8.218266958808175e-06,0.00011840114878728557
35.380000000008245,-0.3572851250862648,1.2638760235506383,-1.7307656439865566,-0.38273334957523564,0.8876793558023798,0.7746116078895152,7.860785696963529e-06,8.449219991680624e-05
35.4000000000082,-0.35728441069903133,1.2638761500060085,-1.7307657654752022,-0.38273477179466153,0.8876797620416542,0.7746127875332848,7.686569401247092e-06,6.029445088755788e-05
35.42000000000815,-0.35728390094038437,1.263876240152748,-1.730765851968801,-0.3827357867042195,0.887680051704524,0.774613629750595,7.606601461179036e-06,4.302670508486757e-05
35.440000000008105,-0.3572835371966378,1.2638763044159989,-1.7307659135476259,-0.38273651095354067,0.8876802582443126,0.7746142310592108,7.5729473155647784e-06,3.070427536169604e-05
35.46000000000806,-0.35728327764337375,1.263876350227582,-1.7307659573883623,-0.3827370277849109,0.8876804055144315,0.7746146603688785,7.561052516343068e-06,2.191087032444478e-05
35.48000000000801,-0.35728309243633827,1.263876382885454,-1.730765988600478,-0.3827373966008221,0.887680510523203,0.7746149668783426,7.558783945902888e-06,1.563581118553445e-05
35.500000000007965,-0.3572829602798479,1.2638764061663894,-1.7307660108216731,-0.3827376597914639,0.8876805853981563,0.7746151857134956,7.560345586662767e-06,1.1157867937564959e-05
35.52000000000792,-0.357282865978143,1.2638764227627537,-1.7307660266418166,-0.38273784760688495,0.8876806387866426,0.7746153419527885,7.5630859956582155e-06,7.962363965849156e-06
35.54000000000787,-0.3572827986881278,1.2638764345938633,-1.7307660379047665,-0.38273798163381295,0.8876806768545248,0.7746154535012076,7.565873022884105e-06,5.682021142641394e-06
35.560000000007825,-0.35728275067259624,1.2638764430279492,-1.7307660459232577,-0.3827380772767466,0.8876807039982777,0.77461553314218,7.568288791243464e-06,4.0547462152830335e-06
35.58000000000778,-0.35728271641058185,1.2638764490403855,-1.7307660516318861,-0.38273814552848556,0.8876807233527424,0.7746155900025481,7.57023199301268e-06,2.8935068269357964e-06
35.60000000000773,-0.35728269196254003,1.2638764533264928,-1.7307660556960354,-0.38273819423359967,0.887680737153168,0.7746156305985026,7.5717323330878154e-06,2.0648350563950276e-06
35.620000000007686,-0.35728267451736617,1.2638764563819451,-1.7307660585894198,-0.38273822899005,0.8876807469933674,0.7746156595823359,7.572862170679753e-06,1.473486704210119e-06
35.64000000000764,-0.35728266206916615,1.2638764585600963,-1.7307660606492972,-0.3827382537925965,0.8876807540097846,0.774615680275594,7.57369919617632e-06,1.051494686285258e-06
35.66000000000759,-0.3573926420016685,1.2638649186995377,-1.7307652656934718,-0.38251248386714476,0.8876377068239893,0.7744397487642158,0.00048821370027917756,0.021749086807487383
35.680000000007546,-0.35776250058546966,1.2638262505981566,-1.7307632631056842,-0.38182680419232334,0.8875092570813722,0.7738963098382307,0.018432647721632518,0.08935431185173827
35.7000000000075,-0.35841522962934436,1.2637568431913138,-1.7307537676634162,-0.3804028914654316,0.8872322506871753,0.7728088097972339,0.0018300704808808692,0.05980160773074849
35.72000000000745,-0.3598787697474928,1.2636024198884244,-1.7307357244976727,-0.3773858670127406,0.8866545037652691,0.7704753801983275,0.003934357221751955,0.1290716184420551
35.740000000007406,-0.36196750679715045,1.2633823507726991,-1.7307060380740997,-0.373081181553739,0.8858334521135238,0.7671472885060787,0.006314550157349486,0.22036260303460484
35.76000000000736,-0.3646705817217792,1.263098358797218,-1.7306607962853613,-0.3675369236561093,0.8847821470613476,0.7628608190549003,0.0008398728253689749,0.33409873610573704
35.78000000000731,-0.36802464797423023,1.2627480362577463,-1.7305967770673392,-0.3608804775762156,0.8835363879403461,0.7576875659405392,0.05481111032646752,0.48076968027428013
35.800000000007266,-0.3717031310059593,1.2623626146229963,-1.7304993456197777,-0.35304777137598353,0.8820593462086443,0.7516934753857776,0.010043483344928257,0.33033026569640717
35.82000000000722,-0.3766735940113339,1.2618470645344588,-1.7303551256103495,-0.3428007557334616,0.8801634869467857,0.7437958127881344,0.013244507753083272,0.4373295295145576
35.84000000000717,-0.38222234724136633,1.2612749666612564,-1.7301628957165627,-0.3313533491799649,0.878071993206078,0.7349810373207976,0.016131868216143833,0.5580440315336795
35.860000000007126,-0.38829051108069595,1.2606532271993751,-1.7299146169693314,-0.31886745857050086,0.8758237059863818,0.72537321180036,0.005337840915691007,0.6963025535314166
35.88000000000708,-0.3949156683544254,1.2599806191782932,-1.7296041751609508,-0.30556262694515723,0.87347687496284,0.7151014836657607,0.07927997208852923,0.8686413094719044
35.90000000000703,-0.4016060425530412,1.2593013548218357,-1.7292216531109161,-0.2913281620584189,0.8709715421475053,0.7042543932784086,0.01803003298049535,0.6011223079515577
35.920000000006986,-0.4097244571491604,1.2584869756867003,-1.7287082641410425,-0.27450242805808023,0.8680889458854527,0.691362631718068,0.02145108367683514,0.7178521117342097
35.94000000000694,-0.4182083438800972,1.2576424194969518,-1.7280960992636278,-0.256887817082203,0.8651340097355822,0.6778856736932561,0.024277356645958984,0.845465814042337
35.96000000000689,-0.4270001701750194,1.256772936057916,-1.7273786937237072,-0.23865503456122536,0.8621455626742447,0.6639522313459142,0.009293151118506744,0.9889865052773636
35.98000000000685,-0.43616300696731275,1.2558757528912348,-1.7265516100880538,-0.2200351032628732,0.8591809988490892,0.6496887717881701,0.09452655136169599,1.1676517893126999
36.0000000000068,-0.44511077211805,1.2549992398622907,-1.725627939431886,-0.2008456386418834,0.8561523731674554,0.6351670552485853,0.02392037369383906,0.8110037358870643
36.02000000000675,-0.45547135611553985,1.2539959889531438,-1.7244694430941863,-0.1791301942036782,0.8528461395057328,0.6186543805823189,0.027258413125425533,0.9264359528351911
36.04000000000671,-0.4659593309856802,1.2529871251392322,-1.723177752046863,-0.15707874265263053,0.8495854994072765,0.6019130918036915,0.02984587505161369,1.0502795326509475
36.06000000000666,-0.47652787759052184,1.2519747481783214,-1.721751555244454,-0.1348497656860037,0.8464019623709055,0.5850591226097699,0.012110618837030258,1.1879722281287894
36.08000000000661,-0.4872620265307781,1.250955297221422,-1.7201903777057543,-0.11266379503246543,0.8433431174511615,0.5682029545469894,0.10133748819714893,1.359294777019959
36.10000000000657,-0.4975346599029151,1.249977474703405,-1.7185430906601706,-0.09028429281720159,0.8402991057529584,0.5513936259996024,0.027486060440737953,0.9462537123994387
36.12000000000652,-0.5090897040229878,1.2488877714762752,-1.7165717748310192,-0.06562278343512473,0.8370958355192997,0.5327822022625069,0.03054936520366626,1.0520215453051607
36.140000000006474,-0.5205409144101764,1.2478126045030327,-1.714470159194,-0.041071688026742846,0.8340247861643731,0.5142807995986317,0.03276283165013641,1.1632062787538557
36.16000000000643,-0.5318552673999682,1.246751044505277,-1.7122427110362846,-0.016769868492735637,0.8311079346585579,0.49598733217412727,0.013794000608231974,1.2851045937171317
36.18000000000638,-0.5431318264258299,1.245699845544492,-1.7098928877517792,0.007085756426733822,0.8283791585821133,0.477991714505462,0.10013089882282109,1.4362288783999446
36.200000000006334,-0.5537543847542727,1.2447061025116917,-1.707508248480162,0.030761420075840096,0.8257164670760313,0.46032046050414516,0.02878538000670587,1.0012310998445213
36.22000000000629,-0.5654314339505618,1.2436209757445005,-1.704756986766831,0.05630510620674672,0.8230056337132163,0.4411600881766221,0.03138802858376624,1.0893458085189478
36.24000000000624,-0.576797680521889,1.2425673753412168,-1.7019233086324437,0.08131075429956104,0.8204731357172134,0.4224225196480893,0.0330679821455656,1.1792696563341492
36.260000000006194,-0.58783545282095,1.2415419177191394,-1.699015958512202,0.10566525007647411,0.8181311106072799,0.4041846677819085,0.014406802922876272,1.2756193982488575
36.28000000000615,-0.5986486305629425,1.2405422696922357,-1.6960409746053267,0.1292077016852826,0.8159987075730974,0.3865129236068466,0.09113607483336922,1.394025252216593
36.3000000000061,-0.608683045655195,1.2396115601953492,-1.6931151755931508,0.15220901244674437,0.8139535702163595,0.36941257465908234,0.02785950617126117,0.9726531654050183
36.320000000006054,-0.6194662660585706,1.2386160108184772,-1.6898503766584554,0.17649991064250373,0.8119441322757229,0.35125817962864603,0.02979020162361182,1.0354080722237393
36.34000000000601,-0.629769013196291,1.2376664559211552,-1.6865914720306607,0.19985459252821075,0.8101180758532995,0.3338120521049854,0.030753139540550836,1.0957868454666377
36.36000000000596,-0.6395887948370986,1.2367577947940236,-1.6833488625731918,0.22219204288058614,0.8084785974769433,0.31712754075649535,0.013960143878619689,1.1571712713419615
36.380000000005914,-0.6490236527391026,1.235888643577593,-1.6801295267035106,0.2433994551728254,0.8070313762238208,0.30124484993585304,0.07441028165081355,1.2309042313202594
36.40000000000587,-0.6576295255384869,1.2350944802852395,-1.6770576951359744,0.2637274314747484,0.8056670017534846,0.28614954410203325,0.024671770172667272,0.8594420623257787
36.42000000000582,-0.6666191379064046,1.2342676622420472,-1.6737567714736947,0.2846114631072094,0.804382883239779,0.27055700199059024,0.02568944805893288,0.8895857852261922
36.440000000005774,-0.6750011263137375,1.23349811837714,-1.670576451277588,0.3042015599444318,0.8032536294413454,0.2559305999188028,0.025748582195015392,0.9126068908742195
36.46000000000573,-0.682785864612895,1.232780085489989,-1.6675259502339008,0.32245474132024704,0.8022755857849909,0.24229763822222605,0.012408336580390457,0.9300752507529881
36.48000000000568,-0.6900532903446344,1.232112883307839,-1.6646119415734422,0.33931700061304354,0.8014440463711465,0.2296695066177205,0.04987676024191717,0.9478410220283916
36.500000000005635,-0.6965127377353475,1.2315199062554285,-1.6619346572331093,0.35499315285878996,0.8006771219555215,0.21801362376552538,0.019134310912673678,0.6626957590758581
36.52000000000559,-0.7029408513660804,1.2309312068530862,-1.6592190533088875,0.3703462352237984,0.7999964442950297,0.2065389865702572,0.01898192704775603,0.6534178477738382
36.54000000000554,-0.7086705974265097,1.2304074395355482,-1.6567448500444966,0.3840951026925899,0.7994248325436982,0.19626072006144368,0.017970766918607495,0.6316615503095149
36.560000000005495,-0.7137208426599557,1.2299437309939973,-1.654517483221599,0.396239366017213,0.7989548581327515,0.18717760824930682,0.0096935746615114,0.5965956750902327
36.58000000000545,-0.7181395859665858,1.2295398853964998,-1.6525424520478404,0.40679240780425047,0.7985754567156007,0.17926958598235274,0.017403278021546262,0.5474703906585909
36.6000000000054,-0.7218283534618412,1.2292031029702613,-1.6508607140222524,0.4158866621798421,0.7982474411506478,0.17248756306688967,0.01117191553593871,0.3846565932996815
36.620000000005355,-0.7250132898587298,1.228912681782208,-1.649395110947031,0.42363637867441944,0.7979901208096309,0.16668691674929487,0.00960034254356427,0.3292710671271378
36.64000000000531,-0.7274267449582523,1.2286927056012564,-1.6482732546450831,0.42951761545107514,0.7978027628880806,0.16228521983090738,0.007387433213582465,0.255336761956589
36.66000000000526,-0.7291885792572538,1.228532099163589,-1.6474481320236203,0.43381571168794103,0.7976706211766321,0.15906833772267673,0.005304960909967455,0.18222962531723774
36.680000000005215,-0.7304444146198071,1.2284179170158949,-1.646857269685039,0.43688326416125645,0.7975787296355006,0.15677157993117802,0.003786456245210174,0.13005417166278133
36.70000000000517,-0.7313398653069813,1.2283366261264888,-1.646434583624876,0.4390724998597942,0.7975145307108245,0.1551317617595427,0.0027019570680493783,0.0928154827053834
36.72000000000512,-0.7319785133031572,1.228278732666862,-1.646132462167099,0.4406348747580828,0.7974694732939336,0.15396097919353113,0.001927619783109816,0.06623843962137355
36.740000000005075,-0.7324340894833963,1.2282374925022506,-1.6459166461781956,0.4417498687306656,0.7974377436324773,0.1531250743707298,0.001374826063744987,0.04727104473998673
36.76000000000503,-0.7327591149972544,1.2282081102133624,-1.6457625472905328,0.4425455807806595,0.7974153445867794,0.15252826252993693,0.000980236218676533,0.033734718574895406
36.78000000000498,-0.7329910224262055,1.2281871737047299,-1.6456525497928363,0.443113434702524,0.7973995042105777,0.15210215615134226,0.0006985988456425583,0.024074468522994143
36.800000000004935,-0.7331565007063432,1.228172253967133,-1.6455740494370565,0.4435186775891327,0.7973882876855207,0.15179792853410742,0.0004975959313830825,0.01718045717630198
36.82000000000489,-0.7332745839130719,1.2281616212190585,-1.64551803588758,0.44380787394071974,0.7973803379758673,0.1515807188285924,0.00035415209724246744,0.012260596118220748
36.84000000000484,-0.7333588494761024,1.228154043308576,-1.6454780721086595,0.44401425472407735,0.7973746999047323,0.1514256373961897,0.0002517946385621387,0.008749588977366803
36.860000000004796,-0.7334189838383119,1.2281486423925194,-1.6454495615469502,0.4441615351472854,0.7973706994079858,0.15131491375387848,0.00017876654725896193,0.006244003674257487
36.88000000000475,-0.7334618982187762,1.2281447929717477,-1.6454292229679248,0.4442666394054045,0.7973678599069522,0.15123586028990355,0.00012667854196433132,0.004455928859051112
36.9000000000047,-0.7334925240843757,1.228142049310583,-1.6454147146165092,0.44434164527701914,0.7973658439923389,0.15117941841587784,8.954670675125167e-05,0.0031798971047353607
36.920000000004656,-0.7335143804394164,1.2281400937528262,-1.6454043655027657,0.4443951719164949,0.797364412551274,0.15113912056142706,6.310597067724523e-05,0.002269277940514872
36.94000000000461,-0.7335299784724818,1.228138699907986,-1.6453969834105808,0.44443337026013824,0.797363396012532,0.1511103490683155,4.4321050572193214e-05,0.0016194300039771839
36.96000000000456,-0.7335411102337507,1.2281377064242072,-1.6453917177903787,0.44446062982840023,0.7973626740616869,0.15108980706220843,3.10389878789451e-05,0.0011556772933567548
36.980000000004516,-0.7335490546010803,1.22813699830081,-1.6453879618803233,0.4444800831308957,0.7973621613028772,0.15107514067035108,2.1743261305734573e-05,0.0008247283413189958
37.00000000000447,-0.7335547242443526,1.2281364935716599,-1.6453852828494255,0.4444939656301268,0.797361797109345,0.1510646692958741,1.537915637851767e-05,0.000588552514242591
37.02000000000442,-0.7335587704956442,1.2281361338150958,-1.6453833719489117,0.4445038726251736,0.7973615384316312,0.15105719304141993,1.122138312448564e-05,0.0004200098704601694
37.040000000004376,-0.7335616581849388,1.2281358773904938,-1.6453820089455995,0.4445109425731251,0.7973613546977565,0.1510518552151663,8.747892730307948e-06,0.0002997324490437877
37.06000000000433,-0.7335637190446271,1.2281356946178976,-1.645381036747656,0.4445159879136064,0.7973612241949586,0.1510480441640953,7.504327952486932e-06,0.00021389864028085168
37.08000000000428,-0.7335651898209566,1.2281355643423952,-1.6453803433030476,0.4445195884295776,0.7973611315016128,0.15104532318578448,7.039114430775991e-06,0.00015264489595118557
37.100000000004236,-0.7335662394721689,1.2281354714853998,-1.6453798486867897,0.4445221578726946,0.797361065664037,0.1510433804874524,6.972766766313262e-06,0.00010893227064944751
37.12000000000419,-0.7335669885785743,1.2281354052993276,-1.6453794958899362,0.44452399150934424,0.7973610189018849,0.15104199345816766,7.066884953105123e-06,7.773754728335721e-05
37.14000000000414,-0.7335675231947459,1.2281353581235943,-1.6453792442492572,0.4445253000510337,0.7973609856887669,0.15104100316024102,7.203764244670758e-06,5.5475997834633734e-05
37.160000000004096,-0.7335679047353191,1.22813532449794,-1.6453790647606403,0.4445262338682094,0.7973609620992695,0.15104029611682093,7.335014676457935e-06,3.958944583644985e-05
37.18000000000405,-0.7335681770301516,1.2281353005304352,-1.6453789367361813,0.444526900270014,0.7973609453451682,0.15103979130876607,7.444855852449782e-06,2.8252295238272164e-05
37.200000000004,-0.7335683713593656,1.2281352834470123,-1.6453788454197324,0.44452737583567103,0.7973609334459988,0.1510394308907903,7.531103965447178e-06,2.0161742501997334e-05
37.22000000000396,-0.7335685100466999,1.2281352712703872,-1.6453787802861246,0.4445277152145563,0.7973609249950607,0.15103917356306187,7.596510267172634e-06,1.438806543399652e-05
37.24000000000391,-0.7335686090239797,1.228135262591202,-1.6453787338280357,0.44452795740620715,0.7973609189932024,0.15103898983871789,7.645094056977487e-06,1.0267784861115746e-05
37.26000000000386,-0.7335686796613017,1.2281352564049037,-1.6453787006906968,0.4445281302419383,0.7973609147307558,0.1510388586650083,7.680713715578607e-06,7.327420788552897e-06
37.28000000000382,-0.7335687300731868,1.22813525199547,-1.6453786770546939,0.44452825358306475,0.7973609117036722,0.15103876501089172,7.706606881586977e-06,5.22908282183081e-06
37.30000000000377,-0.7335687660507417,1.2281352488525403,-1.6453786601957427,0.4445283416032551,0.7973609095539518,0.1510386981446493,7.725322008427245e-06,3.7316415427316134e-06
37.32000000000372,-0.7335687917269176,1.228135246612342,-1.6453786481706842,0.4445284044172931,0.7973609080273297,0.1510386504041516,7.738796382222225e-06,2.663019434384117e-06
37.34000000000368,-0.7335688100512867,1.2281352450155876,-1.6453786395935155,0.44452844924341195,0.7973609069432203,0.15103861631886575,7.748471376590826e-06,1.9004163998729076e-06
37.36000000000363,-0.7335688231288765,1.2281352438774626,-1.645378633475637,0.4445284812327739,0.79736090617337,0.15103859198299358,7.755404864509332e-06,1.3561983493010824e-06
37.380000000003584,-0.7335688324619866,1.228135243066237,-1.6453786291119066,0.4445285040614136,0.7973609056266928,0.15103857460791134,7.760367429419511e-06,9.678268662675283e-07
37.40000000000354,-0.7335688391227658,1.2281352424880172,-1.6453786259993664,0.444528520352667,0.7973609052384999,0.15103856220262496,7.763916014853286e-06,6.906724888052435e-07
37.42000000000349,-0.7332150555200042,1.2280952650804924,-1.645375471679245,0.4437437854632048,0.797189787360078,0.15170993220536483,0.0009985731189281492,0.03370381654704798
37.440000000003444,-0.7321517018485215,1.227974997660407,-1.6453651390540502,0.44138624087542355,0.7966763575646182,0.15372644340403996,0.0035332249022435383,0.1316689782262333
37.4600000000034,-0.730234281682077,1.2277578850076654,-1.6453427716604108,0.4371677181284163,0.7957604149778729,0.15733402299559335,0.001306167235997504,0.2862510611736466
37.48000000000335,-0.7273155120944139,1.227427127664688,-1.6453044534374404,0.4310345035220903,0.7944472305922571,0.16260967102291463,0.06942679032828879,0.5060451853428577
37.500000000003304,-0.7237452550832637,1.2270236331513986,-1.6452207022871725,0.42281513674335147,0.7926578087818271,0.1695568970284893,0.010291002192447775,0.3466681486553319
37.52000000000326,-0.7182200354392619,1.2264015077461636,-1.6450754793654843,0.41058199827495,0.790047272361103,0.17996702328540476,0.015397747163996436,0.522636344480228
37.54000000000321,-0.7115794615799129,1.225656252648323,-1.6448477662575354,0.395858666684814,0.786941961447044,0.19247451304297353,0.02025125408116796,0.7297416807414927
37.560000000003164,-0.703905111661477,1.2247972963235965,-1.64451155276978,0.37887843563038137,0.7834120130602946,0.20687372319581346,0.005667178292200019,0.9720484279494003
37.58000000000312,-0.6951364244460848,1.223818318493869,-1.6440434180148265,0.359978955025326,0.7795707414253734,0.22292864237613952,0.12291697116482468,1.2749898889736087
37.60000000000307,-0.6860425397404004,1.2228059448199797,-1.6434078438309412,0.33905190782517175,0.7753174045612913,0.24046157571933965,0.0256730315567831,0.8850379785795452
37.620000000003024,-0.6745475968756002,1.221531581268341,-1.642477431353492,0.31329137466105816,0.7702388988517455,0.2621158855285621,0.03166487396469753,1.1005965709983336
37.64000000000298,-0.6622377382097937,1.220169210518217,-1.641284618170571,0.28557746709453624,0.7649035651823207,0.28533189010794846,0.03670596272295292,1.3398773998289355
37.66000000000293,-0.6492223358899234,1.2187267728818434,-1.6397979588427123,0.2562178340451986,0.7593999635369169,0.30984208790067563,0.013297380309498466,1.6101573907535236
37.680000000002885,-0.6354068623385716,1.217192657806305,-1.6379879905621968,0.2256173670642013,0.7538577140950642,0.33537753503369117,0.15797432251523547,1.9437493562129948
37.70000000000284,-0.6218038471945039,1.2156783733314787,-1.6358864873111099,0.19355466516420877,0.7481072476761268,0.36177145199845473,0.03812181858796682,1.3585355406573723
37.72000000000279,-0.6057699351980791,1.2138901576160497,-1.6331265154867665,0.15648499815546224,0.7417465483230529,0.3923464184131745,0.044195454685619535,1.585004457007778
37.740000000002745,-0.5893829632646521,1.2120518502757556,-1.6299321907905193,0.11823678513371272,0.7354163118792497,0.42375475629056364,0.04900602833263556,1.8307623533859985
37.7600000000027,-0.5727440438566107,1.2101648720398903,-1.6262875557860295,0.0791169636692408,0.7291944439196852,0.4557435449354695,0.018994902756697928,2.104219069688978
37.78000000000265,-0.5557174907024498,1.208212573348349,-1.6221690995605789,0.03953393878217634,0.723197451414388,0.4880672150366802,0.1772028146175761,2.4392853494267484
37.800000000002605,-0.539448555860864,1.2063318116883561,-1.617748418718696,-0.0008359027752802141,0.7171910043384496,0.5206025368998074,0.04657499746259859,1.7128074090635732
37.82000000000256,-0.5210194241928048,1.2041801491951323,-1.6123139800257489,-0.04598916611225528,0.7108812441672075,0.5570643162885878,0.052418816886789496,1.931743327655558
37.84000000000251,-0.502741671954562,1.2020179065266445,-1.6063962014975164,-0.09148189197748957,0.7048446236377248,0.5936416642172548,0.056793611744618444,2.164469455929536
37.860000000002465,-0.48469058535184895,1.1998417762268356,-1.600003943140212,-0.1370240425968209,0.6991396641648541,0.6301145556486379,0.02275497331178385,2.419600688943134
37.88000000000242,-0.4666950497698209,1.1976332165685701,-1.5931207896446082,-0.1822299241350648,0.6938572979657174,0.666275534472958,0.18167296394751586,2.7285066714288533
37.90000000000237,-0.4499116104050637,1.1955576503503327,-1.5860985693188319,-0.22748649779355615,0.6887213859337129,0.7020482354594546,0.05122791369080065,1.9213930471819682
37.920000000002325,-0.4314612075938558,1.1932427182650032,-1.577854618540357,-0.2769090038632434,0.683606105981945,0.7412312140629479,0.05654795995244534,2.114366788199846
37.94000000000228,-0.41361133449566767,1.1909703015735615,-1.569256363158183,-0.32579288520862976,0.6789241078314097,0.779860165674202,0.06016001368642153,2.314151717823928
37.96000000000223,-0.3963959456278936,1.1887334523320516,-1.5603327103263744,-0.3738795842100386,0.6747078696842712,0.8177554648356293,0.02492083965738583,2.5287833010817993
37.980000000002185,-0.3796183123007462,1.1865125337341955,-1.5510656201934887,-0.42083332085139985,0.6710143985484455,0.8547548342332402,0.17201979911746448,2.7840394418451266
38.00000000000214,-0.3643172174132596,1.1844901054846204,-1.5419688682645891,-0.4670664157892707,0.6675553450388761,0.8908268126278266,0.05220043299824872,1.9626150427400817
38.02000000000209,-0.3479426800060786,1.182295026801132,-1.531673098055457,-0.5164570244372247,0.66437245405015,0.9295409489435488,0.05657212643911929,2.1114752279866718
38.040000000002046,-0.33246856775141387,1.1802014946845398,-1.5213032069295576,-0.5644317369013624,0.6616639320802994,0.9670866584830624,0.05896690122651291,2.259085294339067
38.060000000002,-0.31788344669224516,1.1781972797781655,-1.5108935389875116,-0.6107851163669266,0.6594298614854684,1.0033301757508897,0.0256427775159153,2.411995337141729
38.08000000000195,-0.30398486237102973,1.1762604433224437,-1.5004149120008061,-0.6552626138679182,0.6576893458100237,1.0381601490319237,0.14874737160198426,2.588905088796322
38.100000000001906,-0.29158570713020365,1.1745617492863665,-1.490458131124386,-0.6982680225304808,0.6561716271972438,1.0715871056099098,0.04925948908845326,1.8241396392342542
38.12000000000186,-0.27868987620924757,1.1727749195969606,-1.4795701607283893,-0.7430824510063101,0.6550303318928516,1.1066378557356142,0.05214323655993854,1.9132512202126737
38.14000000000181,-0.26680710213173947,1.1711283721720365,-1.4689603567159126,-0.7856754690081659,0.6542626364118681,1.1399622699746417,0.05287630372023831,1.9924749001658968
38.160000000001766,-0.2558903853065463,1.169603765931308,-1.458655742683782,-0.8259184062848127,0.6538397254757959,1.1714774922114966,0.024667780845237852,2.0658203266546766
38.18000000000172,-0.24575761647474448,1.1681779173739275,-1.4486188987821147,-0.863666531607001,0.6537500388025081,1.2011287011626477,0.11200589671472251,2.1443914893976768
38.20000000000167,-0.23693488755805558,1.1669776697830774,-1.439385762028824,-0.8992828519017954,0.6537711879733071,1.2289652258091313,0.04189341432479716,1.5089747897887047
38.220000000001626,-0.22809964881855793,1.1657641730691697,-1.4297158978359354,-0.935099641446132,0.6540837050644426,1.2571572302138332,0.042735051616067596,1.5264796587610172
38.24000000000158,-0.22022677167625632,1.164691602330796,-1.4206751305921737,-0.9680303581872307,0.6545637385497975,1.28312171976227,0.041515009900728074,1.525017635688757
38.26000000000153,-0.21324995272614986,1.1637393351597385,-1.4122770035081804,-0.9980385508575041,0.6551723269043455,1.3068317032745504,0.02138748265381165,1.504967897518362
38.280000000001486,-0.2070318287921619,1.162888619459592,-1.4044916081932006,-1.0251060205693006,0.6558849840223309,1.3282945286230678,0.06128128749199928,1.4688651982643237
38.30000000000144,-0.20180562376159963,1.1622035612973294,-1.397653504179846,-1.049520387014631,0.6565620512134973,1.3475949417517894,0.029566939990583095,1.0334444942006002
38.32000000000139,-0.19693878651297153,1.1615589755441191,-1.3910633275966056,-1.0723206961793101,0.6573203091643268,1.3657326819987954,0.027897285716355462,0.9699284438798839
38.340000000001346,-0.19289472475844255,1.1610287565404438,-1.3853989240154272,-1.0917293365609224,0.6580333636097393,1.3811985010216166,0.02464198124071445,0.877361470844883
38.3600000000013,-0.18961120568494508,1.160598358138336,-1.3806577179132578,-1.1078019512941761,0.658674868718596,1.3940262066181186,0.01530914818602775,0.7514182723890681
38.38000000000125,-0.1870244531086914,1.1602619674374426,-1.37683730847784,-1.120647385292054,0.6592217975259796,1.4042909713331988,0.004271678566075583,0.5838478458920592
38.40000000000121,-0.1851031760705264,1.1600169028783363,-1.3739411051388946,-1.1304352452842081,0.659650008152768,1.4121094453407907,0.012113400693469365,0.41470339097970194
38.42000000000116,-0.18373618419778226,1.1598427074412163,-1.3718537961135708,-1.1374161336953876,0.6599703902519968,1.4176914877001745,0.0086653964554877,0.2959662402102904
38.44000000000111,-0.18276776817673848,1.1597201645889308,-1.3703609895553985,-1.1423982026906203,0.6602051986318794,1.4216768473582124,0.00618977666189366,0.2112209549603188
38.46000000000107,-0.18208020205650502,1.1596336779888976,-1.3692941453315044,-1.1459537080387663,0.6603761365399977,1.4245222381368308,0.004419155493433063,0.15073904969754034
38.48000000000102,-0.1815912548347231,1.1595724942695653,-1.3685321108919957,-1.1484911025547226,0.6605000031455132,1.42655373572839,0.003153569663155783,0.10757480662173734
38.50000000000097,-0.18124314880404654,1.159529135779675,-1.3679879973838163,-1.1503019063503857,0.6605894715691626,1.428004145420286,0.002249371577095944,0.07677021076018524
38.52000000000093,-0.18099510843513278,1.1594983706614477,-1.3675995862261403,-1.1515941744185456,0.6606539481726984,1.429039681086568,0.0016035736141221237,0.054786444121446176
38.54000000000088,-0.18081826359176154,1.1594765213335252,-1.3673223731618351,-1.1525163897883222,0.6607003398695901,1.4297790129367163,0.0011424366332918896,0.0390977971741667
38.560000000000834,-0.1806921249848549,1.1594609938089095,-1.3671245493430966,-1.1531745188935894,0.660733681416079,1.4303068668613932,0.000813213148175957,0.02790169871249095
38.58000000000079,-0.1806021262646343,1.1594499537638572,-1.3669833922271184,-1.1536441849323669,0.6607576244989731,1.4306837338334368,0.0005781969945386934,0.01991170468413183
38.60000000000074,-0.18053789901067271,1.1594421016611618,-1.3668826763423159,-1.1539793561795126,0.660774808444457,1.4309528020409468,0.00041044731628211886,0.014209731199518958
38.620000000000694,-0.18049205633957321,1.1594365155983377,-1.3668108187758585,-1.1542185467425603,0.6607871362156202,1.4311449061597141,0.0002907219311894102,0.010140585469613703
38.64000000000065,-0.18045933217401747,1.159432540935227,-1.3667595524346854,-1.1543892418682669,0.6607959774907767,1.4312820609405739,0.00020528121970615372,0.007236691031869844
38.6600000000006,-0.18043597063399264,1.159429712489102,-1.3667229776588004,-1.1545110561094627,0.6608023169062658,1.4313799840528378,0.0001443171244546349,0.005164364969534434
38.680000000000554,-0.18041929206972235,1.1594276995386206,-1.3666968846843566,-1.154597987159522,0.6608068616829519,1.4314498972959957,0.00010083035488838862,0.003685477457851492
38.70000000000051,-0.18040738422705874,1.1594262668732442,-1.3666782698045687,-1.1546600242954628,0.660810119470087,1.4314998125944995,6.982876292074486e-05,0.002630089688243421
38.72000000000046,-0.18039888225457634,1.159425247167233,-1.36666498995477,-1.154704296233237,0.6608124544994431,1.4315354501477762,4.7756144385296716e-05,0.0018769268437567536
38.740000000000414,-0.1803928118884806,1.1594245213654388,-1.3666555161708218,-1.1547358902845113,0.6608141280178275,1.4315608939534261,3.208742785723662e-05,0.001339442686017366
38.76000000000037,-0.18038847761724702,1.1594240047470512,-1.366648757645166,-1.1547584369392152,0.6608153273612603,1.4315790598251306,2.1047040404533533e-05,0.000955874635178847
38.78000000000032,-0.18038538289647882,1.1594236370183528,-1.3666439361781584,-1.1547745270459702,0.6608161868420185,1.431592029539114,1.3426614433724157e-05,0.0006821466644477351
38.800000000000274,-0.1803831732147231,1.1594233752669967,-1.3666404965968664,-1.1547860095276237,0.6608168027439488,1.4316012894016175,8.497939389255436e-06,0.0004868045261716027
38.82000000000023,-0.1803815954583742,1.159423188949943,-1.3666380428407687,-1.1547942038420038,0.6608172440827828,1.4316079005767257,5.962001375287723e-06,0.00034740133577881106
38.84000000000018,-0.1803804689059013,1.1594230563273686,-1.3666362923620041,-1.1548000516016481,0.6608175603248149,1.4316126206937456,5.474880629576349e-06,0.0002479181896811364
38.860000000000134,-0.1803796645213444,1.1594229619250398,-1.3666350435930574,-1.154804224775122,0.660817786922331,1.4316159906701034,6.040518983425077e-06,0.0001769234229451503
38.88000000000009,-0.18037909017151613,1.1594228947283602,-1.3666341527376344,-1.1548072029033725,0.6608179492825769,1.4316183966994802,6.817449513619427e-06,0.00012625898940274633
38.90000000000004,-0.1803786800717693,1.1594228468970378,-1.366633517213078,-1.1548093282040923,0.6608180656131646,1.4316201145089011,7.505096800656837e-06,9.010301411678867e-05
38.919999999999995,-0.1803783872505344,1.1594228128502517,-1.3666330638381845,-1.154810844896169,0.6608181489617634,1.4316213409565581,8.04610305453365e-06,6.430079849337394e-05
38.93999999999995,-0.1803781781690495,1.1594227886154862,-1.3666327404064285,-1.1548119272630197,0.6608182086781071,1.4316222165914096,8.452737922178184e-06,4.588739979765709e-05
38.9599999999999,-0.18037802887983317,1.1594227713650394,-1.3666325096743692,-1.1548126996795935,0.6608182514618667,1.4316228417598449,8.751879726173956e-06,3.2746928375265926e-05
38.979999999999855,-0.1803779222837875,1.1594227590861073,-1.366632345073042,-1.15481325090436,0.6608182821136479,1.43162328810521,8.969436963358541e-06,2.3369408744633256e-05
38.99999999999981,-0.18037784617172367,1.1594227503459467,-1.366632227648508,-1.1548136442785821,0.6608183040732118,1.4316236067780121,9.12661177023567e-06,1.667726844338121e-05
39.01999999999976,-0.18037779182596905,1.1594227441247076,-1.3666321438792832,-1.1548139250048868,0.6608183198051816,1.431623834297684,9.239698373331833e-06,1.1901512316435211e-05
39.039999999999715,-0.18037775302188455,1.159422739696451,-1.3666320841193258,-1.1548141253415143,0.6608183310754425,1.4316239967376498,9.320849476488677e-06,8.493357812205375e-06
39.05999999999967,-0.18037772531492022,1.159422736544443,-1.3666320414872764,-1.1548142683091194,0.6608183391492144,1.4316241127132983,9.378981303749434e-06,6.061173544410654e-06
39.07999999999962,-0.18037770553155733,1.15942273430087,-1.3666320110740642,-1.154814370336084,0.6608183449329801,1.4316241955152766,9.420575124372535e-06,4.325477528525167e-06
39.099999999999575,-0.18037769140582557,1.1594227327039195,-1.3666319893776218,-1.1548144431463014,0.6608183490761877,1.4316242546325775,9.450311114312627e-06,3.0868209482393855e-06
39.11999999999953,-0.1803776813197678,1.1594227315672314,-1.3666319738996193,-1.1548144951063708,0.6608183520441243,1.4316242968399642,9.471558394468218e-06,2.2028699705643537e-06
39.13999999999948,-0.18037767411812472,1.1594227307581548,-1.3666319628577794,-1.1548145321870051,0.6608183541701306,1.4316243269743483,9.486733583897331e-06,1.5720498386435569e-06
39.159999999999435,-0.18037766897601418,1.1594227301822695,-1.3666319549806467,-1.154814558649125,0.6608183556930132,1.4316243484890905,9.49756934795917e-06,1.1218732922484414e-06
39.17999999999939,-0.18037766530445204,1.159422729772366,-1.3666319493611814,-1.1548145775334793,0.6608183567838518,1.4316243638497541,9.505304880381495e-06,8.006106177793069e-07
39.19999999999934,-0.18037766268289107,1.159422729480607,-1.366631945352311,-1.1548145910100591,0.6608183575652037,1.4316243748166513,9.51082619488271e-06,5.713455836963886e-07
39.219999999999295,-0.18035357865654836,1.1594803801841445,-1.3668276419661223,-1.1544598105770705,0.6609903241017002,1.4310535628731336,0.0006037271127986583,0.024421405495232897
39.23999999999925,-0.18028181577645147,1.1596532690718515,-1.3674153995522675,-1.1533939847474393,0.661507603004945,1.4293390638595396,0.0024673842070125694,0.09533298729480169
39.2599999999992,-0.18015455676663236,1.1599693135154547,-1.3684834032129511,-1.1514897907528514,0.6624307988456493,1.4262713970733725,0.002167596896815945,0.20568570491833277
39.279999999999156,-0.17998392083998124,1.1604630004724206,-1.3701215484382046,-1.148730908390056,0.663736826654622,1.421785133335138,0.03882519449654641,0.3511064550234194
39.29999999999911,-0.17973033854247877,1.1610417021714898,-1.3721014327595236,-1.1450219524263128,0.665591927556922,1.415875929647205,0.005808533294767912,0.250576577941911
39.31999999999906,-0.1793903645809107,1.1619610351282967,-1.375197644245402,-1.1395226596935093,0.6682825988739203,1.4070228929619515,0.009019436910073881,0.37716330599508596
39.339999999999016,-0.1790052937381742,1.163073018404121,-1.3789361015432142,-1.132919966103371,0.6715242281140958,1.3963862250572128,0.013093082703088012,0.5254717968019411
39.35999999999897,-0.1785931159164145,1.1643787398282934,-1.383299204472295,-1.1253325737633775,0.6752564617128143,1.3841403007618334,0.001714101503524471,0.6949738166256298
39.37999999999892,-0.178201057162574,1.1659054087748189,-1.3883308346225942,-1.1169310535199315,0.6793407114660951,1.370486414876229,0.06961923621363424,0.8860065330957201
39.399999999998876,-0.17774929040516654,1.1674615675247797,-1.393550790386025,-1.1076288104927905,0.6840523899105188,1.3555730970750843,0.014725571578277101,0.6323875395882903
39.41999999999883,-0.17730790427677387,1.169483058911702,-1.4002349021985108,-1.0962481238266324,0.6897381809145272,1.3371571450479312,0.01883089708447345,0.7838591709059872
39.43999999999878,-0.17692138733840695,1.1716805727846458,-1.407467993995508,-1.0840655052903985,0.6958631763034793,1.317413160891911,0.023873993164856312,0.9509031048779968
39.459999999998736,-0.17661266518635682,1.174058557643051,-1.415230668108286,-1.0712378846152792,0.7023424020051712,1.2965679523881806,0.003946000924715248,1.1338968696457083
39.47999999999869,-0.17644824234066397,1.1766503556753392,-1.4235744073708452,-1.0579692863159864,0.7089976040787438,1.2748512354641972,0.09118301530856784,1.333700729963507
39.49999999999864,-0.17627630387457213,1.1791998520279663,-1.4318789168944808,-1.044090524593804,0.7162374890927243,1.2524007714684617,0.022316930278042445,0.9519892318822584
39.519999999998596,-0.1763018468980825,1.1822977446036724,-1.4418216739544554,-1.028181397519498,0.7244488956720403,1.226398062298629,0.02690763265635155,1.1064056241483278
39.53999999999855,-0.17649769310837618,1.1855357321113527,-1.452145837081743,-1.011882299391534,0.7329297519060478,1.1996867487936873,0.03252772794427157,1.273032941499943
39.5599999999985,-0.17688016013443603,1.1889229729071618,-1.4628393473608996,-0.9953467981062817,0.7415834118637123,1.1724812079701519,0.0060145366892544495,1.4520694297027605
39.579999999998456,-0.17752344692039732,1.1924907444711406,-1.473946761986151,-0.9787751333893376,0.7502141518971459,1.1449915053414217,0.10374925980996492,1.6439284950967075
39.59999999999841,-0.17818770040486562,1.195944864307625,-1.4847877237618379,-0.9619146205384302,0.759341249149763,1.1173169363507771,0.02759942796861504,1.17350551380221
39.61999999999836,-0.17925980004580516,1.1999848980925052,-1.4972812487134297,-0.9432506804967986,0.7693443213623832,1.0863076462458428,0.03244019693545715,1.319189546418915
39.63999999999832,-0.18057399713231656,1.2041062461994185,-1.5099294041054232,-0.9246026843019303,0.7794233909289672,1.055200213920116,0.03816748113300119,1.473577594774237
39.65999999999827,-0.1821325119413587,1.2083204730401944,-1.5227259838268699,-0.9061074768783697,0.7894740656614575,1.0241811572060588,0.007314794710274704,1.6364310920843685
39.67999999999822,-0.18400404870960507,1.212648450414768,-1.53569406626759,-0.8879424944073503,0.7993038826669056,0.993428039995421,0.10663284481798846,1.8073863659527385
39.69999999999818,-0.18587257361524198,1.2167897685349294,-1.548175837069044,-0.8697971077208422,0.8094994192801035,0.962999377617747,0.030175252911398266,1.2902825883675997
39.71999999999813,-0.1883009099543044,1.221490372433761,-1.5621432499696446,-0.8501973265802789,0.8203968055524096,0.9296757071369757,0.03494666989627435,1.4174605049829272
39.73999999999808,-0.19095724148456225,1.2261874672071416,-1.5759920333233337,-0.8309741896065472,0.8311685845619081,0.8968233488677609,0.04013605395346039,1.5491465124511714
39.75999999999804,-0.1938278866124251,1.230893747402395,-1.5897237221755762,-0.8122385327393782,0.8417110545019398,0.8645946736448885,0.007994679997214848,1.6845456073521519
39.77999999999799,-0.1969663635850247,1.235617917507393,-1.6033410631862082,-0.7941309423063487,0.8518572198057995,0.8331284335231122,0.09994163595922842,1.8223867450381248
39.799999999997944,-0.20002094444745055,1.2400857589404908,-1.616279721741035,-0.7763204954262346,0.8622027942677823,0.802444863784216,0.029929767874087243,1.3010859780799604
39.8199999999979,-0.20366418697193892,1.2450182585139369,-1.6303770788928933,-0.7574843097099339,0.873021378627849,0.7695197984431507,0.0341914591594281,1.4003374806346107
39.83999999999785,-0.20742912205488945,1.2498473011528903,-1.6440783411023685,-0.739320148060262,0.8835249750490208,0.7375885510973897,0.0382326948283546,1.4991082247665974
39.859999999997804,-0.21129165137909542,1.2545864292617301,-1.6573957584784111,-0.7219067031560582,0.8936218443314482,0.7067647104354428,0.00809062007054685,1.595946221507639
39.87999999999776,-0.21528846058513793,1.259236187357836,-1.6703234007394545,-0.7053403056730003,0.9031866958636907,0.6771432068054938,0.08472409576489333,1.6886571836305817
39.89999999999771,-0.21908668264035144,1.2635736924005667,-1.6824330902753226,-0.6893095505738793,0.912760506664267,0.6487093723814933,0.02705460552709094,1.2056861143103463
39.919999999997664,-0.22335990730787192,1.268223496144116,-1.6952624858719259,-0.6727376732259557,0.9225420198195573,0.6188997650677003,0.03031543704007003,1.2676568749654595
39.93999999999762,-0.22758760174949116,1.2726708943475358,-1.7074556185043677,-0.6570669481850135,0.9318436669021736,0.5905584263811858,0.032807898277532,1.3233408970088143
39.95999999999757,-0.23174454241867795,1.276929586104147,-1.7190348392981234,-0.6423419237626796,0.9405960035613186,0.5637558024859107,0.007575618117788366,1.3705363130828572
39.979999999997524,-0.23585370014545645,1.2809970838016553,-1.7299965237859765,-0.628612706648805,0.9487233947592222,0.5385383370256446,0.062269214025197084,1.4061742275520874
39.99999999999748,-0.23965272453831213,1.2847175742533419,-1.7400639281797783,-0.6156220934221692,0.9566523300475654,0.5148599199148339,0.021915724056774017,1.0040397251194686
40.01999999999743,-0.24368932561036266,1.288551743477909,-1.7503355415730524,-0.6026306239505232,0.9644893119630147,0.4908833508990996,0.02371399238700095,1.0193876517701248
40.039999999997384,-0.24749747694250515,1.2920957448587505,-1.7597825453677514,-0.5907179694998921,0.9717062252829252,0.46880123374427524,0.024443111957973256,1.021817786808292
40.05999999999734,-0.25105899476370264,1.295361919483967,-1.7684327205289756,-0.5798952823029421,0.9782643513260529,0.44863655283021386,0.006628483837698761,1.0082939726171396
40.07999999999729,-0.25438538498211183,1.2983480872417257,-1.7762901735569026,-0.5701659999784879,0.9841411681184192,0.43038272587602255,0.033428819372671864,0.9749418726347434
40.099999999997245,-0.2573263532073989,1.3009757112243665,-1.7832313724407753,-0.5613554159128792,0.989596928829757,0.4139656149547766,0.01483211676217015,0.6961381696867327
40.1199999999972,-0.26017794639224356,1.303478298217169,-1.7897925681173201,-0.553155996428186,0.9946197033168365,0.39853980399486705,0.014753659351919924,0.6555232233778671
40.13999999999715,-0.26264059896515196,1.3056173241136366,-1.7953826967985658,-0.546183273078112,0.9989020994380989,0.38538631748831076,0.01356298249472695,0.5945322446182794
40.159999999997105,-0.26470823676020333,1.3074019862988127,-1.800028610983119,-0.5404164078746018,1.002443310866107,0.37447637446118043,0.005953091309112825,0.5092164385384852
40.17999999999706,-0.26638002281863216,1.3088317321939777,-1.8037428566012188,-0.5358105326432082,1.0052772043103428,0.3657458546396874,0.001711964635300744,0.3949520992523117
40.19999999999701,-0.26765127239210756,1.3099153213604218,-1.8065584600196825,-0.5322988521095314,1.0074512657696362,0.3590959747063773,0.005922175440443621,0.2819796949236697
40.219999999996965,-0.26856842477971593,1.3106928322474622,-1.8085734320148916,-0.5297990066041074,1.0089935027241612,0.35434850185011824,0.00422358970184997,0.20131170457886613
40.23999999999692,-0.269225331258839,1.3112475343498189,-1.8100099569981956,-0.5280161788438218,1.0100929286574778,0.35095917340250016,0.0030111139434969786,0.14372097598118785
40.25999999999687,-0.2696953735072831,1.3116431729078426,-1.811034103657191,-0.5267444958038884,1.0108766506593347,0.3485394553580238,0.0021478287468484967,0.10260564164485243
40.279999999996825,-0.27003147380855186,1.3119253108972933,-1.811764264179068,-0.525837303755357,1.0114352962418973,0.34681196422677896,0.0015328302084812808,0.07325247209771696
40.29999999999678,-0.27027168191254364,1.312126484337475,-1.8122848352064969,-0.5251900779932485,1.0118334905859656,0.34557866955210303,0.0010945577881939534,0.052296581516174764
40.31999999999673,-0.2704432968829593,1.3122699148040213,-1.8126559820034551,-0.5247282947855485,1.0121173103189436,0.34469819286889986,0.0007821511648929383,0.03733569953357465
40.339999999996685,-0.27056587565089957,1.3123721698911923,-1.8129205970100837,-0.5243988073638645,1.0123196038615385,0.3440696008811178,0.0005594255397615444,0.026654789973522722
40.35999999999664,-0.2706534141151916,1.3124450667864023,-1.8131092594588833,-0.5241637073647394,1.0124637873887612,0.3436208350271102,0.00040061866351650876,0.01902944929885225
40.37999999999659,-0.27071592104846953,1.3124970327901886,-1.8132437705597255,-0.5239959522616136,1.0125665523555762,0.34330045107624374,0.00028737951991687495,0.013585547996763257
40.399999999996545,-0.2707605502061656,1.3125340769514615,-1.813339673521961,-0.5238762491329841,1.0126397962631626,0.3430717218362191,0.00020663174409877083,0.009699025229959097
40.4199999999965,-0.27079241282973043,1.3125604835947873,-1.8134080500176355,-0.5237908329805947,1.012691999296629,0.3429084269408036,0.00014905542355089018,0.006924349894626381
40.43999999999645,-0.27081515985585897,1.3125793071493521,-1.8134568008855534,-0.523729882393784,1.0127292057598332,0.34279184708349214,0.00010800715083569707,0.004943447315804428
40.459999999996406,-0.27083139864340205,1.3125927251100986,-1.8134915591749363,-0.5236863895110421,1.0127557237058178,0.3427086181328359,7.875119493383831e-05,0.0035292368444033414
40.47999999999636,-0.27084299101943216,1.3126022897552692,-1.8135163410890671,-0.5236553539054892,1.012774623650301,0.3426491991369433,5.791178571362777e-05,0.0025196005171545873
40.49999999999631,-0.2708512663254272,1.312609107636101,-1.8135340100749933,-0.5236332074876877,1.0127880940521217,0.34260677859740823,4.3082611086880376e-05,0.0017987986927711114
40.519999999996266,-0.27085717364460815,1.3126139675510191,-1.8135466076996076,-0.5236174041929557,1.0127976946904182,0.3425764936337012,3.254809540885289e-05,0.0012842022548059523
40.53999999999622,-0.2708613905420126,1.3126174317833847,-1.813555589552076,-0.5236061272229011,1.0128045372614447,0.34255487252711897,2.508416647283929e-05,0.0009168204323551196
40.55999999999617,-0.27086440072493206,1.3126199011451354,-1.813561993434578,-0.5235980801548615,1.0128094140985686,0.3425394367404292,1.9815696907850275e-05,0.0006545383983664881
40.579999999996126,-0.27086654949887634,1.3126216613449082,-1.8135665592773516,-0.5235923378895854,1.0128128899161715,0.34252841679079316,1.611474900094911e-05,0.0004672894392863556
40.59999999999608,-0.2708680833636901,1.3126229160419696,-1.8135698146348769,-0.5235882402941981,1.012815367198686,0.3425205494050985,1.3528691179542562e-05,0.0003336082588397187
40.61999999999603,-0.27086917828353757,1.3126238104085721,-1.8135721356424828,-0.5235853163096692,1.012817132805348,0.3425149327046237,1.1730335223821723e-05,0.00023817030442542463
40.639999999995986,-0.2708699598694537,1.312624447926067,-1.813573790476945,-0.5235832297961613,1.0128183911866715,0.3425109228181401,1.0483772622123973e-05,0.00017003503723310142
40.65999999999594,-0.270870517787572,1.312624902357674,-1.8135749703428863,-0.5235817408896466,1.0128192880586788,0.34250806007170315,9.620512473537316e-06,0.00012139176354610585
40.67999999999589,-0.27087091604481617,1.3126252262829798,-1.8135758115653935,-0.5235806784268395,1.0128199272760736,0.34250601629389954,9.021901581236899e-06,8.666425571491343e-05
40.699999999995846,-0.27087120033147477,1.3126254571815132,-1.81357641134157,-0.5235799202681776,1.0128203828581395,0.3425045571958916,8.605555667570274e-06,6.187152111319358e-05
40.7199999999958,-0.2708714032627186,1.312625621769237,-1.8135768389710565,-0.5235793792566557,1.012820707559851,0.342503515513695,8.314852403291454e-06,4.417144084441271e-05
40.73999999999575,-0.27087154812024,1.3126257390896765,-1.813577143863162,-0.5235789931982909,1.012820938980691,0.3425027718338531,8.111055032556976e-06,3.153496326838537e-05
40.759999999995706,-0.2708716515231858,1.3126258227173306,-1.8135773612457817,-0.5235787177123421,1.0128211039185235,0.34250224090446046,7.967650495543222e-06,2.2513503485357718e-05
40.77999999999566,-0.2708717253347699,1.312625882328294,-1.8135775162357395,-0.5235785211293378,1.0128212214726926,0.3425018618623,7.866421896908887e-06,1.607288470124573e-05
40.79999999999561,-0.27087177802327916,1.312625924819824,-1.8135776267408592,-0.5235783808503868,1.0128213052556574,0.34250159125577795,7.794781948186359e-06,1.147478522950358e-05
40.81999999999557,-0.27087181563360396,1.3126259551083816,-1.8135777055290891,-0.5235782807492351,1.0128213649692699,0.34250139806384333,7.743980217671983e-06,8.192100903245143e-06
40.83999999999552,-0.2708718424807453,1.3126259766984905,-1.8135777617037403,-0.5235782093184109,1.0128214075282196,0.3425012601398844,7.707901132924258e-06,5.848520428009652e-06
40.85999999999547,-0.2708718616448626,1.3126259920882228,-1.8135778017553086,-0.5235781583463408,1.012821437860733,0.34250116167294753,7.682248646505863e-06,4.175386863096198e-06
40.87999999999543,-0.2708718753246514,1.3126260030582406,-1.813577830311401,-0.5235781219733596,1.0128214594792464,0.34250109137524476,7.663994273940789e-06,2.980900091982722e-06
40.89999999999538,-0.27087188508959564,1.3126260108778236,-1.8135778506714173,-0.5235780960180898,1.0128214748871376,0.3425010411881763,7.65099679283946e-06,2.1281297927903576e-06
40.91999999999533,-0.27087189206003187,1.3126260164517323,-1.813577865187771,-0.5235780774967579,1.0128214858686089,0.3425010053585305,7.641738105729093e-06,1.5193183883343605e-06
40.93999999999529,-0.2708718970356836,1.3126260204248925,-1.8135778755376937,-0.5235780642801833,1.0128214936952924,0.3425009797789634,7.63514045496183e-06,1.0846745917143817e-06
40.95999999999524,-0.27114404237603434,1.3125891025114993,-1.8135933662125634,-0.5230515205673286,1.0127004143138028,0.34217043772333855,0.0011397588216264932,0.05077745185192776
40.979999999995194,-0.272056226016943,1.3124619512816504,-1.8136419237705854,-0.5214524957795169,1.0123402411955609,0.3411497332208308,0.046555841401939156,0.2102589604030543
40.99999999999515,-0.2736820297803178,1.3122436801465396,-1.8137237373188828,-0.5181222737837454,1.011560676191914,0.3391075353101913,0.004573603088017114,0.13988562967381452
41.0199999999951,-0.2773182095905813,1.3117520365768314,-1.8139001430661519,-0.511068709867014,1.0099410440054002,0.33472532977718683,0.009748257692870178,0.30218051729845846
41.039999999995054,-0.2825171617615341,1.3110551662709382,-1.8141293631189783,-0.5009941592320816,1.007647915838405,0.32847519204456554,0.015417566106331921,0.5165432344163237
41.05999999999501,-0.28925863907307675,1.3101617547269204,-1.8143849426185013,-0.48799884776072566,1.0047257755142232,0.3204254298091976,0.0025565681643457015,0.7838725101390265
41.07999999999496,-0.29763809627992566,1.309059859913576,-1.8146342840826128,-0.47236999625474047,1.001289858319357,0.31071073665207305,0.13800432688095124,1.13448592477195
41.099999999994914,-0.3068965526587614,1.3078804558427664,-1.8148208923859979,-0.4539172792861736,0.9972380148941774,0.2994551202645708,0.024921149046332768,0.7794073669386709
41.11999999999487,-0.31942643255866293,1.306309101067372,-1.8149495739678982,-0.4297308598982549,0.9920953891982098,0.2846239849771877,0.03263872441381289,1.0350435564043816
41.13999999999482,-0.33347705702562375,1.3045890982994663,-1.81491110524901,-0.4026203081052902,0.9864904469670316,0.26807054177838724,0.039431499329240095,1.3250397580387399
41.159999999994774,-0.34891089646131246,1.3027445344172037,-1.8146432585249608,-0.37293735828262076,0.9805482172088947,0.2500280320153066,0.013091468017690818,1.6588296467213712
41.17999999999473,-0.3658215202893755,1.3007670677294378,-1.8140861493244447,-0.34118251077074874,0.9744491502960543,0.23073908649648878,0.19830013999222657,2.0807399418828294
41.19999999999468,-0.3830361673338243,1.298816195717677,-1.8132047429938865,-0.3070198586580597,0.9680274903033841,0.21037081291477439,0.04424262631331411,1.4478477198168982
41.219999999994634,-0.40458355801476187,1.2964974875273596,-1.8118626922210939,-0.2652710572123639,0.9607409407326142,0.1861619533880462,0.05214415294203439,1.7167258475103433
41.23999999999459,-0.42697918099804516,1.294714400385015,-1.8112188292858633,-0.22151244432942271,0.9549212278115733,0.1608534865123239,0.06568248621421512,2.0259010287404178
41.25999999999454,-0.4499707802121174,1.2933184072049595,-1.8108745956365158,-0.17613002454835394,0.9502082993216638,0.13468511368443273,0.15702937072381704,2.3399327118566213
41.279999999994494,-0.4730325151425033,1.292169046783711,-1.810478375673112,-0.12929833280049544,0.9464794283396362,0.1078989662517685,0.45610200335587825,2.6409319382436887
41.29999999999445,-0.497254230968014,1.2912438162272666,-1.8099337429159499,-0.08345421889495998,0.9433798782341969,0.08063538743067633,0.05746113789459649,1.967217692576745
41.3199999999944,-0.5245487289960713,1.29028648976643,-1.8087440355632047,-0.02955797182726609,0.9406131079028645,0.04962648692271343,0.06527994670284935,2.2485912996125097
41.339999999994355,-0.5521896683395577,1.2892544920665037,-1.8065423712311477,0.025185080096934955,0.9381269750654809,0.018187896627595193,0.07756499893409345,2.5488340025270975
41.35999999999431,-0.5797204470456878,1.2880937965662493,-1.8031922126991549,0.08019207259049378,0.9358090943784116,-0.013465123576762385,0.16108306483373117,2.85107483715327
41.37999999999426,-0.6067719264417211,1.2868007954257241,-1.7986798455117183,0.135791240407834,0.9336067437906228,-0.04512123349757479,0.46822770654739726,3.116741306421574
41.399999999994215,-0.6346018057467495,1.2852819702358695,-1.7928208750473318,0.19012584128385646,0.93143554033972,-0.07667935304636495,0.06704584093545274,2.3278659860804876
41.41999999999417,-0.6649851488764239,1.2834847983312738,-1.7849710540035422,0.25226284977474017,0.9292886646415801,-0.11162988669229465,0.09124366601982216,2.6120590074881997
41.43999999999412,-0.695089536116535,1.2814791393326774,-1.7755364523164603,0.31473446512477266,0.9272642631066169,-0.14637432981714035,0.11205416191574184,2.922981512384259
41.459999999994075,-0.7245959548510822,1.2792921758987297,-1.76458938631914,0.3772118651222406,0.9253920772728554,-0.1807291896458796,0.15338691200078314,3.2400159448608448
41.47999999999403,-0.7528243715444173,1.276967881299969,-1.752341184049564,0.4392057106874025,0.9235926612228491,-0.2145289526972438,0.45133927677736485,3.4466500810300045
41.49999999999398,-0.780799756773672,1.274437688773721,-1.7385727243889058,0.49952563869917993,0.9220385376327259,-0.24770199967690143,0.08712123630262184,2.5789209932138637
41.519999999993935,-0.8100385489541434,1.2714682848274932,-1.721849577794816,0.5662227574851828,0.920290537405987,-0.2836830131717717,0.09827854545913312,2.807855965654067
41.53999999999389,-0.8377410685055692,1.2682905444797548,-1.7035515248237125,0.6319043630998312,0.9184959600119588,-0.3188704945521023,0.12052854690143452,3.037538498622369
41.55999999999384,-0.8636658891475002,1.2649876201312864,-1.683988601769401,0.6962760649403952,0.9167745509707976,-0.3531205585262099,0.17243688488497902,3.283028922277098
41.579999999993795,-0.8879926235307374,1.261933570773624,-1.6640995183673655,0.7571116527428796,0.9161017486547577,-0.3862992518292745,0.25518425197169,3.581684688729253
41.59999999999375,-0.9098368463502078,1.2591754564364899,-1.6445439099839867,0.8167121048123921,0.9156952047781772,-0.41841278655031383,0.085813914559027,2.560436771050423
41.6199999999937,-0.9321606220596659,1.2561067376500503,-1.6220083895428115,0.8799297722985149,0.9155712641003183,-0.45250494037858874,0.08890532915196692,2.733999793754581
41.639999999993655,-0.9524231393755732,1.2531018488986376,-1.5989272142320858,0.9410691183613382,0.9156225607160657,-0.48526682409327315,0.08372414449412376,2.8930443087176907
41.65999999999361,-0.9707282399849876,1.2503642655758447,-1.575877965589142,0.9998047578028163,0.916236164026617,-0.5165983076164047,0.05626556907349904,3.0082571493986863
41.67999999999356,-0.9874827369122027,1.2482293635775663,-1.5535611531647715,1.055213989886162,0.9181422452946628,-0.5464210022737149,0.2322433679247324,3.2012190268585505
41.699999999993516,-1.0022227533355952,1.2468640079957702,-1.5332982960231134,1.1080304487177342,0.9215761576033179,-0.5747662830421789,0.0722464032132194,2.249986058073516
41.71999999999347,-1.0168867727141495,1.2460794271025943,-1.5122441960078608,1.161776253772893,0.926644106036942,-0.6040471243376786,0.07613138740797622,2.3041094169746716
41.73999999999342,-1.0297957031045157,1.245775017827064,-1.4923182308683354,1.2119316166882346,0.9323849368064421,-0.6315136491638778,0.07361350240258895,2.3393202381797042
41.759999999993376,-1.0410301242103888,1.2458199859705483,-1.4734900392143244,1.2583662107980675,0.938549367800065,-0.6571147961144284,0.04377743747741543,2.354201980047849
41.77999999999333,-1.0508563362752077,1.2462258616682291,-1.4557278425551992,1.3010081975635717,0.9449109434331817,-0.6808266400633806,0.15480634194794907,2.3917376039326985
41.79999999999328,-1.0588938611578755,1.2467531215242666,-1.4395996687946218,1.3403526719585925,0.9510815949830729,-0.702713544266279,0.058619889955754706,1.6689563825762417
41.819999999993236,-1.0662449581539215,1.2475208410967835,-1.4234705279663775,1.3783858701658938,0.9575449787461345,-0.7242614595883945,0.05834913196079393,1.6229397706961515
41.83999999999319,-1.072232658957553,1.2483812336355582,-1.4089189465878145,1.412163590855704,0.9635838824493586,-0.7435626728496881,0.05203756660036585,1.5509932627114973
41.85999999999314,-1.077036037877499,1.2492489530775495,-1.3959522411499543,1.4417446103521496,0.9691175510871113,-0.7606196452035506,0.036879144990271145,1.4435380797875248
41.879999999993096,-1.080893631712123,1.2501483311065615,-1.3845507960773689,1.4672642814939525,0.9740674412053446,-0.7754687819190097,0.05718194876487372,1.3282623954478556
41.89999999999305,-1.083810966479586,1.2509190378937411,-1.3749363188884844,1.4890923910996072,0.9783180172502963,-0.7882040507988408,0.03462018954389546,0.9234233575243513
41.919999999993,-1.0861265360029708,1.2516453881905056,-1.3666246277673162,1.5075328859947321,0.9820076840642133,-0.7990969541538036,0.029802243428403544,0.7835276109691672
41.939999999992956,-1.0877604597412576,1.252229605730792,-1.36029137293522,1.521486029261325,0.9848474268360553,-0.8073626826877388,0.022403612688827027,0.6053839255436817
41.95999999999291,-1.0888875480344395,1.2526739326969636,-1.3556481352321672,1.531666347568837,0.9869489130590609,-0.81340357106012,0.016533864100344933,0.4313887068886524
41.97999999999286,-1.089657210000565,1.2530016555933305,-1.3523289404896377,1.53892407416679,0.9884604460108726,-0.8177168504884118,0.011814124724501173,0.3075363654032901
41.999999999992816,-1.090188450718551,1.2532403232823355,-1.3499578635515208,1.5440982782046255,0.9895450589562338,-0.8207966052863015,0.008434279493084949,0.21925684868915618
42.01999999999277,-1.090558257793787,1.2534130204172207,-1.3482649611770443,1.5477873050158275,0.9903218415546688,-0.8229956033582878,0.0060179673298838485,0.1563263280134973
42.03999999999272,-1.0908173469744635,1.2535374269050068,-1.3470566960897483,1.5504175701682208,0.9908774146281099,-0.8245657261898087,0.00429186790121885,0.11146227135878366
42.05999999999268,-1.0909997358529584,1.253626767606781,-1.3461945431986255,1.5522930042431922,0.9912743984083434,-0.8256868212186385,0.003059489853351256,0.07947601948300044
42.07999999999263,-1.0911285824055095,1.2536907860972089,-1.3455794645086452,1.5536302609913433,0.9915578733888728,-0.8264873025465495,0.0021799416595888596,0.056670031503819024
42.09999999999258,-1.091219837928232,1.253736588749636,-1.3451407076733608,1.5545837937579265,0.9917601993695147,-0.8270588600641952,0.0015523720686430416,0.040408938071981725
42.11999999999254,-1.0912845896145567,1.253769322881056,-1.3448277543324185,1.5552637204986102,0.9919045581188767,-0.8274669619632995,0.001104674946092838,0.028814177184957126
42.13999999999249,-1.0913305966322022,1.2537926990856,-1.3446045468530563,1.5557485541126912,0.9920075329861588,-0.8277583536902338,0.0007853374373960364,0.02054652920315136
42.15999999999244,-1.0913633167529424,1.253809383375345,-1.344445355647661,1.556094275523789,0.9920809752256305,-0.827966412321784,0.0005575790570248296,0.014651200428769566
42.1799999999924,-1.0913866033200994,1.2538212867787286,-1.344331824237451,1.556340801085625,0.9921333483315914,-0.8281149696811639,0.00039514860061257097,0.010447436556136632
42.19999999999235,-1.0914031843216692,1.2538297768901743,-1.3442508580871564,1.5565165931098464,0.9921706934272279,-0.8282210421100737,0.0002793151587953046,0.007449850645269779
42.219999999992304,-1.0914149948597387,1.2538358312657842,-1.3441931171024102,1.5566419469025097,0.9921973210489143,-0.8282967795746664,0.0001967165782341739,0.0053123455924160064
42.23999999999226,-1.0914234095562085,1.2538401480855004,-1.3441519395936876,1.5567313343600633,0.9922163061265242,-0.8283508573622497,0.00013782236037103817,0.0037881376078758803
42.25999999999221,-1.0914294058890532,1.2538432257036995,-1.344122574423652,1.5567950749776645,0.9922298417733819,-0.8283894697778134,9.58362851924963e-05,0.002701255485716567
42.279999999992164,-1.0914336794421318,1.2538454196927729,-1.3441016331771956,1.5568405273304404,0.9922394919702182,-0.828417039661237,6.591354267261566e-05,0.001926220203275388
42.29999999999212,-1.0914367254607455,1.2538469836758732,-1.3440866993612721,1.5568729386548525,0.992246371941278,-0.8284367249953064,4.460298445792253e-05,0.0013735563099053368
42.31999999999207,-1.0914388966848247,1.2538480985194498,-1.344076049650406,1.5568960506487677,0.9922512768655325,-0.8284507806328736,2.945134743706232e-05,0.0009794611145262618
42.339999999992024,-1.0914404444220174,1.253848893185516,-1.3440684550670376,1.5569125314462164,0.9922547736966495,-0.8284608165764669,1.8726843928495907e-05,0.0006984383493690113
42.35999999999198,-1.0914415477495159,1.253849459617166,-1.3440630391817414,1.556924283645829,0.992257266652989,-0.828467982394475,1.1241421249605285e-05,0.0004980455564679118
42.37999999999193,-1.091442334291951,1.2538498633599662,-1.3440591769839638,1.556932663958029,0.9922590439215679,-0.8284730988975236,6.299750682086035e-06,0.00035514863664417055
42.399999999991884,-1.0914428950136992,1.2538501511383446,-1.34405642276009,1.5569386398304526,0.9922603109616069,-0.8284767521576861,3.890498801352087e-06,0.0002532510800977484
42.41999999999184,-1.0914432947541086,1.253850356258721,-1.3440544586594556,1.556942901134303,0.9922612142509032,-0.8284793606398158,4.071309392040806e-06,0.0001805895104602533
42.43999999999179,-1.091443579732942,1.2538505024621527,-1.3440530580144807,1.5569459398057361,0.9922618582168422,-0.8284812231344544,5.218804430408237e-06,0.0001287756605803431
42.459999999991744,-1.09144378289845,1.253850606671109,-1.3440520591828657,1.556948106636693,0.9922623173076777,-0.8284825529827406,6.3036695614863234e-06,9.182799402101567e-05
42.4799999999917,-1.0914439277387478,1.2538506809476506,-1.3440513468935875,1.556949651771453,0.9922626445987621,-0.8284835025135602,7.151285551633299e-06,6.54811726297075e-05
42.49999999999165,-1.091444030998325,1.2538507338893352,-1.344050838944164,1.5569507535840477,0.992262877928259,-0.8284841804920801,7.780740525283124e-06,4.6693651426891896e-05
42.519999999991605,-1.0914441046143548,1.2538507716242622,-1.3440504767141015,1.5569515392702724,0.992263044271477,-0.828484664578283,8.23931252500899e-06,3.329655183806497e-05
42.53999999999156,-1.0914441570969475,1.2538507985203482,-1.344050218399784,1.5569520995315138,0.9922631628594349,-0.8284850102225646,8.57043392340772e-06,2.3743280172952658e-05
42.55999999999151,-1.0914441945130724,1.2538508176909002,-1.3440500341901072,1.5569524990455605,0.9922632474021413,-0.8284852570173336,8.808402682039585e-06,1.6930984340445744e-05
42.579999999991465,-1.0914442211879738,1.2538508313549723,-1.3440499028261008,1.5569527839331674,0.9922633076736128,-0.8284854332321515,8.978958440863968e-06,1.2073237140240376e-05
42.59999999999142,-1.091444240205203,1.253850841094228,-1.3440498091475175,1.5569529870823575,0.9922633506418516,-0.8284855590518972,9.100993310863408e-06,8.609249243658542e-06
42.61999999999137,-1.0914442537630888,1.2538508480360182,-1.3440497423432454,1.5569531319450864,0.9922633812744214,-0.8284856488888643,9.188216595359352e-06,6.13913046437491e-06
42.639999999991325,-1.0914442634288712,1.2538508529838774,-1.3440496947036409,1.556953235244596,0.9922634031127527,-0.8284857130336357,9.250514299725342e-06,4.377724909983816e-06
42.65999999999128,-1.0914442703198706,1.2538508565105364,-1.3440496607307855,1.5569533089059828,0.9922634186815686,-0.8284857588338329,9.294987740739241e-06,3.1216924696924734e-06
42.67999999999123,-1.0914442752326547,1.253850859024214,-1.344049636503991,1.556953361432856,0.9922634297807734,-0.8284857915357591,9.326726271506356e-06,2.2260339737662504e-06
42.699999999991185,-1.091444278735116,1.2538508608158758,-1.3440496192273281,1.5569533988890143,0.9922634376935398,-0.828485814885347,9.34937138675671e-06,1.5873529225000484e-06
42.71999999999114,-1.0914442812321195,1.2538508620929099,-1.3440496069069583,1.5569534255984652,0.9922634433346537,-0.828485831557244,9.365525744128799e-06,1.1319186853482168e-06
42.73999999999109,-1.0914442830123043,1.2538508630031366,-1.3440495981210308,1.5569534446445936,0.992263447356279,-0.8284858434611835,9.37704858559552e-06,8.071551562994985e-07
42.759999999991045,-1.091323953862961,1.253758980711668,-1.344280922769236,1.5563022629410042,0.9919740795779214,-0.8278633093208472,0.0010475928373723934,0.06155410788085273
42.779999999991,-1.0909087467108238,1.2534099008407165,-1.345060850210045,1.5543039557898106,0.991078566040951,-0.825941114344387,0.08069650876023525,0.2754777607442426
42.79999999999095,-1.0901535998096785,1.252868935169642,-1.3464248171131845,1.5501522983983895,0.9892274280760981,-0.8220934048754663,0.007049814474174427,0.17537765014135384
42.819999999990905,-1.088438529449962,1.2516100679987379,-1.3494785967379617,1.5413409792671593,0.9853086860918684,-0.8138382452302602,0.015062574567349754,0.3788835715312361
42.83999999999086,-1.0858978061579736,1.2498293360628072,-1.353811756682581,1.5287223305643654,0.9797307067375548,-0.8020642647059093,0.017956788670908615,0.652642024260208
42.85999999999081,-1.0824690454768937,1.2475906276735418,-1.3593707394815344,1.512391370460577,0.9725297536174065,-0.7868996616278207,0.02050782826749823,0.9758945064517788
42.879999999990766,-1.077929836440688,1.2447554281559534,-1.366188597256196,1.492591888136981,0.9638753542662177,-0.7686003796907868,0.2381930157460631,1.4721345861126496
42.89999999999072,-1.0726370748499026,1.2418982779266072,-1.373530155277654,1.4691806399210756,0.9537896917288097,-0.7473937024850185,0.03857302786214358,0.9953441179173015
42.91999999999067,-1.0648690377229066,1.238035412841687,-1.3834966725279392,1.4376533584617617,0.9404483904970428,-0.7194544304169258,0.049849601691721125,1.321931474912316
42.939999999990626,-1.0558105397372843,1.2342155725777522,-1.3948854519099185,1.4016063665515281,0.9264779540648456,-0.6882696199131744,0.07753910816374886,1.734712616624424
42.95999999999058,-1.0454529021726318,1.230779295138254,-1.4082074756745566,1.360540421671175,0.9125054304102952,-0.654276950213434,0.09159125317573996,2.307343006693586
42.97999999999053,-1.0337927337479353,1.2275576818325118,-1.42253485400229,1.3149318817039042,0.8990047507722926,-0.617936997200598,0.26972221300534766,2.7835083568268253
42.999999999990486,-1.0206098841243152,1.2251283163597626,-1.4386317453951663,1.2665155296187636,0.8855014119341693,-0.5795694287122969,0.0770469483775092,2.0640981850247937
43.01999999999044,-1.003903541570337,1.2226169312533834,-1.4571041058329295,1.207271138178513,0.8708109340955023,-0.5339626374905845,0.09239693237062425,2.495993162069956
43.03999999999039,-0.9851681036905005,1.220396086994184,-1.4754562561658038,1.144908978944746,0.8562861245587954,-0.4862855879220943,0.11524965752982351,2.946529009321864
43.059999999990346,-0.9645395173547182,1.218424716272335,-1.493182946363224,1.080262283321027,0.8419004248634812,-0.43699177720638926,0.14232797317146423,3.4393491955806006
43.0799999999903,-0.9424189894222674,1.2163186577346947,-1.5091448089167385,1.0139886172424335,0.8279145864998352,-0.38653073706110985,0.38752856417075743,3.829935789265995
43.09999999999025,-0.918579298667168,1.2148844236663037,-1.5248726070739356,0.9478265015119232,0.8139992305289154,-0.3351649574858466,0.09505259299694778,2.81514790500115
43.119999999990206,-0.8905469387097216,1.213073296251548,-1.540110080535787,0.8719352173268091,0.7988799939043965,-0.2767490208912528,0.10609890614452702,3.1904154304723416
43.13999999999016,-0.8611460541067629,1.2112026768819404,-1.5531226150545234,0.7953593035686249,0.7839173563440937,-0.21752414722306754,0.1234439037805841,3.584551132614899
43.15999999999011,-0.8307820364274927,1.2092154959897647,-1.563734447199119,0.7186516412574342,0.7689897697436275,-0.1578980890788622,0.15674229018819827,4.010910483479456
43.179999999990066,-0.8000064444381371,1.2067473243066338,-1.5712509848404526,0.6421818025171568,0.7542512741323458,-0.0982647793854743,0.3522686359252373,4.388962540809532
43.19999999999002,-0.7685682157602503,1.2045586308965455,-1.5772178759846054,0.5671411820860613,0.7393402011416077,-0.03880385483335591,0.0942756202883881,3.194514690454309
43.21999999998997,-0.7336673300543854,1.2015614795366396,-1.5805111461044532,0.48333948617248546,0.722898520694671,0.015563555311184927,0.09899479702079242,3.533427608760266
43.23999999998993,-0.6990969387434373,1.1981611089219786,-1.580743205849277,0.4002367186095435,0.7063078516957423,0.0754266885313454,0.15510210724939782,3.898797752642311
43.25999999998988,-0.6647368050494259,1.194330372128986,-1.577884378850069,0.3173504208380767,0.6891424346182128,0.13838193623076656,0.1500582466346845,4.308427471427785
43.27999999998983,-0.6309727413514359,1.1898406758804128,-1.571764473564001,0.23467797120447442,0.6717440778006747,0.2110473850193625,0.34416929770068416,7.300645779914754
43.29999999998979,-0.5981716785533464,1.1853946515110143,-1.5637503573169527,0.15334052592359979,0.6538306943477888,0.2634692596478705,0.10839234926312068,3.4689225350806114
43.31999999998974,-0.56376899711811,1.180052215964354,-1.5520929467045963,0.06411585958791209,0.6345440651731403,0.3369506637006745,0.11746486781223343,3.7982369871348647
43.33999999998969,-0.531193570619019,1.1744778305001744,-1.5380778585342683,-0.024400588105965862,0.6154684293807,0.4073057471770581,0.1341665259681318,4.114157725883343
43.35999999998965,-0.5010612091510593,1.1687910814184534,-1.5221651988388725,-0.11120444150189174,0.5967454515564223,0.47473120216531806,0.1872889973265113,4.424059767179206
43.3799999999896,-0.47418205868104557,1.1629140667374283,-1.5044911633282774,-0.19581770434632,0.5785772354409044,0.5393277824243867,0.6068145106634971,4.620074707454692
43.399999999989554,-0.4490382274344732,1.1573599939398314,-1.4863301167014484,-0.275889123740634,0.5608044554561284,0.6012944729763411,0.10131843469156976,3.414350377676789
43.41999999998951,-0.4262914926723237,1.151394488432671,-1.4659362847398076,-0.35826619702198936,0.542382590362971,0.6665768085960528,0.10319247103583278,3.6954349829922766
43.43999999998946,-0.4059913975607514,1.1456155881884822,-1.4450442738752942,-0.43952500398254546,0.5247429650432843,0.7290502726190685,0.11083977027420219,3.9311208000199134
43.459999999989414,-0.38870283088489044,1.140008622617018,-1.4239182170240783,-0.5179340051554635,0.5078094470735727,0.7886159161399497,0.1764155780780968,4.144554761203219
43.47999999998937,-0.3744330898422612,1.1348306820164098,-1.4032857176050095,-0.5949629824796859,0.49167976526557006,0.8451868115337523,0.44920435891772537,4.3144512739561325
43.49999999998932,-0.360724290951911,1.1300832610159044,-1.383409169155482,-0.6674952788136693,0.4772044831932326,0.8988607605832514,0.07187570463510876,3.105146923269614
43.519999999989274,-0.34906697839687534,1.1259068596947286,-1.3645639683335944,-0.7407293490303027,0.4649970165545927,0.9542181871770717,0.0741931413170916,3.219747977012544
43.53999999998923,-0.33836652652573845,1.1225501952542247,-1.347715206691123,-0.8110512133407805,0.45609697767779783,1.0061005713865965,0.06910511332147504,3.2742996023986763
43.55999999998918,-0.32913516048718405,1.11972631119296,-1.332432824785323,-0.8763218059893646,0.44922858064311016,1.054429572177491,0.034584128304166344,3.3012220090221924
43.579999999989134,-0.32107193394199135,1.1172900437281412,-1.3183878367658697,-0.9364538527175322,0.44398422749302224,1.0991749113116365,0.11453939319194713,3.3089884926601876
43.59999999998909,-0.31454643122784787,1.1153624456329816,-1.3061231665726354,-0.9918535028250307,0.4398501712237994,1.1404591736947574,0.05069187732631879,2.352492524580948
43.61999999998904,-0.30843102611770956,1.1135638223306454,-1.2940272524172447,-1.0458650957671745,0.43658215513385173,1.1810885459101037,0.04932325579182433,2.301536737447378
43.639999999988994,-0.3034021055357611,1.1120608193404316,-1.2832733908965825,-1.094033498506089,0.43411707853678566,1.2174753094569026,0.04533573816421685,2.209444832536253
43.65999999998895,-0.2993060867676698,1.110804001788638,-1.273797929219195,-1.1364203123850958,0.43227314769666664,1.249627198371802,0.025833487926506696,2.0698063960851343
43.6799999999889,-0.29597369960867986,1.1097422036324722,-1.2654952572426397,-1.1731583035354698,0.4309174895798097,1.2776164528139413,0.036289994401214165,1.877415751728984
43.699999999988854,-0.29342753746319455,1.1089248534602816,-1.2586097637034854,-1.2046047808623945,0.42987451772293134,1.3016179437658806,0.02876489848775774,1.3329407872290275
43.71999999998881,-0.29135714392962214,1.1082298930433314,-1.2526418032456976,-1.2313636841910431,0.42910735930099186,1.3221453847249343,0.024484010395639355,1.1368816000292157
43.73999999998876,-0.2898792432055847,1.1077172565300726,-1.248109677628254,-1.2516493152468666,0.42858372549259316,1.33772197422869,0.01875110827221576,0.8802701742811913
43.759999999988715,-0.2888493555994727,1.1073503926723511,-1.244794898396952,-1.266469921750823,0.42823391518208426,1.349105699354373,0.013621475856143397,0.6284574984648591
43.77999999998867,-0.2881393389764883,1.1070933171529658,-1.2424285084756308,-1.2770505585399545,0.4280022304657844,1.3572332823023041,0.009726145770215114,0.448647096449024
43.79999999998862,-0.28764500841570845,1.1069122751197944,-1.2407395512853396,-1.2846037205751748,0.4278467867134623,1.3630360954060925,0.0069425746208675015,0.3202663433458722
43.819999999988575,-0.28729822998502513,1.1067843838571103,-1.2395342364280286,-1.2899954394639543,0.4277413961673687,1.3671791032751237,0.004954309198661838,0.2286139041637542
43.83999999998853,-0.28705359371217826,1.106693834425522,-1.2386741346992853,-1.2938441314190667,0.42766936121627397,1.3701370675900764,0.0035343994352203104,0.16318630753762423
43.85999999998848,-0.2868803042529961,1.1066296180120212,-1.2380604046362451,-1.2965913328643044,0.42761982333773035,1.3722489517693852,0.0025205248989276967,0.11648171215830518
43.879999999988435,-0.28675718739884287,1.1065840222905239,-1.2376224893795522,-1.2985522623034245,0.4275856021201882,1.3737567639798403,0.0017966535391020133,0.08314323259911077
43.89999999998839,-0.2866695284561331,1.106551620030843,-1.2373100308844804,-1.299951944192474,0.42756188401471307,1.3748332896916373,0.0012798752112155348,0.05934616834363839
43.91999999998834,-0.2866070191376337,1.1065285793839807,-1.2370870912880068,-1.3009510095044499,0.42754540698695964,1.3756018917609432,0.0009109645450257808,0.042360015331860075
43.939999999988295,-0.28656239477167494,1.1065121883519031,-1.2369280254922765,-1.3016641193629688,0.4275339418364306,1.3761506470041314,0.0006476243228953394,0.030235551470794268
43.95999999998825,-0.28653051315312433,1.10650052413704,-1.2368145341842502,-1.302173119178774,0.4275259554977468,1.3765424392235746,0.0004596520122249991,0.02158134666610576
43.9799999999882,-0.28650772281595027,1.1064922217496487,-1.2367335601685367,-1.3025364296005295,0.42752038868427794,1.3768221652797001,0.0003254842083155562,0.01540417345354952
43.999999999988155,-0.28649142488815815,1.1064863112997085,-1.2366757869175296,-1.30279575044635,0.4275165069606494,1.3770218799777418,0.0002297273565644733,0.010995062926256668
44.01999999998811,-0.2864797666034461,1.1064821031813714,-1.2366345670534507,-1.3029808462421844,0.4275137998733478,1.37716446933931,0.00016139395469974316,0.00784795804422544
44.03999999998806,-0.28647142553982113,1.1064791068439364,-1.2366051577093504,-1.303112962230784,0.427511912036934,1.3772662731914742,0.0001126432227951821,0.00560164243892202
44.059999999988015,-0.2864654570154023,1.1064769732168784,-1.236584174908326,-1.3032072627332525,0.4275105957421779,1.3773389576047985,7.788259961645734e-05,0.003998286769608039
44.07999999998797,-0.2864611857855149,1.1064754538456352,-1.2365692042413072,-1.3032745716362288,0.42750967820527647,1.3773908517494111,5.3127802145629645e-05,0.002853858281185519
44.09999999998792,-0.28645812899059675,1.1064743718597503,-1.2365585230776415,-1.3033226147279366,0.42750903885409214,1.3774279023640297,3.5549552036859924e-05,0.0020369990029102986
44.119999999987876,-0.28645594124023593,1.106473601332864,-1.2365509023605183,-1.3033569064543367,0.4275085935350341,1.3774543552138494,2.3158885417630843e-05,0.0014539491291737485
44.13999999998783,-0.28645437542419744,1.1064730526014812,-1.2365454651887287,-1.3033813828658103,0.4275082835121962,1.3774732416278992,1.4606276681440214e-05,0.001037785528986877
44.15999999998778,-0.2864532547211877,1.1064726618184846,-1.2365415859163245,-1.303398853398729,0.42750806779521183,1.3774867258698764,9.097837647662197e-06,0.0007407403947074984
44.179999999987736,-0.2864524525928769,1.10647238351798,-1.2365388181618828,-1.303411323345084,0.4275079177843508,1.3774963531488988,6.363824789939711e-06,0.0005287184636885142
44.19999999998769,-0.28645187847866005,1.106472185322471,-1.2365368434445951,-1.303420224022305,0.42750781353119244,1.3775032266905873,6.022276297828295e-06,0.0003773835480516953
44.21999999998764,-0.28645146756342615,1.1064720441745781,-1.2365354345372943,-1.3034265770618614,0.427507741126844,1.3775081341596882,6.816359530031071e-06,0.00026936520360151535
44.239999999987596,-0.2864511734570163,1.1064719436539372,-1.2365344293197755,-1.3034311116736494,0.42750769087759677,1.3775116379214385,7.776268565023896e-06,0.00019226492836517606
44.25999999998755,-0.28645096295599054,1.1064718720666338,-1.2365337121238216,-1.3034343483458286,0.42750765603071783,1.377514139485052,8.59630713952845e-06,0.00013723304443682461
44.2799999999875,-0.286450812294992,1.1064718210846898,-1.2365332004233989,-1.3034366585872599,0.42750763188464147,1.3775159255141332,9.23175335481207e-06,9.795291792454501e-05
44.299999999987456,-0.2864507044639107,1.1064717847771992,-1.2365328353384821,-1.3034383075698646,0.4275076151677624,1.3775172006765124,9.705675531876901e-06,6.99159255158617e-05
44.31999999998741,-0.28645062728772774,1.1064717589203623,-1.2365325748598026,-1.3034394845654516,0.4275076036048909,1.3775181110978907,1.005278477237886e-05,4.990394727070982e-05
44.33999999998736,-0.28645057205218155,1.1064717405061235,-1.2365323890149007,-1.3034403246706063,0.4275075956147945,1.377518761106927,1.030455819459801e-05,3.561998573736044e-05
44.359999999987316,-0.2864505325200791,1.1064717273922409,-1.2365322564192416,-1.3034409243132632,0.42750759009928435,1.3775192251906454,1.048615051521862e-05,2.542451280346849e-05
44.37999999998727,-0.2864505042272104,1.1064717180530788,-1.236532161815537,-1.303441352320829,0.42750758629620306,1.377519556530181,1.0616666672858113e-05,1.8147282204573977e-05
44.39999999998722,-0.28645048397838574,1.10647171140213,-1.2365320943181175,-1.3034416578202757,0.42750758367701086,1.3775197930950107,1.0710261882840718e-05,1.2953007051357354e-05
44.419999999987176,-0.28645046948671676,1.1064717066656216,-1.236532046160346,-1.3034418758769906,0.42750758187547455,1.3775199619940146,1.0777280574406206e-05,9.245484372881999e-06
44.43999999998713,-0.2864504591154285,1.1064717032924998,-1.236532011800929,-1.3034420315196196,0.42750758063804556,1.3775200825819855,1.082522008360276e-05,6.599162035206785e-06
44.45999999998708,-0.2864504516930561,1.1064717008903242,-1.2365319872862972,-1.3034421426128793,0.4275075797893496,1.3775201686775702,1.0859488292659228e-05,4.710293535016657e-06
44.47999999998704,-0.2864504463811732,1.1064716991796144,-1.2365319697956796,-1.3034422219080826,0.4275075792082034,1.3775202301467981,1.0883971881324299e-05,3.36207352842921e-06
44.49999999998699,-0.28645044257971675,1.1064716979613343,-1.236531957316526,-1.303442278506747,0.42750757881095663,1.3775202740336707,1.0901458939697654e-05,2.3997527659755303e-06
44.51999999998694,-0.2864504398592258,1.1064716970937398,-1.2365319484129333,-1.3034423189052713,0.4275075785399314,1.3775203053673577,1.0913945618403122e-05,1.7128756975270673e-06
44.5399999999869,-0.2864504379123406,1.1064716964758865,-1.2365319420604195,-1.303442347740598,0.42750757835540615,1.3775203277385095,1.0922860294147016e-05,1.2226024138450364e-06
44.55999999998685,-0.2864504365190899,1.1064716960358865,-1.236531937528041,-1.3034423683224432,0.4275075782300601,1.3775203437107262,1.092922405246474e-05,8.726592708054477e-07
44.5799999999868,-0.2864504355220471,1.1064716957225442,-1.236531934294288,-1.303442383013187,0.4275075781451277,1.3775203551143276,1.0933766610108442e-05,6.228797704786396e-07
44.59999999998676,-0.28645043480854593,1.1064716954994,-1.236531931987074,-1.3034423934990294,0.42750757808773965,1.3775203632560982,1.0937008620365983e-05,4.4459418330652885e-07
44.61999999998671,-0.28623880608926905,1.1065365504320697,-1.2366809095966764,-1.3032834133086257,0.4279027513028089,1.3772036882904681,0.0006553300324508049,0.01707178211147824
44.639999999986664,-0.2856032141427434,1.1067317943682098,-1.2371292007029406,-1.3028059060582013,0.4290899882514103,1.3762525105832677,0.002530381305291036,0.06660469521441166
44.65999999998662,-0.28445903290518126,1.1070871318432611,-1.2379432727180142,-1.3019525049794893,0.43121390596983966,1.3745505053003013,0.001343249114331635,0.1466075900491461
44.67999999998657,-0.2827371185920174,1.107642591191561,-1.23920086046271,-1.300714618078434,0.4342704690159914,1.3720612581275782,0.04710712231047509,0.2649919095231393
44.699999999986524,-0.2805803823374696,1.1083051881932366,-1.2407277706719408,-1.2990564583364925,0.43846150846719756,1.3687826480030498,0.006652708528712449,0.17531333266036203
44.71999999998648,-0.2772933552956352,1.1093602287097537,-1.2431337137277843,-1.2965894104281213,0.4446283173953674,1.363870709206564,0.010035916342822727,0.2642052122033973
44.73999999998643,-0.2733571937254444,1.1106508331891356,-1.2460689402577285,-1.293623212132549,0.45204678569116824,1.3579691631305641,0.014025568632899168,0.3684627974067473
44.759999999986384,-0.2688294854025527,1.1121778370101296,-1.2495287908314088,-1.2902074232147291,0.4605946749172555,1.3511745734392193,0.0024645400409009192,0.49509692288569346
44.77999999998634,-0.2637165523732252,1.113985702714792,-1.2535837320124177,-1.2864174039132092,0.47003903314335277,1.3435985414845912,0.08543814877597848,0.6612877232881264
44.79999999998629,-0.2583369316069789,1.1158677595216555,-1.2578451921552947,-1.2822147372124666,0.4806647213046383,1.335324062016804,0.016901534541285717,0.44648372901241684
44.819999999986244,-0.2516467839623623,1.1183436762296928,-1.2633926565944416,-1.2770597996308455,0.4936163404173668,1.3251062208135949,0.021074926477347117,0.5547871352328078
44.8399999999862,-0.24452973986324614,1.1210871047290334,-1.2695094737290584,-1.2715285224345074,0.5075376669340679,1.3141515717906238,0.02600011110669391,0.6742004907936869
44.85999999998615,-0.23706129987006136,1.1241020530756842,-1.2761935788281467,-1.2656896630701906,0.5222661001953294,1.302585656853272,0.006656986209236826,0.8169520228062874
44.879999999986104,-0.22925068508886987,1.127456406666666,-1.283548473269255,-1.259646524006813,0.5375023203576444,1.2905359156347185,0.1138047506571639,1.0021486124245704
44.89999999998606,-0.22145988591138877,1.130834707569235,-1.2910013745106446,-1.2532965681320762,0.5537088433157692,1.2780795332285102,0.02587430917499091,0.6825387920955664
44.91999999998601,-0.2124607456982705,1.1350166889266589,-1.3001195978517492,-1.246036459660468,0.5722397252719285,1.2636522816028681,0.03042298890890877,0.7946496821961236
44.939999999985965,-0.20335051326995449,1.1394895194381347,-1.309808408761336,-1.2386000823163368,0.5913255774321597,1.2488319197863165,0.036360339218789485,0.9146978366667641
44.95999999998592,-0.19419740578899197,1.144258933981461,-1.320066168714523,-1.231064779178695,0.6107970214769712,1.2337369680359942,0.009125723085277003,1.0607047012555075
44.97999999998587,-0.18501137015017122,1.1494060539779303,-1.3310033081152888,-1.2235577129573865,0.6303161441768403,1.2184841299435354,0.13196504882294058,1.2449995215344853
44.999999999985825,-0.17610810145396344,1.1545047487384432,-1.3418854103659472,-1.215881797156481,0.6505299578603945,1.2031291796143488,0.03255950422448349,0.8518682435694688
45.01999999998578,-0.16628438588292743,1.160589798705366,-1.3547055835885993,-1.207500044718949,0.6728156430752027,1.185924119637469,0.03737480349166365,0.9561441489675708
45.03999999998573,-0.15666586657357845,1.166941031334401,-1.3679850875213952,-1.199188127690563,0.6951853237355414,1.1686646610384275,0.044492392017191275,1.0645624496890467
45.059999999985685,-0.14730152877962346,1.1735608546651588,-1.3817155223160815,-1.1910272838352236,0.7174663767821875,1.1514537526260877,0.009301187568649748,1.202309627429377
45.07999999998564,-0.13819845824957186,1.1805203771636006,-1.395966747885981,-1.1831532832215539,0.739304969822757,1.1343903163273037,0.13711944813191698,1.3635640716356228
45.09999999998559,-0.12956174555530142,1.1873128512263216,-1.4099303171941424,-1.1752641489111022,0.761511475349391,1.1175071628928117,0.03627316962761537,0.9345815338124915
45.119999999985545,-0.12038155676069284,1.1951591166712958,-1.4258432207189058,-1.1669890477057248,0.7853005505011321,1.0990180138214896,0.04133514432928336,1.0195654530061482
45.1399999999855,-0.11164211121319412,1.203152014290657,-1.4419278553233712,-1.159019469449938,0.8086787993605319,1.0807904040484673,0.0490702731157732,1.1054660339888087
45.15999999998545,-0.1033639732119434,1.2112890741294322,-1.4581726803614943,-1.151427934235776,0.8314803309953372,1.0629082813058426,0.008231877553042988,1.2233040956444416
45.179999999985405,-0.09553624992309068,1.2196103778553014,-1.4745758444525763,-1.1443208078726064,0.8533844206510236,1.0454492758717395,0.12774701747629125,1.3419534083271842
45.19999999998536,-0.08824137026142868,1.2275996194085081,-1.4903981657225653,-1.1373263259335573,0.87530099397411,1.0284244925776171,0.03640048706900476,0.9195094690407042
45.21999999998531,-0.08073928427242698,1.2365260117684065,-1.507848398241183,-1.1302564107304724,0.8981626238612325,1.0101564789371147,0.0415497519164108,0.9772638465265472
45.239999999985265,-0.07377153680643794,1.2453845944332134,-1.5250490080446613,-1.1236310401814242,0.9201747973741182,0.9924398820545307,0.048379358400544255,1.0345199230960707
45.25999999998522,-0.06733190441810916,1.2541725073572316,-1.5419973614140847,-1.1175010728576023,0.9411996280768409,0.975337161934261,0.007948567799079305,1.1222279560674755
45.27999999998517,-0.06138498547918737,1.2628992433695343,-1.5586362316428928,-1.111913067016951,0.9610045455408535,0.9589017715413525,0.10596498638929715,1.1892086625270124
45.299999999985125,-0.05592898950200615,1.2711219878872102,-1.5744139315468983,-1.1065027804997596,0.9804857019940338,0.9431250723504325,0.032904341385999195,0.8142572952899106
45.31999999998508,-0.050486037080809024,1.2799884269167388,-1.591235827962166,-1.1012124433727768,1.000258173208459,0.9265855793799535,0.037528267608749576,0.8424838749999435
45.33999999998503,-0.04554394469414728,1.2885358446410837,-1.6073728987552884,-1.0963778391049115,1.0188745892261744,0.9108607271065735,0.04197322796663253,0.8695390078411777
45.359999999984986,-0.04108123264267438,1.2967668514184374,-1.6228380784170904,-1.0920255560348,1.036245158034981,0.8959891343088479,0.007771148360174772,0.9193227036799083
45.37999999998494,-0.037049529740029064,1.3046770612318053,-1.637562264338119,-1.088146955474105,1.0522510255118895,0.881997342482675,0.07565929073389341,0.9359660380647281
45.39999999998489,-0.03341246080280017,1.3119550814840135,-1.6512184104411236,-1.084459998161034,1.0676391070461448,0.8688591266888797,0.026387660002783225,0.6413156480956496
45.419999999984846,-0.02990605354029769,1.3194641137527185,-1.6651818289594196,-1.080973925458741,1.082720066328811,0.8555559798734953,0.02948913944426717,0.6408179737721987
45.4399999999848,-0.026807960164828427,1.3264297413767265,-1.6780972241333056,-1.0778778017369723,1.096475417438338,0.8433039296148175,0.03096109111892994,0.6369271277264236
45.45999999998475,-0.024092596316649353,1.3328614872202824,-1.689989259084059,-1.0751783203125704,1.1088729581725179,0.8321154087727964,0.006201938148144795,0.6423263185515767
45.479999999984706,-0.021715008055846984,1.3387552618948615,-1.700813560677997,-1.07283820361997,1.11990174340474,0.8219873643446111,0.03954515941453947,0.613348644031136
45.49999999998466,-0.019638160438641215,1.343957171583337,-1.710446395684924,-1.0706969143483394,1.1300353547979682,0.8128781632732645,0.017583996810868134,0.4222961033740179
45.51999999998461,-0.01776093389575829,1.3489057775689652,-1.7195500866033806,-1.068792071572857,1.1392974035356485,0.8043192800890896,0.018129457588997776,0.3929023974173058
45.539999999984566,-0.016204408866616164,1.3531409083500026,-1.7273304507531408,-1.0672075297053316,1.1471424153272083,0.7970211442336446,0.016703378151410507,0.354953608497809
45.55999999998452,-0.014945458694909276,1.3566756501022068,-1.733815513475222,-1.0659324283632814,1.1535966193948388,0.7909676785941941,0.005680598197651413,0.3083677338919975
45.57999999998447,-0.013954134710883071,1.359510549256836,-1.739006142779586,-1.0649252808389609,1.158740462304393,0.786123554517178,0.0020663488951355507,0.2356118249667105
45.599999999984426,-0.01321102137240671,1.3616609053767743,-1.7429522897115326,-1.0641591747941677,1.162671033101029,0.7824338678784192,0.006914484693525264,0.16796072556606936
45.61999999998438,-0.012687712837712563,1.363204303208704,-1.745778685542261,-1.0636221394422203,1.165453478920467,0.7797997722812116,0.004919992044340347,0.1198188073715813
45.63999999998433,-0.012318236324760718,1.364305415707137,-1.74779513453872,-1.0632406740165299,1.1674329874769285,0.7779192868144582,0.003498474397148438,0.08546437541759688
45.65999999998429,-0.012056806995364409,1.3650906201031237,-1.7492332070850665,-1.06296920647549,1.1688417800605246,0.7765768049690087,0.002489698433253462,0.06094203764413
45.67999999998424,-0.01187154250770585,1.3656503749773214,-1.7502585381862505,-1.0627757704051561,1.1698446421949984,0.7756184047913047,0.0017728851737850084,0.04344667548641744
45.69999999998419,-0.011740107693866393,1.3660493236505755,-1.7509894573361409,-1.0626378102338596,1.170558662004523,0.7749342011649508,0.0012631615543998752,0.030969254532728526
45.71999999998415,-0.01164678824008003,1.3663336179873495,-1.7515104350810242,-1.0625393520565265,1.1710670939104588,0.7744457469317402,0.0009005113318989373,0.02207285898158899
45.7399999999841,-0.011580493467679549,1.366536186163252,-1.7518817391571901,-1.0624690529906413,1.1714291647436694,0.7740970385371947,0.0006424050131346093,0.015730898402399676
45.75999999998405,-0.0115333782372441,1.3666805106547826,-1.7521463528920003,-1.0624188431944313,1.1716870233021968,0.7738480949494766,0.00045866012199665627,0.011210503407896682
45.77999999998401,-0.011499884167544978,1.3667833323051766,-1.7523349240482688,-1.062382973572084,1.171870672485791,0.7736703736409036,0.00032783400277962375,0.007988774058258829
45.79999999998396,-0.011476068483515156,1.366856583016659,-1.7524693007922003,-1.0623573443796988,1.1720014732591066,0.7735434980505665,0.00023468185184782599,0.005692767119865358
45.819999999983914,-0.011459132087786433,1.3669087657539665,-1.7525650561362272,-1.0623390300210551,1.17209463583646,0.7734529213149516,0.0001683600431351991,0.004056564476367523
45.83999999998387,-0.011447086629594283,1.3669459392275976,-1.7526332892037164,-1.0623259417525843,1.172160991761829,0.7733882584015523,0.00012115346686101053,0.002890596511287892
45.85999999998382,-0.01143851907425318,1.3669724201576368,-1.7526819099711066,-1.062316587788134,1.1722082549409927,0.7733420954163392,8.757259201124505e-05,0.0020597401179943534
45.879999999983774,-0.011432424934733156,1.3669912839460698,-1.752716555343573,-1.0623099024294,1.1722419192507334,0.7733091395663682,6.37119997839844e-05,0.001467690493038469
45.89999999998373,-0.011428089995146369,1.3670047215386814,-1.7527412422244997,-1.0623051242347892,1.1722658975860651,0.7732856123166253,4.6793997652237946e-05,0.0010458141515794141
45.91999999998368,-0.01142500635206148,1.3670142937395309,-1.7527588330215993,-1.0623017090888802,1.1722829768890832,0.7732688161636382,3.48431256200343e-05,0.0007452005289975081
45.939999999983634,-0.01142281277879609,1.3670211124234648,-1.7527713674247196,-1.0622992681421266,1.1722951421809955,0.7732568253543813,2.6452971899237095e-05,0.0005309955097051866
45.95999999998359,-0.011421252347226447,1.3670259696482565,-1.7527802988551062,-1.0622975234891685,1.1723038073258896,0.7732482650899448,2.0618077838229648e-05,0.0003783623502720314
45.97999999998354,-0.011420142303431795,1.3670294296399728,-1.7527866629679,-1.0622962765072772,1.1723099793805334,0.7732421538986218,1.6612680154188605e-05,0.00026960291218711477
45.999999999983494,-0.011419352649040114,1.3670318943246285,-1.7527911977288926,-1.0622953852345105,1.1723143756483876,0.7732377911057654,1.3905337582997021e-05,0.00019210603298100423
46.01999999998345,-0.011418790909929552,1.3670336500123668,-1.7527944289803534,-1.0622947482045662,1.1723175070505176,0.7732346764983045,1.2102790260496941e-05,0.00013688545492747907
46.0399999999834,-0.011418391303655937,1.3670349006541131,-1.752796731413503,-1.0622942928944443,1.1723197375070245,0.7732324529730886,1.0915868523245664e-05,9.753793576148361e-05
46.059999999983354,-0.011418107034653773,1.3670357915324152,-1.752798372015705,-1.062293967468123,1.1723213262323764,0.7732308655934272,1.0137757896091643e-05,6.950080473878055e-05
46.07999999998331,-0.011417904813792762,1.3670364261377461,-1.7527995410293704,-1.0622937348756085,1.1723224578611826,0.7732297323594763,9.626312990168443e-06,4.9522910678643794e-05
46.09999999998326,-0.011417760959967653,1.3670368781903435,-1.7528003740120268,-1.0622935686353092,1.1723232639060734,0.7732289233411573,9.287439186555785e-06,3.5287637201719025e-05
46.119999999983214,-0.011417658626966119,1.3670372002039097,-1.7528009675553555,-1.0622934498194785,1.172323838041714,0.7732283457811049,9.060432881962436e-06,2.5144274214196185e-05
46.13999999998317,-0.011417585830763998,1.3670374295859118,-1.7528013904858628,-1.062293364899544,1.1723242469913344,0.7732279334596329,8.906577483451794e-06,1.7916606415797422e-05
46.15999999998312,-0.0114175340461956,1.3670375929830678,-1.752801691845946,-1.0622933042060307,1.1723245382810314,0.7732276391023611,8.801155981395014e-06,1.2766520156095885e-05
46.179999999983075,-0.011417497208661372,1.3670377093768133,-1.7528019065808191,-1.0622932608277655,1.1723247457630381,0.7732274289600042,8.72824010970102e-06,9.096817031143606e-06
46.19999999998303,-0.011417471003957395,1.3670377922883183,-1.7528020595907352,-1.0622932298250793,1.172324893549875,0.7732272789388709,8.677420669760606e-06,6.481962757946325e-06
46.21999999998298,-0.011417452363076197,1.3670378513492045,-1.752802168618403,-1.0622932076674283,1.1723249988165874,0.7732271718384205,8.641789567923276e-06,4.618742578581022e-06
46.239999999982935,-0.011417439102815428,1.3670378934204277,-1.7528022463064177,-1.0622931918314338,1.1723250737967463,0.773227095379147,8.616693684161572e-06,3.2911004409503786e-06
46.25999999998289,-0.011417429670113406,1.3670379233892953,-1.7528023016632814,-1.0622931805135767,1.172325127204171,0.7732270407946833,8.598958113851686e-06,2.3450854271224606e-06
46.27999999998284,-0.011417422960174832,1.3670379447372143,-1.7528023411080211,-1.0622931724248463,1.1723251652456066,0.7732270018266991,8.586392408070034e-06,1.6709996093173453e-06
46.299999999982795,-0.01141741818708745,1.3670379599441174,-1.7528023692145271,-1.062293166643969,1.1723251923420415,0.7732269740073577,8.577473918681845e-06,1.1906776719474782e-06
46.31999999998275,-0.011417414791783789,1.3670379707765505,-1.7528023892419375,-1.0622931625125012,1.172325211642489,0.7732269541470599,8.571135230811275e-06,8.484225903238634e-07
46.3399999999827,-0.011417412376566693,1.3670379784928897,-1.752802403512559,-1.0622931595598484,1.172325225389953,0.7732269399687425,8.566626103621972e-06,6.045474546815315e-07
46.359999999982655,-0.011528403814834654,1.3669430893876364,-1.7527320445156869,-1.062093960680328,1.1721340282493653,0.7732339449851908,0.001165529643701679,0.02004311428079131
46.37999999998261,-0.011901421606350293,1.3666157375985999,-1.752508339422964,-1.0614755362668986,1.171576946623086,0.7732558614408467,0.032394922135329636,0.08600943099280031
46.39999999998256,-0.012587645628927875,1.3660475999734158,-1.752067259000257,-1.0602179576621573,1.1702988923090316,0.773300973645238,0.0028641758803524126,0.053695311718502114
46.419999999982515,-0.014105097385657536,1.3647714932402661,-1.751116703364251,-1.0575371159603488,1.1676787347562538,0.773396700813894,0.006176199055148709,0.116031833801108
46.43999999998247,-0.016280709118586312,1.3629563691862987,-1.7497584713596712,-1.0537135341908888,1.1639378494111845,0.7735333137788709,0.00936212072600614,0.19756083885021883
46.45999999998242,-0.019099514103913088,1.3606128792014633,-1.7479766015302827,-1.0487697971593914,1.159135756744903,0.7737097077815532,0.009459360635527405,0.3006544749768735
46.479999999982375,-0.022619909891382097,1.3577089275462353,-1.7458127730010133,-1.0428059672111711,1.1534427540143262,0.7739230167606449,0.09614444689435982,0.44763066056304057
46.49999999998233,-0.026564503215012292,1.3545787295205114,-1.7433260179896932,-1.0358654113307992,1.1464937297675268,0.7741721158796238,0.015786628550277768,0.2954168042576932
46.51999999998228,-0.03188646457606398,1.3503887225376563,-1.7400293440352432,-1.0267623294724957,1.137589550655553,0.7744976420884628,0.020742419112629088,0.39118132223772223
46.539999999982236,-0.03788651638994182,1.3457706570343149,-1.7363308314911308,-1.0166045389706497,1.1276482465507869,0.7748608685497068,0.024311084327747774,0.4977336948072794
46.55999999998219,-0.0444969873616798,1.340778446072263,-1.732230841648369,-1.0055068351713838,1.1168435755981674,0.7752572366492249,0.017373996002786194,0.62068519154192
46.57999999998214,-0.05178704995087013,1.3353939735736018,-1.7277955395445288,-0.9936448439209198,1.105447322076671,0.7756815507869802,0.13509241194181287,0.7923939661148945
46.599999999982096,-0.05930555288145149,1.330078962296736,-1.7231517673562016,-0.9810823697232841,1.0929280375864112,0.7761320972377879,0.028000446813602222,0.5343200363244586
46.61999999998205,-0.06845615192073887,1.323735977461539,-1.7175628674861438,-0.9662010160997149,1.0783885712618364,0.776663844172929,0.03314683816830873,0.6378811133767243
46.639999999982,-0.07812606978620992,1.3172363323109983,-1.711667978652555,-0.9506414557411481,1.063192672759907,0.7772195691026059,0.03682094755587437,0.7491214391106698
46.659999999981956,-0.08823406716808682,1.3106171105972777,-1.7054613167160773,-0.9345221491552023,1.0475304968313872,0.777794631100444,0.02122344626853636,0.8717289830092392
46.67999999998191,-0.0988609611699659,1.30384897589536,-1.6989948998023354,-0.9180178685175223,1.0316943962408134,0.7783839027023083,0.15339805414372132,1.0455595562797309
46.69999999998186,-0.10943272540682943,1.2974064093280768,-1.6924752702402328,-0.901160280847152,1.0150263316903085,0.7789869529195764,0.03628719417103704,0.7166875400944033
46.719999999981816,-0.12170064630715123,1.2900970866866437,-1.684923793815953,-0.8820356630282253,0.9964674949863788,0.7796681576686292,0.04117585566747725,0.8186439377385671
46.73999999998177,-0.13422347878062169,1.2828638156759375,-1.6771762312087375,-0.8626262889066582,0.9776702983620124,0.780358621364955,0.044993644100437366,0.926413342907992
46.75999999998172,-0.14691812632913093,1.2757154526983454,-1.6692225729484929,-0.8430393250846987,0.958812298541148,0.7810543009355582,0.021702162800510214,1.0333520283811795
46.779999999981676,-0.15986793684459036,1.2686094106059902,-1.6610933488576678,-0.823434029434198,0.9401782332246219,0.7817504051853205,0.1562192317996423,1.2032623882867293
46.79999999998163,-0.17243356731866444,1.2619758304608422,-1.6530672288493944,-0.8037868814293364,0.9210419117710568,0.7824486219108423,0.04041463113301712,0.8350000098843007
46.81999999998158,-0.1865495174624237,1.254664155744288,-1.643978173105968,-0.7820621684056521,0.9002656531555011,0.7832164504525736,0.04483338396882807,0.92929269455742
46.839999999981536,-0.20058740474417688,1.2475750638755188,-1.6348161604695721,-0.7604163162779919,0.8796402705028803,0.7839795755342209,0.048619407234143,1.027606053419624
46.85999999998149,-0.21447744912198827,1.2406959342463084,-1.625572207702757,-0.7389447288301616,0.8593165227633688,0.7847347102004332,0.020519921172337547,1.1258932850733192
46.87999999998144,-0.2283083732864144,1.2339751375945958,-1.616257684411906,-0.7177875665345493,0.8395532869495955,0.7854775404825459,0.14824388047365694,1.2704056840549482
46.8999999999814,-0.2414390955782282,1.22778033232284,-1.6072007016121845,-0.696869705983359,0.8196148522274577,0.7862118941612273,0.04094069456177055,0.8888252409941162
46.91999999998135,-0.2557909109469903,1.2210889413227066,-1.5971376465351783,-0.6741996423702424,0.7983846550302935,0.787002410583538,0.04467584372717001,0.9693484925967314
46.9399999999813,-0.2697313631864508,1.2146963568821052,-1.5871524054871433,-0.6519544559852132,0.7776466479644503,0.7877753425401895,0.04808674315477746,1.0513219932919473
46.95999999998126,-0.2832179508705294,1.208579353070695,-1.5772414299510307,-0.6302186923426351,0.7575190758337611,0.7885282218426376,0.01866997761518239,1.132377736279539
46.97999999998121,-0.2963481510627273,1.2026841943590807,-1.567401893971719,-0.6091095023124348,0.738220532197159,0.7892574923006459,0.13114605711123486,1.2435884125860703
46.99999999998116,-0.30854510738555124,1.1973120356605338,-1.5579821868086015,-0.5885230677566363,0.7190659716181096,0.7899684385683716,0.03841943466845166,0.8745396960071284
47.01999999998112,-0.3215179479618273,1.1916189963178578,-1.5477394869180658,-0.5666699577358426,0.6990637704474044,0.7907175078683406,0.04118353283621634,0.9338942856396878
47.03999999998107,-0.33381717702148855,1.1862613205254835,-1.5377656104732695,-0.5455915193156083,0.6798540687680313,0.7914372550049824,0.0437423488133525,0.9910393011843468
47.059999999981024,-0.3454354238591274,1.1812128616564117,-1.528062719036127,-0.5253572426772001,0.6615209825544534,0.7921260849244295,0.016585630291082655,1.0443700541756697
47.07999999998098,-0.3564759786956663,1.1764238285990611,-1.5186186714069683,-0.506053042549739,0.6442292051198522,0.79278151995315,0.1047856724326164,1.1124930604459071
47.09999999998093,-0.3664899602483329,1.1721232824110963,-1.5097601814923063,-0.48757079138849646,0.6274034564899522,0.7934092732250767,0.03312001447916763,0.7847684762795558
47.119999999980884,-0.3768046045902559,1.167679443007398,-1.5004132724332462,-0.46848698331427313,0.610280399370659,0.7940527175424096,0.03458326379655248,0.8146921154416423
47.13999999998084,-0.3863051055684115,1.1635864822746727,-1.4915575952014715,-0.4505309757360208,0.5942224539648705,0.7946562598795857,0.03577133935926827,0.8378463161142021
47.15999999998079,-0.3950173774958443,1.1598189121791174,-1.483195553092955,-0.43374687786856014,0.5792774209093062,0.7952192350002475,0.01428741170340854,0.8525918627463537
47.179999999980744,-0.40303891745662984,1.1563359577655936,-1.4753101885591542,-0.4181775045565888,0.5655405692165612,0.7957405332581564,0.06897556687828925,0.8676310646746099
47.1999999999807,-0.41009711063201004,1.1532828034554583,-1.4681458548985173,-0.4037251602286956,0.5525992475272535,0.7962251800045411,0.025118465784843908,0.6131898669080594
47.21999999998065,-0.41701731830516364,1.150268549520237,-1.4609713626123562,-0.38951114213509697,0.5400243067401226,0.7966988076188833,0.02497567151296195,0.6058305744146886
47.239999999980604,-0.4231050871930213,1.1476069021472917,-1.4545061219255342,-0.3767555086339036,0.5287622425407834,0.797123117149491,0.024346560439402528,0.5865707943567128
47.25999999998056,-0.42840463475636553,1.1452756991685182,-1.4487453551974991,-0.36546509913944886,0.5188203445779775,0.79749843200156,0.01145120342136569,0.5531585582367422
47.27999999998051,-0.4329858511531404,1.1432498189555338,-1.4436747441617852,-0.35562882994866724,0.5102075079497641,0.7978252392798446,0.023918440622195482,0.506402449088341
47.299999999980464,-0.43677474448273973,1.1415757902540402,-1.4393857662603216,-0.3471656700080745,0.5027185314716098,0.7981068435291125,0.014435456079369958,0.3588416267257848
47.31999999998042,-0.4400132965646451,1.140136311098337,-1.4356746355390613,-0.33993358769297044,0.49637218706808023,0.798346464272007,0.012419133876376574,0.30748231503293955
47.33999999998037,-0.4424486945918334,1.1390503143176516,-1.432848457873905,-0.33443915904055493,0.49155563177343176,0.7985285159930379,0.009623169825609708,0.2386492759480486
47.359999999980325,-0.4442160991004338,1.138260140534046,-1.430777860168895,-0.3304198530746804,0.4880367224068888,0.798661570123623,0.0068213111338487325,0.17048848154386415
47.37999999998028,-0.44547028642167585,1.1376989839120233,-1.4292997579146958,-0.327548781246065,0.48552705297848686,0.7987562917268621,0.004863048085888857,0.12177029185793746
47.39999999998023,-0.446361621478448,1.1372999706552955,-1.4282449067196379,-0.3254983221361748,0.4837373549652038,0.7988237219151109,0.003466788370598905,0.08695868930965643
47.419999999980185,-0.4469957961752112,1.1370160287950948,-1.427492327981801,-0.3240341408752561,0.4824611171852415,0.798871723095802,0.0024710861223111763,0.062091409877098644
47.43999999998014,-0.4474473722899354,1.1368138597423763,-1.4269555143128196,-0.3229887143407491,0.48155104629710527,0.7989058929366578,0.0017609795520870837,0.04433148295604011
47.45999999998009,-0.4477691146580275,1.136669855889026,-1.4265726613906804,-0.32224233413766507,0.4809020937353476,0.7989302165666181,0.0012545272155118701,0.031649443252172546
47.479999999980045,-0.4479984489386236,1.1365672533379327,-1.4262996407942712,-0.3217094855159205,0.4804393436883358,0.798947531022927,0.0008933110787990887,0.022594394252847195
47.49999999998,-0.4481619653176547,1.1364941341665797,-1.4261049583320426,-0.3213290935923638,0.48010937175520596,0.7989598559632298,0.0006356774381098434,0.016129527626376334
47.51999999997995,-0.44827857853332626,1.1364420185397464,-1.4259661436498112,-0.3210575452808438,0.479874080702242,0.7989686291344399,0.00045192317089405614,0.011514175223290873
47.539999999979905,-0.4483617552369767,1.1364048692878388,-1.4258671681599255,-0.320863700267582,0.4797063037379478,0.7989748740191273,0.0003208659133108321,0.008219342026825184
47.55999999997986,-0.44842108926819135,1.1363783864465375,-1.4257966000877742,-0.3207253257121952,0.4795866687522093,0.7989793191897436,0.00022739959674030415,0.005867272990369518
47.57999999997981,-0.4484634185089321,1.1363595064375205,-1.4257462870544722,-0.32062654921679795,0.4795013620134746,0.7989824832791299,0.00016075198573259716,0.0041882440573341355
47.599999999979765,-0.44849361814754113,1.136346046089019,-1.4257104157828204,-0.3205560396636,0.47944053339294235,0.7989847354711737,0.00011324262225267475,0.002989682857968291
47.61999999997972,-0.44851516484112325,1.1363364493834387,-1.4256848411880956,-0.32050570813205304,0.4793971591161683,0.7989863385633953,7.939771456021305e-05,0.0021341082165040478
47.63999999997967,-0.4485305383191863,1.1363296071730236,-1.4256666077875644,-0.320469780319568,0.4793662307991642,0.7989874796222108,5.531997952661592e-05,0.0015233736701372072
47.659999999979625,-0.44854150746112453,1.1363247287813834,-1.4256536083556823,-0.3204441342811674,0.4793441771646751,0.7989882918054145,3.824115945582288e-05,0.0010874154759586648
47.67999999997958,-0.44854933417848847,1.1363212505283904,-1.4256443404953725,-0.32042582762621835,0.47932845168303495,0.7989888698967096,2.6206442430716178e-05,0.0007762183279966787
47.69999999997953,-0.448554918768471,1.1363187705453155,-1.4256377330522463,-0.32041275998745455,0.4793172385318314,0.7989892813639892,1.7855441955051692e-05,0.0005540791170363569
47.719999999979485,-0.4485589035661951,1.1363170023166,-1.4256330223402673,-0.32040343206728544,0.47930924292614346,0.7989895742311128,1.2272343565275036e-05,0.00039551167681049266
47.73999999997944,-0.44856174687274486,1.1363157415644651,-1.4256296638889399,-0.3203967736316001,0.47930354161102784,0.7989897826813376,8.864572530907918e-06,0.00028232320206460524
47.75999999997939,-0.4485637756896026,1.1363148426422915,-1.4256272695197443,-0.32039202072404926,0.4792994762537027,0.7989899310460189,7.182912274899749e-06,0.00020152718268761946
47.779999999979346,-0.44856522333864035,1.1363142017054053,-1.4256255624831138,-0.32038862801707807,0.4792965774259269,0.7989900366438712,6.6896751667852245e-06,0.00014385353730090087
47.7999999999793,-0.4485662563014172,1.1363137447129756,-1.4256243454726472,-0.3203862062453604,0.4792945103990553,0.7989901118020113,6.795648795230872e-06,0.00010268507895470922
47.81999999997925,-0.44856699336806827,1.1363134188739101,-1.4256234778206038,-0.32038447754408744,0.47929303649282545,0.7989901652945641,7.099903431393386e-06,7.329832427172562e-05
47.839999999979206,-0.4485675192998112,1.1363131865480314,-1.4256228592393931,-0.32038324356835646,0.47929198551485347,0.7989902033666761,7.419925766563169e-06,5.232155907619876e-05
47.85999999997916,-0.4485678945772153,1.136313020897728,-1.4256224182301067,-0.32038236273608534,0.47929123610844565,0.7989902304634089,7.694061620071114e-06,3.734799101174693e-05
47.87999999997911,-0.4485681623557561,1.1363129027876286,-1.4256221038184445,-0.3203817339835343,0.47929070173948707,0.7989902497485669,7.91043284549666e-06,2.6659608179704474e-05
47.899999999979066,-0.44856835342878404,1.1363128185740852,-1.4256218796629052,-0.3203812851696811,0.47929032070430705,0.79899026347399,8.074463136427366e-06,1.9030063312317454e-05
47.91999999997902,-0.4485684897687609,1.1363127585290735,-1.4256217198542733,-0.32038096479904515,0.4792900490047308,0.7989902732424151,8.196070011581607e-06,1.3583968390324263e-05
47.93999999997897,-0.44856858705406266,1.1363127157164359,-1.4256216059209081,-0.32038073611328993,0.4792898552675921,0.7989902801945721,8.285031509688487e-06,9.696456521927828e-06
47.959999999978926,-0.44856865647195227,1.1363126851906344,-1.4256215246936932,-0.32038057287370325,0.47928971712206225,0.7989902851423575,8.349568250700778e-06,6.9214870220139535e-06
47.97999999997888,-0.44856870600507714,1.1363126634254574,-1.4256214667838831,-0.3203804563506585,0.4792896186164834,0.7989902886636191,8.396130715402546e-06,4.940668667550527e-06
47.99999999997883,-0.4485687413494421,1.136312647906685,-1.425621425497896,-0.3203803731746397,0.47928954837642723,0.7989902911696236,8.429602141567007e-06,3.5267284084952544e-06
48.019999999978786,-0.4485687665694235,1.1363126368416567,-1.4256213960636344,-0.3203803138022675,0.4792894982912845,0.7989902929530768,8.453602960389115e-06,2.517435013216817e-06
48.03999999997874,-0.44856878456515314,1.1363126289521885,-1.4256213750788949,-0.320380271421322,0.47928946257773536,0.7989902942222987,8.470783202888312e-06,1.796985150909249e-06
48.05999999997869,-0.4485687974060179,1.1363126233269245,-1.4256213601181247,-0.32038024116912994,0.47928943711194627,0.7989902951255521,8.483066197637387e-06,1.2827165153865004e-06
48.07999999997865,-0.44856880656862813,1.1363126193160582,-1.4256213494520578,-0.32038021957463614,0.4792894189533905,0.798990295768355,8.491840399391652e-06,9.156233517957569e-07
48.0999999999786,-0.44856881310661784,1.1363126164562731,-1.425621341847839,-0.3203802041601457,0.4792894060053063,0.7989902962258028,8.498104669962809e-06,6.535864009048889e-07
48.11999999997855,-0.4487471222736566,1.1363380334295463,-1.4257267632952315,-0.3196787971363146,0.47936489148051736,0.7980222067820154,0.0007046393982116134,0.04141170929557622
48.13999999997851,-0.44928374277722205,1.136414205306466,-1.426042983935028,-0.3175720549160869,0.4795923803833346,0.7951144771585311,0.002517621385816486,0.1616662600978026
48.15999999997846,-0.4502554604310036,1.136553682248091,-1.4266153618499582,-0.31380387739701016,0.47999915950800665,0.7899121073912764,0.0013029451011852338,0.34887042156384956
48.17999999997841,-0.4517580319511898,1.1367744991887778,-1.4274898241730545,-0.30831374360910135,0.48057660783918693,0.7823038712408762,0.0463822560037422,0.5950385828721038
48.19999999997837,-0.4535496201150033,1.1370238232780043,-1.428534437863587,-0.30101767032101046,0.48140307451853287,0.7722831315290507,0.007157392085267078,0.4249099778803797
48.21999999997832,-0.4563799662201351,1.137425055253623,-1.43015415662361,-0.2901315958312326,0.48261314891694795,0.7572696284205684,0.010805308721772171,0.6395634915830996
48.239999999978274,-0.4598100209493392,1.1379078800174929,-1.4320821819500444,-0.2770508931038145,0.48408895554315956,0.739231329181263,0.01432964329137185,0.891087609425214
48.25999999997823,-0.4638169121356491,1.138472061851764,-1.4342933402650726,-0.26199283782522353,0.48581169414789005,0.7184644244643161,0.003872867691494756,1.1786883953934966
48.27999999997818,-0.46847935695695303,1.1391322284512757,-1.4367945399545488,-0.24524053552946568,0.48772904580052917,0.6953094274113499,0.08315588267166019,1.5017734471498327
48.299999999978134,-0.4732835415180749,1.1397870171422677,-1.4393285601945158,-0.226826955606044,0.48997215382823744,0.6700196802826397,0.01813721558358919,1.0723667030249675
48.31999999997809,-0.4795030446748946,1.1406389867498004,-1.4424940907525379,-0.2041601008870733,0.4927388223300414,0.6387890614668194,0.022563047717904083,1.329215935622826
48.33999999997804,-0.48627365177523213,1.1415559595798377,-1.4458171100749866,-0.1798532315683889,0.49578589606812334,0.6053062585561128,0.026301184799191003,1.6125322815685954
48.359999999977994,-0.4935642118771548,1.1425377049172207,-1.4492645024774742,-0.15418968327604232,0.4990858075152363,0.5699566071743101,0.00961171417280935,1.9230765058315602
48.37999999997795,-0.5014875486801202,1.143599543976758,-1.4528361425209062,-0.12750129433232477,0.5025701813160569,0.5331283201488694,0.10973036980892292,2.260714909867546
48.3999999999779,-0.5093397620061741,1.1446220638127311,-1.4562610571881418,-0.09975292095410701,0.5064196842890172,0.49505720494486105,0.027593735739115288,1.6143347168289002
48.419999999977854,-0.5188632092610348,1.1458557683725779,-1.460183939709173,-0.06771828862928231,0.5109228822566801,0.4509606718039933,0.032213728823527854,1.876174212064909
48.43999999997781,-0.528829581649464,1.1471284830075699,-1.4640593788023468,-0.03480853129900218,0.5157037291483365,0.40566241102866873,0.03576818654596622,2.1588022578808723
48.45999999997776,-0.5392039208564999,1.1484401873626695,-1.4678594456842902,-0.0012947148831267798,0.5207257089550484,0.3595268215538648,0.014614398849047094,2.462665426475788
48.479999999977714,-0.5501223047589071,1.149802876564443,-1.471574659589142,0.0325031296783691,0.5259081633809154,0.31290841900939,0.1274171119668885,2.7866535187361383
48.49999999997767,-0.5607442734202818,1.1511054444009736,-1.4750072187306291,0.06670645909421957,0.5314549434179094,0.265978397720702,0.03465859601622811,1.9899730740575738
48.51999999997762,-0.5731647629936036,1.1526075098930135,-1.478675961719904,0.10487874542980247,0.5377588894269789,0.2133915105196643,0.03915829247038656,2.237002823170795
48.539999999977574,-0.5858503379151908,1.1541191349239226,-1.4820991483026278,0.14315405182400331,0.5442979444863335,0.16063816202464654,0.042276069108383524,2.4988861879017294
48.55999999997753,-0.5987570887051991,1.1556394014423288,-1.4852593065339537,0.18129381636386957,0.5510251360453277,0.10803552322670809,0.018539278707421145,2.775300476199458
48.57999999997748,-0.6120255490278448,1.157174880232974,-1.488137068598607,0.21901030583903552,0.5578519174658003,0.055882891507491,0.135812626391639,3.0638388934952197
48.599999999977435,-0.624749792853196,1.1586427283006326,-1.4906687796317932,0.2564994121656143,0.5649739580579765,0.004282595580056872,0.039202279125382815,2.1879989029035167
48.61999999997739,-0.6391987908393575,1.160278743431895,-1.4931150021977293,0.2973464116364233,0.5728876060158187,-0.05222908640562604,0.04329238609954629,2.40364757720134
48.63999999997734,-0.6536420948053934,1.1618970416711973,-1.4951775777320528,0.3375642671268528,0.58093154822265,-0.107941505753819,0.045717678397953154,2.6270300261762114
48.659999999977295,-0.6680287353954444,1.1634955636358832,-1.4968561755929408,0.3769583145645095,0.5890515456652765,-0.16259551760488924,0.021262017386382552,2.8568537264972216
48.67999999997725,-0.6824910132637481,1.165077342209741,-1.498130643195972,0.41528907015558275,0.5971588173644372,-0.2159573774473505,0.13404263596330923,3.089408411853563
48.6999999999772,-0.6961490509322769,1.1665936941824429,-1.4990900855804112,0.45280747148752737,0.6054150417617223,-0.2679898972474381,0.04107252131085884,2.20632042996225
48.719999999977155,-0.7112177635229144,1.168240376513761,-1.4996920589503584,0.4928143766996433,0.6143919942199557,-0.32382556445055244,0.04443421107430791,2.3746156363949815
48.73999999997711,-0.7259407643012553,1.1698498378281061,-1.499890796582385,0.5315290708308961,0.623328581055863,-0.37797587246412967,0.0458962292313331,2.542163967281715
48.75999999997706,-0.7402728745029613,1.1714186555275932,-1.4997077953238915,0.5688104515650483,0.6321697846828304,-0.4302476535703934,0.02257223575936944,2.706547501444793
48.779999999977015,-0.7543352205703125,1.1729496403180748,-1.4991343698339572,0.6044838142314587,0.6408354644945583,-0.48048092369869194,0.12093017239407118,2.8628553176887244
48.79999999997697,-0.7673727860795406,1.1744178760693684,-1.4983779963257382,0.6388284117473676,0.6494404409451261,-0.5286984050303539,0.039851413262141165,2.044549363796548
48.81999999997692,-0.7813038824025679,1.1759788825396411,-1.497156893364194,0.6745767963340042,0.6585626477980822,-0.5792507006619453,0.04208903622705755,2.1496293323241678
48.839999999976875,-0.7945562930754485,1.1774864783977346,-1.4956600778479745,0.7084651520135484,0.6674192852675971,-0.6273130422292037,0.04229372124757716,2.2440886177677184
48.85999999997683,-0.8071076539230728,1.1789347228449374,-1.4939267497345567,0.7404136396139734,0.6759620761568871,-0.6727656501379153,0.022096084151389497,2.324237355960138
48.87999999997678,-0.819067878715485,1.1803272870341475,-1.4919653039231278,0.7703278952457058,0.6841285294563691,-0.7155301596208816,0.0948337468085391,2.384071083254006
48.899999999976735,-0.8298924482881028,1.1816463530760162,-1.4900210736201238,0.7984801892949056,0.6919885086826902,-0.7556835816647899,0.03479713487664956,1.7026121215135241
48.91999999997669,-0.8409847199196245,1.1830077830835604,-1.4877295242246638,0.8267775402403441,0.7000135420786255,-0.7963439310555458,0.03542853971803256,1.7286347446882866
48.93999999997664,-0.8511550095768632,1.1842878702652446,-1.4854033133771964,0.8527571966546387,0.7075170876972101,-0.8337915822927393,0.03412261063463514,1.7327676831372343
48.959999999976596,-0.8604121811565293,1.1854783081954212,-1.4830854369252278,0.8764047223791552,0.7144665176017615,-0.8679874180302611,0.01926760510059233,1.7099023882194244
48.97999999997655,-0.8688457460815199,1.1865821606923894,-1.480797347863105,0.8977163996748223,0.7208272959761558,-0.898942610838391,0.05382567466874378,1.653025489521788
48.9999999999765,-0.8761780213799829,1.18758334700112,-1.4787200583830915,0.9169167792059664,0.7266382139446931,-0.9267825638956296,0.025101999447764343,1.1804927591922254
49.019999999976456,-0.8831224274647729,1.1885422651709887,-1.4766094409846537,0.9348464421959679,0.7321241631438079,-0.9529421662661032,0.023650635117571615,1.1116188698502643
49.03999999997641,-0.8890140569177146,1.1893741401577227,-1.4747290828071469,0.9500996347559965,0.7368439506435933,-0.9752482392865262,0.02076108865548524,1.0081952303619723
49.05999999997636,-0.8938842095774587,1.1900734193496463,-1.4731082031993767,0.9627254833980194,0.740790814144277,-0.99374954553882,0.013532609771500111,0.8635413139835741
49.079999999976316,-0.89777606272235,1.1906413764833337,-1.47177245132234,0.9728122504014665,0.7439695206490546,-1.0085548167646825,0.0034177087906092007,0.6697295853658768
49.09999999997627,-0.900708965111539,1.191077043473954,-1.4707445156508578,0.9804947049512266,0.746404592454002,-1.0198317819110763,0.01042173392305824,0.4781866180155292
49.11999999997622,-0.9028091518200569,1.191391423318653,-1.4699929322267706,0.9859717741612047,0.7481491979590317,-1.0278826983620084,0.007463628550271203,0.34139346136094056
49.139999999976176,-0.9043055953439568,1.191616995157724,-1.4694503743577136,0.989879404115487,0.7493977139388682,-1.0336305184396521,0.005335865828592306,0.24373227902265787
49.15999999997613,-0.9053722685044634,1.1917785617979586,-1.4690599520178487,0.9926675511321472,0.7502903786505313,-1.0377340805561746,0.00381202224968578,0.1740086717726485
49.17999999997608,-0.906132818647799,1.1918941400553948,-1.4687796304174001,0.9946570535273355,0.7509281965899005,-1.040663751542769,0.002721798140129328,0.12423064094480316
49.199999999976036,-0.9066752143492817,1.1919767457921904,-1.468578676678896,0.996076739646152,0.7513837100496172,-1.0427553421337818,0.0019423676282789098,0.08869242933344819
49.21999999997599,-0.9070620900492916,1.192035747416277,-1.4684347794468762,0.9970898432922031,0.7517089173466917,-1.0442485989284906,0.0013854207163875882,0.0633205044361621
49.23999999997594,-0.9073380683977647,1.1920778701752912,-1.4683318200725088,0.9978128215029347,0.7519410389838533,-1.04531468510038,0.0009875994910586504,0.04520663402865668
49.259999999975896,-0.9075349537583179,1.1921079327265522,-1.4682581933278898,0.9983287666586291,0.7521066910990372,-1.0460757998027037,0.0007035174233284597,0.032274533076755436
49.27999999997585,-0.9076754215998492,1.192129382959472,-1.468205563518023,0.9986969692771923,0.7522248933061635,-1.0466191851241453,0.0005006975320172927,0.023041871717436716
49.2999999999758,-0.9077756425228257,1.1921446855409854,-1.4681679534283218,0.9989597380668266,0.7523092299998828,-1.0470071261270586,0.00035591895951458046,0.01645036472185296
49.31999999997576,-0.9078471502226534,1.192155601073199,-1.4681410821239584,0.999147264822952,0.7523694001023967,-1.0472840902120721,0.00025258878373481423,0.011744466626587574
49.33999999997571,-0.9078981721064827,1.1921633865942793,-1.4681218861498795,0.9992810951454926,0.7524123266382773,-1.0474818241512165,0.00017885585627118504,0.008384768092998157
49.35999999997566,-0.9079345775917581,1.192168939288451,-1.468108174600182,0.999376604763887,0.7524429503165767,-1.0476229930316763,0.00012625958150069643,0.005986166645501898
49.37999999997562,-0.9079605541697476,1.1921728993396614,-1.4680983812632336,0.9994447664970465,0.7524647966831555,-1.047723778220336,8.876337075523389e-05,0.004273724675801901
49.39999999997557,-0.9079790895069854,1.1921757234672556,-1.4680913868428578,0.9994934111157828,0.7524803812321598,-1.0477957321381621,6.206439496799861e-05,0.0030511549835475567
49.41999999997552,-0.9079923152940128,1.1921777374614253,-1.468086391605423,0.99952812709803,0.7524914986626933,-1.047847102446068,4.310195286863431e-05,0.0021783215414974194
49.43999999997548,-0.908001752519942,1.1921791736956935,-1.468082824232249,0.9995529027134379,0.7524994293568954,-1.0478837774257577,2.9709279742294717e-05,0.001555176533729477
49.45999999997543,-0.9080084864481803,1.1921801979022226,-1.468080276626331,0.9995705842371219,0.7525050867401429,-1.0479099609189022,2.0369897885504856e-05,0.0011102924662440474
49.479999999975384,-0.9080132914501498,1.1921809282780687,-1.4680784573041703,0.9995832029511299,0.7525091224351832,-1.047928654188909,1.404921650913184e-05,0.0007926748546448357
49.49999999997534,-0.9080167200701998,1.1921814491163414,-1.4680771580853524,0.9995922085092447,0.7525120012912228,-1.0479419999382233,1.0065920030194068e-05,0.0005659170264934954
49.51999999997529,-0.9080191665727724,1.1921818205298806,-1.4680762302914303,0.99959863547904,0.7525140549145678,-1.0479515279138356,7.932409206666498e-06,0.00040402703806286937
49.539999999975244,-0.9080209122839441,1.1921820853868743,-1.4680755677422415,0.99960322219609,0.7525155198589619,-1.0479583302532993,7.132823094549383e-06,0.00028844836993311963
49.5599999999752,-0.90802215794364,1.192182274257493,-1.4680750946098065,0.9996064955856125,0.7525165648707284,-1.0479631866701307,7.078383351445126e-06,0.00020593290154433024
49.57999999997515,-0.9080230467899552,1.1921824089417612,-1.4680747567428325,0.9996088316965399,0.75251731032507,-1.0479666538278696,7.316860983617742e-06,0.00014702235617519518
49.599999999975104,-0.9080236810306953,1.1921825049854944,-1.4680745154705122,0.9996104989025196,0.752517842091407,-1.047969129147211,7.616862485724843e-06,0.00010496415371581004
49.61999999997506,-0.9080241335965211,1.1921825734745273,-1.468074343177281,0.9996116887329638,0.7525182214244079,-1.0479708963600607,7.889758195660618e-06,7.493740137487595e-05
49.63999999997501,-0.908024456527357,1.1921826223142238,-1.4680742201424581,0.9996125378761113,0.7525184920198363,-1.0479721580320929,8.1114368702371e-06,5.3500302728344785e-05
49.659999999974964,-0.9080246869564963,1.1921826571419307,-1.4680741322832849,0.9996131438818724,0.7525186850478586,-1.0479730587817013,8.282243063269034e-06,3.819564429321023e-05
49.67999999997492,-0.9080248513805641,1.1921826819776566,-1.4680740695431447,0.9996135763684219,0.7525188227435559,-1.0479737018567776,8.410167003218098e-06,2.7269139351956883e-05
49.69999999997487,-0.908024968706352,1.1921826996880784,-1.4680740247405437,0.9996138850199741,0.7525189209682075,-1.047974160969433,8.50439469202107e-06,1.9468344048243e-05
49.719999999974824,-0.9080250524248956,1.1921827123174307,-1.4680739927471447,0.9996141052945282,0.7525189910363753,-1.047974488745199,8.573089441852351e-06,1.3899096943898593e-05
49.73999999997478,-0.9080251121627942,1.1921827213234601,-1.4680739699007868,0.9996142624973011,0.7525190410192426,-1.0479747227551934,8.62283660222983e-06,9.923026389293069e-06
49.75999999997473,-0.9080251547891598,1.1921827277456887,-1.468073953586314,0.9996143746877999,0.7525190766743475,-1.0479748898226895,8.658703292347022e-06,7.084377560102675e-06
49.779999999974684,-0.9080251852054855,1.192182732325403,-1.4680739419362432,0.9996144547545055,0.7525191021088019,-1.0479750090977138,8.684484825074832e-06,5.0577719175789e-06
49.79999999997464,-0.9080252069092609,1.1921827355912142,-1.468073933617004,0.9996145118955061,0.7525191202523952,-1.047975094252105,8.702978843463189e-06,3.6109109123173513e-06
49.81999999997459,-0.9080252223961396,1.1921827379200778,-1.4680739276762973,0.9996145526751786,0.752519133195078,-1.0479751550466452,8.716225747933662e-06,2.577948854095014e-06
49.839999999974545,-0.9080252334469108,1.1921827395808,-1.4680739234340874,0.9996145817783033,0.7525191424277096,-1.0479751984498802,8.725705021647926e-06,1.8404829932811038e-06
49.8599999999745,-0.9080252413322678,1.1921827407650687,-1.4680739204047635,0.9996146025482564,0.7525191490137874,-1.0479752294368851,8.732483136146824e-06,1.3139816850757544e-06
49.87999999997445,-0.9080252469589216,1.1921827416095765,-1.468073918241553,0.9996146173710962,0.752519153711953,-1.0479752515595326,8.737327597998766e-06,9.380949699234423e-07
49.899999999974405,-0.9080252509738624,1.1921827422117994,-1.4680739166968273,0.999614627949675,0.752519157063382,-1.0479752673536222,8.740789038734792e-06,6.697369947199947e-07
49.91999999997436,-0.9078007919971871,1.191995256385306,-1.4676944205279814,0.999687216705677,0.751927891582372,-1.0481165397280177,0.0010576239848140586,0.02554335344706745
49.93999999997431,-0.9071251093974733,1.1914332478439524,-1.4665564151692316,0.9999069971806623,0.7501489379807081,-1.0485408464162764,0.00475074011147262,0.09973405445533315
49.959999999974265,-0.9059057809815483,1.1904128607509645,-1.464491363344255,1.0002975086996289,0.7469704855394586,-1.0493002635389295,0.005518423539342742,0.22557296883793274
49.97999999997422,-0.904077114817825,1.1888557125277182,-1.4613715201304145,1.0008428385488106,0.7424230248804067,-1.0504108785952897,0.0709374981296967,0.3994825583134323
49.99999999997417,-0.9017140586159512,1.1869873536164683,-1.4575208303593885,1.0016795246323613,0.7360558172926944,-1.0518733561373586,0.009798962660060247,0.2648821886040256
50.019999999974125,-0.8981055466931308,1.1841007517679272,-1.4516111750749692,1.002902454315968,0.7267346025524308,-1.0540646684791395,0.01554093118347449,0.4002385447764789
50.03999999997408,-0.8937114722743341,1.1806672046905442,-1.4445364696958112,1.0044352782527761,0.7154666272309866,-1.0566974883450457,0.023531014863915338,0.5607419160059938
50.05999999997403,-0.8885607685969965,1.1767262099885725,-1.436360609694629,1.0062730870870582,0.7024296110101439,-1.059729107886317,0.005374362602700471,0.7685600884553053
50.079999999973985,-0.8826406442468339,1.1722649428100975,-1.427089446763167,1.008377540379978,0.6879832713002817,-1.0631092454364626,0.12990355346060034,1.0187415392246273
50.09999999997394,-0.8761764890643551,1.1677570243949895,-1.4174585412864766,1.0109778736166126,0.6714669667794425,-1.0668002497763016,0.024910107083198973,0.6943594391745267
50.11999999997389,-0.867952111630944,1.1621363112537675,-1.4054059695344718,1.0142783284970989,0.6512811890845149,-1.071358714788558,0.031827915244538964,0.8693518315054178
50.139999999973845,-0.8589003689241425,1.156247974885594,-1.392590092374558,1.0180716790026374,0.6293844834521799,-1.0762459241573945,0.04087137403037824,1.0654493613636458
50.1599999999738,-0.8490505296651114,1.1501491285965428,-1.379106751155258,1.0223582604456454,0.606007204686004,-1.0814063710334267,0.006297785701758977,1.3105721111258297
50.17999999997375,-0.8383235748753642,1.1438048228663769,-1.36491637475517,1.0271514767934482,0.5815206405675658,-1.0867825743941675,0.17752142568365964,1.6202529046473844
50.199999999973706,-0.8271793119222426,1.1378194317840817,-1.3510308927345658,1.0325609392486408,0.5552376612087084,-1.0923386374816555,0.03830465533628919,1.1145857346217136
50.21999999997366,-0.8134101468324598,1.1307846711882763,-1.334415774498205,1.0397341694911004,0.5240328347198266,-1.0987753589631124,0.047592054626411105,1.356317129776355
50.23999999997361,-0.7985034777831801,1.1237559125659966,-1.3173174322493417,1.0480158495483254,0.49090799096884735,-1.1053873024190843,0.04954095952932872,1.6089388275579437
50.259999999973566,-0.7826121328565261,1.116926559606386,-1.3001871323291103,1.0571345071168605,0.45644267779085845,-1.1121219233695285,0.02962867772760011,1.8622983643865456
50.27999999997352,-0.765607068537931,1.1102664398663795,-1.283019487962994,1.066963273533317,0.4211950792687225,-1.1189274122772255,0.22376045913266548,2.2254698179829058
50.29999999997347,-0.7484339493832721,1.1043674673600734,-1.267074296198402,1.0772228539338882,0.384861947339744,-1.125775156902445,0.055171182532546645,1.5522568888546693
50.319999999973426,-0.7283659056663416,1.0982058858692278,-1.2498207544957616,1.0889502658580323,0.3443699133111484,-1.1334505004260236,0.06088059058641379,1.7482520709741136
50.33999999997338,-0.7076262928903838,1.092656765609968,-1.2334975668997807,1.1010084970637728,0.3035542712719167,-1.1411501270046918,0.06199752484103174,1.952345611028858
50.35999999997333,-0.6863619270472622,1.0877536451054861,-1.2182266386417904,1.1132652754229886,0.2627409270210587,-1.148828385760708,0.0327557638672599,2.1630157833334214
50.379999999973286,-0.6644812245440874,1.0834491369842916,-1.203947487043689,1.125616938631923,0.22240661416599827,-1.1564416531352533,0.2109937956176031,2.455542454059218
50.39999999997324,-0.6430682576496916,1.0800090150631532,-1.191349530971181,1.1379168139258005,0.1820491087367692,-1.1639703415913119,0.05976032059301141,1.718811642495509
50.41999999997319,-0.6190532033705051,1.0768538309490465,-1.1786129293953524,1.1512398435236901,0.13853447870671587,-1.1722183704366895,0.06383856614170338,1.872254180629863
50.439999999973146,-0.5950418838616958,1.0744344062075308,-1.16727524150159,1.1644144895420505,0.09575470657202674,-1.1803497624487327,0.06512331112234299,2.028562647360416
50.4599999999731,-0.5711581422730537,1.0727096475372901,-1.1572987751843309,1.1773625751421886,0.0539059445039728,-1.1883274556283228,0.031743803573818084,2.1969212358754806
50.47999999997305,-0.5472797894087957,1.0716197735168456,-1.1485585659385589,1.1900190093515446,0.013317457478760895,-1.196117105570922,0.1930342578237859,2.4307660431607103
50.49999999997301,-0.524442980137205,1.0711808418689102,-1.1412997966413163,1.2023622619529297,-0.026692600488556557,-1.203708846091159,0.05752908337615058,1.7009252480136596
50.51999999997296,-0.49958983637058413,1.0713030141453364,-1.134551629554985,1.2153720125979348,-0.06896460024079287,-1.2118581754653317,0.060870410642144365,1.8162351786248851
50.53999999997291,-0.4753643896228703,1.0720222817617304,-1.1290945857405428,1.2279657873181866,-0.10986317061056412,-1.2197615478343906,0.06214261498758613,1.929781059073305
50.55999999997287,-0.45185382509520194,1.0732760836518538,-1.1248323799526407,1.240103439755472,-0.1492506728984914,-1.227391512766924,0.030077027112964762,2.0500882058566656
50.57999999997282,-0.42892655103202987,1.0750279022065174,-1.1216573055580585,1.251745097830328,-0.18687020117397976,-1.234724467360207,0.16786967318454143,2.2194782389230414
50.59999999997277,-0.407482104248369,1.0771193170492925,-1.1194990383157128,1.2629404480625295,-0.22338195674979103,-1.2417596900241052,0.05237538244508328,1.5506726510695912
50.61999999997273,-0.38484437893662654,1.079827967440345,-1.1181196918518796,1.2744836285548065,-0.2611184603873378,-1.2491378948845153,0.054538043538520785,1.6198018683489377
50.63999999997268,-0.36333579949160255,1.0828766768469695,-1.1176234008956614,1.285274316096597,-0.2969956738289636,-1.2561525178765784,0.054915550661595904,1.6843134153748607
50.659999999972634,-0.3430078376539952,1.0861991611456001,-1.1178730905475396,1.2951507265514877,-0.3309198864322443,-1.2627868107875062,0.02829851107076784,1.7442992848180463
50.67999999997259,-0.323756936921594,1.0897730262095795,-1.1187693642288121,1.3040727405252566,-0.3626673980559117,-1.269029301576961,0.12963012362928425,1.8328588540820956
50.69999999997254,-0.3062580003906493,1.0933243296974484,-1.1200316752082093,1.3121762480928032,-0.3927477841673034,-1.2748883720161304,0.04435434293455891,1.2748775036300433
50.719999999972494,-0.288582844679887,1.0972942306658062,-1.12183362431632,1.3198710360876835,-0.4227329573608412,-1.2808227747677317,0.04475036960695313,1.2828410881263133
50.73999999997245,-0.27248814087850287,1.101234327359353,-1.1239189424442697,1.3266556788201218,-0.45020921016391885,-1.2862883175046693,0.043465809247292014,1.2740325485216921
50.7599999999724,-0.2579476985844239,1.105074901356467,-1.1261753792451985,1.3325830028689736,-0.4751591700869259,-1.2912797415506954,0.02447144770166311,1.2503242601776319
50.779999999972354,-0.24482831947213013,1.108800205152351,-1.1285410432379954,1.3376909795288254,-0.4975354927172989,-1.2957984438356895,0.07166606777746685,1.2334890850386981
50.79999999997231,-0.23342188853832752,1.1121804539539064,-1.1307663143710744,1.34214042826193,-0.5177462894817035,-1.2998612385916164,0.030841935968663296,0.8540873070099887
50.81999999997226,-0.22276261991398597,1.1155321680878956,-1.1330678978379192,1.346075356895397,-0.5364503041327742,-1.3036793702486327,0.028786272244237774,0.7971243041183819
50.839999999972214,-0.21377593469790632,1.1184892440911371,-1.1351597901440207,1.3493051698104965,-0.5523168910431326,-1.3069351026517126,0.025519548449553855,0.717390323592099
50.85999999997217,-0.20638798159567912,1.1210146208704355,-1.1369880783853985,1.3518949304201298,-0.5654197106820571,-1.309635709009323,0.016426724170291764,0.61209926737526
50.87999999997212,-0.20051162922011237,1.123087811996257,-1.1385140231939719,1.3539076348198356,-0.5758625440272923,-1.311796772111415,0.0032168537310768575,0.4771519732161921
50.899999999972074,-0.19608979867761142,1.124678047827522,-1.139696200299512,1.355419647734364,-0.5838163657153811,-1.313442691613829,0.012401747056403645,0.3365643097996928
50.91999999997203,-0.19293298685920693,1.1258365496921598,-1.1405681010592235,1.3564872293900585,-0.5894782926918107,-1.3146177745377792,0.008853846839996883,0.23989286196527948
50.93999999997198,-0.190687493137508,1.1266707283956499,-1.1412005821566484,1.357244636707137,-0.5935139194875888,-1.3154566332348714,0.006315186387883344,0.17098643490206408
50.959999999971934,-0.1890893588806092,1.1272695916319164,-1.1416569600502016,1.3577825765982803,-0.5963903500571383,-1.3160554689287642,0.004503723397431989,0.1218718620647063
50.97999999997189,-0.18795149453275828,1.1276986209750761,-1.141985054646733,1.3581649483295557,-0.5984405445342422,-1.3164829585420832,0.0032115929947606884,0.08686486333737917
50.99999999997184,-0.18714110141051502,1.1280055253355257,-1.1422203165008165,1.3584368990746707,-0.5999018315027853,-1.3167881291866486,0.0022901177264057,0.06191336714617418
51.019999999971795,-0.1865638119282999,1.12822483764565,-1.1423887056997755,1.3586303972916511,-0.6009433709600419,-1.317005980129135,0.001633078638063782,0.04412905267987663
51.03999999997175,-0.1861525123294202,1.1283814402828216,-1.1425090759214558,1.3587681165595602,-0.6016857332707616,-1.3171614963794258,0.0011646451141146433,0.031453198209365055
51.0599999999717,-0.18585944266837706,1.1284932050430787,-1.1425950423222944,1.358866157249147,-0.6022148556808163,-1.3172725139854524,0.0008307078285110027,0.022418424585092207
51.079999999971655,-0.185650600693681,1.12857293966058,-1.1426563984617992,1.358935962028721,-0.6025919903634279,-1.3173517655350215,0.0005926702808122151,0.015978847336578256
51.09999999997161,-0.18550177109809157,1.12862980823646,-1.1427001696222028,1.3589856683789832,-0.6028607950695248,-1.3174083404021752,0.0004230085380392577,0.011389007466822035
51.11999999997156,-0.18539570456263182,1.128670360469541,-1.1427313855590109,1.3590210658885682,-0.6030523870513916,-1.3174487271829267,0.0003020990209695461,0.008117576125323451
51.139999999971515,-0.18532011183511354,1.1286992737966453,-1.1427536424145288,1.359046275013967,-0.6031889452718596,-1.3174775578619582,0.00021595392489700215,0.005785846586415973
51.15999999997147,-0.18526623642259935,1.1287198867037165,-1.1427695088507703,1.3590642289644528,-0.6032862778919925,-1.3174981390511724,0.00015460549609799283,0.004123894064034201
51.17999999997142,-0.1852278385116989,1.1287345810548666,-1.142780818360435,1.359077016133118,-0.6033556522566759,-1.3175128312241566,0.00011095374445074823,0.0029393284766011008
51.199999999971375,-0.18520047138842913,1.128745055721336,-1.1427888790400538,1.3590861235933787,-0.6034050992234562,-1.3175233194392146,7.994486347191247e-05,0.002095022896170992
51.21999999997133,-0.1851809660290189,1.1287525221816341,-1.1427946238214586,1.3590926103278875,-0.6034403428280718,-1.3175308065994005,5.798526187426277e-05,0.0014932394354112085
51.23999999997128,-0.1851670639071798,1.1287578442256831,-1.1427987179056964,1.3590972305097622,-0.6034654629075451,-1.3175361514141946,4.2522720052070856e-05,0.0010643149208782315
51.259999999971235,-0.18515715536224708,1.1287616376763305,-1.1428016355125397,1.3591005212592322,-0.6034833673878311,-1.317539966885533,3.174479165326901e-05,0.0007585965635844999
51.27999999997119,-0.18515009316470685,1.1287643415407134,-1.1428037146694954,1.359102865123359,-0.6034961289091153,-1.3175426906135064,2.435791915238535e-05,0.0005406940747387771
51.29999999997114,-0.18514505965759442,1.1287662687614073,-1.1428051963036823,1.359104534564996,-0.6035052247571813,-1.3175446349851092,1.9422533743220118e-05,0.0003853828353009528
51.319999999971095,-0.18514147207326614,1.128767642408603,-1.1428062521235605,1.3591057236441617,-0.6035117078757307,-1.317546023002196,1.6233350697171192e-05,0.0002746838600870442
51.33999999997105,-0.1851389150540948,1.1287686214858794,-1.1428070044999812,1.3591065705803294,-0.603516328756318,-1.317547013857778,1.4245858484018821e-05,0.00019578252828711854
51.359999999971,-0.1851370925598646,1.1287693193282355,-1.1428075406397136,1.359107173821156,-0.6035196223160517,-1.3175477211940247,1.304490225780435e-05,0.00013954514759811524
51.379999999970956,-0.18513579359152924,1.1287698167178086,-1.1428079226886365,1.359107603486907,-0.6035219698201503,-1.317548226135998,1.2332638632013195e-05,9.946162769474444e-05
51.39999999997091,-0.18513486776178506,1.1287701712333809,-1.142808194932833,1.3591079095215477,-0.6035236430175837,-1.3175485865959655,1.1912011297002439e-05,7.089186483964855e-05
51.41999999997086,-0.18513420788353788,1.1287704239148837,-1.1428083889308545,1.3591081274983063,-0.6035248355989956,-1.317548843915414,1.1661559229479757e-05,5.052859873990142e-05
51.439999999970816,-0.18513373756014367,1.128770604013854,-1.1428085271713364,1.3591082827546954,-0.6035256856185126,-1.3175490276065465,1.1509878481339926e-05,3.6014560890349795e-05
51.45999999997077,-0.18513340234053552,1.128770732379485,-1.1428086256795926,1.3591083933377073,-0.6035262914750165,-1.3175491587370651,1.141598273344988e-05,2.566959449843559e-05
51.47999999997072,-0.18513316341515007,1.128770823872115,-1.1428086958751447,1.3591084721015607,-0.6035267233028855,-1.3175492523464456,1.1356474894871868e-05,1.829615827114805e-05
51.499999999970676,-0.18513299312277137,1.1287708890834882,-1.142808745895438,1.3591085282018476,-0.6035270310908083,-1.3175493191708314,1.1317894334252273e-05,1.3040697599651985e-05
51.51999999997063,-0.185132871748075,1.1287709355628865,-1.1428087815391235,1.3591085681597588,-0.6035272504685175,-1.317549366874368,1.1292367025513109e-05,9.294836506078723e-06
51.53999999997058,-0.1851327852391081,1.128770968691067,-1.1428088069382474,1.3591085966200949,-0.6035274068313167,-1.3175494009282167,1.1275182730470827e-05,6.6249514489322954e-06
51.559999999970536,-0.1851327235804441,1.128770992303169,-1.1428088250372535,1.3591086168911726,-0.6035275182798581,-1.3175494252380404,1.1263450979822468e-05,4.72197477769168e-06
51.57999999997049,-0.18513267963365862,1.1287710091326864,-1.1428088379343064,1.3591086313293765,-0.6035275977154908,-1.3175494425919547,1.1255353673257498e-05,3.365616573422391e-06
51.59999999997044,-0.18513264831089124,1.1287710211279198,-1.1428088471245317,1.3591086416130682,-0.603527654333728,-1.3175494549802935,1.1249717300902012e-05,2.3988640649524124e-06
51.619999999970396,-0.18513262598580468,1.1287710296775182,-1.1428088536733305,1.3591086489376771,-0.6035276946887271,-1.3175494638238863,1.124576931952077e-05,1.70980521662259e-06
51.63999999997035,-0.18513261007375284,1.1287710357712415,-1.142808858339893,1.3591086541546595,-0.6035277234520036,-1.317549470137011,1.1242990686093216e-05,1.2186743208796612e-06
51.6599999999703,-0.18513259873254684,1.1287710401145408,-1.1428088616652041,1.3591086578704723,-0.6035277439532085,-1.317549474643725,1.1241028363584084e-05,8.686177468721079e-07
51.679999999970256,-0.1851325906491801,1.1287710432102258,-1.142808864034763,1.3591086605170695,-0.6035277585655712,-1.3175494778609078,1.1239639555773379e-05,6.191127518978473e-07
51.69999999997021,-0.1851325848878153,1.1287710454166742,-1.1428088657232682,1.359108662402113,-0.6035277689806243,-1.3175494801575391,1.1238654354710755e-05,4.4127654294957544e-07
51.71999999997016,-0.18550608260887338,1.1286372295055525,-1.1425417403934814,1.358437239095057,-0.6029277660518585,-1.3167714786179645,0.0012821510349673366,0.03328156263402221
51.73999999997012,-0.18663051065377315,1.1282358409461184,-1.1417421304779072,1.3564183892557238,-0.6011233510725803,-1.3144346831145928,0.004961877289325537,0.12991925916361563
51.75999999997007,-0.18866634486157613,1.1275112880541347,-1.1403033645720166,1.3528007843885426,-0.5978851461310847,-1.3102534562854846,0.0025607396119527916,0.2801920027949942
51.77999999997002,-0.19176990140153807,1.126385444127943,-1.1380965183383793,1.3475352364703919,-0.5932134980356922,-1.3041383764107606,0.09213860696118063,0.4789295957800865
51.79999999996998,-0.19567072227406732,1.1250733354420142,-1.135549978111741,1.3404292559948825,-0.5867445690741794,-1.2960860097433073,0.013076830492127635,0.3414871822655813
51.81999999996993,-0.2017324826604874,1.123025777640955,-1.13162795226639,1.3297969977292625,-0.5771667214720586,-1.2840202396488407,0.019460339290607746,0.5139970236024562
51.83999999996988,-0.20914684827598493,1.1205960376365385,-1.1270737586529889,1.3168975749261627,-0.5655157370908962,-1.2695235214046703,0.02633613570682926,0.7161109342817121
51.85999999996984,-0.2180048775011995,1.1178011868318778,-1.121812750003636,1.3011583825026427,-0.5518091568160538,-1.2528324302585525,0.007771455362788751,0.9468072724732136
51.87999999996979,-0.22847452864978196,1.1146009391532983,-1.115841774130717,1.2825370478791343,-0.5363417986075916,-1.234221254972963,0.1769235976718965,1.2676456571831223
51.899999999969744,-0.23975794864447955,1.1114229399563427,-1.1100037973249441,1.2611373758456201,-0.5186805357610884,-1.2139001031256167,0.03613871287840946,0.9122023056613954
51.9199999999697,-0.25452788250675246,1.1074179748290314,-1.1030208592568709,1.2338160464725512,-0.4964512795571658,-1.1888010603617698,0.0467618367480265,1.1728034116060824
51.93999999996965,-0.27185057046973893,1.1030040972983979,-1.0963282157272507,1.2035761367620892,-0.47020171180620013,-1.1618919920368118,0.05344479286201444,1.4746690216060956
51.959999999969604,-0.29134024575836154,1.0983825504107556,-1.0903864825939893,1.1709191789449738,-0.44049937583585,-1.1334825011263305,0.05279997136147692,1.7945296949338803
51.97999999996956,-0.3127304513405734,1.0936982523982306,-1.0855231339073141,1.1362885358340256,-0.40772821021019656,-1.1038827499257309,0.09420094922689888,2.1305503921948974
51.99999999996951,-0.33519643697156076,1.0892068607132817,-1.0824956825032868,1.0999917545345879,-0.3726102071376502,-1.0732914057419911,0.06380529926148734,1.553759724605783
52.019999999969464,-0.36173575143721454,1.0844668096645154,-1.0810545810738483,1.057635084937426,-0.33056701768358593,-1.0378528371396603,0.07303775926761315,1.8208022686070375
52.03999999996942,-0.388987274007779,1.0802331959882139,-1.0821130363728124,1.0137699646208997,-0.28637577432589806,-1.0014483893086459,0.08489007397595992,2.1046610487792727
52.05999999996937,-0.41642761124779243,1.0766401605237201,-1.0858512366694142,0.968771261446987,-0.24049459728755962,-0.9643705239621407,0.09733359082264649,2.425002440551756
52.079999999969324,-0.4431835925984709,1.0738333601561805,-1.0921563168271617,0.9229924752000094,-0.19330370182134618,-0.9269043790639745,0.3535208724366155,2.723529910856792
52.09999999996928,-0.469354456592619,1.0718216199732176,-1.1015403908928518,0.8766155256981719,-0.14655604118382207,-0.8891935077857791,0.07349152789307235,2.0238382313522147
52.11999999996923,-0.4964004057613408,1.0706611015316259,-1.1146893726711953,0.8246875257537142,-0.0942276561820144,-0.8469317656871802,0.07518707860857791,2.287125937141733
52.139999999969184,-0.5217025384199023,1.0706279467717312,-1.1311782182477095,0.7723686662539263,-0.041141959525683794,-0.8045358895185064,0.0697770798880995,2.5554842625940917
52.15999999996914,-0.5448186687536722,1.0717986163074715,-1.1508967587351675,0.719970885314985,0.01232163752805512,-0.7622609175214698,0.04772288905364099,2.820973783046765
52.17999999996909,-0.5656299665611249,1.0742972885644049,-1.1740112201034438,0.6677987576219779,0.06602426446083168,-0.7203428643672363,0.2903259859479672,3.2264208233295526
52.199999999969044,-0.582888371605862,1.077893081063362,-1.1990227980313137,0.6159628108208595,0.11965487593194497,-0.6788846263883266,0.07724032037365063,2.3349244509689995
52.219999999969,-0.5985671014238715,1.0833885838748345,-1.2297269891453981,0.5594061173357401,0.17799331285911324,-0.6334688293584516,0.08209224671588217,2.5544627139681055
52.23999999996895,-0.610387255372498,1.090400047819474,-1.2630836887150538,0.5035388701064447,0.23589654338892174,-0.5886950464401463,0.07544103161518473,2.77467230845246
52.259999999968905,-0.6182551680397832,1.0988652083710733,-1.2986270107178315,0.44865423126271287,0.29303461109079076,-0.5447720202771363,0.07141030738226768,2.959727718973011
52.27999999996886,-0.6223651125146229,1.1089663941819827,-1.3366370180821041,0.39501470315583426,0.34936094845593074,-0.5018852303857992,0.33023622583035533,3.3817257705868546
52.29999999996881,-0.6226922326549884,1.1196685806289979,-1.3742336726213182,0.3427238160584046,0.4046198268612478,-0.4600767508972576,0.09101238845001497,2.40725852162907
52.319999999968765,-0.6190727096734598,1.1328273053015399,-1.416830397312473,0.2870733500038678,0.46316417889274963,-0.41520436618919804,0.09907906930273586,2.562381248581755
52.33999999996872,-0.6117834417756501,1.1470609883363536,-1.4598649108592676,0.23325088583319836,0.5201059993783249,-0.3716861317740204,0.07836773518125835,2.729753833484948
52.35999999996867,-0.6012893746426803,1.1622449071334364,-1.5029565314402795,0.1814750268597968,0.5747665588086673,-0.32967716026966704,0.138295783381322,2.888704696618822
52.379999999968625,-0.5879293330049509,1.1778028584789626,-1.5449627155385295,0.13193582040354318,0.6271837622030485,-0.28930963538094295,0.26631901744792114,3.000631260399771
52.39999999996858,-0.5729777503701576,1.1926721981968715,-1.5836501375332726,0.0847098472647194,0.6762750263191328,-0.25056174750726506,0.09266579895229196,2.0710653503064735
52.41999999996853,-0.5546436528534048,1.2082222026928753,-1.6222483399735859,0.035756326716702466,0.7234523652681334,-0.20993508451203366,0.09541089105981256,2.0916342229548253
52.439999999968485,-0.535228585119116,1.222913027248084,-1.6573066841444628,-0.010584597857143623,0.7661422700961685,-0.17130934864084377,0.09769442958635974,2.167659831336879
52.45999999996844,-0.5152671042607667,1.2368905997819055,-1.689417950298007,-0.05430500235497208,0.8050638309038309,-0.13478057350406605,0.03329481185750975,2.235065088500326
52.47999999996839,-0.49505559106922403,1.2502218936172205,-1.71887214990921,-0.09547098531400751,0.8404022119368069,-0.10041604639912015,0.18108090432318852,2.301299223148924
52.499999999968345,-0.4756075144499731,1.2624359747536973,-1.7452420504849577,-0.13405793050608567,0.8736691084105566,-0.06814599873721514,0.07313250859334795,1.644689549834813
52.5199999999683,-0.4549437181703716,1.274937218043449,-1.7712094218939665,-0.17284712342333333,0.9060066254696404,-0.03546909209380487,0.07130844902464717,1.6483867212196595
52.53999999996825,-0.4363154392870619,1.2864792633211164,-1.7945233522823527,-0.20647137121027723,0.9351596518143491,-0.005375225330463803,0.07040736434113924,1.5276429226986334
52.559999999968205,-0.41960612905325817,1.2970836352327526,-1.815416960722178,-0.23566936706541522,0.9611844008980978,0.022105893175234086,0.029438915840244,1.4224056176774877
52.57999999996816,-0.40460125389931223,1.3067730554213939,-1.8340476747542753,-0.2610062730011702,0.9841514122739985,0.04698310406091535,0.08655573719642622,1.3416863104008827
52.59999999996811,-0.39153998754740726,1.3153023418643772,-1.8502896854474913,-0.28315737250945716,1.004939719883403,0.06935712347633459,0.04259466974942412,0.9487169044870707
52.619999999968066,-0.3793488009942812,1.32339113053443,-1.865367484863088,-0.3032634538562185,1.023852262391326,0.09038088618799821,0.04060905924397865,0.893369408472195
52.63999999996802,-0.3690130810386407,1.3303172062956128,-1.8780856197246516,-0.32010684855545457,1.0398074487766418,0.10830774954575983,0.03663196890277419,0.810261425527806
52.65999999996797,-0.3604687919990085,1.3361018008475074,-1.8885722087201755,-0.333899838177527,1.0529052582468472,0.12317676215825496,0.019150200383749053,0.6940463131148545
52.679999999967926,-0.3536361103019783,1.3407506281474029,-1.8969093904205732,-0.34483486168611255,1.0633201764139208,0.13507547128023098,0.005241245228473254,0.5382065684342238
52.69999999996788,-0.34846244813086913,1.3442848585122633,-1.903211032378146,-0.3531305180483869,1.0712652608683024,0.14413862115059994,0.01643289768569803,0.38431161773374833
52.71999999996783,-0.3447490682217225,1.3468305572383357,-1.9077144398316361,-0.35904234171129085,1.0769049587616253,0.15060905298297614,0.011728424715601322,0.2743752796056151
52.739999999967786,-0.3420960119196385,1.3486520831131132,-1.9109223544952811,-0.3632585112726948,1.0809235315597416,0.15522854974654793,0.00836467237445248,0.19588728596406182
52.75999999996774,-0.34020140678825406,1.3499540130337224,-1.913207782301655,-0.3662658039097462,1.0837873346233915,0.1585265889722806,0.005965889621787451,0.1398515518698804
52.77999999996769,-0.3388488549313326,1.350883844697412,-1.914836175150021,-0.3684110380582929,1.0858283673837892,0.16088118696973527,0.0042551473928377865,0.09984542364546889
52.799999999967646,-0.3378834797761659,1.3515475588096428,-1.915996511521833,-0.3699414266993628,1.0872830983705923,0.16256222516128957,0.0030351003675717003,0.07128348358301476
52.8199999999676,-0.33719455094676964,1.3520211310647365,-1.9168233715440488,-0.3710332390322276,1.0883199918001225,0.16376238277248586,0.00216501272913052,0.050892006577866904
52.83999999996755,-0.33670295508831544,1.3523589382918468,-1.9174126175774133,-0.37181218546991385,1.0890590846743917,0.16461922114337957,0.0015445110476578392,0.03633374502636008
52.859999999967506,-0.33635219428931096,1.3525998534635633,-1.9178325439337625,-0.37236793169656957,1.0895859183756693,0.16523095070527657,0.0011020079367524286,0.025940043471352186
52.87999999996746,-0.33610193391175036,1.352771643087447,-1.9181318103580935,-0.3727644397514235,1.0899614573095742,0.16566768770022716,0.0007864474944968942,0.01851958250168727
52.89999999996741,-0.33592338476443423,1.3528941287202192,-1.918345089719815,-0.3730473392312071,1.0902291529505856,0.1659794908197167,0.0005614178975533955,0.013221832441406057
52.91999999996737,-0.3357960014294636,1.3529814543201302,-1.9184970898365115,-0.37324918310890987,1.0904199761295226,0.16620209888646717,0.0004009520611948326,0.009439567075790046
52.93999999996732,-0.33570512321733154,1.3530437094754282,-1.9186054181616383,-0.3733931959981148,1.0905560026038938,0.16636102721386772,0.0002865324123957353,0.00673926414870061
52.95999999996727,-0.3356402894131923,1.3530880900457247,-1.918682622600612,-0.373495947653284,1.0906529681678043,0.16647449215799606,0.00020495462813490827,0.004811415453341999
52.97999999996723,-0.33559403646754093,1.3531197273075375,-1.9187376455692287,-0.37356926006318325,1.0907220896230119,0.1665554990692125,0.00014680412345138618,0.0034350512247671356
52.99999999996718,-0.3355610394582789,1.3531422799096746,-1.9187768600812334,-0.37362156793301154,1.0907713626354478,0.1666133329615738,0.00010536962180856038,0.0024524127071832535
53.01999999996713,-0.3355374993826114,1.353158356300216,-1.9188048080556885,-0.3736588892707847,1.0908064867994403,0.16665462275910317,7.586846879494038e-05,0.0017508699120907093
53.03999999996709,-0.33552070593766403,1.3531698160791605,-1.9188247264512577,-0.37368551783987014,1.0908315250126899,0.16668410110200826,5.4894211298803256e-05,0.0012500120056061971
53.05999999996704,-0.33550872555178896,1.3531779849294372,-1.918838922212742,-0.37370451719211356,1.0908493734828937,0.16670514680138904,4.00224411788353e-05,0.0008924306385584747
53.079999999966994,-0.3355001787982862,1.3531838078852114,-1.9188490394804072,-0.3737180731437313,1.0908620967574203,0.16672017211834503,2.9528964668863934e-05,0.0006371398122107832
53.09999999996695,-0.3354940815887827,1.3531879586155329,-1.9188562500223163,-0.3737277452579115,1.0908711665418924,0.16673089925727624,2.218705600873809e-05,0.00045487806857419887
53.1199999999669,-0.3354897318740943,1.3531909173394987,-1.918861388951444,-0.3737346462728001,1.0908776319383253,0.16673855776496257,1.7119849681799156e-05,0.0003247545447666811
53.139999999966854,-0.3354866288135927,1.353193026373581,-1.9188650514491732,-0.37373957012068404,1.090882240797542,0.166744025461262,1.369175846929155e-05,0.00023185446341166045
53.15999999996681,-0.3354844151092918,1.353194529730792,-1.9188676616990321,-0.3737430832681648,1.090885526224321,0.16674792905488128,1.1430700881306677e-05,0.00016552960112961075
53.17999999996676,-0.3354828358664345,1.3531956013497004,-1.9188695220151801,-0.37374558988649337,1.0908878682421346,0.16675071597678778,9.978668186579568e-06,0.00011817778903710459
53.199999999966714,-0.3354817092444585,1.3531963652176007,-1.918870847855959,-0.3737473783500865,1.090889537750635,0.1667527056648013,9.066276629350475e-06,8.437155182891075e-05
53.21999999996667,-0.3354809055193659,1.3531969097151653,-1.9188717927778682,-0.373748654412898,1.0908907278606401,0.16675412617760446,8.499659550507311e-06,6.023601017915853e-05
53.23999999996662,-0.33548033214685563,1.3531972978418205,-1.9188724662201595,-0.3737495648795642,1.0908915762312272,0.16675514033486832,8.147838759718629e-06,4.300474169566627e-05
53.259999999966574,-0.3354799231064106,1.3531975745046951,-1.9188729461798542,-0.37375021449463774,1.0908921809927072,0.1667558643796759,7.927309152470317e-06,3.0702693242349476e-05
53.27999999996653,-0.33547963129942004,1.3531977717143704,-1.9188732882451862,-0.3737506779929739,1.090892612097307,0.1667563813023303,7.786902574085056e-06,2.1919800038317493e-05
53.29999999996648,-0.33547942312604045,1.3531979122885271,-1.918873532033712,-0.3737510086976273,1.090892919410503,0.16675675035272364,7.695864605933349e-06,1.5649363817532306e-05
53.319999999966434,-0.3354792746163611,1.3531980124919853,-1.9188737057807328,-0.37375124465441295,1.0908931384789233,0.16675701383157662,7.635754712543588e-06,1.1172664840810776e-05
53.33999999996639,-0.33547916867040184,1.3531980839185718,-1.9188738296094503,-0.3737514130088915,1.090893294642,0.16675720193895907,7.595407635943997e-06,7.976582093493406e-06
53.35999999996634,-0.3354790930891453,1.3531981348325521,-1.918873917861598,-0.37375153312933146,1.0908934059629616,0.1667573362358321,7.567944879800158e-06,5.694779227761725e-06
53.379999999966294,-0.3354790391698888,1.3531981711248258,-1.9188739807584765,-0.37375161883492947,1.0908934853181915,0.16675743211537308,7.5490400246229965e-06,4.065714978706821e-06
53.39999999996625,-0.335479000704179,1.35319819699452,-1.9188740255847676,-0.3737516799856394,1.0908935418866277,0.166757500567347,7.535910003659465e-06,2.9026652401131304e-06
53.4199999999662,-0.3354789732629417,1.3531982154348372,-1.9188740575322336,-0.3737517236165072,1.0908935822114816,0.16675754943775797,7.526729966123318e-06,2.0723206706963096e-06
53.439999999966155,-0.33547895368650227,1.3531982285793793,-1.918874080301022,-0.37375175474701716,1.0908936109570857,0.1667575843281613,7.520278606445515e-06,1.4795067494855807e-06
53.45999999996611,-0.3354789397207672,1.3531982379490108,-1.9188740965282123,-0.3737517769585562,1.0908936314484132,0.16675760923771657,7.515727896873238e-06,1.0562748207458134e-06
53.47999999996606,-0.3354789297576792,1.3531982446278286,-1.918874108093239,-0.37375179280643395,1.090893646055673,0.16675762702157293,7.512509373200516e-06,7.541137990494076e-07
53.499999999966015,-0.335478922650059,1.353198249388592,-1.9188741163355658,-0.37375180411385583,1.0908936564684708,0.16675763971812785,7.51022822143745e-06,5.383898134197208e-07
53.51999999996597,-0.33540495719899854,1.3531672148534768,-1.9187910555849315,-0.3739046716092739,1.090835671015132,0.16690679572727704,0.0002592260710520929,0.006562105246900869
53.53999999996592,-0.33518275712117757,1.3530741035061538,-1.918541625781049,-0.37436391320862583,1.0906610269677508,0.1673547724394079,0.0010075659026345157,0.025678783061434163
53.559999999965875,-0.3347822455448085,1.3529044143092146,-1.9180893212693542,-0.37518428208741866,1.0903531663556785,0.1681562079255929,0.0014623051531612787,0.056361273009829606
53.57999999996583,-0.33417516823075916,1.352650448871944,-1.9174161908137772,-0.37637157369445146,1.089918446889959,0.1693282373709241,0.01582543073369573,0.09939149564376619
53.59999999996578,-0.33342880577260964,1.3523326270943763,-1.916559279379596,-0.37797784665161294,1.0892899648986811,0.17087176905453622,0.0023319072827796008,0.06740816203573496
53.619999999965735,-0.33227845177045934,1.3518468279679245,-1.9152569986814028,-0.3803548496760349,1.088389174565401,0.17318452328349337,0.003796718194546839,0.10144732278263062
53.63999999996569,-0.33089839598726745,1.351263891245738,-1.913691159484536,-0.38321189140921935,1.0873072998188726,0.1759632305170336,0.005277623177054283,0.1416000462821736
53.65999999996564,-0.3293065072943263,1.350587029324931,-1.9118747278935626,-0.3864985904648077,1.0860749844415176,0.17916219183992466,0.0023482064290718087,0.18963278089005062
53.679999999965595,-0.3274954936956642,1.3498233717351362,-1.9098277908957264,-0.3901407004995403,1.0847319339481607,0.18272901179181592,0.02823380306982023,0.2482206849318405
53.69999999996555,-0.32561335186759577,1.349019159928156,-1.907642774211261,-0.3941927802988477,1.0831722664265122,0.1866244534613152,0.005901270157081507,0.17050449193391967
53.7199999999655,-0.3232437296742557,1.3480123398430697,-1.9049133941745084,-0.39915193821404976,1.0813133304495415,0.19143529372478602,0.007796868549191478,0.21142661960834686
53.739999999965455,-0.32071156801064743,1.3469351921991226,-1.9019827119947734,-0.4044728591997247,1.0793239507775116,0.1965930758000803,0.009466609521358516,0.2570146520870581
53.75999999996541,-0.3180391774859266,1.3457908497466997,-1.8988660218562168,-0.41008920691840495,1.077245548523263,0.20203834965914608,0.003325367128361687,0.31003201641922734
53.77999999996536,-0.3152122825208179,1.3445881284099943,-1.895586969979087,-0.4159128690665717,1.0751243596580076,0.20771139530202876,0.03673738746627876,0.373532229497817
53.799999999965316,-0.3124208615201272,1.3433849515411078,-1.892262718992425,-0.42203295223427534,1.0728134830589247,0.21357556320251145,0.00891697798976125,0.25778181218773266
53.81999999996527,-0.30913653293031507,1.3419752920902541,-1.8883690578407837,-0.4290673032242582,1.07022476467613,0.22036827616377694,0.010994090853500667,0.299811248934648
53.83999999996522,-0.305779110514983,1.3405311269153062,-1.8843605473613128,-0.436301300505244,1.0675731057309645,0.22734611921280098,0.012676006467176875,0.3457616940396991
53.859999999965176,-0.30236674485634035,1.3390525965670037,-1.8802474053960445,-0.44366993224354273,1.0649017013163224,0.2344528689567996,0.004226272007679042,0.3988555581096415
53.87999999996513,-0.29887534489270146,1.337547750934404,-1.8760506286044756,-0.4510862867428369,1.0622561638029353,0.24163398852758092,0.04179596469963412,0.46189040736709996
53.89999999996508,-0.2955160523387532,1.3360797321461522,-1.8719014073868059,-0.4586695158418258,1.0594606692419473,0.24886267355890912,0.011049313272556373,0.3195847234346877
53.919999999965036,-0.2917004809231215,1.334417703226565,-1.8671993481107627,-0.4671071830985487,1.0564296676741962,0.2569632431324506,0.013148698638601592,0.3595727344068334
53.93999999996499,-0.28789676958024657,1.3327556267321239,-1.862470417677228,-0.47558246443753716,1.0534000833724528,0.26508946980986275,0.014727927702108914,0.4026356504853123
53.95999999996494,-0.28411717022300204,1.3310906323711686,-1.8577193925830844,-0.4840360372216241,1.050413191941962,0.27319242128209786,0.0048445008351187605,0.4521287687114421
53.979999999964896,-0.28032995461827187,1.329429564290952,-1.852963422283985,-0.4923880822232535,1.0475106844727888,0.28122603540861235,0.043459552611875014,0.5102002079735604
53.99999999996485,-0.2767500102811546,1.3278358523541065,-1.8483395077727631,-0.5007764180913897,1.044502854452502,0.2891740378589609,0.012225485678926831,0.35363300068471976
54.0199999999648,-0.2727813083621257,1.3260735066908949,-1.8432179519892329,-0.5099018246885548,1.0413151851474878,0.2978791764282348,0.014196791613828799,0.38882501498378785
54.039999999964756,-0.2688975011679897,1.3243419882496212,-1.838155768655204,-0.5189101638392253,1.0381854121211194,0.30646121060157133,0.015563977364017061,0.42598465822358517
54.05999999996471,-0.26510481106367495,1.3226360624154752,-1.8331530753640626,-0.5277501557163216,1.0351503678015104,0.314880166430077,0.005119641108373364,0.4682963417479053
54.07999999996466,-0.2613672941971448,1.3209612780805733,-1.8282228286840205,-0.5363534530978838,1.0322453921979797,0.3231000444755974,0.04168783837647364,0.5170170178555762
54.099999999964616,-0.2578869503429548,1.31937675223582,-1.8234984646014432,-0.5448636721503273,1.0292828073270486,0.33111457138468814,0.012411534560506797,0.35884651337430906
54.11999999996457,-0.2541094127134449,1.3176605329267224,-1.818372016572739,-0.5539365525893282,1.0262057249532772,0.3397155620114983,0.014098628972870647,0.38650307497573283
54.13999999996452,-0.25047507792194224,1.3160019056664234,-1.8133885479806078,-0.562746533418193,1.0232339937338082,0.34805695089717475,0.015140674416511174,0.41472090402862083
54.15999999996448,-0.24698469181602944,1.3143941645155428,-1.808544457238628,-0.5712526973198099,1.0203978804153853,0.35610894287679695,0.005040816675427569,0.4461973908683084
54.17999999996443,-0.2436020964829619,1.312841506186918,-1.8038483653477098,-0.579402361660139,1.0177242044679264,0.3638468811957403,0.036420094559884285,0.4811928491060256
54.19999999996438,-0.24050031187815127,1.311394181798933,-1.7994187392500618,-0.587331576657847,1.0150436725597605,0.3712737402327583,0.011577250842181475,0.3343978356129728
54.21999999996434,-0.23721164331580127,1.3098628559721468,-1.7947244659429944,-0.5955917390575887,1.0123214042902875,0.37906085933153744,0.01281800223055087,0.3517661722890344
54.23999999996429,-0.23410944607938297,1.3084117451595474,-1.790252671084274,-0.603453291049023,1.0097432502257555,0.3864644311609337,0.013418337341561212,0.3679800699747683
54.25999999996424,-0.231190086282203,1.3070337288546496,-1.7859970518500854,-0.6108882238134283,1.0073310481199014,0.39346597471446754,0.004619263090987395,0.3849181393779411
54.2799999999642,-0.22842166105336578,1.305731595860064,-1.7819619555151558,-0.617863668123447,1.00510101100235,0.40005340714693827,0.02760088537013684,0.40184747675044613
54.29999999996415,-0.22593283961235214,1.304542145881103,-1.778237473725672,-0.624494491510564,1.002918859850451,0.40623815253753176,0.009696022678415975,0.2796966998871518
54.319999999964104,-0.22338337892533638,1.303326738227191,-1.774427947390199,-0.6311676975509046,1.0007743124876058,0.41250149019983445,0.01032613590593208,0.2840447590409759
54.33999999996406,-0.22105097338056154,1.3022103675611723,-1.7709141939369417,-0.6373184345853619,0.9988053952162267,0.4182699400521177,0.010367308237556066,0.2852141239998845
54.35999999996401,-0.2189291792767524,1.3011866894212682,-1.767688379210112,-0.6429342686444594,0.9970238615005093,0.42353745328949005,0.003900793963646415,0.2839229831318296
54.379999999963964,-0.2169952104821773,1.3002570626488377,-1.764750898974401,-0.6480061875513503,0.9954332289928804,0.4283057494882084,0.01519695864150685,0.27851009841094404
54.39999999996392,-0.21531878039009333,1.2994402176799384,-1.7621487241823919,-0.6526141331538023,0.9939509944147913,0.43259389070586773,0.006750766060502209,0.19447667790133427
54.41999999996387,-0.21372522064169086,1.298666066781136,-1.7596823202932528,-0.6569203016020775,0.9925932764818671,0.43662350274265793,0.006608477017842352,0.1831291200853719
54.439999999963824,-0.21237189110954577,1.298006794303078,-1.7575766231307661,-0.6605939194033584,0.9914379176455238,0.4400595013338016,0.005976457506296853,0.16627969284495292
54.45999999996378,-0.2112514300032979,1.2974581099684723,-1.7558236124771835,-0.6636407406746883,0.99048505902678,0.4429093844481155,0.003049164472596137,0.14314614780252466
54.47999999996373,-0.21035527872987608,1.2970199723387417,-1.7544202096352528,-0.6660794988518758,0.9897234023862472,0.4451899037126338,0.0007976602515429175,0.11120626828961193
54.499999999963684,-0.20968001480643192,1.296688438422539,-1.7533554321563039,-0.6679414670404171,0.9891390014541296,0.44692694013514284,0.0027393488650969654,0.07882743537338303
54.51999999996364,-0.20919598211532975,1.2964510689548014,-1.7525929198854595,-0.6692684176913267,0.9887255314178445,0.44816708598849286,0.001954747668350275,0.056256834009557596
54.53999999996359,-0.20885096160811809,1.2962819522474118,-1.7520490609883956,-0.6702153718566015,0.9884311225153933,0.44905249406178194,0.001393167663482706,0.04014578453533502
54.559999999963544,-0.2086049406788656,1.2961614501624694,-1.7516611891121432,-0.6708911197072484,0.988221444865669,0.4496846354327397,0.0009923915887247814,0.02864756465763382
54.5799999999635,-0.20842946675206286,1.2960755802943629,-1.751384579611905,-0.671373318545733,0.9880720933640196,0.4501359558292772,0.0007063997368072458,0.020442006932379773
54.59999999996345,-0.2083042869869794,1.2960143855251418,-1.7511873240176623,-0.6717173970316755,0.9879657017906217,0.4504581782150752,0.0005023368228640559,0.014586491983929252
54.619999999963404,-0.20821497423509347,1.2959707733954458,-1.7510466610485036,-0.6719629140872346,0.9878899080109809,0.4506882304467485,0.00035674416217064945,0.010408116292801329
54.63999999996336,-0.20815124568689533,1.2959396910193453,-1.7509463562169048,-0.6721381006064479,0.9878359096759551,0.45085247734660516,0.0002528767405096061,0.007426584216254971
54.65999999996331,-0.20810576951026682,1.2959175380946177,-1.7508748311987068,-0.6722631023436785,0.9877974379420832,0.4509697422085872,0.00017878452241231214,0.005299111068103451
54.679999999963265,-0.20807331651621208,1.2959017490797082,-1.7508238288840088,-0.6723522949421528,0.9877700276586102,0.451053464015943,0.00012594132087062268,0.003781070344122599
54.69999999996322,-0.20805015641437027,1.2958904956715662,-1.7507874609340295,-0.6724159363441337,0.9877504980896132,0.45111323759688354,8.826569385144957e-05,0.0026978943908590567
54.71999999996317,-0.20803362778955237,1.2958824748892706,-1.7507615283576692,-0.6724613461190506,0.987736583288564,0.451155913226137,6.142240842439226e-05,0.0019250146347137686
54.739999999963125,-0.20802183163457175,1.2958767581027457,-1.7507430369040635,-0.6724937470904336,0.9877266689210508,0.4511863816908746,4.232496757022279e-05,0.0013735432790478372
54.75999999996308,-0.20801341284763059,1.29587268346437,-1.7507298514395673,-0.6725168659312141,0.987719604841295,0.4512081347924211,2.8782963409906346e-05,0.0009800542382850247
54.77999999996303,-0.20800740439962698,1.2958697792578955,-1.7507204494636794,-0.6725333617399739,0.9877145715976482,0.4512236655192448,1.9255593232118046e-05,0.000699290272194115
54.799999999962985,-0.20800311617307135,1.2958677092745416,-1.7507137453343862,-0.6725451318587566,0.987710985339646,0.45123475375246,1.2686761067865647e-05,0.0004989586902405226
54.81999999996294,-0.20800005565484933,1.2958662338843432,-1.7507089649222103,-0.6725535300904166,0.9877084300748047,0.45124267024669523,8.405188604006814e-06,0.00035601763124474303
54.83999999996289,-0.20799787134882064,1.2958651822919875,-1.7507055562272482,-0.6725595224062662,0.9877066094064941,0.4512483222632464,6.036637737084779e-06,0.0002540260711183363
54.859999999962845,-0.2079963123963901,1.2958644327632383,-1.7507031256420411,-0.6725637980492519,0.9877053121493681,0.4512523575455882,5.235988007497748e-06,0.0001812529099726006
54.8799999999628,-0.2079951997611288,1.2958638985318247,-1.7507013925024655,-0.6725668488096495,0.9877043878312469,0.4512552385532003,5.366695747864037e-06,0.00012932772137732492
54.89999999996275,-0.20799440566487454,1.2958635177548063,-1.7507001566795362,-0.6725690255905499,0.9877037292385136,0.4512572954611725,5.811306629146239e-06,9.227801142398357e-05
54.919999999962705,-0.20799383891203876,1.2958632463533537,-1.750699275470363,-0.6725705787688239,0.9877032599797506,0.4512587639995273,6.272338794196933e-06,6.584227152259255e-05
54.93999999996266,-0.20799343441590137,1.2958630529100492,-1.7506986471200383,-0.6725716869936614,0.9877029256247809,0.4512598124687896,6.659344733672752e-06,4.697982265767622e-05
54.95999999996261,-0.20799314572366545,1.2958629150319434,-1.7506981990718071,-0.6725724777350017,0.98770268739115,0.45126056102788015,6.959970067013331e-06,3.352107491476153e-05
54.979999999962565,-0.20799293968163296,1.2958628167583204,-1.7506978795887798,-0.6725730419452998,0.9877025176456672,0.4512610954647989,7.185297437107938e-06,2.3917980242818138e-05
54.99999999996252,-0.2079927926277474,1.2958627467130748,-1.7506976517797552,-0.6725734445210187,0.9877023966991881,0.45126147702826996,7.3510370909949224e-06,1.7065973832630953e-05
55.01999999996247,-0.20799268767420132,1.295862696787808,-1.7506974893393097,-0.6725737317671262,0.9877023105228442,0.4512617494470897,7.471632669447375e-06,1.217692566613836e-05
55.039999999962426,-0.20799261276802303,1.2958626612032031,-1.750697373510248,-0.672573936723174,0.9877022491208145,0.4512619439416234,7.558799515035426e-06,8.688488765245057e-06
55.05999999996238,-0.20799255930690197,1.2958626358400107,-1.7506972909176697,-0.6725740829635635,0.9877022053709001,0.4512620828017862,7.621536528694549e-06,6.19941696240218e-06
55.07999999996233,-0.2079925211512939,1.2958626177622052,-1.7506972320245393,-0.6725741873091161,0.9877021741984102,0.45126218194155826,7.666564474178612e-06,4.423412751789714e-06
55.099999999962286,-0.20799249391935445,1.2958626048771134,-1.75069719003043,-0.6725742617618354,0.9877021519875397,0.4512622527227938,7.69882023686295e-06,3.1561969020332193e-06
55.11999999996224,-0.2079924744837234,1.2958625956931673,-1.7506971600862629,-0.6725743148853993,0.9877021361619653,0.45126230325733635,7.721897281958259e-06,2.2520121498723195e-06
55.13999999996219,-0.20799246061237764,1.2958625891472406,-1.7506971387343775,-0.6725743527901682,0.9877021248860146,0.45126233933667076,7.738392175517698e-06,1.6068576306122393e-06
55.159999999962146,-0.2079924507123041,1.2958625844815819,-1.7506971235092708,-0.6725743798360112,0.9877021168517397,0.45126236509565115,7.75017512785155e-06,1.1465263875570915e-06
55.1799999999621,-0.20799244364655656,1.2958625811560982,-1.7506971126529016,-0.6725743991337845,0.9877021111272082,0.45126238348637393,7.758588324063124e-06,8.180705340626288e-07
55.19999999996205,-0.20799243860368757,1.2958625787858344,-1.750697104911689,-0.672574412903149,0.987702107048402,0.45126239661650036,7.76459357600575e-06,5.837104166969542e-07
55.219999999962006,-0.20794839670094548,1.295807114062756,-1.7505514807713627,-0.672736294808073,0.9875895268782244,0.45138923068883563,0.0003694858694386155,0.006932194873986319
55.23999999996196,-0.2078162255233681,1.2956407874880729,-1.7501143743214758,-0.6732228468429983,0.9872504499782602,0.4517701602409553,0.0015408533681404092,0.02720341992458261
55.25999999996191,-0.2075772571072357,1.2953372526485016,-1.7493208523333401,-0.6740904231128786,0.9866508219400797,0.45245165037839935,0.0025704135199584493,0.06043185287339948
55.279999999961866,-0.20720911156360303,1.2948804475213858,-1.7481357777071511,-0.675343531491082,0.9858037893082214,0.4534482210232791,0.020460710654888952,0.1049582938392293
55.29999999996182,-0.20677744096740416,1.2943151515248446,-1.7466400718025747,-0.6770510860077401,0.9845825370700602,0.45476033519496367,0.0030171906959438285,0.07143369176420489
55.31999999996177,-0.20610072199599264,1.2934470363473778,-1.7443606072718851,-0.679571524736401,0.9828276169915017,0.45672669246936437,0.00521127499285912,0.10746448029037557
55.33999999996173,-0.20529367589070804,1.2924059056539081,-1.741623046221796,-0.6826035908421031,0.980716777248301,0.45908922069322156,0.007634437750895806,0.15032651604869926
55.35999999996168,-0.2043666715926843,1.2911965364539242,-1.7384487488285476,-0.6860905613153687,0.9783042937480366,0.4618091175538689,0.003716943604203836,0.2031630889141324
55.37999999996163,-0.20330741196921515,1.2898275817549902,-1.7348675212683822,-0.6899533511608108,0.9756703015790252,0.4648417269321879,0.03659087491841558,0.26328220403640384
55.39999999996159,-0.20225160497296707,1.2883983151630531,-1.7310728572657545,-0.6942751142327941,0.9726137123699751,0.4681531939789094,0.0076521729329884795,0.18150323536587523
55.41999999996154,-0.20091363654038233,1.2866030480079158,-1.7263279139059948,-0.6995586180928391,0.9689563103642838,0.4722434106420815,0.010587004891890269,0.22518891292560508
55.43999999996149,-0.19950212573686107,1.2846841672294704,-1.7212442890679593,-0.7052363901426175,0.9650306993840752,0.47662862124104244,0.01349602698744552,0.27443053862747846
55.45999999996145,-0.1980294487794154,1.2826459368657814,-1.7158464296766196,-0.711233046819169,0.9609096750102017,0.48125835431234876,0.004015949866215686,0.3339172900328699
55.4799999999614,-0.19647634857276416,1.280497801627107,-1.710167108134121,-0.717454722841808,0.9566894927190184,0.4860816696563421,0.04783787017345869,0.39911058250524867
55.499999999961354,-0.195016436982535,1.2783680805451556,-1.7044565584561522,-0.7240292689958525,0.9520922023419539,0.4910667629219845,0.011589826137013258,0.2765918425493609
55.51999999996131,-0.19329949833312676,1.2758660001016084,-1.6977680912247897,-0.7315845198454937,0.9469136957360267,0.49684196307991385,0.01484736880025719,0.3220877323458982
55.53999999996126,-0.19158097253167375,1.2733065955862894,-1.6909047141028257,-0.7393709312473961,0.9415870503561767,0.5027745881758853,0.01796170968782028,0.3724853038680386
55.559999999961214,-0.18986863449408928,1.270688667767891,-1.6838804868339214,-0.7473126087969676,0.9361872715080236,0.5088169274237144,0.004037456454700902,0.43334228855556606
55.57999999996117,-0.1881343083313537,1.2680175470605377,-1.6767187362026954,-0.7553155730701807,0.9308141818141655,0.5149224032860862,0.05474820595115395,0.498476910414698
55.59999999996112,-0.18656779383753544,1.2654387406955563,-1.6697059044534632,-0.7635438566556185,0.9251381150190866,0.5210674747117614,0.014400721075810695,0.3465544514829556
55.619999999961074,-0.18480074664058652,1.2625124356853443,-1.6617656067616275,-0.7727031228202582,0.9189407398116409,0.5279546106375476,0.01767370596367934,0.39058280153162495
55.63999999996103,-0.18309399872836316,1.2595930249382046,-1.6538142171866101,-0.7819267051671003,0.9127152111238681,0.5348635874273736,0.020779721146210944,0.4385963091281438
55.65999999996098,-0.18144895588601956,1.2566740422162321,-1.6458546761112194,-0.7911431209287979,0.9065322730158974,0.5417529051286334,0.003865017393697001,0.49652993700580145
55.679999999960934,-0.1798302705751586,1.2537555734507824,-1.6378977926499496,-0.8002637213663164,0.9004892553308361,0.5485831643286062,0.057256015005493995,0.5571280119245169
55.69999999996089,-0.17842476613346053,1.2509900188605447,-1.6302489152492081,-0.809472542012995,0.8942353966902864,0.5553397169757435,0.015971804144906752,0.3881680227302716
55.71999999996084,-0.1768879197275231,1.2479262616584486,-1.6217898199405212,-0.8194986878470367,0.8875532469715954,0.5627408501310237,0.018975341927771894,0.4276186064848975
55.739999999960794,-0.17545134886360939,1.2449263885927622,-1.6134730431635593,-0.8294229136119509,0.8809577279719703,0.5700373442245685,0.021843980393259462,0.46970243581007437
55.75999999996075,-0.17411006642724897,1.2419799410542083,-1.6052919112732273,-0.8391813977215699,0.8745108109533903,0.5771953196841951,0.003668414805989313,0.5202058549429989
55.7799999999607,-0.1728247621072338,1.2390818083348032,-1.5972441777060231,-0.8486954254841662,0.8683015504303978,0.5841839266506512,0.0551570480972027,0.5715684011892161
55.799999999960654,-0.17176222119422854,1.2363798466675515,-1.5896324561740718,-0.8581512178146611,0.861989269707938,0.590997017948473,0.01623509905176216,0.39880280729898876
55.81999999996061,-0.1706331347145346,1.2334490741745345,-1.581388863718984,-0.8682422126564256,0.8553740835911918,0.5983095935521836,0.018709777476552898,0.4303481799003873
55.83999999996056,-0.16961640736191547,1.2306291561161862,-1.5734239178961957,-0.8780658417491938,0.8489536218148835,0.6054014747096536,0.021088317066779824,0.46273881833705727
55.859999999960515,-0.16870193634142808,1.2279072207100419,-1.5657233059872488,-0.887569537536482,0.8427772769258179,0.6122474294589476,0.0036564193045564813,0.5010305045193186
55.87999999996047,-0.16785075241187083,1.2252740494429302,-1.558273338314692,-0.8966898943206982,0.8369190969243478,0.618826269332608,0.04827591321816229,0.5381316473778583
55.89999999996042,-0.16719624435171368,1.2228599990834847,-1.551346325911149,-0.9055978433679502,0.8310780556298626,0.6251397810192967,0.015137047802315853,0.3758258518635422
55.919999999960375,-0.16652165091773524,1.22030229178627,-1.544019246152549,-0.9148866878522293,0.8250910045580782,0.6317603897479184,0.01686746278688843,0.39598247664234754
55.93999999996033,-0.16594424831227658,1.2178907213783714,-1.5370838164106662,-0.9237462308449127,0.8193976444479287,0.638054917968085,0.018497196329520318,0.4148288827327433
55.95999999996028,-0.16545132830132223,1.2156117812445228,-1.5305205719174393,-0.9321391548154457,0.8140317407602321,0.6440077347796266,0.003826206495081224,0.436095882760307
55.979999999960235,-0.16500940732609953,1.2134545071970924,-1.5243088451064852,-0.9400235542185051,0.8090448325854803,0.649608382006386,0.03656114392125788,0.4537106846620844
55.99999999996019,-0.16471032825511064,1.2115179500509192,-1.5186585630470102,-0.947539154765502,0.8042022231529116,0.6548659935478953,0.01265051506703955,0.3171525231256305
56.01999999996014,-0.16441293800559934,1.2095355097622915,-1.5128860615467212,-0.9551089545009245,0.7994002792554383,0.6601910690963905,0.013472910414439581,0.3224617863706344
56.039999999960095,-0.1641787713898413,1.2077233616053833,-1.5075924319938927,-0.9620968615460282,0.7949788757691741,0.6650953927430074,0.014113099024400296,0.32402579437108386
56.05999999996005,-0.16399589122955663,1.2060693801854547,-1.5027564700475013,-0.96848473481655,0.7909541384175798,0.6695738731322457,0.003929550481655215,0.3236983015855816
56.07999999996,-0.16384174495667211,1.2045644402568072,-1.4983579935608404,-0.9742585896108474,0.7873475953825085,0.6736278447135637,0.020095779733184417,0.3166342415921008
56.099999999959955,-0.16376332323442683,1.2032626548225602,-1.4945111085983829,-0.9795128248143249,0.784014878319931,0.6772732054133337,0.00878242699255694,0.22182070757484393
56.11999999995991,-0.1636884154272753,1.2020256909817264,-1.4908644984246306,-0.984425619032258,0.7809383277104067,0.6806991528895773,0.008568924013853415,0.20901837241116977
56.13999999995986,-0.1636390452694151,1.2009758956540413,-1.4877635052963316,-0.9886203591246725,0.7783159436611681,0.6836204001966932,0.008004733520848075,0.1898233103366367
56.159999999959815,-0.16360763126448172,1.200104800781244,-1.4851896935347972,-0.9921014881052503,0.7761452074606988,0.6860433317066162,0.0037594473480808293,0.16371772293316642
56.17999999995977,-0.16358784852761735,1.1994093709767712,-1.4831326305023607,-0.9948889632722808,0.7744107315867864,0.687982134316593,0.0010090991458186684,0.12706334569958205
56.19999999995972,-0.1635802195142077,1.1988859337440076,-1.4815788862122778,-0.9970183881445199,0.7730818728186354,0.689458884631952,0.0035593980265531417,0.0901635536579548
56.219999999959676,-0.16357477430300188,1.198510861562142,-1.480466256011834,-0.998536359471662,0.7721388470239317,0.6905132380676055,0.002540329458573771,0.06436370688842191
56.23999999995963,-0.16357162901714173,1.198243879392576,-1.4796735568219939,-0.999619878874019,0.7714669380789071,0.6912660226166644,0.0018096483153320676,0.04593928874655974
56.25999999995958,-0.1635696846842804,1.1980537736145984,-1.479108683365301,-1.0003931916322726,0.7709881979496922,0.6918034938295332,0.0012883054093257849,0.03278539629812032
56.279999999959536,-0.16356839524517375,1.1979183742041404,-1.478706097649289,-1.0009450578021732,0.7706470933835595,0.6921872361858672,0.0009163843104906382,0.023396083861594294
56.29999999995949,-0.16356748602787127,1.197821921198321,-1.478419143994404,-1.0013388653267095,0.7704040554600984,0.6924612195984781,0.0006510868904386285,0.016694834894914946
56.31999999995944,-0.16356681501592357,1.1977532032543825,-1.4782145945798224,-1.001619870352989,0.7702308906223191,0.6926568375901893,0.00046185970331555365,0.01191253500743618
56.339999999959396,-0.16356630511437956,1.1977042406968352,-1.4780687775024397,-1.001820377491596,0.7701075106285187,0.6927965044298299,0.000326897651793355,0.00849990840912944
56.35999999995935,-0.16356591135075912,1.197669351879518,-1.4779648248756403,-1.0019634431555473,0.7700196024487479,0.6928962234025505,0.00023064251413928952,0.006064790156341821
56.3799999999593,-0.16356560510782636,1.1976444903113785,-1.4778907152430063,-1.0020655215355856,0.7699569679750609,0.6929674204955226,0.0001619950196573221,0.004327242831123922
56.399999999959256,-0.1635653665682535,1.19762677351778,-1.4778378801438072,-1.002138354335664,0.7699123410217981,0.6930182536077778,0.00011303779729620009,0.0030874680792511624
56.41999999995921,-0.1635651810683318,1.1976141479201545,-1.477800211792339,-1.0021903200169688,0.7698805444174232,0.6930545472965044,7.812365188952612e-05,0.0022028791021481663
56.43999999995916,-0.16356503728754127,1.1976051503336453,-1.477773356173112,-1.0022273969405822,0.7698578894222837,0.6930804601649421,5.3224886080503124e-05,0.0015717255840241578
56.459999999959116,-0.16356492629076227,1.1975987381598356,-1.4777542093401201,-1.0022538507954526,0.7698417478087695,0.6930989613624303,3.546904987824013e-05,0.001121401912433651
56.47999999995907,-0.16356484096594778,1.197594168454339,-1.4777405584471928,-1.0022727251882901,0.7698302469659659,0.6931121707948155,2.2807825410925275e-05,0.0008001010247668463
56.49999999995902,-0.16356477564969693,1.1975909117844292,-1.477730825892118,-1.0022861917320731,0.7698220526605186,0.6931216020270986,1.3781121090388834e-05,0.0005708574176422519
56.519999999958976,-0.16356472584894438,1.1975885908593948,-1.4777238869394211,-1.0022957998586035,0.7698162142531816,0.6931283357105101,7.3501618216069896e-06,0.00040729585343378746
56.53999999995893,-0.16356468801904445,1.1975869368050154,-1.4777189397116117,-1.0023026550705114,0.7698120544153552,0.693133143405572,2.7906420461247843e-06,0.00029059759173270604
56.55999999995888,-0.16356465938097028,1.1975857580070797,-1.477715412507535,-1.0023075461283468,0.7698090905520242,0.6931365759889959,7.654592313510378e-07,0.00020733557801116457
56.57999999995884,-0.1635646377694703,1.1975849179097864,-1.4777128977286835,-1.0023110357999132,0.7698069788155837,0.6931390267742306,2.9252280400726932e-06,0.0001479297540083911
56.59999999995879,-0.16356462150743523,1.1975843191946416,-1.4777111047735265,-1.0023135256100155,0.7698054742157077,0.6931407765781156,4.572442532169057e-06,0.00010554488221559809
56.61999999995874,-0.16356460930290515,1.1975838925058833,-1.4777098264540967,-1.0023153020390316,0.769804402197662,0.6931420258974599,5.753672583440734e-06,7.530413217567417e-05
56.6399999999587,-0.16356460016554153,1.1975835884157295,-1.4777089150528306,-1.0023165694851073,0.7698036383918887,0.6931429178823956,6.5975269628572305e-06,5.372797219936561e-05
56.65999999995865,-0.16356459333960455,1.1975833716983992,-1.4777082652522453,-1.0023174737822296,0.7698030941856154,0.6931435547388316,7.199789044134237e-06,3.8333822418452046e-05
56.6799999999586,-0.163564588250704,1.1975832172494338,-1.477707801964544,-1.0023181189799868,0.7698027064426601,0.693144009439436,7.62946818027186e-06,2.7350410757927462e-05
56.69999999995856,-0.16356458446386762,1.1975831071775487,-1.4777074716546157,-1.0023185793156328,0.769802430178814,0.6931443340850106,7.93596688756668e-06,1.9513970374585502e-05
56.71999999995851,-0.16356458165078122,1.1975830287320868,-1.4777072361536732,-1.0023189077559227,0.7698022333430742,0.6931445658743249,8.154577486297763e-06,1.3922829220845243e-05
56.739999999958464,-0.16356457956436976,1.1975829728259824,-1.4777070682485964,-1.0023191420915496,0.769802093099289,0.693144731366438,8.310494013572458e-06,9.933663172925273e-06
56.75999999995842,-0.16356457801919272,1.197582932983111,-1.4777069485372942,-1.0023193092853961,0.7698019931768435,0.6931448495239013,8.421691763355943e-06,7.087473342770218e-06
56.77999999995837,-0.1635645768764113,1.1975829045881023,-1.4777068631866848,-1.0023194285749293,0.7698019219830312,0.6931449338855356,8.500995172623846e-06,5.056773818796242e-06
56.799999999958324,-0.16356457603230765,1.1975828843516987,-1.477706802334211,-1.0023195136856893,0.7698018712581304,0.6931449941177422,8.557551152269041e-06,3.607910043869371e-06
56.81999999995828,-0.16356457540955865,1.1975828699297273,-1.4777067589481747,-1.0023195744105717,0.7698018351171502,0.6931450371221067,8.597884444445906e-06,2.574174282967554e-06
56.83999999995823,-0.16356457495062654,1.197582859651555,-1.4777067280151874,-1.0023196177366098,0.7698018093670804,0.6931450678261987,8.626648359446003e-06,1.8366241775046007e-06
56.859999999958184,-0.1635645746127697,1.197582852326564,-1.477706705960857,-1.0023196486489134,0.7698017910204356,0.6931450897481874,8.647161106126983e-06,1.3103964804790597e-06
56.87999999995814,-0.1635645743642885,1.1975828471062302,-1.477706690236749,-1.0023196707042576,0.7698017779486578,0.6931451053999632,8.661789865673371e-06,9.349431816451522e-07
56.89999999995809,-0.16356457418170764,1.197582843385832,-1.4777066790259048,-1.0023196864403319,0.7698017686351685,0.6931451165749555,8.672222336001007e-06,6.670645433891278e-07
56.919999999958044,-0.16398348086293155,1.1975240429720098,-1.4778870483541338,-1.0011923276875216,0.7694646395545184,0.6920554601815735,0.0015255198885054293,0.04845713108622358
56.939999999958,-0.16524430708082127,1.1973467138354528,-1.4784264559175269,-0.9978045048138242,0.7684538176465131,0.6887826105346436,0.005035636381370794,0.18938449867490195
56.95999999995795,-0.16752264877436693,1.1970311728846679,-1.479396011553344,-0.9917399016380928,0.7666444078664866,0.682927372207473,0.00206613651408298,0.4113242195560814
56.979999999957904,-0.17101798944520483,1.196556434108245,-1.480855383664466,-0.9829027727211301,0.7640179680324936,0.6743652034144243,0.10626722339220061,0.7274789494151647
56.99999999995786,-0.1752985604588982,1.195967779811014,-1.4825581167055737,-0.9710752183558143,0.7605201485593511,0.6630889933720251,0.015956286385865652,0.49977523129790496
57.01999999995781,-0.1819777690073786,1.1950801191131815,-1.4851483904013723,-0.9534385232173401,0.7553627815359046,0.6461928813850012,0.02358867591761953,0.7543393103567896
57.039999999957764,-0.19007838463317564,1.1940295030900157,-1.4881291298761559,-0.9321786808844161,0.7492237599723733,0.6258926614436646,0.029801406735289453,1.0549645278332505
57.05999999995772,-0.19953308196635738,1.1928447060723895,-1.491406966598491,-0.9076158855654956,0.7422219500503034,0.602522058611872,0.010342316643515785,1.4063197844193307
57.07999999995767,-0.21047600165955502,1.1915247164210327,-1.4949301016915821,-0.880194639088936,0.7345335402831044,0.5764648060939188,0.18422362516559768,1.8455021813898513
57.099999999957625,-0.22192757249478015,1.1901473410816334,-1.4982233972292542,-0.8498099772360591,0.726131512325434,0.5480070265207959,0.0390174813687328,1.2883208186041772
57.11999999995758,-0.23713019884500935,1.1884131342340978,-1.502217910318542,-0.8108739846878883,0.7156395835882229,0.5128617331752572,0.0478070124233251,1.583578907359474
57.13999999995753,-0.2533588614612425,1.1866678906261536,-1.5060498796488857,-0.7693027545261719,0.7049095898125058,0.4751812226759125,0.06694612795190598,1.9158996136123756
57.159999999957485,-0.2703192018803418,1.185071920276897,-1.5099764215112756,-0.7250592573601304,0.6945747786538491,0.43539739160105567,0.15424684527482407,2.3145832935095694
57.17999999995744,-0.28756548163251244,1.1833157670169052,-1.5131575927252954,-0.6785516755004994,0.6844958730117832,0.3939499133060436,0.5078354005802176,2.653372326417981
57.19999999995739,-0.306184033338157,1.1822103679409817,-1.5173915152748003,-0.6320833434666484,0.6750611552828764,0.3511157668158822,0.05678819523727152,1.9835052108236488
57.219999999957345,-0.3274264978747912,1.1808837729278343,-1.5214581621470211,-0.5759405982835527,0.6651187478036696,0.3014912248838421,0.06589651392780198,2.3252607218846406
57.2399999999573,-0.3493331265916145,1.1794925878018627,-1.5246664307088944,-0.5181130671042911,0.6552859190400571,0.250513925696185,0.08299879878918985,2.687003561009756
57.25999999995725,-0.37149159569612994,1.1780051045001445,-1.5268448454370767,-0.4592635451222473,0.6454974421290005,0.1985921636742955,0.1755662651535396,3.0665257718803858
57.279999999957205,-0.3936016675409391,1.1761326877805571,-1.5273219614094315,-0.3994047618941193,0.6355872596683738,0.14612537980420198,0.4996949029769137,3.413273335753302
57.29999999995716,-0.41684106241179114,1.1744264812472893,-1.52721483791356,-0.3402104720710221,0.6252597455745453,0.0933249871426248,0.07750934759735523,2.5200634457618825
57.31999999995711,-0.4424934959719477,1.1720830598384595,-1.5251613521478702,-0.27171101171613876,0.6136282486095254,0.03414541970451103,0.09028897559991286,2.8759006373815
57.339999999957065,-0.46806839678904566,1.1694563562379063,-1.5213573688076167,-0.2023892932163269,0.6017082457502398,-0.02522169778579468,0.10927216063710404,3.2436327064049064
57.35999999995702,-0.49318557032229215,1.1665893059933632,-1.515897689592467,-0.13273279591150486,0.5896005662948421,-0.08442028112781211,0.1536262866274888,3.6231459941314244
57.37999999995697,-0.5172244342793961,1.1633863764096424,-1.508633900656909,-0.06260442782990847,0.5774876922205882,-0.1431176516052989,0.5389975128729979,3.908786185393028
57.399999999956925,-0.5411992952038808,1.1602521475326082,-1.500473304399562,0.00520336778604991,0.5652676257738533,-0.2011706596943306,0.0844367095474009,2.8887931204203676
57.41999999995688,-0.5661814449271206,1.15658541559037,-1.4899538449540586,0.08149360227304334,0.552247900904474,-0.2647661972083912,0.09562766717269675,3.169505796940223
57.43999999995683,-0.5897268877933947,1.1527981549701385,-1.4781021595882897,0.15707654179911934,0.5394355133013172,-0.32746273372275103,0.12128840067709659,3.456041421272572
57.459999999956786,-0.6101186819289459,1.1490061323536187,-1.4654954388892938,0.22589250730962598,0.5268973923382793,-0.38897023761915767,0.05417543340364217,3.825406394096338
57.47999999995674,-0.6292898886262283,1.1451144579186117,-1.451863111743836,0.2951052094294871,0.5147223016523569,-0.4490289106541298,0.16326196728236814,4.156465957736259
57.49999999995669,-0.6477636938814645,1.1413835159368957,-1.4378586423887254,0.36607823983955096,0.5028858718254892,-0.5075696235460574,0.08199161558772212,3.0257510816945516
57.519999999956646,-0.665691549088093,1.1373029111062505,-1.4218933609022866,0.44079977261747766,0.49040175027220595,-0.57040455308699,0.0891181485430442,3.2566081535209124
57.5399999999566,-0.6819832366968257,1.1334799670612463,-1.4059985411769822,0.514285103507349,0.4791049593660655,-0.6313426311381481,0.1077831223187948,3.4536955754016136
57.55999999995655,-0.6965281169813528,1.130086246652793,-1.390791572111004,0.585587515556337,0.4693105863001319,-0.6901685675609489,0.21321288006920916,3.6447862092041494
57.579999999956506,-0.7084979398484921,1.1269668961850063,-1.3762375775277187,0.6533057229953941,0.46084747075510923,-0.7466959858745664,0.4757755683493147,3.8037116105877287
57.59999999995646,-0.7210799147872218,1.1240345181579399,-1.3618015239171144,0.7176945397715632,0.45359343891596304,-0.8009508801463983,0.06758970346101208,2.7476870507511095
57.61999999995641,-0.7322275021764153,1.1211935106909954,-1.3468677999831733,0.7860571906235877,0.4466406703450708,-0.8578396531772345,0.06441416055240994,2.8682527867824823
57.639999999956366,-0.741887010161462,1.118728831678731,-1.3329622756366046,0.8501268611696844,0.4410093272787937,-0.9119270402015714,0.061467448603204536,3.0025857837261785
57.65999999995632,-0.7504248304831781,1.1165391417274413,-1.3197966999615425,0.910907561974327,0.436486299386356,-0.963077814758224,0.029535480726646687,3.115066986226343
57.67999999995627,-0.7580397553992937,1.114546761292468,-1.3072031400675004,0.9681163271200117,0.43292236780859655,-1.0112033989014608,0.12268825731788076,3.2183531385087027
57.699999999956226,-0.7643231127770325,1.1129292036686065,-1.2959030478050078,1.0219949553433645,0.43000861268902146,-1.0563836056900444,0.048626803162537785,2.2883103373126965
57.71999999995618,-0.7703907361940112,1.1113411441289955,-1.2842545434068589,1.0763025153771766,0.4276925844738717,-1.102140565463855,0.04894850065259218,2.3154020074817385
57.73999999995613,-0.7755236093798199,1.1099697322837698,-1.2735243737550987,1.1262448389598747,0.4259721076431934,-1.1442821262591283,0.04653527559900275,2.3122587027216484
57.75999999995609,-0.779836797513457,1.1087838311138114,-1.2636952803558552,1.1717598016680275,0.42473797704964583,-1.1827644391734484,0.025004330106690863,2.2755607350202247
57.77999999995604,-0.7834802599326536,1.107736416564744,-1.2546654413627163,1.2128421939224592,0.42391204373304214,-1.2175998064605076,0.063151844009572,2.2064594871541554
57.79999999995599,-0.7863600265127823,1.1069182446812957,-1.2468623057909323,1.2497756449270854,0.4233212127369087,-1.2489253406886187,0.033511423406335575,1.565947699675606
57.81999999995595,-0.7889065973446746,1.106156380806531,-1.2393893168853933,1.2843042886248444,0.42296878117147874,-1.278363757176813,0.03132554153052738,1.4686125989005296
57.8399999999559,-0.7909018052628229,1.1055372646119173,-1.2330151674710852,1.3136833732861362,0.4227879327752134,-1.3034655238524844,0.027270262275821015,1.3274627523815976
57.85999999995585,-0.792434029004142,1.1050419100661502,-1.2277170191473643,1.3380051214646278,0.4227200481917078,-1.3242855004872405,0.01740783586540006,1.134810282151528
57.87999999995581,-0.7935817988003362,1.1046560106878067,-1.2234665659748831,1.3574385541369811,0.42272053683670957,-1.3409458007293145,0.005685715580757169,0.8805143233546548
57.89999999995576,-0.794398554716518,1.1043779981894326,-1.220261454654377,1.3722339487800637,0.42274648358741607,-1.3536355836230107,0.013584420359633219,0.6271911989704189
57.919999999955714,-0.7949620750955622,1.104180626363247,-1.2179551373457118,1.3827928453220182,0.42278558106132186,-1.3626955225576913,0.009711163588026532,0.4477088770195475
57.93999999995567,-0.7953523191732103,1.1040421737514452,-1.2163085460334897,1.3903299923991934,0.422823454000014,-1.36916395051052,0.006934036554600361,0.31957882705876556
57.95999999995562,-0.7956250419780391,1.1039446598199492,-1.21513317877819,1.3957100232190496,0.42285606152286737,-1.3737821449212373,0.0049492922954825,0.2281139340859748
57.979999999955574,-0.7958169403425818,1.1038757788680278,-1.2142942820842175,1.3995502390052004,0.4228825287600578,-1.3770793477411027,0.0035313497685152237,0.16282462285767763
57.99999999995553,-0.7959526493240673,1.1038270195416624,-1.2136955853435585,1.4022913204406768,0.42290329767512197,-1.3794334162622186,0.0025185977239453473,0.11622101402165301
58.01999999995548,-0.7960489750343824,1.1037924503841725,-1.213268337627644,1.4042478445568474,0.4229192568040447,-1.3811141252574382,0.0017953820379763884,0.08295580145544537
58.039999999955434,-0.7961175287586958,1.1037679142612378,-1.2129634537118212,1.4056443621839572,0.42293135324142067,-1.382314082958067,0.00127899630159963,0.059211653924632686
58.05999999995539,-0.7961664109321677,1.1037504852378843,-1.2127458950506722,1.4066411580980547,0.42294043720349117,-1.3831708038127597,0.000910326624589967,0.042263599781923906
58.07999999995534,-0.7962013140413903,1.103738097516943,-1.212590653131549,1.4073526420924967,0.422947214815533,-1.3837824675447583,0.00064713791883842,0.030166505832374152
58.099999999955294,-0.7962262600367601,1.1037292892656532,-1.212479879855564,1.4078604779752157,0.4229522481406613,-1.3842191704807567,0.0004592630369818298,0.02153193279618513
58.11999999995525,-0.7962441017924232,1.1037230243314666,-1.212400838161226,1.408222955603915,0.42295597326414114,-1.3845309585436774,0.00032515923628143544,0.015368825485138725
58.1399999999552,-0.7962568687119439,1.10371856741063,-1.212344438813709,1.408481680816695,0.42295872302617105,-1.384753562483592,0.00022944536830383174,0.010969785122011612
58.159999999955154,-0.7962660073891319,1.1037153962488724,-1.212304195892904,1.4086663507192543,0.4229607486943264,-1.3849124925997032,0.00016114163294083772,0.007829885741216878
58.17999999995511,-0.7962725504988674,1.1037131396835083,-1.2122754812648702,1.4087981622431336,0.42296223852108605,-1.3850259622054237,0.00011241224960804229,0.005588723843065239
58.19999999995506,-0.7962772360063181,1.103711533815463,-1.2122549925037613,1.4088922451192702,0.42296333278628456,-1.3851069748635605,7.766814975437325e-05,0.003989053299061115
58.219999999955014,-0.7962805916650133,1.1037103909517432,-1.2122403731767202,1.4089593984825308,0.4229641356082959,-1.3851648145873017,5.292786999567239e-05,0.002847259300957332
58.23999999995497,-0.7962829950946385,1.1037095775694845,-1.212229941874772,1.409007330416746,0.42296472403513297,-1.3852061097830568,3.536509320162493e-05,0.0020322831405603704
58.25999999995492,-0.7962847165904762,1.1037089986667563,-1.2122224988527548,1.4090415427080458,0.42296515495071707,-1.3852355928623097,2.299529028566296e-05,0.0014505791661105535
58.279999999954875,-0.7962859496762649,1.1037085866417597,-1.2122171880534816,1.4090659623560948,0.4229654702745292,-1.3852566425735238,1.4477925951364243e-05,0.0010353774315201983
58.29999999995483,-0.796286832934203,1.1037082933863496,-1.2122133986541617,1.4090833923277404,0.4229657008516322,-1.385271671205024,9.038810190776912e-06,0.0007390196692854837
58.31999999995478,-0.796287465614975,1.1037080846629397,-1.2122106948151032,1.409095833291014,0.4229658693495246,-1.3852824010320544,6.426376562095726e-06,0.0005274889303083575
58.339999999954735,-0.7962879188063602,1.103707936104396,-1.212208765552541,1.4091047132587282,0.42296599240795285,-1.385290061688706,6.195894906318854e-06,0.0003765050067327911
58.35999999995469,-0.7962882434272993,1.1037078303680006,-1.2122073889710954,1.4091110515007705,0.4229660822300876,-1.3852955310834159,7.0371028123998135e-06,0.00026873746544262917
58.37999999995464,-0.7962884759513333,1.1037077551102743,-1.2122064067424592,1.4091155755394484,0.4229661477577433,-1.3852994360068804,8.012136361185109e-06,0.00019181639964362362
58.399999999954595,-0.7962886425051524,1.1037077015457932,-1.2122057058951705,1.409118804657009,0.4229661955378872,-1.3853022239619979,8.837122338085878e-06,0.00013691256654147293
58.41999999995455,-0.7962887618039515,1.1037076634215168,-1.2122052058210886,1.4091211095006175,0.42296623036061176,-1.3853042144475105,9.474265769473241e-06,9.772393528098078e-05
58.4399999999545,-0.7962888472538977,1.1037076362868226,-1.2122048490041624,1.4091227546264722,0.4229662557282644,-1.385305635572433,9.9487679873631e-06,6.97523177365863e-05
58.459999999954455,-0.796288908458128,1.1037076169739584,-1.2122045944051527,1.409123928866425,0.4229662742000529,-1.3853066501972537,1.0296055055158445e-05,4.978705050804609e-05
58.47999999995441,-0.7962889522955287,1.1037076032282616,-1.2122044127414588,1.4091247670027016,0.42296628764493116,-1.3853073745976852,1.0547861875989805e-05,3.553646422565686e-05
58.49999999995436,-0.7962889836935091,1.1037075934449692,-1.2122042831191528,1.4091253652386198,0.42296629742701863,-1.3853078917898176,1.0729439519157418e-05,2.5364837858658623e-05
58.519999999954315,-0.7962890061815762,1.1037075864818882,-1.2122041906298473,1.4091257922410931,0.42296630454144585,-1.385308261043735,1.0859930269760432e-05,1.8104645576627046e-05
58.53999999995427,-0.7962890222878835,1.1037075815260633,-1.212204124635996,1.409126097022422,0.4229663097138035,-1.385308524675844,1.095350184438256e-05,1.2922544171328455e-05
58.55999999995422,-0.7962890338232996,1.1037075779988765,-1.2122040775474152,1.409126314566059,0.4229663134728997,-1.3853087128983232,1.1020501339179234e-05,9.223719442353676e-06
58.579999999954175,-0.7962890420848961,1.1037075754884993,-1.212204043948294,1.409126469842109,0.4229663162039542,-1.3853088472814263,1.1068427094599494e-05,6.5836115960600225e-06
58.59999999995413,-0.7962890480017133,1.103707573701816,-1.212204019974299,1.409126580673459,0.4229663181874652,-1.3853089432254293,1.1102685783335089e-05,4.699183237467665e-06
58.61999999995408,-0.7962890522391751,1.103707572430206,-1.2122040028681171,1.4091266597815368,0.4229663196275942,-1.3853090117254956,1.1127163525272098e-05,3.354135641419889e-06
58.639999999954036,-0.7962890552738838,1.1037075715251854,-1.2122039906623256,1.4091267162465064,0.4229663206728808,-1.3853090606317209,1.1144646701123139e-05,2.39408146179607e-06
58.65999999995399,-0.7962890574471935,1.1037075708810746,-1.2122039819531119,1.409126756549512,0.42296632143135554,-1.38530909554875,1.1157130845027289e-05,1.708823793588193e-06
58.67999999995394,-0.7962890590035893,1.1037075704226575,-1.2122039757388121,1.4091267853165952,0.42296632198155876,-1.3853091204780696,1.116604425473473e-05,1.2197075114190513e-06
58.699999999953896,-0.7962890601181709,1.1037075700964007,-1.2122039713047108,1.4091268058496835,0.4229663223805701,-1.3853091382765756,1.1172407452928606e-05,8.705910228732551e-07
58.71999999995385,-0.7963889774459745,1.1037540570820783,-1.2124103941855082,1.4084184918521447,0.423191190450075,-1.3843794616226748,0.0007810716613327054,0.039767215013607804
58.7399999999538,-0.7966883065016873,1.1038938409347279,-1.2130320052129901,1.4062909118903595,0.4238673229353719,-1.381587079223867,0.002793444801591876,0.15524510830888488
58.759999999953756,-0.7972251891247844,1.10414915720054,-1.2141619804107868,1.4024849848471743,0.42507849646746965,-1.3765909764978863,0.0014635060605374033,0.33495879357114117
58.77999999995371,-0.7980241818160079,1.1045579094220743,-1.2159184562949987,1.3969346782206054,0.42681454953761805,-1.369284368122589,0.0511808377098093,0.5716817323301707
58.79999999995366,-0.7990294132051013,1.1050256298270695,-1.2180175238921733,1.3895696351672069,0.42923414942387583,-1.3596617384432605,0.008064122355028428,0.40804242876626523
58.819999999953616,-0.8005333239513591,1.1057871579888217,-1.2213565937658928,1.3785695925405728,0.4327965418350947,-1.3452439678255936,0.012116544631611874,0.6141751992420993
58.83999999995357,-0.8023037502394692,1.1067216224543168,-1.2254367558639694,1.3653467416899574,0.4371158320093726,-1.3279214140813116,0.016201311377092607,0.8557045939083086
58.85999999995352,-0.8042986370326327,1.107834415670003,-1.2302554987343,1.350116890676805,0.4421387125578995,-1.3079782510500177,0.00346899569692649,1.1317537593845461
58.879999999953476,-0.8064816729164845,1.109177255456772,-1.2359318544188322,1.3331572128467604,0.4477259485740352,-1.2857417168559664,0.09477319545724414,1.4426688959457867
58.89999999995343,-0.808748992213452,1.1105467445740935,-1.2418505799774715,1.3145127364557465,0.4541436313249631,-1.2614564358548581,0.020990840878396866,1.0297984053575449
58.91999999995338,-0.8114349862463324,1.112385316807182,-1.249615086014514,1.2915445045897194,0.4620375103532869,-1.2314650935984675,0.026196772548319973,1.2764523019456804
58.939999999953336,-0.8141529037791473,1.1144403234422169,-1.2581999867388125,1.2668952704442538,0.47065774021893114,-1.199310917706108,0.03117601312173608,1.5485042569442216
58.95999999995329,-0.8168376679745374,1.116725134665397,-1.2676066728486428,1.2408496857517939,0.47993042648859,-1.165363562527641,0.009420771020107015,1.8465344009587017
58.97999999995324,-0.8194087014323752,1.1193191380126806,-1.2780071477375177,1.2137444614371187,0.4896600387605741,-1.1299963793690955,0.1322905215855758,2.171640182534014
58.9999999999532,-0.8218444250315093,1.1219116296861014,-1.2885045501553305,1.1855260583410596,0.5002768684726849,-1.0934371964654723,0.033487098206484434,1.5502515830841774
59.01999999995315,-0.8242697444563386,1.1251839523269813,-1.3014194352383888,1.1529727596309993,0.5125691325931196,-1.0510905128000156,0.039503199540918486,1.8016984949270582
59.0399999999531,-0.8266010329066662,1.128818761513118,-1.3153253397704923,1.119714771884755,0.5259494201432385,-1.007589964948508,0.04629533298767691,2.0731106523070437
59.05999999995306,-0.8287542327748361,1.1328365754754766,-1.3302232465495003,1.086072184342082,0.5402892926605342,-0.9632847731237382,0.012280537618351815,2.364503997879618
59.07999999995301,-0.8305793047049943,1.1373073970360748,-1.3462311341461848,1.0523511195917745,0.5550877100888385,-0.9185168165020702,0.1671329788224339,2.6772628417450863
59.09999999995296,-0.8319609998113461,1.1417595305514452,-1.3621690622541842,1.0183473175946194,0.5709354052973559,-0.8734495509592718,0.044840464724183134,1.9109925026044206
59.11999999995292,-0.8327248027199087,1.147130083138847,-1.380909652144137,0.9806574206928809,0.5884608526374248,-0.822949489209295,0.05166159038134948,2.1482224626863826
59.13999999995287,-0.8326179570229515,1.152737079232397,-1.4001865577151553,0.9429739510335982,0.6061069782551536,-0.7722895638094875,0.05989618528192949,2.3997033639412835
59.159999999952824,-0.8315780431817321,1.1585718743972182,-1.4199181844299888,0.9055173682760628,0.6236649757997119,-0.7217737041246183,0.01320738818208186,2.664745467927624
59.17999999995278,-0.8295369688346846,1.1646761499083207,-1.4401316561677995,0.8685237435846427,0.6407181233465408,-0.6716920125785603,0.17408634021428748,2.9431651500816183
59.19999999995273,-0.8268204398839356,1.1705719980446239,-1.4596885511154472,0.831774947413782,0.6582600586334434,-0.6221388971773191,0.0515644959694307,2.101156622490305
59.219999999952684,-0.8226040523588551,1.1773114902805515,-1.481608145506121,0.7918406599835552,0.6767668905430663,-0.5678697676011879,0.05818331320080098,2.3082509208152664
59.23999999995264,-0.8173525028029484,1.18410204772318,-1.5033889723311156,0.7525145994386728,0.6948943164470235,-0.5143682003884474,0.06540890840233336,2.5227681884571407
59.25999999995259,-0.8111264243632031,1.190947831641688,-1.524985282835713,0.7139808599901946,0.7125122139890294,-0.46188249956301514,0.01492370029786003,2.7431192119037773
59.279999999952544,-0.8039238166130067,1.197867051366709,-1.546386505132267,0.6763936240378402,0.729314584298347,-0.4106402619578259,0.1674751938624794,2.9672630302922367
59.2999999999525,-0.7963445193517378,1.204436405356632,-1.5666773124806816,0.6395810774744067,0.7463857721102597,-0.36067136043077613,0.053280186868393,2.118746605624071
59.31999999995245,-0.7870043944836395,1.2116910203868967,-1.5886330636240993,0.6002772779991303,0.764055292938102,-0.307051438724944,0.058869059103328264,2.2803667215715384
59.339999999952404,-0.7769922817880143,1.2188219434671224,-1.6098743463280507,0.5621552880350728,0.7811640229915858,-0.25505005750826515,0.06285361504733974,2.441299525321892
59.35999999995236,-0.7664631416790524,1.225859585794188,-1.6304221681460083,0.5254367728446754,0.7976271041306352,-0.20485281229359786,0.012299914921389371,2.5989903785528443
59.37999999995231,-0.755516185316659,1.2328545039095895,-1.6503205392365474,0.4906462962973568,0.8133744803054408,-0.15661399024184258,0.17792866322528628,2.7492430990750796
59.399999999952264,-0.7452575781186765,1.2394100224595388,-1.668865157464871,0.45766209518750156,0.8293747802305564,-0.11030965847045379,0.04747448483047402,1.9634101149072285
59.41999999995222,-0.7337866652465548,1.2465090162165884,-1.6883819712930834,0.42394238577893056,0.8458328581884149,-0.061763565135591184,0.051506597144614946,2.064327412836062
59.43999999995217,-0.7224483656329561,1.2533324782249042,-1.7067989211273664,0.39229682102894436,0.8615592444866692,-0.015608593826489317,0.05463454178947041,2.155068629513179
59.459999999952124,-0.7113210675460723,1.2598825216183887,-1.7241438311937294,0.3627336703384871,0.8764199208610776,0.028040085988214697,0.01797630266042768,2.2320262238360216
59.47999999995208,-0.7003736416867498,1.266151760173555,-1.7404268982934625,0.3353001136880592,0.8902737740274386,0.06910798967553115,0.10637843398840298,2.2893980640463476
59.49999999995203,-0.6901724737741709,1.2718992110849805,-1.7552709652880654,0.309550484357255,0.9037200918163153,0.10766809386851661,0.03789377763421887,1.6350627014655499
59.519999999951985,-0.6794281878217608,1.2778100919812754,-1.7702445767520056,0.2839037724393296,0.9170359235429865,0.14671496170599277,0.03974999475507322,1.6600542776430924
59.53999999995194,-0.6693139861295379,1.2832760758047204,-1.7838967155398011,0.26047725240021824,0.9293028714267814,0.18267658081171004,0.04024298941747512,1.6640535950154332
59.55999999995189,-0.659884870815623,1.2883101423791397,-1.7962890934437,0.2392534078879002,0.9404636084045901,0.21551526334646917,0.015122113757980464,1.6420898189814597
59.579999999951845,-0.651121819855384,1.292912730077166,-1.8074565815603942,0.22022015075721071,0.9504809917973439,0.24524249888558977,0.05718905170029172,1.5873821840254905
59.5999999999518,-0.6433394484311858,1.296968224670808,-1.817264694053365,0.20307282728246506,0.9597266010502747,0.2719778742152191,0.025428625839980137,1.1336618867128936
59.61999999995175,-0.6358485324894023,1.3008237881241487,-1.8264580928848244,0.18713780380147885,0.9682565339675933,0.29709944174094755,0.024615823459494056,1.0675201397521548
59.639999999951705,-0.6293945255456886,1.3041200884351372,-1.8342459184678856,0.17361185492031506,0.975530219227944,0.31852038380573944,0.022372706303637805,0.968214892101855
59.65999999995166,-0.6239893159381062,1.3068694192121277,-1.8406857220278965,0.16243720618387011,0.9815506361633237,0.336287507156912,0.011538088282199946,0.8292921254450673
59.67999999995161,-0.6196269350661593,1.3090738497404772,-1.8458156247977653,0.15352379383154105,0.9863694612317667,0.35050547071883215,0.002902043510189231,0.6431513488009716
59.699999999951565,-0.6163085760584716,1.3107462807148504,-1.8496952339479595,0.14673638469762604,0.9900631787734623,0.36133499442212874,0.010120759231265564,0.45921303849524164
59.71999999995152,-0.6139191299554793,1.3119472091827016,-1.8524666416685658,0.141903303188192,0.9926890459928607,0.36906644406233713,0.00721713956453016,0.3278455963719782
59.73999999995147,-0.6122088769903732,1.3128047312428737,-1.8544403349849894,0.13845683949908288,0.9945626198214258,0.37458614811115865,0.005145968581698613,0.2340583291110596
59.759999999951425,-0.6109858239227006,1.3134167546481452,-1.8558463537286178,0.13599866729402718,0.9958991034868546,0.3785268216297677,0.0036702229501166116,0.1671008611060468
59.77999999995138,-0.6101117156378452,1.3138534200562593,-1.8568481985829888,0.13424513482062753,0.9968522859697713,0.3813401795172686,0.002618341965832785,0.11929799900295868
59.79999999995133,-0.6094872644586474,1.3141648986485293,-1.857562168935738,0.13299412702993224,0.9975320076403432,0.38334871453828107,0.0018684059987988224,0.08517017586393012
59.819999999951285,-0.6090413004657905,1.3143870430096123,-1.8580710430497949,0.1321015658434229,0.9980166766756087,0.3847826637159678,0.0013336535745428772,0.060805359892463474
59.83999999995124,-0.6087228751335071,1.314545455994877,-1.8584337674112137,0.13146471372260493,0.9983622420525713,0.38580639989712207,0.0009522978847601225,0.04341063437175798
59.85999999995119,-0.6084955491545303,1.31465841203138,-1.858692331981607,0.13101029594913957,0.9986086157273658,0.38653727354131157,0.00068031585944482,0.030992054136469053
59.879999999951146,-0.6083332772352277,1.3147389502180984,-1.8588766551283402,0.13068604332701847,0.9987842638291061,0.3870590644579031,0.0004863303802032101,0.022126084161122182
59.8999999999511,-0.608217451748589,1.3147963718480027,-1.859008057751578,0.13045466649742,0.9989094862084893,0.3874315854056524,0.00034797248727336445,0.015796422163992924
59.91999999995105,-0.6081347830652746,1.3148373107153357,-1.859101735775287,0.13028956079600398,0.9989987577043011,0.3876975383849381,0.00024929288120366204,0.011277501189755623
59.939999999951006,-0.6080757818567132,1.314866497523364,-1.8591685206674964,0.13017174366595258,0.9990623988826555,0.38788740954319356,0.0001789187255578414,0.008051318589889955
59.95999999995096,-0.608033673461967,1.3148873055352275,-1.8592161334574933,0.13008767042645122,0.9991077679347726,0.38802296378784634,0.00012874051257252822,0.005748057779832673
59.97999999995091,-0.608003621845611,1.3149021399264706,-1.8592500782018344,0.13002767622876338,0.9991401107934151,0.3881197396895232,9.297622389071255e-05,0.004103696390032953
59.999999999950866,-0.6079821751277639,1.314912715536292,-1.8592742786815166,0.12998486455192368,0.9991631673844908,0.38818883066368337,6.750417055913459e-05,0.0029297415111113156
60.01999999995082,-0.6079668695594913,1.3149202549686811,-1.859291532181999,0.12995431419298034,0.9991796039228399,0.38823815660607985,4.9387152868133245e-05,0.0020916228266506364
60.03999999995077,-0.6079559467349719,1.3149256298654983,-1.8593038329371683,0.1299325134558211,0.9991913211429885,0.38827337174880094,3.653271243048162e-05,0.0014932668617882575
60.059999999950726,-0.6079481516971268,1.3149294616437293,-1.8593126026884235,0.12991695642885318,0.999199674058432,0.38829851280396194,2.7449966967942242e-05,0.0010660841067125675
60.07999999995068,-0.6079425888142963,1.3149321933230458,-1.8593188550410522,0.1299058549090414,0.9992056286372946,0.38831646169147904,2.1074788893499857e-05,0.0007611066165258387
60.09999999995063,-0.6079386189060814,1.3149341407377015,-1.8593233126314153,0.1298979328409865,0.9992098734998969,0.3883292758932509,1.66435555128771e-05,0.0005433748248304195
60.119999999950586,-0.6079357858171154,1.3149355290485203,-1.8593264906557512,0.12989227963360753,0.9992128995488546,0.38833842430214854,1.3602489117251654e-05,0.00038793013395165856
60.13999999995054,-0.6079337640115651,1.3149365187738093,-1.8593287564191554,0.12988824548932854,0.9992150567371983,0.38834495560112686,1.1544793934195998e-05,0.0002769539139962852
60.15999999995049,-0.6079323211716569,1.3149372243475426,-1.8593303717895013,0.1298853667121137,0.9992165945378368,0.38834961847372046,1.017000782863334e-05,0.00019772495502398403
60.17999999995045,-0.6079312915050802,1.3149377273498615,-1.8593315234641705,0.12988331240779613,0.9992176907936386,0.38835294742563,9.2588911084208e-06,0.0001411612356835999
60.1999999999504,-0.6079305566953871,1.3149380859392732,-1.8593323445482846,0.12988184644964418,0.9992184722841273,0.3883553240551172,8.656163681432105e-06,0.00010077885157522737
60.21999999995035,-0.6079300323070922,1.3149383415769507,-1.8593329299386712,0.12988080033706614,0.9992190293870441,0.3883570207956267,8.255808942909477e-06,7.194876545988363e-05
60.23999999995031,-0.607929658083645,1.3149385238205202,-1.859333347291735,0.12988005382759574,0.99921942653024,0.3883582321448467,7.987689527585249e-06,5.1366180747959564e-05
60.25999999995026,-0.607929391023595,1.3149386537415737,-1.859333644842929,0.1298795211158672,0.9992197096425728,0.3883590969599929,7.806302874994342e-06,3.667171261899975e-05
60.27999999995021,-0.6079292004394348,1.3149387463620117,-1.859333856981604,0.12987914097091358,0.9992199114654652,0.38835971437502365,7.682326360036444e-06,2.6180931677440986e-05
60.29999999995017,-0.6079290644313764,1.3149388123909203,-1.859334008225571,0.1298788696981255,0.9992200553393747,0.38836015516437755,7.596797638830874e-06,1.8691277697832087e-05
60.31999999995012,-0.6079289673708925,1.314938859462785,-1.8593341160547558,0.1298786761168891,0.9992201579030675,0.3883604698558563,7.537328128234188e-06,1.334421007237028e-05
60.339999999950074,-0.6079288981048709,1.3149388930202144,-1.859334192931438,0.1298785379766146,0.999220231017858,0.3883606945226346,7.4957163737146934e-06,9.526793211651938e-06
60.35999999995003,-0.6079288486740276,1.3149389169432324,-1.8593342477405774,0.1298784393992069,0.9992202831393475,0.3883608549183341,7.4664571263805026e-06,6.801435670005614e-06
60.37999999994998,-0.6079288133983157,1.3149389339978999,-1.8593342868166927,0.12987836905400263,0.9992203202952992,0.38836096942916604,7.445806957836865e-06,4.855728979075174e-06
60.399999999949934,-0.6079287882242391,1.3149389461561354,-1.8593343146759682,0.129878318855401,0.9992203467827371,0.3883610511815466,7.431192560813196e-06,3.466636222315233e-06
60.41999999994989,-0.6079287702590705,1.3149389548237154,-1.8593343345382125,0.12987828303348875,0.9992203656648898,0.388361109546781,7.420828471019034e-06,2.4749252727663353e-06
60.43999999994984,-0.6079287574384498,1.3149389610028146,-1.8593343486989815,0.12987825747083528,0.9992203791254475,0.3883611512152983,7.4134678248883415e-06,1.7669159791182109e-06
60.459999999949794,-0.6079287482891722,1.314938965407881,-1.8593343587948896,0.129878239229227,0.9992203887211021,0.3883611809635775,7.408234440377706e-06,1.2614489910256427e-06
60.47999999994975,-0.6079287417599032,1.3149389685482438,-1.85933436599276,0.12987822621194436,0.9992203955615749,0.38836120220167647,7.404510891506248e-06,9.005824447445098e-07
60.4999999999497,-0.6079287371003712,1.3149389707870018,-1.8593343711244759,0.12987821692276014,0.999220400437956,0.3883612173641276,7.401860168535567e-06,6.429500712806056e-07
60.519999999949654,-0.6078753204902771,1.3148515234066354,-1.8591514083602592,0.12979250055850958,0.9990182722633482,0.38843118442396896,0.0004375569248257466,0.008660833543627422
60.53999999994961,-0.6077148130613833,1.3145890786332446,-1.8586022510097975,0.12953510400992527,0.9984099002585599,0.388641316275899,0.0018929696375036727,0.034143141670383015
60.55999999994956,-0.6074260997655153,1.314111658972814,-1.8576062525497128,0.12907405671800828,0.9973304008724968,0.3890172948286092,0.003119875203233473,0.07922533668071217
60.579999999949514,-0.606990114833523,1.3133911492252988,-1.8561198647386976,0.12840382304854803,0.9957963834157807,0.38956700280744544,0.024740478323061563,0.13437664624357487
60.59999999994947,-0.6064484863687656,1.312502214322147,-1.854237094158071,0.12750759441104187,0.9936177977556157,0.390291220311313,0.0035141586682839576,0.08966828215311448
60.61999999994942,-0.6056182895478437,1.311136059292362,-1.8513746563574356,0.12617392134565625,0.9904630266585311,0.39137615568344253,0.006103520514913161,0.1345246360230859
60.639999999949374,-0.6046227385425802,1.3094983858134897,-1.8479387569199168,0.12457071080114682,0.9866663431389764,0.3926796937953831,0.009205267568227699,0.18857774369287914
60.65999999994933,-0.6034764055011768,1.3076011362471525,-1.8439590815676987,0.12272298322506683,0.9823141910867739,0.39418047663713235,0.004483536416781341,0.26257655430894683
60.67999999994928,-0.6021760180120013,1.305451171233336,-1.8394735638953126,0.12066945213613897,0.9775410696839021,0.39585357160433937,0.044437325809127605,0.33549651552656895
60.699999999949235,-0.6008162905436767,1.3032133191835968,-1.8347116086822595,0.11840166447248847,0.9720540539974974,0.39768124377314096,0.008912788436191758,0.22762153262912727
60.71999999994919,-0.5991126327100467,1.3004032710990858,-1.828770754882521,0.11561340024766688,0.9654427430769265,0.3999380952002179,0.012369955732818587,0.2818051662287773
60.73999999994914,-0.5972944544478941,1.2974037935422715,-1.822411482878388,0.1126200050947275,0.9583370904388994,0.40235772835451605,0.016190020024563545,0.34386779221434316
60.759999999949095,-0.5953803043847496,1.294228036561509,-1.815668397614599,0.10945413697197862,0.950852672485877,0.40491236839123174,0.004612626240876943,0.42903253047011825
60.77999999994905,-0.5933623959924772,1.2908808533261034,-1.8085819761413875,0.10616181294597715,0.9431527145247713,0.40757350827599687,0.058351722398140425,0.5076101486345873
60.799999999949,-0.5913626332037797,1.2875741580214912,-1.8014462593316516,0.10272175888855285,0.9348297005540294,0.41032481412903477,0.013514734075742895,0.3463867340052652
60.819999999948955,-0.5890224805032414,1.283693310948976,-1.7931071763854065,0.09874925467131175,0.9253868995916072,0.41351140785258095,0.017325777535764524,0.40260806270522137
60.83999999994891,-0.5866368045780803,1.2797317223906337,-1.784558029954247,0.09465914767222382,0.9156559250413615,0.41678487962066346,0.021497121274726725,0.46587728590689337
60.85999999994886,-0.5842214690928045,1.2756949520636858,-1.775820701341347,0.09048285723007692,0.9057550679763722,0.420118998854059,0.004257233312663404,0.5540405326952003
60.879999999948815,-0.5817618892947798,1.2715789715022312,-1.76692196050125,0.08626555592990194,0.8958549875922899,0.4234876049565669,0.06710063743988469,0.6328786100969686
60.89999999994877,-0.5793938460375214,1.267620877480815,-1.7581941734989777,0.08197276927484509,0.8854706837156872,0.42687903732926674,0.016826803289402614,0.43306343566908523
60.91999999994872,-0.5767224703618131,1.2631361453190268,-1.7483311483046569,0.07717202261142221,0.8740466844609711,0.43067917387222415,0.020617799433526793,0.48725445953182794
60.939999999948675,-0.5740726505815618,1.2586733067085012,-1.7384604152276806,0.07234079542841863,0.8625457072185672,0.4344913785220336,0.024835234686346474,0.5471305744836245
60.95999999994863,-0.5714556297330365,1.254229873247512,-1.7285902079124964,0.06750773466105563,0.851079250284554,0.43829286490684105,0.0036955072245836215,0.6315137164465469
60.97999999994858,-0.5688511446824291,1.2497924808609369,-1.7187301704570195,0.06271438211932859,0.8398147185018716,0.44206141585330566,0.07054307274170699,0.7057476199018844
60.999999999948535,-0.5663972270363576,1.2456045087637044,-1.7092298646852604,0.05791715204800901,0.8282354624870123,0.44579025018722274,0.018718105968597885,0.48366351199613766
61.01999999994849,-0.5637010298611062,1.2409731613803971,-1.6987379727776961,0.05266971493661668,0.8157650639062074,0.44987400059519633,0.02215958727211527,0.5320212549998323
61.03999999994844,-0.561083647076692,1.2364508851667178,-1.688422338784713,0.04747681796294744,0.8034266305736031,0.45390003080521485,0.026087360382897933,0.5840881872859287
61.059999999948396,-0.5585507902865742,1.2320285738267862,-1.6782799307178058,0.04236381145356475,0.7913183938217586,0.4578497693572101,0.003399900289816127,0.6579778146820414
61.07999999994835,-0.5560783977596979,1.2276852294394451,-1.6683039312923473,0.03736669485692894,0.7795939900593507,0.4617057392655635,0.06835112850413422,0.7220525675240198
61.0999999999483,-0.5537948632450331,1.2236512149413303,-1.658836522461615,0.0324382095901327,0.7677513550763604,0.4654657063356498,0.01910286201530174,0.49531681037941033
61.119999999948256,-0.5513445915619447,1.219283914757848,-1.6485915393077513,0.027153908457132832,0.7552390414504987,0.46950059580999265,0.02190921712931394,0.5338344329770993
61.13999999994821,-0.5490144603163303,1.2150933771809216,-1.6386848840405337,0.02200878061848644,0.7430637402326987,0.4734137276205706,0.025186579170306093,0.5735874820441933
61.15999999994816,-0.5468043870721292,1.2110658856359562,-1.629105172441591,0.01702393982421648,0.7313048222753282,0.4771913009793514,0.0037342389011515544,0.630325610732116
61.179999999948116,-0.5446888891539972,1.2071760043658069,-1.6198325922971561,0.012227751079491565,0.7200903275693196,0.4808212278009931,0.06020673756218006,0.677811274584346
61.19999999994807,-0.5427750505807372,1.203621476291737,-1.611172144742579,0.007574824201301607,0.7089762241502936,0.4843054238306848,0.01790007504584451,0.46537622930750555
61.21999999994802,-0.5407735184387374,1.1998627511908193,-1.6020150270205218,0.002700780823782623,0.6974914314375902,0.4879585068013604,0.019839046633341587,0.4898766443444189
61.239999999947976,-0.538913323782683,1.196327824653249,-1.5933348140892807,-0.0019496809994983446,0.686541538490662,0.49143168166879536,0.022116423793428628,0.5127861978083804
61.25999999994793,-0.5371893166486518,1.1930007001868435,-1.5851145553519324,-0.006361364552701223,0.6761821445524087,0.4947164296845175,0.004378253153072983,0.546008850648925
61.27999999994788,-0.5355776677503677,1.189856071629812,-1.5773275528921664,-0.010516025421128812,0.6665029825308443,0.497806670832786,0.045918312090454445,0.5697761667230683
61.299999999947836,-0.5341542764976751,1.1870403203459903,-1.5702074590792394,-0.014452619788478099,0.6571568183303559,0.5007080960820118,0.015044221250601173,0.391782249405639
61.31999999994779,-0.5327167894308314,1.1841631954437604,-1.5629355966763447,-0.01843419631330541,0.6478182565034379,0.5036463417967287,0.015935550927533258,0.3980834913661114
61.33999999994774,-0.5314225076480336,1.1815387936884043,-1.556255857021266,-0.02211093321429234,0.6391995993026712,0.5063524420298606,0.016908648824935306,0.3997308519511536
61.359999999947696,-0.5302632832218218,1.1791515423745387,-1.5501484416719906,-0.02547572035144185,0.6313284593262453,0.5088236608120655,0.0047622386981158,0.40356231843913964
61.37999999994765,-0.5292208713898319,1.1769819842067986,-1.5445881476915384,-0.028523035097650612,0.6242435172626875,0.5110605361691614,0.0254699558904218,0.3961844536619967
61.3999999999476,-0.5283333155680761,1.17510830050059,-1.5397012316104333,-0.031282231826968564,0.6177284817364145,0.5130721872947558,0.01050037939424692,0.27354694312817673
61.41999999994756,-0.5274989228009503,1.1733305222511499,-1.5350714532035568,-0.033871051925153,0.6116765414121483,0.514962551161674,0.010197048082413911,0.2576457824055807
61.43999999994751,-0.5267990588591487,1.1718238661245817,-1.5311294671108606,-0.03608191549008718,0.6065096365942103,0.5165744503041552,0.009610049398690753,0.23385121381747367
61.45999999994746,-0.5262258993657858,1.1705763664888598,-1.5278557103779922,-0.03791784733138402,0.6022237554778809,0.5179114305184845,0.004572697536063826,0.2028993960175495
61.47999999994742,-0.5257714970148154,1.1695808222204176,-1.5252360679127122,-0.03938831124446316,0.5987942915354121,0.5189812542388089,0.0010234920212129498,0.1571862896157706
61.49999999994737,-0.5254319521128653,1.1688320078889143,-1.5232544268597246,-0.040510517403418225,0.5961684567060137,0.5197961272493724,0.004268814719962895,0.11097270811258407
61.51999999994732,-0.5251895992038402,1.168295751228244,-1.521835740486641,-0.041311541956073804,0.5943009059708405,0.5203778975434625,0.0030468517163057757,0.07915485625998324
61.53999999994728,-0.5250174761067805,1.1679141022285782,-1.520824666871199,-0.04188358892870383,0.5929688953749854,0.5207932453867933,0.002171526048105,0.05645331084450926
61.55999999994723,-0.5248950531317378,1.1676423477967182,-1.5201040078424608,-0.0422920492808633,0.5920189486339473,0.5210897780270428,0.0015467921661759113,0.040258972099761155
61.579999999947184,-0.5248078879406988,1.1674487721064108,-1.5195903011897598,-0.04258367102631295,0.5913415285256622,0.521301484011277,0.0011010329789003994,0.02870836528074643
61.59999999994714,-0.524745779384254,1.1673108478197192,-1.519224093075078,-0.04279185895469711,0.5908584768637298,0.5214526290265157,0.0007830371313093648,0.020470793000078362
61.61999999994709,-0.5247015006513083,1.1672125568897191,-1.5189630210519816,-0.04294047534074397,0.5905140377552754,0.5215605372575783,0.0005562165939765836,0.0145964391392574
61.639999999947044,-0.5246699209903047,1.167142500899401,-1.518776895197853,-0.043046561908065134,0.5902684427732381,0.5216375770949575,0.0003944459943984462,0.010407567463463576
61.659999999947,-0.5246473920776206,1.167092564257532,-1.5186441975987006,-0.04312228732250444,0.5900933298967673,0.5216925788026674,0.0002790783639834039,0.007420692995559574
61.67999999994695,-0.5246313167787893,1.167056966427285,-1.5185495898827943,-0.0431763396070508,0.5899684735396041,0.5217318466430724,0.00019680837400154236,0.0052909620355135085
61.699999999946904,-0.5246198447747643,1.1670315889045635,-1.518482137835407,-0.043214921197789136,0.5898794512110247,0.5217598814702932,0.0001381442581580209,0.0037724303229452433
61.71999999994686,-0.5246116570483264,1.1670134967511123,-1.5184340464438741,-0.043242459787806296,0.5898159789185653,0.5217798966166912,9.631601878734943e-05,0.002689708672229712
61.73999999994681,-0.5246058129357507,1.167000598161027,-1.518399758445066,-0.043262116010335194,0.5897707238487004,0.5217941862036869,6.64959058012384e-05,0.00191772985938495
61.759999999946764,-0.5246016413991592,1.1669914020962289,-1.518375311827467,-0.04327614596059129,0.5897384575803166,0.5218043880928231,4.524229197527863e-05,0.0013673141662086062
61.77999999994672,-0.5245986636413769,1.1669848456671326,-1.5183578818535874,-0.04328616002940006,0.5897154522148765,0.5218116716165432,3.010353574844222e-05,0.0009748735028815958
61.79999999994667,-0.5245965379807185,1.1669801711507828,-1.518345454586495,-0.0432933076887924,0.589699049764175,0.5218168716063654,1.9337252863276312e-05,0.00069506841854862
61.819999999946624,-0.5245950205582988,1.1669768383540509,-1.518336594148335,-0.04329840940502267,0.5896873550992651,0.5218205840807277,1.1716257500456522e-05,0.0004955715573478858
61.83999999994658,-0.524593937318198,1.1669744621540707,-1.518330276793901,-0.04330205080309646,0.589679017012278,0.5218232345602147,6.41659904282572e-06,0.00035333352946409274
61.85999999994653,-0.524593164020042,1.1669727679778268,-1.5183257726150199,-0.043304649882800195,0.5896730721092641,0.5218251268404183,3.09641136859978e-06,0.00025192025620829946
61.879999999946484,-0.524592611978129,1.166971560066056,-1.5183225612012832,-0.04330650499737985,0.5896688335045079,0.5218264778127623,2.417773289775753e-06,0.00017961440119302897
61.89999999994644,-0.5245922178847682,1.166970698849103,-1.5183202715092858,-0.043307829100066614,0.5896658114595432,0.5218274423244285,3.5671823060826584e-06,0.00012806165113000436
61.91999999994639,-0.5245919365473002,1.1669700848178888,-1.5183186389912167,-0.043308774188491175,0.5896636567992036,0.5218281309268179,4.741702602963482e-06,9.130550250622582e-05
61.939999999946345,-0.5245917357041655,1.1669696470250037,-1.5183174750286383,-0.04330944875241951,0.589662120567801,0.5218286225468597,5.648878345208371e-06,6.509906364440447e-05
61.9599999999463,-0.5245915923246649,1.1669693348865926,-1.5183166451394563,-0.043309930227382075,0.5896610252644782,0.5218289735335495,6.3154867462051776e-06,4.641437283014651e-05
61.97999999994625,-0.5245914899676591,1.1669691123374524,-1.51831605343991,-0.04331027388363372,0.5896602443344311,0.521829224116621,6.797783914008306e-06,3.3092547329854285e-05
61.999999999946205,-0.5245914168961009,1.1669689536638213,-1.5183156315662574,-0.04331051917075802,0.5896596875464747,0.5218294030176438,7.144477673572689e-06,2.3594342934868557e-05
62.01999999994616,-0.5245913647310858,1.166968840532282,-1.5183153307761184,-0.04331069424619876,0.5896592905674947,0.5218295307420615,7.39289282711617e-06,1.682230714412687e-05
62.03999999994611,-0.5245913274910238,1.1669687598714489,-1.518315116316857,-0.04331081920754258,0.5896590075292151,0.5218296219295077,7.570571479814071e-06,1.1993977189664452e-05
62.059999999946065,-0.5245913009057278,1.1669687023616624,-1.518314963410328,-0.043310908399589836,0.5896588057284401,0.5218296870317863,7.697519334105752e-06,8.551471762110547e-06
62.07999999994602,-0.5245912819267597,1.1669686613581707,-1.5183148543900553,-0.043310972061046414,0.5896586618484253,0.5218297335108464,7.788160141463698e-06,6.097032450449131e-06
62.09999999994597,-0.5245912683778714,1.1669686321233814,-1.518314776660083,-0.043311017499862055,0.5896585592647838,0.5218297666940643,7.852849283575399e-06,4.347065055392209e-06
62.119999999945925,-0.5245912587054616,1.1669686112794766,-1.5183147212396706,-0.0433110499321384,0.5896584861246507,0.5218297903848614,7.899003098502703e-06,3.0993724834616174e-06
62.13999999994588,-0.5245912518004308,1.1669685964181278,-1.5183146817256692,-0.04331107308090515,0.5896584339771651,0.5218298072986483,7.931925910784736e-06,2.2097920326733843e-06
62.15999999994583,-0.5245912468710027,1.1669685858222387,-1.5183146535527223,-0.04331108960350113,0.5896583967970269,0.5218298193740634,7.955407521838733e-06,1.575538558116875e-06
62.179999999945785,-0.5245912433519374,1.1669685782675507,-1.5183146334657938,-0.04331110139662093,0.5896583702883151,0.5218298279951751,7.972153488437152e-06,1.123328113555441e-06
62.19999999994574,-0.5245912408397152,1.1669685728811863,-1.518314619144086,-0.04331110981404367,0.589658351388122,0.5218298341501247,7.984095529010778e-06,8.009110248445992e-07
62.21999999994569,-0.5248470627440196,1.1669840518388928,-1.5183613261075564,-0.04256681511000965,0.5897083038943117,0.5212367339121746,0.0008039366103139782,0.0319207499078159
62.239999999945645,-0.5256163395076346,1.167030474654679,-1.5185009306904973,-0.04033113363633338,0.589859053206174,0.5194553179731897,0.0028662687538925963,0.1246686416995342
62.2599999999456,-0.527006524616661,1.167115107667711,-1.518751537859483,-0.03633203690005332,0.5901294419423824,0.5162683001674744,0.0012299039080581695,0.2705932473451062
62.27999999994555,-0.5291400604878451,1.1672459286232955,-1.5191245381008722,-0.030512138047766004,0.5905182493405811,0.5116075898508275,0.054519477482828954,0.4740930149361079
62.299999999945506,-0.5317109723199509,1.1673995124830738,-1.5195758127903722,-0.022749501261346596,0.5910704224854156,0.5054710287873235,0.008220044298839678,0.3277047805655324
62.31999999994546,-0.5357312851666387,1.1676407645457925,-1.5202493555784673,-0.011184443853974838,0.5918905804272193,0.49627489136010056,0.012386252546641607,0.4934605268993278
62.33999999994541,-0.5405788517738613,1.167929470991952,-1.521024227190505,0.002716631267532268,0.5929014830381855,0.485225958600657,0.01637130386512135,0.6880137301049308
62.359999999945366,-0.5462065200998183,1.1682635658639726,-1.5218751384439877,0.01872461420914738,0.5940962991558864,0.4725058013920419,0.004482809238587634,0.9141336343284248
62.37999999994532,-0.5526904335480363,1.1686455877386317,-1.522778149309172,0.03652780133957005,0.5954516626886985,0.4583228701850712,0.0976924005833051,1.1899376710416256
62.39999999994527,-0.5593804896463039,1.1690327018999829,-1.5236587095444323,0.05615132773880576,0.5970398850189513,0.44283552202278376,0.020841021755785543,0.8298358072764208
62.419999999945226,-0.567932571214598,1.169524205581098,-1.5246608406283877,0.08028993835690779,0.5990418073595711,0.4237065322422696,0.025877686836780395,1.0294565972982914
62.43999999994518,-0.5771554494437124,1.170047801959797,-1.5256058513927202,0.10619289124642982,0.6012833454780264,0.4031979372382406,0.030041267925884095,1.2500736181653331
62.45999999994513,-0.586986140051171,1.170600310207958,-1.5264604705053548,0.13356114977380118,0.6037541986927758,0.3815459832159923,0.011187085720234835,1.4969078505318447
62.479999999945086,-0.5975346809429639,1.1711833023504539,-1.5271869258458441,0.16202760052124518,0.6064226367655853,0.3589882853380126,0.12861034578767946,1.7946859074490809
62.49999999994504,-0.6079455636257903,1.1717552559959852,-1.5277629881793329,0.1917058970935745,0.6093819781748226,0.3356734075642306,0.03180528701778219,1.256466160463082
62.51999999994499,-0.6203854741198982,1.172429433565774,-1.5282019944274812,0.2259570088999649,0.6129320022876652,0.3086640952392524,0.03706666214594386,1.4612791563851433
62.539999999944946,-0.6332440729964084,1.1731192458011628,-1.5283959441544184,0.2611784505336608,0.6167690737313738,0.2809185670130373,0.04095170539071416,1.6824745025472656
62.5599999999449,-0.6464593227238349,1.1738214378154557,-1.5283185259774463,0.29708185687042443,0.620876637437427,0.25266029099335674,0.016993057495865136,1.9258446058792256
62.57999999994485,-0.660169297016624,1.1745375976266237,-1.5279249690571246,0.33330943428820403,0.625212068597955,0.22410627368286395,0.1491960657838474,2.219789820995797
62.59999999994481,-0.6734017289176671,1.1752410596207115,-1.527308636890845,0.3700721284740843,0.6298713835749312,0.19536596938357315,0.04024058249688093,1.557790595626632
62.61999999994476,-0.6886300435924293,1.1760417485761245,-1.5262218950350028,0.4110933291775585,0.635302300151922,0.16315634152744096,0.045415078116338506,1.750965608580233
62.63999999994471,-0.7039671464055529,1.1768519633747536,-1.5247480324214497,0.4522722964976988,0.6410341645165492,0.13084460416971236,0.04874837950347818,1.9553574124772641
62.65999999994467,-0.71935242197922,1.1776682322569914,-1.5228751342516378,0.4933509043464062,0.6470399099824636,0.09862531479713409,0.021656263368808243,2.176649458717207
62.67999999994462,-0.7349350484182586,1.1784945909289355,-1.5205575636808053,0.5340043334194023,0.6532635467003229,0.06668181071385362,0.1595648394865572,2.4444791104204207
62.69999999994457,-0.7497191206464947,1.1793202309014754,-1.5180343030090722,0.5745179789534426,0.6597850157366871,0.03508120639819867,0.04605934279090847,1.717730728258275
62.71999999994453,-0.7662364766802402,1.1802503241871078,-1.5147277524913751,0.6186481005235289,0.667202126240737,0.00046767531523108426,0.050843823785990526,1.884208127192412
62.73999999994448,-0.7825008914395427,1.181198969755467,-1.5109946102144143,0.6621458069975387,0.6748617265881881,-0.033656438301346236,0.05329900224656253,2.0557809536905487
62.759999999944434,-0.7984573945882458,1.182161589649239,-1.506843465055837,0.7047945664494065,0.682723817632931,-0.06713212033170447,0.025190917550892526,2.237473159768958
62.77999999994439,-0.8142540539214431,1.183148166245738,-1.5022385538198983,0.7463230924114712,0.6907198145498609,-0.09981590445255971,0.15897015970206385,2.4578911073727
62.79999999994434,-0.8289736116658168,1.1841482341600646,-1.4975504501242158,0.7870589660714032,0.6988982188763037,-0.13168144343682672,0.04896404499019963,1.7274112032957873
62.819999999944294,-0.8449382789140327,1.1852790784286844,-1.4919079708451262,0.8304668934880611,0.7079664593485461,-0.16588086571785218,0.05294599365737611,1.853136613674506
62.83999999994425,-0.8602789702410782,1.1864444323721892,-1.485951095773158,0.8725020979183703,0.7171151166557478,-0.19904809927607142,0.05409961896638721,1.9771517855628484
62.8599999999442,-0.8749595814920216,1.1876354079631382,-1.4797121515652047,0.9130016519712452,0.7262920367845814,-0.2310645642214749,0.027460989007839803,2.1030704600106636
62.879999999944154,-0.8891250197600995,1.1888687942174605,-1.4731760219140748,0.9517706735776638,0.735421655886371,-0.2618316151182728,0.1457871111450721,2.257026571721272
62.89999999994411,-0.9020371020265026,1.1901084644622946,-1.4667824659614535,0.9891405679323368,0.7445140260370534,-0.2913610819092847,0.0481433648113988,1.5840828148737198
62.91999999994406,-0.9155698329846859,1.1915021016777365,-1.459522811103873,1.0279836813606924,0.7542920299588087,-0.3223243703679866,0.05076249371255128,1.6570860184921385
62.939999999944014,-0.928194539651144,1.1929231343777607,-1.4522270189401307,1.0648031517248515,0.7638753888970978,-0.35176260167752166,0.05019083193406165,1.721317368866294
62.95999999994397,-0.9399123484435048,1.1943535477070175,-1.4449438180562382,1.0995034865625772,0.7732075209176512,-0.379602207207034,0.02788185029214786,1.7780451048082435
62.97999999994392,-0.9508678402825461,1.195812418212097,-1.4376786780102682,1.1319879223781053,0.7822189963064761,-0.4057942666798985,0.11709088897071009,1.850067368455628
62.999999999943874,-0.9605759883105023,1.197224551767184,-1.4308387671542788,1.162555470118907,0.7908924767081393,-0.4303854785555416,0.04236354110578214,1.2946635331772949
63.01999999994383,-0.9703093611890501,1.1987555625231292,-1.423524743126409,1.1932155178792259,0.7998218145599106,-0.4552898686088147,0.042994034255626,1.3063243038510526
63.03999999994378,-0.9790403875776388,1.2002499551665657,-1.4165575803932327,1.2213383614419895,0.8082103291641315,-0.4782264533742276,0.04052094220452023,1.302082185134741
63.059999999943734,-0.986813116147492,1.2016824123196388,-1.4099817932145828,1.2469073611905221,0.8160155571225108,-0.4991711616259284,0.025081881281729695,1.2800865625865967
63.07999999994369,-0.9937584817475402,1.203066851921539,-1.403810967917085,1.269933538361399,0.8231949470054234,-0.5181300323443829,0.06838934914761716,1.2558145204014133
63.09999999994364,-0.9996654563193592,1.2043200563284662,-1.3983037323270042,1.2906553955727869,0.8297360675310361,-0.5351803949959905,0.030569571268569178,0.8769902946696024
63.119999999943595,-1.0051491308078528,1.2055599505843901,-1.3929488742300074,1.3099640408041802,0.8359321380998473,-0.5512029901661719,0.02870070030096254,0.8213432942135469
63.13999999994355,-1.00971628469007,1.2066550239486196,-1.3883040800949704,1.3263727708328659,0.8412693849534477,-0.5648651973058182,0.024671740602832757,0.7417881426443127
63.1599999999435,-1.013428597942756,1.2075877449821315,-1.3843888717125568,1.3399415574318638,0.8457389670516335,-0.576196835559363,0.01722973612351853,0.6335165449739105
63.179999999943455,-1.0163583046851328,1.2083574792964342,-1.3812174006663835,1.3507767827415824,0.849342134592747,-0.5852643638839915,0.003610348236072877,0.4934886220518603
63.19999999994341,-1.0185396846551622,1.208948103205885,-1.3787988964255935,1.3590232562946143,0.8521006554424518,-0.5921711736197357,0.012665629615303469,0.3493027316477563
63.21999999994336,-1.0200896321124622,1.2093792757367634,-1.3770516255311849,1.3649009301750772,0.8540802402595786,-0.5971022867893425,0.009075281449381252,0.24910063914785116
63.239999999943315,-1.0211872790489158,1.2096900509908866,-1.37579895046979,1.3690927322015656,0.8554974395238744,-0.6006229831096559,0.006485512527545546,0.17766119014853085
63.25999999994327,-1.0219661448569477,1.2099133470466907,-1.3749021177986962,1.372082491481634,0.8565108963819938,-0.6031366769330324,0.004631370273284007,0.12671971462662934
63.27999999994322,-1.0225196100160754,1.2100734358553633,-1.3742606698844015,1.3742150490085052,0.8572350645291539,-0.6049313952763917,0.0033053145990281415,0.09039001412898576
63.299999999943175,-1.0229133180434267,1.2101880296706564,-1.373802198420169,1.375736249187813,0.8577522328625901,-0.6062127822142276,0.002357636472862423,0.06447844358935921
63.31999999994313,-1.0231935955502593,1.2102699661207528,-1.3734746682907044,1.3768213927390711,0.8581214251199983,-0.6071276626049871,0.0016807228406595365,0.04599614937144066
63.33999999994308,-1.0233932320528605,1.210328505483982,-1.373240763187358,1.3775954961187777,0.8583849071115134,-0.6077808658881816,0.001197392335081724,0.032812372173017273
63.359999999943035,-1.0235354853919216,1.2103703051507058,-1.3730737613970987,1.3781477243286844,0.8585729089936833,-0.6082472378104303,0.0008523763005513845,0.023407789119261863
63.37999999994299,-1.0236368782773426,1.2104001398889523,-1.3729545476349634,1.3785416768121357,0.8587070345146552,-0.6085802164839853,0.0006061413775623757,0.01669890143351
63.39999999994294,-1.0237091619535916,1.2104214284629344,-1.372869457853096,1.3788227200420393,0.8588027134769417,-0.60881795547747,0.0004304319170230051,0.011912935698780458
63.419999999942895,-1.0237607009275862,1.2104366158035187,-1.3728087297438838,1.3790232158508482,0.8588709614906912,-0.6089876955535837,0.0003050643498748515,0.008498692603267285
63.43999999994285,-1.0237974525244493,1.210447448917622,-1.3727653911785038,1.3791662499331816,0.8589196404366977,-0.6091088859855647,0.00021562740614277311,0.006062994608076924
63.4599999999428,-1.0238236614231937,1.2104551753603454,-1.372734464048353,1.379268291060527,0.8589543601691243,-0.6091954131037429,0.0001518350716594786,0.004325372226673055
63.479999999942756,-1.0238423529292608,1.2104606856391982,-1.3727123946416286,1.379341087815692,0.8589791229968271,-0.6092571914258598,0.00010634862700514804,0.0030857496249879473
63.49999999994271,-1.0238556837302346,1.2104646152051013,-1.3726966464152328,1.3793930215504309,0.8589967840278582,-0.609301299687259,7.39352823560036e-05,0.0022013977762908167
63.51999999994266,-1.023865191528267,1.2104674174056929,-1.3726854090252552,1.3794300715012575,0.859009379839818,-0.6093327919402164,5.086844235531295e-05,0.0015704959599280486
63.539999999942616,-1.0238719728144094,1.2104694156208138,-1.3726773905073202,1.3794565032629917,0.8590183630643383,-0.6093552766601621,3.450221661204808e-05,0.0011204060806051758
63.55999999994257,-1.023876809526435,1.210470840496631,-1.3726716688866913,1.3794753599273648,0.859024769780812,-0.6093713302141747,2.2973847860668682e-05,0.0007993083189885977
63.57999999994252,-1.0238802593169922,1.2104718565252797,-1.372667586244219,1.3794888124533504,0.8590293389450872,-0.6093827920679488,1.5005280940617712e-05,0.000570234364413443
63.599999999942476,-1.0238827199018794,1.2104725810125774,-1.372664673101812,1.3794984096183338,0.8590325975871937,-0.6093909755567508,9.788068324374482e-06,0.0004068108894445589
63.61999999994243,-1.0238844749387075,1.2104730976105618,-1.3726625944550965,1.3795052563324628,0.8590349215844773,-0.6093968183710047,6.897440042028498e-06,0.0002902230157606251
63.63999999994238,-1.023885726741042,1.210473465970698,-1.3726611112588114,1.3795101408482158,0.859036579009668,-0.6094009899995091,5.96521599242941e-06,0.00020704807900100576
63.659999999942336,-1.023886619607441,1.2104737286290124,-1.3726600529416946,1.3795136255121387,0.8590377610487703,-0.6094039684413975,6.199890309117777e-06,0.000147710244712013
63.67999999994229,-1.0238872564588106,1.210473915916489,-1.372659297793049,1.379516111507617,0.859038604052504,-0.609406094976688,6.803081426583252e-06,0.00010537802982161285
63.69999999994224,-1.0238877107040192,1.210474049460894,-1.3726587589669195,1.3795178850428078,0.8590392052636341,-0.609407613271179,7.40490843786921e-06,7.517779237923567e-05
63.719999999942196,-1.023888034702611,1.210474144683982,-1.3726583744950949,1.37951915030147,0.8590396340337065,-0.6094086972964249,7.901708656653057e-06,5.3632629792955746e-05
63.73999999994215,-1.0238882658006587,1.2104742125822325,-1.3726581001607834,1.3795200529503686,0.8590399398227453,-0.6094094712639447,8.284177686328124e-06,3.8262085884863566e-05
63.7599999999421,-1.023888430635773,1.210474260996659,-1.3726579044135978,1.3795206969096665,0.8590401579045339,-0.6094100238577764,8.569349383396308e-06,2.729657862945085e-05
63.779999999942056,-1.0238885482076465,1.2104742955182621,-1.3726577647411482,1.3795211563170822,0.85904031343553,-0.6094104183961855,8.778433443692526e-06,1.9473670096914356e-05
63.79999999994201,-1.0238886320681266,1.2104743201336763,-1.3726576650800142,1.379521484063238,0.8590404243567384,-0.609410700086882,8.930260435000181e-06,1.3892724430968441e-05
63.81999999994196,-1.0238886918833088,1.210474337685546,-1.3726575939683623,1.3795217178808532,0.8590405034632683,-0.6094109012070748,9.039861945404731e-06,9.911218567413248e-06
63.83999999994192,-1.0238887345477106,1.2104743502008022,-1.372657543227764,1.3795218846888502,0.8590405598802943,-0.6094110448019066,9.118684552151211e-06,7.070769865311973e-06
63.85999999994187,-1.0238887649789779,1.2104743591247333,-1.3726575070226186,1.3795220036914706,0.8590406001156795,-0.6094111473250466,9.175231028519757e-06,5.044363439076673e-06
63.87999999994182,-1.0238887866847148,1.2104743654878922,-1.3726574811890202,1.3795220885892239,0.8590406288106819,-0.6094112205240131,9.215728999289639e-06,3.598703296185712e-06
63.89999999994178,-1.0238888021667896,1.210474370025109,-1.3726574627558763,1.3795221491561995,0.8590406492753397,-0.6094112727862456,9.244700460631599e-06,2.567353958486362e-06
63.91999999994173,-1.023888813209709,1.210474373260348,-1.3726574496032091,1.379522192365336,0.8590406638702983,-0.6094113101001697,9.265409312712674e-06,1.8315782123692197e-06
63.93999999994168,-1.023888821086308,1.2104743755672196,-1.3726574402183414,1.3795222231912043,0.8590406742791147,-0.6094113367413738,9.2802035782074e-06,1.30666783798235e-06
63.95999999994164,-1.0238888267044628,1.2104743772121234,-1.3726574335219257,1.3795222451827145,0.8590406817024654,-0.6094113557625223,9.290768847506562e-06,9.321911062860191e-07
63.97999999994159,-1.023888830711734,1.2104743783850158,-1.3726574287438116,1.3795222608716986,0.8590406869966455,-0.6094113693431421,9.298311688285047e-06,6.650353330234691e-07
63.999999999941544,-1.0238888335700083,1.2104743792213413,-1.3726574253344697,1.3795222720643912,0.859040690772347,-0.6094113790393603,9.303695503367986e-06,4.7444342659387507e-07
