image,source_video,source_frame,timestamp_seconds,split,label_status
images/train/WIN_20261006_23_47_12_Pro_frame000000.jpg,WIN_20261006_23_47_12_Pro.mp4,0,0.0,train,draft_unreviewed
images/train/WIN_20261006_23_47_12_Pro_frame000001.jpg,WIN_20261006_23_47_12_Pro.mp4,2,0.066733,train,draft_unreviewed
images/train/WIN_20261006_23_47_12_Pro_frame000002.jpg,WIN_20261006_23_47_12_Pro.mp4,4,0.133467,train,draft_unreviewed
images/train/WIN_20261006_23_47_12_Pro_frame000003.jpg,WIN_20261006_23_47_12_Pro.mp4,6,0.2002,train,draft_unreviewed
images/train/WIN_20261006_23_47_12_Pro_frame000004.jpg,WIN_20261006_23_47_12_Pro.mp4,8,0.266933,train,draft_unreviewed
images/train/WIN_20261006_23_47_12_Pro_frame000005.jpg,WIN_20261006_23_47_12_Pro.mp4,10,0.333667,train,draft_unreviewed
images/train/WIN_20261006_23_47_12_Pro_frame000006.jpg,WIN_20261006_23_47_12_Pro.mp4,12,0.4004,train,draft_unreviewed
images/train/WIN_20261006_23_47_12_Pro_frame000007.jpg,WIN_20261006_23_47_12_Pro.mp4,14,0.467133,train,draft_unreviewed
images/train/WIN_20261006_23_47_12_Pro_frame000008.jpg,WIN_20261006_23_47_12_Pro.mp4,16,0.533867,train,draft_unreviewed
images/train/WIN_20261006_23_47_12_Pro_frame000009.jpg,WIN_20261006_23_47_12_Pro.mp4,18,0.6006,train,draft_unreviewed
images/train/WIN_20261006_23_47_12_Pro_frame000010.jpg,WIN_20261006_23_47_12_Pro.mp4,20,0.667333,train,draft_unreviewed
images/train/WIN_20261006_23_47_12_Pro_frame000011.jpg,WIN_20261006_23_47_12_Pro.mp4,22,0.734067,train,draft_unreviewed
images/train/WIN_20261006_23_47_12_Pro_frame000012.jpg,WIN_20261006_23_47_12_Pro.mp4,24,0.8008,train,draft_unreviewed
images/train/WIN_20261006_23_47_12_Pro_frame000013.jpg,WIN_20261006_23_47_12_Pro.mp4,26,0.867533,train,draft_unreviewed
images/train/WIN_20261006_23_47_12_Pro_frame000014.jpg,WIN_20261006_23_47_12_Pro.mp4,28,0.934267,train,draft_unreviewed
images/train/WIN_20261006_23_47_12_Pro_frame000015.jpg,WIN_20261006_23_47_12_Pro.mp4,30,1.001,train,draft_unreviewed
images/train/WIN_20261006_23_47_12_Pro_frame000016.jpg,WIN_20261006_23_47_12_Pro.mp4,32,1.067733,train,draft_unreviewed
images/train/WIN_20261006_23_47_12_Pro_frame000017.jpg,WIN_20261006_23_47_12_Pro.mp4,34,1.134467,train,draft_unreviewed
images/train/WIN_20261006_23_47_12_Pro_frame000018.jpg,WIN_20261006_23_47_12_Pro.mp4,36,1.2012,train,draft_unreviewed
images/train/WIN_20261006_23_47_12_Pro_frame000019.jpg,WIN_20261006_23_47_12_Pro.mp4,38,1.267933,train,draft_unreviewed
images/train/WIN_20261006_23_47_12_Pro_frame000020.jpg,WIN_20261006_23_47_12_Pro.mp4,40,1.334667,train,draft_unreviewed
images/train/WIN_20261006_23_47_12_Pro_frame000021.jpg,WIN_20261006_23_47_12_Pro.mp4,42,1.4014,train,draft_unreviewed
images/train/WIN_20261006_23_47_12_Pro_frame000022.jpg,WIN_20261006_23_47_12_Pro.mp4,44,1.468133,train,draft_unreviewed
images/train/WIN_20261006_23_47_12_Pro_frame000023.jpg,WIN_20261006_23_47_12_Pro.mp4,46,1.534867,train,draft_unreviewed
images/train/WIN_20261006_23_47_12_Pro_frame000024.jpg,WIN_20261006_23_47_12_Pro.mp4,48,1.6016,train,draft_unreviewed
images/train/WIN_20261006_23_47_12_Pro_frame000025.jpg,WIN_20261006_23_47_12_Pro.mp4,50,1.668333,train,draft_unreviewed
images/train/WIN_20261006_23_47_12_Pro_frame000026.jpg,WIN_20261006_23_47_12_Pro.mp4,52,1.735067,train,draft_unreviewed
images/train/WIN_20261006_23_47_12_Pro_frame000027.jpg,WIN_20261006_23_47_12_Pro.mp4,54,1.8018,train,draft_unreviewed
images/train/WIN_20261006_23_47_12_Pro_frame000028.jpg,WIN_20261006_23_47_12_Pro.mp4,56,1.868533,train,draft_unreviewed
images/train/WIN_20261006_23_47_12_Pro_frame000029.jpg,WIN_20261006_23_47_12_Pro.mp4,58,1.935267,train,draft_unreviewed
images/train/WIN_20261006_23_47_12_Pro_frame000030.jpg,WIN_20261006_23_47_12_Pro.mp4,60,2.002,train,draft_unreviewed
images/train/WIN_20261006_23_47_12_Pro_frame000031.jpg,WIN_20261006_23_47_12_Pro.mp4,62,2.068733,train,draft_unreviewed
images/train/WIN_20261006_23_47_12_Pro_frame000032.jpg,WIN_20261006_23_47_12_Pro.mp4,64,2.135467,train,draft_unreviewed
images/train/WIN_20261006_23_47_12_Pro_frame000033.jpg,WIN_20261006_23_47_12_Pro.mp4,66,2.2022,train,draft_unreviewed
images/train/WIN_20261006_23_47_12_Pro_frame000034.jpg,WIN_20261006_23_47_12_Pro.mp4,68,2.268933,train,draft_unreviewed
images/train/WIN_20261006_23_47_12_Pro_frame000035.jpg,WIN_20261006_23_47_12_Pro.mp4,70,2.335667,train,draft_unreviewed
images/train/WIN_20261006_23_47_12_Pro_frame000036.jpg,WIN_20261006_23_47_12_Pro.mp4,72,2.4024,train,draft_unreviewed
images/train/WIN_20261006_23_47_12_Pro_frame000037.jpg,WIN_20261006_23_47_12_Pro.mp4,74,2.469133,train,draft_unreviewed
images/train/WIN_20261006_23_47_12_Pro_frame000038.jpg,WIN_20261006_23_47_12_Pro.mp4,76,2.535867,train,draft_unreviewed
images/train/WIN_20261006_23_47_12_Pro_frame000039.jpg,WIN_20261006_23_47_12_Pro.mp4,78,2.6026,train,draft_unreviewed
images/train/WIN_20261006_23_47_12_Pro_frame000040.jpg,WIN_20261006_23_47_12_Pro.mp4,80,2.669333,train,draft_unreviewed
images/train/WIN_20261006_23_47_12_Pro_frame000041.jpg,WIN_20261006_23_47_12_Pro.mp4,82,2.736067,train,draft_unreviewed
images/train/WIN_20261006_23_47_12_Pro_frame000042.jpg,WIN_20261006_23_47_12_Pro.mp4,84,2.8028,train,draft_unreviewed
images/train/WIN_20261006_23_47_12_Pro_frame000043.jpg,WIN_20261006_23_47_12_Pro.mp4,86,2.869533,train,draft_unreviewed
images/train/WIN_20261006_23_47_12_Pro_frame000044.jpg,WIN_20261006_23_47_12_Pro.mp4,88,2.936267,train,draft_unreviewed
images/train/WIN_20261006_23_47_12_Pro_frame000045.jpg,WIN_20261006_23_47_12_Pro.mp4,90,3.003,train,draft_unreviewed
images/train/WIN_20261006_23_47_12_Pro_frame000046.jpg,WIN_20261006_23_47_12_Pro.mp4,92,3.069733,train,draft_unreviewed
images/train/WIN_20261006_23_47_12_Pro_frame000047.jpg,WIN_20261006_23_47_12_Pro.mp4,94,3.136467,train,draft_unreviewed
images/train/WIN_20261006_23_47_12_Pro_frame000048.jpg,WIN_20261006_23_47_12_Pro.mp4,96,3.2032,train,draft_unreviewed
images/train/WIN_20261006_23_47_12_Pro_frame000049.jpg,WIN_20261006_23_47_12_Pro.mp4,98,3.269933,train,draft_unreviewed
images/train/WIN_20261006_23_47_12_Pro_frame000050.jpg,WIN_20261006_23_47_12_Pro.mp4,100,3.336667,train,draft_unreviewed
images/train/WIN_20261006_23_47_12_Pro_frame000051.jpg,WIN_20261006_23_47_12_Pro.mp4,102,3.4034,train,draft_unreviewed
images/train/WIN_20261006_23_47_12_Pro_frame000052.jpg,WIN_20261006_23_47_12_Pro.mp4,104,3.470133,train,draft_unreviewed
images/train/WIN_20261006_23_47_12_Pro_frame000053.jpg,WIN_20261006_23_47_12_Pro.mp4,106,3.536867,train,draft_unreviewed
images/train/WIN_20261006_23_47_12_Pro_frame000054.jpg,WIN_20261006_23_47_12_Pro.mp4,108,3.6036,train,draft_unreviewed
images/train/WIN_20261006_23_47_12_Pro_frame000055.jpg,WIN_20261006_23_47_12_Pro.mp4,110,3.670333,train,draft_unreviewed
images/train/WIN_20261006_23_47_12_Pro_frame000056.jpg,WIN_20261006_23_47_12_Pro.mp4,112,3.737067,train,draft_unreviewed
images/train/WIN_20261006_23_47_12_Pro_frame000057.jpg,WIN_20261006_23_47_12_Pro.mp4,114,3.8038,train,draft_unreviewed
images/train/WIN_20261006_23_47_12_Pro_frame000058.jpg,WIN_20261006_23_47_12_Pro.mp4,116,3.870533,train,draft_unreviewed
images/train/WIN_20261006_23_47_12_Pro_frame000059.jpg,WIN_20261006_23_47_12_Pro.mp4,118,3.937267,train,draft_unreviewed
images/train/WIN_20261006_23_47_12_Pro_frame000060.jpg,WIN_20261006_23_47_12_Pro.mp4,120,4.004,train,draft_unreviewed
images/train/WIN_20261006_23_47_12_Pro_frame000061.jpg,WIN_20261006_23_47_12_Pro.mp4,122,4.070733,train,draft_unreviewed
images/train/WIN_20261006_23_47_12_Pro_frame000062.jpg,WIN_20261006_23_47_12_Pro.mp4,124,4.137467,train,draft_unreviewed
images/train/WIN_20261006_23_47_12_Pro_frame000063.jpg,WIN_20261006_23_47_12_Pro.mp4,126,4.2042,train,draft_unreviewed
images/train/WIN_20261006_23_47_12_Pro_frame000064.jpg,WIN_20261006_23_47_12_Pro.mp4,128,4.270933,train,draft_unreviewed
images/train/WIN_20261006_23_47_12_Pro_frame000065.jpg,WIN_20261006_23_47_12_Pro.mp4,130,4.337667,train,draft_unreviewed
images/train/WIN_20261006_23_47_12_Pro_frame000066.jpg,WIN_20261006_23_47_12_Pro.mp4,132,4.4044,train,draft_unreviewed
images/train/WIN_20261006_23_47_12_Pro_frame000067.jpg,WIN_20261006_23_47_12_Pro.mp4,134,4.471133,train,draft_unreviewed
images/train/WIN_20261006_23_47_12_Pro_frame000068.jpg,WIN_20261006_23_47_12_Pro.mp4,136,4.537867,train,draft_unreviewed
images/train/WIN_20261006_23_47_12_Pro_frame000069.jpg,WIN_20261006_23_47_12_Pro.mp4,138,4.6046,train,draft_unreviewed
images/train/WIN_20261006_23_47_12_Pro_frame000070.jpg,WIN_20261006_23_47_12_Pro.mp4,140,4.671333,train,draft_unreviewed
images/train/WIN_20261006_23_47_12_Pro_frame000071.jpg,WIN_20261006_23_47_12_Pro.mp4,142,4.738067,train,draft_unreviewed
images/train/WIN_20261006_23_47_12_Pro_frame000072.jpg,WIN_20261006_23_47_12_Pro.mp4,144,4.8048,train,draft_unreviewed
images/train/WIN_20261006_23_47_12_Pro_frame000073.jpg,WIN_20261006_23_47_12_Pro.mp4,146,4.871533,train,draft_unreviewed
images/train/WIN_20261006_23_47_12_Pro_frame000074.jpg,WIN_20261006_23_47_12_Pro.mp4,148,4.938267,train,draft_unreviewed
images/train/WIN_20261006_23_47_12_Pro_frame000075.jpg,WIN_20261006_23_47_12_Pro.mp4,150,5.005,train,draft_unreviewed
images/train/WIN_20261006_23_47_12_Pro_frame000076.jpg,WIN_20261006_23_47_12_Pro.mp4,152,5.071733,train,draft_unreviewed
images/train/WIN_20261006_23_47_12_Pro_frame000077.jpg,WIN_20261006_23_47_12_Pro.mp4,154,5.138467,train,draft_unreviewed
images/train/WIN_20261006_23_47_12_Pro_frame000078.jpg,WIN_20261006_23_47_12_Pro.mp4,156,5.2052,train,draft_unreviewed
images/train/WIN_20261006_23_47_12_Pro_frame000079.jpg,WIN_20261006_23_47_12_Pro.mp4,158,5.271933,train,draft_unreviewed
images/train/WIN_20261006_23_47_12_Pro_frame000080.jpg,WIN_20261006_23_47_12_Pro.mp4,160,5.338667,train,draft_unreviewed
images/train/WIN_20261006_23_47_12_Pro_frame000081.jpg,WIN_20261006_23_47_12_Pro.mp4,162,5.4054,train,draft_unreviewed
images/train/WIN_20261006_23_47_12_Pro_frame000082.jpg,WIN_20261006_23_47_12_Pro.mp4,164,5.472133,train,draft_unreviewed
images/train/WIN_20261006_23_47_12_Pro_frame000083.jpg,WIN_20261006_23_47_12_Pro.mp4,166,5.538867,train,draft_unreviewed
images/train/WIN_20261006_23_47_12_Pro_frame000084.jpg,WIN_20261006_23_47_12_Pro.mp4,168,5.6056,train,draft_unreviewed
images/train/WIN_20261006_23_47_12_Pro_frame000085.jpg,WIN_20261006_23_47_12_Pro.mp4,170,5.672333,train,draft_unreviewed
images/train/WIN_20261006_23_47_12_Pro_frame000086.jpg,WIN_20261006_23_47_12_Pro.mp4,172,5.739067,train,draft_unreviewed
images/train/WIN_20261006_23_47_12_Pro_frame000087.jpg,WIN_20261006_23_47_12_Pro.mp4,174,5.8058,train,draft_unreviewed
images/train/WIN_20261006_23_47_12_Pro_frame000088.jpg,WIN_20261006_23_47_12_Pro.mp4,176,5.872533,train,draft_unreviewed
images/train/WIN_20261006_23_47_12_Pro_frame000089.jpg,WIN_20261006_23_47_12_Pro.mp4,178,5.939267,train,draft_unreviewed
images/train/WIN_20261006_23_47_12_Pro_frame000090.jpg,WIN_20261006_23_47_12_Pro.mp4,180,6.006,train,draft_unreviewed
images/train/WIN_20261006_23_47_12_Pro_frame000091.jpg,WIN_20261006_23_47_12_Pro.mp4,182,6.072733,train,draft_unreviewed
images/train/WIN_20261006_23_47_12_Pro_frame000092.jpg,WIN_20261006_23_47_12_Pro.mp4,184,6.139467,train,draft_unreviewed
images/train/WIN_20261006_23_47_12_Pro_frame000093.jpg,WIN_20261006_23_47_12_Pro.mp4,186,6.2062,train,draft_unreviewed
images/train/WIN_20261006_23_47_12_Pro_frame000094.jpg,WIN_20261006_23_47_12_Pro.mp4,188,6.272933,train,draft_unreviewed
images/train/WIN_20261006_23_47_12_Pro_frame000095.jpg,WIN_20261006_23_47_12_Pro.mp4,190,6.339667,train,draft_unreviewed
images/train/WIN_20261006_23_47_12_Pro_frame000096.jpg,WIN_20261006_23_47_12_Pro.mp4,192,6.4064,train,draft_unreviewed
images/train/WIN_20261006_23_47_12_Pro_frame000097.jpg,WIN_20261006_23_47_12_Pro.mp4,194,6.473133,train,draft_unreviewed
images/train/WIN_20261006_23_47_12_Pro_frame000098.jpg,WIN_20261006_23_47_12_Pro.mp4,196,6.539867,train,draft_unreviewed
images/train/WIN_20261006_23_47_12_Pro_frame000099.jpg,WIN_20261006_23_47_12_Pro.mp4,198,6.6066,train,draft_unreviewed
images/train/WIN_20261006_23_47_12_Pro_frame000100.jpg,WIN_20261006_23_47_12_Pro.mp4,200,6.673333,train,draft_unreviewed
images/train/WIN_20261006_23_47_12_Pro_frame000101.jpg,WIN_20261006_23_47_12_Pro.mp4,202,6.740067,train,draft_unreviewed
images/train/WIN_20261006_23_47_12_Pro_frame000102.jpg,WIN_20261006_23_47_12_Pro.mp4,204,6.8068,train,draft_unreviewed
images/train/WIN_20261006_23_47_12_Pro_frame000103.jpg,WIN_20261006_23_47_12_Pro.mp4,206,6.873533,train,draft_unreviewed
images/train/WIN_20261006_23_47_12_Pro_frame000104.jpg,WIN_20261006_23_47_12_Pro.mp4,208,6.940267,train,draft_unreviewed
images/train/WIN_20261006_23_47_12_Pro_frame000105.jpg,WIN_20261006_23_47_12_Pro.mp4,210,7.007,train,draft_unreviewed
images/train/WIN_20261006_23_47_12_Pro_frame000106.jpg,WIN_20261006_23_47_12_Pro.mp4,212,7.073733,train,draft_unreviewed
images/train/WIN_20261006_23_47_12_Pro_frame000107.jpg,WIN_20261006_23_47_12_Pro.mp4,214,7.140467,train,draft_unreviewed
images/train/WIN_20261006_23_47_12_Pro_frame000108.jpg,WIN_20261006_23_47_12_Pro.mp4,216,7.2072,train,draft_unreviewed
images/train/WIN_20261006_23_47_12_Pro_frame000109.jpg,WIN_20261006_23_47_12_Pro.mp4,218,7.273933,train,draft_unreviewed
images/train/WIN_20261006_23_47_12_Pro_frame000110.jpg,WIN_20261006_23_47_12_Pro.mp4,220,7.340667,train,draft_unreviewed
images/train/WIN_20261006_23_47_12_Pro_frame000111.jpg,WIN_20261006_23_47_12_Pro.mp4,222,7.4074,train,draft_unreviewed
images/train/WIN_20261006_23_47_12_Pro_frame000112.jpg,WIN_20261006_23_47_12_Pro.mp4,224,7.474133,train,draft_unreviewed
images/train/WIN_20261006_23_47_12_Pro_frame000113.jpg,WIN_20261006_23_47_12_Pro.mp4,226,7.540867,train,draft_unreviewed
images/train/WIN_20261006_23_47_12_Pro_frame000114.jpg,WIN_20261006_23_47_12_Pro.mp4,228,7.6076,train,draft_unreviewed
images/train/WIN_20261006_23_47_12_Pro_frame000115.jpg,WIN_20261006_23_47_12_Pro.mp4,230,7.674333,train,draft_unreviewed
images/train/WIN_20261006_23_47_12_Pro_frame000116.jpg,WIN_20261006_23_47_12_Pro.mp4,232,7.741067,train,draft_unreviewed
images/train/WIN_20261006_23_47_12_Pro_frame000117.jpg,WIN_20261006_23_47_12_Pro.mp4,234,7.8078,train,draft_unreviewed
images/train/WIN_20261006_23_47_12_Pro_frame000118.jpg,WIN_20261006_23_47_12_Pro.mp4,236,7.874533,train,draft_unreviewed
images/train/WIN_20261006_23_47_12_Pro_frame000119.jpg,WIN_20261006_23_47_12_Pro.mp4,238,7.941267,train,draft_unreviewed
images/train/WIN_20261006_23_47_12_Pro_frame000120.jpg,WIN_20261006_23_47_12_Pro.mp4,240,8.008,train,draft_unreviewed
images/train/WIN_20261006_23_47_12_Pro_frame000121.jpg,WIN_20261006_23_47_12_Pro.mp4,242,8.074733,train,draft_unreviewed
images/train/WIN_20261006_23_47_12_Pro_frame000122.jpg,WIN_20261006_23_47_12_Pro.mp4,244,8.141467,train,draft_unreviewed
images/train/WIN_20261006_23_47_12_Pro_frame000123.jpg,WIN_20261006_23_47_12_Pro.mp4,246,8.2082,train,draft_unreviewed
images/train/WIN_20261006_23_47_12_Pro_frame000124.jpg,WIN_20261006_23_47_12_Pro.mp4,248,8.274933,train,draft_unreviewed
images/train/WIN_20261006_23_47_12_Pro_frame000125.jpg,WIN_20261006_23_47_12_Pro.mp4,250,8.341667,train,draft_unreviewed
images/train/WIN_20261006_23_47_12_Pro_frame000126.jpg,WIN_20261006_23_47_12_Pro.mp4,252,8.4084,train,draft_unreviewed
images/train/WIN_20261006_23_47_12_Pro_frame000127.jpg,WIN_20261006_23_47_12_Pro.mp4,254,8.475133,train,draft_unreviewed
images/train/WIN_20261006_23_47_12_Pro_frame000128.jpg,WIN_20261006_23_47_12_Pro.mp4,256,8.541867,train,draft_unreviewed
images/train/WIN_20261006_23_47_12_Pro_frame000129.jpg,WIN_20261006_23_47_12_Pro.mp4,258,8.6086,train,draft_unreviewed
images/train/WIN_20261006_23_47_12_Pro_frame000130.jpg,WIN_20261006_23_47_12_Pro.mp4,260,8.675333,train,draft_unreviewed
images/train/WIN_20261006_23_47_12_Pro_frame000131.jpg,WIN_20261006_23_47_12_Pro.mp4,262,8.742067,train,draft_unreviewed
images/train/WIN_20261006_23_47_12_Pro_frame000132.jpg,WIN_20261006_23_47_12_Pro.mp4,264,8.8088,train,draft_unreviewed
images/train/WIN_20261006_23_47_12_Pro_frame000133.jpg,WIN_20261006_23_47_12_Pro.mp4,266,8.875533,train,draft_unreviewed
images/train/WIN_20261006_23_47_12_Pro_frame000134.jpg,WIN_20261006_23_47_12_Pro.mp4,268,8.942267,train,draft_unreviewed
images/train/WIN_20261006_23_47_12_Pro_frame000135.jpg,WIN_20261006_23_47_12_Pro.mp4,270,9.009,train,draft_unreviewed
images/train/WIN_20261006_23_47_12_Pro_frame000136.jpg,WIN_20261006_23_47_12_Pro.mp4,272,9.075733,train,draft_unreviewed
images/train/WIN_20261006_23_47_12_Pro_frame000137.jpg,WIN_20261006_23_47_12_Pro.mp4,274,9.142467,train,draft_unreviewed
images/train/WIN_20261006_23_47_12_Pro_frame000138.jpg,WIN_20261006_23_47_12_Pro.mp4,276,9.2092,train,draft_unreviewed
images/train/WIN_20261006_23_47_12_Pro_frame000139.jpg,WIN_20261006_23_47_12_Pro.mp4,278,9.275933,train,draft_unreviewed
images/train/WIN_20261006_23_47_12_Pro_frame000140.jpg,WIN_20261006_23_47_12_Pro.mp4,280,9.342667,train,draft_unreviewed
images/train/WIN_20261006_23_47_12_Pro_frame000141.jpg,WIN_20261006_23_47_12_Pro.mp4,282,9.4094,train,draft_unreviewed
images/train/WIN_20261006_23_47_12_Pro_frame000142.jpg,WIN_20261006_23_47_12_Pro.mp4,284,9.476133,train,draft_unreviewed
images/train/WIN_20261006_23_47_12_Pro_frame000143.jpg,WIN_20261006_23_47_12_Pro.mp4,286,9.542867,train,draft_unreviewed
images/train/WIN_20261006_23_47_12_Pro_frame000144.jpg,WIN_20261006_23_47_12_Pro.mp4,288,9.6096,train,draft_unreviewed
images/train/WIN_20261006_23_47_12_Pro_frame000145.jpg,WIN_20261006_23_47_12_Pro.mp4,290,9.676333,train,draft_unreviewed
images/train/WIN_20261006_23_47_12_Pro_frame000146.jpg,WIN_20261006_23_47_12_Pro.mp4,292,9.743067,train,draft_unreviewed
images/train/WIN_20261006_23_47_12_Pro_frame000147.jpg,WIN_20261006_23_47_12_Pro.mp4,294,9.8098,train,draft_unreviewed
images/train/WIN_20261006_23_47_12_Pro_frame000148.jpg,WIN_20261006_23_47_12_Pro.mp4,296,9.876533,train,draft_unreviewed
images/train/WIN_20261006_23_47_12_Pro_frame000149.jpg,WIN_20261006_23_47_12_Pro.mp4,298,9.943267,train,draft_unreviewed
images/train/WIN_20261006_23_47_12_Pro_frame000150.jpg,WIN_20261006_23_47_12_Pro.mp4,300,10.01,train,draft_unreviewed
images/train/WIN_20261006_23_47_12_Pro_frame000151.jpg,WIN_20261006_23_47_12_Pro.mp4,302,10.076733,train,draft_unreviewed
images/train/WIN_20261006_23_47_12_Pro_frame000152.jpg,WIN_20261006_23_47_12_Pro.mp4,304,10.143467,train,draft_unreviewed
images/train/WIN_20261006_23_47_12_Pro_frame000153.jpg,WIN_20261006_23_47_12_Pro.mp4,306,10.2102,train,draft_unreviewed
images/train/WIN_20261006_23_47_12_Pro_frame000154.jpg,WIN_20261006_23_47_12_Pro.mp4,308,10.276933,train,draft_unreviewed
images/train/WIN_20261006_23_47_12_Pro_frame000155.jpg,WIN_20261006_23_47_12_Pro.mp4,310,10.343667,train,draft_unreviewed
images/train/WIN_20261006_23_47_12_Pro_frame000156.jpg,WIN_20261006_23_47_12_Pro.mp4,312,10.4104,train,draft_unreviewed
images/train/WIN_20261006_23_47_12_Pro_frame000157.jpg,WIN_20261006_23_47_12_Pro.mp4,314,10.477133,train,draft_unreviewed
images/train/WIN_20261006_23_47_12_Pro_frame000158.jpg,WIN_20261006_23_47_12_Pro.mp4,316,10.543867,train,draft_unreviewed
images/train/WIN_20261006_23_47_12_Pro_frame000159.jpg,WIN_20261006_23_47_12_Pro.mp4,318,10.6106,train,draft_unreviewed
images/train/WIN_20261006_23_47_12_Pro_frame000160.jpg,WIN_20261006_23_47_12_Pro.mp4,320,10.677333,train,draft_unreviewed
images/train/WIN_20261006_23_47_12_Pro_frame000161.jpg,WIN_20261006_23_47_12_Pro.mp4,322,10.744067,train,draft_unreviewed
images/train/WIN_20261006_23_47_12_Pro_frame000162.jpg,WIN_20261006_23_47_12_Pro.mp4,324,10.8108,train,draft_unreviewed
images/train/WIN_20261006_23_47_12_Pro_frame000163.jpg,WIN_20261006_23_47_12_Pro.mp4,326,10.877533,train,draft_unreviewed
images/train/WIN_20261006_23_47_12_Pro_frame000164.jpg,WIN_20261006_23_47_12_Pro.mp4,328,10.944267,train,draft_unreviewed
images/train/WIN_20261006_23_47_12_Pro_frame000165.jpg,WIN_20261006_23_47_12_Pro.mp4,330,11.011,train,draft_unreviewed
images/train/WIN_20261006_23_47_12_Pro_frame000166.jpg,WIN_20261006_23_47_12_Pro.mp4,332,11.077733,train,draft_unreviewed
images/train/WIN_20261006_23_47_12_Pro_frame000167.jpg,WIN_20261006_23_47_12_Pro.mp4,334,11.144467,train,draft_unreviewed
images/train/WIN_20261006_23_47_12_Pro_frame000168.jpg,WIN_20261006_23_47_12_Pro.mp4,336,11.2112,train,draft_unreviewed
images/train/WIN_20261006_23_47_12_Pro_frame000169.jpg,WIN_20261006_23_47_12_Pro.mp4,338,11.277933,train,draft_unreviewed
images/train/WIN_20261006_23_47_12_Pro_frame000170.jpg,WIN_20261006_23_47_12_Pro.mp4,340,11.344667,train,draft_unreviewed
images/train/WIN_20261006_23_47_12_Pro_frame000171.jpg,WIN_20261006_23_47_12_Pro.mp4,342,11.4114,train,draft_unreviewed
images/train/WIN_20261006_23_47_12_Pro_frame000172.jpg,WIN_20261006_23_47_12_Pro.mp4,344,11.478133,train,draft_unreviewed
images/train/WIN_20261006_23_47_12_Pro_frame000173.jpg,WIN_20261006_23_47_12_Pro.mp4,346,11.544867,train,draft_unreviewed
images/train/WIN_20261006_23_47_12_Pro_frame000174.jpg,WIN_20261006_23_47_12_Pro.mp4,348,11.6116,train,draft_unreviewed
images/train/WIN_20261006_23_47_12_Pro_frame000175.jpg,WIN_20261006_23_47_12_Pro.mp4,350,11.678333,train,draft_unreviewed
images/train/WIN_20261006_23_47_12_Pro_frame000176.jpg,WIN_20261006_23_47_12_Pro.mp4,352,11.745067,train,draft_unreviewed
images/train/WIN_20261006_23_47_12_Pro_frame000177.jpg,WIN_20261006_23_47_12_Pro.mp4,354,11.8118,train,draft_unreviewed
images/train/WIN_20261006_23_47_12_Pro_frame000178.jpg,WIN_20261006_23_47_12_Pro.mp4,356,11.878533,train,draft_unreviewed
images/train/WIN_20261006_23_47_12_Pro_frame000179.jpg,WIN_20261006_23_47_12_Pro.mp4,358,11.945267,train,draft_unreviewed
images/train/WIN_20261006_23_47_12_Pro_frame000180.jpg,WIN_20261006_23_47_12_Pro.mp4,360,12.012,train,draft_unreviewed
images/train/WIN_20261006_23_47_12_Pro_frame000181.jpg,WIN_20261006_23_47_12_Pro.mp4,362,12.078733,train,draft_unreviewed
images/train/WIN_20261006_23_47_12_Pro_frame000182.jpg,WIN_20261006_23_47_12_Pro.mp4,364,12.145467,train,draft_unreviewed
images/train/WIN_20261006_23_47_12_Pro_frame000183.jpg,WIN_20261006_23_47_12_Pro.mp4,366,12.2122,train,draft_unreviewed
images/train/WIN_20261006_23_47_12_Pro_frame000184.jpg,WIN_20261006_23_47_12_Pro.mp4,368,12.278933,train,draft_unreviewed
images/train/WIN_20261006_23_47_12_Pro_frame000185.jpg,WIN_20261006_23_47_12_Pro.mp4,370,12.345667,train,draft_unreviewed
images/train/WIN_20261006_23_47_12_Pro_frame000186.jpg,WIN_20261006_23_47_12_Pro.mp4,372,12.4124,train,draft_unreviewed
images/train/WIN_20261006_23_47_12_Pro_frame000187.jpg,WIN_20261006_23_47_12_Pro.mp4,374,12.479133,train,draft_unreviewed
images/train/WIN_20261006_23_47_12_Pro_frame000188.jpg,WIN_20261006_23_47_12_Pro.mp4,376,12.545867,train,draft_unreviewed
images/train/WIN_20261006_23_47_12_Pro_frame000189.jpg,WIN_20261006_23_47_12_Pro.mp4,378,12.6126,train,draft_unreviewed
images/train/WIN_20261006_23_47_12_Pro_frame000190.jpg,WIN_20261006_23_47_12_Pro.mp4,380,12.679333,train,draft_unreviewed
images/train/WIN_20261006_23_47_12_Pro_frame000191.jpg,WIN_20261006_23_47_12_Pro.mp4,382,12.746067,train,draft_unreviewed
images/train/WIN_20261006_23_47_12_Pro_frame000192.jpg,WIN_20261006_23_47_12_Pro.mp4,384,12.8128,train,draft_unreviewed
images/train/WIN_20261006_23_47_12_Pro_frame000193.jpg,WIN_20261006_23_47_12_Pro.mp4,386,12.879533,train,draft_unreviewed
images/train/WIN_20261006_23_47_12_Pro_frame000194.jpg,WIN_20261006_23_47_12_Pro.mp4,388,12.946267,train,draft_unreviewed
images/train/WIN_20261006_23_47_12_Pro_frame000195.jpg,WIN_20261006_23_47_12_Pro.mp4,390,13.013,train,draft_unreviewed
images/train/WIN_20261006_23_47_12_Pro_frame000196.jpg,WIN_20261006_23_47_12_Pro.mp4,392,13.079733,train,draft_unreviewed
images/train/WIN_20261006_23_47_12_Pro_frame000197.jpg,WIN_20261006_23_47_12_Pro.mp4,394,13.146467,train,draft_unreviewed
images/train/WIN_20261006_23_47_12_Pro_frame000198.jpg,WIN_20261006_23_47_12_Pro.mp4,396,13.2132,train,draft_unreviewed
images/train/WIN_20261006_23_47_12_Pro_frame000199.jpg,WIN_20261006_23_47_12_Pro.mp4,398,13.279933,train,draft_unreviewed
images/train/WIN_20261006_23_47_12_Pro_frame000200.jpg,WIN_20261006_23_47_12_Pro.mp4,400,13.346667,train,draft_unreviewed
images/train/WIN_20261006_23_47_12_Pro_frame000201.jpg,WIN_20261006_23_47_12_Pro.mp4,402,13.4134,train,draft_unreviewed
images/train/WIN_20261006_23_47_12_Pro_frame000202.jpg,WIN_20261006_23_47_12_Pro.mp4,404,13.480133,train,draft_unreviewed
images/train/WIN_20261006_23_47_12_Pro_frame000203.jpg,WIN_20261006_23_47_12_Pro.mp4,406,13.546867,train,draft_unreviewed
images/train/WIN_20261006_23_47_12_Pro_frame000204.jpg,WIN_20261006_23_47_12_Pro.mp4,408,13.6136,train,draft_unreviewed
images/train/WIN_20261006_23_47_12_Pro_frame000205.jpg,WIN_20261006_23_47_12_Pro.mp4,410,13.680333,train,draft_unreviewed
images/train/WIN_20261006_23_47_12_Pro_frame000206.jpg,WIN_20261006_23_47_12_Pro.mp4,412,13.747067,train,draft_unreviewed
images/train/WIN_20261006_23_47_12_Pro_frame000207.jpg,WIN_20261006_23_47_12_Pro.mp4,414,13.8138,train,draft_unreviewed
images/train/WIN_20261006_23_47_12_Pro_frame000208.jpg,WIN_20261006_23_47_12_Pro.mp4,416,13.880533,train,draft_unreviewed
images/train/WIN_20261006_23_47_12_Pro_frame000209.jpg,WIN_20261006_23_47_12_Pro.mp4,418,13.947267,train,draft_unreviewed
images/train/WIN_20261006_23_47_12_Pro_frame000210.jpg,WIN_20261006_23_47_12_Pro.mp4,420,14.014,train,draft_unreviewed
images/train/WIN_20261006_23_47_12_Pro_frame000211.jpg,WIN_20261006_23_47_12_Pro.mp4,422,14.080733,train,draft_unreviewed
images/train/WIN_20261006_23_47_12_Pro_frame000212.jpg,WIN_20261006_23_47_12_Pro.mp4,424,14.147467,train,draft_unreviewed
images/train/WIN_20261006_23_47_12_Pro_frame000213.jpg,WIN_20261006_23_47_12_Pro.mp4,426,14.2142,train,draft_unreviewed
images/train/WIN_20261006_23_47_12_Pro_frame000214.jpg,WIN_20261006_23_47_12_Pro.mp4,428,14.280933,train,draft_unreviewed
images/train/WIN_20261006_23_47_12_Pro_frame000215.jpg,WIN_20261006_23_47_12_Pro.mp4,430,14.347667,train,draft_unreviewed
images/train/WIN_20261006_23_47_12_Pro_frame000216.jpg,WIN_20261006_23_47_12_Pro.mp4,432,14.4144,train,draft_unreviewed
images/train/WIN_20261006_23_47_12_Pro_frame000217.jpg,WIN_20261006_23_47_12_Pro.mp4,434,14.481133,train,draft_unreviewed
images/train/WIN_20261006_23_47_12_Pro_frame000218.jpg,WIN_20261006_23_47_12_Pro.mp4,436,14.547867,train,draft_unreviewed
images/train/WIN_20261006_23_47_12_Pro_frame000219.jpg,WIN_20261006_23_47_12_Pro.mp4,438,14.6146,train,draft_unreviewed
images/train/WIN_20261006_23_47_12_Pro_frame000220.jpg,WIN_20261006_23_47_12_Pro.mp4,440,14.681333,train,draft_unreviewed
images/train/WIN_20261006_23_47_12_Pro_frame000221.jpg,WIN_20261006_23_47_12_Pro.mp4,442,14.748067,train,draft_unreviewed
images/train/WIN_20261006_23_47_12_Pro_frame000222.jpg,WIN_20261006_23_47_12_Pro.mp4,444,14.8148,train,draft_unreviewed
images/train/WIN_20261006_23_47_12_Pro_frame000223.jpg,WIN_20261006_23_47_12_Pro.mp4,446,14.881533,train,draft_unreviewed
images/train/WIN_20261006_23_47_12_Pro_frame000224.jpg,WIN_20261006_23_47_12_Pro.mp4,448,14.948267,train,draft_unreviewed
images/train/WIN_20261006_23_47_12_Pro_frame000225.jpg,WIN_20261006_23_47_12_Pro.mp4,450,15.015,train,draft_unreviewed
images/train/WIN_20261006_23_47_12_Pro_frame000226.jpg,WIN_20261006_23_47_12_Pro.mp4,452,15.081733,train,draft_unreviewed
images/train/WIN_20261006_23_47_12_Pro_frame000227.jpg,WIN_20261006_23_47_12_Pro.mp4,454,15.148467,train,draft_unreviewed
images/train/WIN_20261006_23_47_12_Pro_frame000228.jpg,WIN_20261006_23_47_12_Pro.mp4,456,15.2152,train,draft_unreviewed
images/train/WIN_20261006_23_47_12_Pro_frame000229.jpg,WIN_20261006_23_47_12_Pro.mp4,458,15.281933,train,draft_unreviewed
images/train/WIN_20261006_23_47_12_Pro_frame000230.jpg,WIN_20261006_23_47_12_Pro.mp4,460,15.348667,train,draft_unreviewed
images/train/WIN_20261006_23_47_12_Pro_frame000231.jpg,WIN_20261006_23_47_12_Pro.mp4,462,15.4154,train,draft_unreviewed
images/train/WIN_20261006_23_47_12_Pro_frame000232.jpg,WIN_20261006_23_47_12_Pro.mp4,464,15.482133,train,draft_unreviewed
images/train/WIN_20261006_23_47_12_Pro_frame000233.jpg,WIN_20261006_23_47_12_Pro.mp4,466,15.548867,train,draft_unreviewed
images/train/WIN_20261006_23_47_12_Pro_frame000234.jpg,WIN_20261006_23_47_12_Pro.mp4,468,15.6156,train,draft_unreviewed
images/train/WIN_20261006_23_47_12_Pro_frame000235.jpg,WIN_20261006_23_47_12_Pro.mp4,470,15.682333,train,draft_unreviewed
images/train/WIN_20261006_23_47_12_Pro_frame000236.jpg,WIN_20261006_23_47_12_Pro.mp4,472,15.749067,train,draft_unreviewed
images/train/WIN_20261006_23_47_12_Pro_frame000237.jpg,WIN_20261006_23_47_12_Pro.mp4,474,15.8158,train,draft_unreviewed
images/train/WIN_20261006_23_47_12_Pro_frame000238.jpg,WIN_20261006_23_47_12_Pro.mp4,476,15.882533,train,draft_unreviewed
images/train/WIN_20261006_23_47_12_Pro_frame000239.jpg,WIN_20261006_23_47_12_Pro.mp4,478,15.949267,train,draft_unreviewed
images/train/WIN_20261006_23_47_12_Pro_frame000240.jpg,WIN_20261006_23_47_12_Pro.mp4,480,16.016,train,draft_unreviewed
images/train/WIN_20261006_23_47_12_Pro_frame000241.jpg,WIN_20261006_23_47_12_Pro.mp4,482,16.082733,train,draft_unreviewed
images/train/WIN_20261006_23_47_12_Pro_frame000242.jpg,WIN_20261006_23_47_12_Pro.mp4,484,16.149467,train,draft_unreviewed
images/train/WIN_20261006_23_47_12_Pro_frame000243.jpg,WIN_20261006_23_47_12_Pro.mp4,486,16.2162,train,draft_unreviewed
images/train/WIN_20261006_23_47_12_Pro_frame000244.jpg,WIN_20261006_23_47_12_Pro.mp4,488,16.282933,train,draft_unreviewed
images/train/WIN_20261006_23_47_12_Pro_frame000245.jpg,WIN_20261006_23_47_12_Pro.mp4,490,16.349667,train,draft_unreviewed
images/train/WIN_20261006_23_47_12_Pro_frame000246.jpg,WIN_20261006_23_47_12_Pro.mp4,492,16.4164,train,draft_unreviewed
images/train/WIN_20261006_23_47_12_Pro_frame000247.jpg,WIN_20261006_23_47_12_Pro.mp4,494,16.483133,train,draft_unreviewed
images/train/WIN_20261006_23_47_12_Pro_frame000248.jpg,WIN_20261006_23_47_12_Pro.mp4,496,16.549867,train,draft_unreviewed
images/train/WIN_20261006_23_47_12_Pro_frame000249.jpg,WIN_20261006_23_47_12_Pro.mp4,498,16.6166,train,draft_unreviewed
images/train/WIN_20261006_23_47_12_Pro_frame000250.jpg,WIN_20261006_23_47_12_Pro.mp4,500,16.683333,train,draft_unreviewed
images/train/WIN_20261006_23_47_12_Pro_frame000251.jpg,WIN_20261006_23_47_12_Pro.mp4,502,16.750067,train,draft_unreviewed
images/train/WIN_20261006_23_47_12_Pro_frame000252.jpg,WIN_20261006_23_47_12_Pro.mp4,504,16.8168,train,draft_unreviewed
images/train/WIN_20261006_23_47_12_Pro_frame000253.jpg,WIN_20261006_23_47_12_Pro.mp4,506,16.883533,train,draft_unreviewed
images/train/WIN_20261006_23_47_12_Pro_frame000254.jpg,WIN_20261006_23_47_12_Pro.mp4,508,16.950267,train,draft_unreviewed
images/train/WIN_20261006_23_47_12_Pro_frame000255.jpg,WIN_20261006_23_47_12_Pro.mp4,510,17.017,train,draft_unreviewed
images/train/WIN_20261006_23_47_12_Pro_frame000256.jpg,WIN_20261006_23_47_12_Pro.mp4,512,17.083733,train,draft_unreviewed
images/train/WIN_20261006_23_47_12_Pro_frame000257.jpg,WIN_20261006_23_47_12_Pro.mp4,514,17.150467,train,draft_unreviewed
images/train/WIN_20261006_23_47_12_Pro_frame000258.jpg,WIN_20261006_23_47_12_Pro.mp4,516,17.2172,train,draft_unreviewed
images/train/WIN_20261006_23_47_12_Pro_frame000259.jpg,WIN_20261006_23_47_12_Pro.mp4,518,17.283933,train,draft_unreviewed
images/train/WIN_20261006_23_47_12_Pro_frame000260.jpg,WIN_20261006_23_47_12_Pro.mp4,520,17.350667,train,draft_unreviewed
images/train/WIN_20261006_23_47_12_Pro_frame000261.jpg,WIN_20261006_23_47_12_Pro.mp4,522,17.4174,train,draft_unreviewed
images/train/WIN_20261006_23_47_12_Pro_frame000262.jpg,WIN_20261006_23_47_12_Pro.mp4,524,17.484133,train,draft_unreviewed
images/train/WIN_20261006_23_47_12_Pro_frame000263.jpg,WIN_20261006_23_47_12_Pro.mp4,526,17.550867,train,draft_unreviewed
images/train/WIN_20261006_23_47_12_Pro_frame000264.jpg,WIN_20261006_23_47_12_Pro.mp4,528,17.6176,train,draft_unreviewed
images/train/WIN_20261006_23_47_12_Pro_frame000265.jpg,WIN_20261006_23_47_12_Pro.mp4,530,17.684333,train,draft_unreviewed
images/train/WIN_20261006_23_47_12_Pro_frame000266.jpg,WIN_20261006_23_47_12_Pro.mp4,532,17.751067,train,draft_unreviewed
images/train/WIN_20261006_23_47_12_Pro_frame000267.jpg,WIN_20261006_23_47_12_Pro.mp4,534,17.8178,train,draft_unreviewed
images/train/WIN_20261006_23_47_12_Pro_frame000268.jpg,WIN_20261006_23_47_12_Pro.mp4,536,17.884533,train,draft_unreviewed
images/train/WIN_20261006_23_47_12_Pro_frame000269.jpg,WIN_20261006_23_47_12_Pro.mp4,538,17.951267,train,draft_unreviewed
images/train/WIN_20261006_23_47_12_Pro_frame000270.jpg,WIN_20261006_23_47_12_Pro.mp4,540,18.018,train,draft_unreviewed
images/train/WIN_20261006_23_47_12_Pro_frame000271.jpg,WIN_20261006_23_47_12_Pro.mp4,542,18.084733,train,draft_unreviewed
images/train/WIN_20261006_23_47_12_Pro_frame000272.jpg,WIN_20261006_23_47_12_Pro.mp4,544,18.151467,train,draft_unreviewed
images/train/WIN_20261006_23_47_12_Pro_frame000273.jpg,WIN_20261006_23_47_12_Pro.mp4,546,18.2182,train,draft_unreviewed
images/train/WIN_20261006_23_47_12_Pro_frame000274.jpg,WIN_20261006_23_47_12_Pro.mp4,548,18.284933,train,draft_unreviewed
images/train/WIN_20261006_23_47_12_Pro_frame000275.jpg,WIN_20261006_23_47_12_Pro.mp4,550,18.351667,train,draft_unreviewed
images/train/WIN_20261006_23_47_12_Pro_frame000276.jpg,WIN_20261006_23_47_12_Pro.mp4,552,18.4184,train,draft_unreviewed
images/train/WIN_20261006_23_47_12_Pro_frame000277.jpg,WIN_20261006_23_47_12_Pro.mp4,554,18.485133,train,draft_unreviewed
images/train/WIN_20261006_23_47_12_Pro_frame000278.jpg,WIN_20261006_23_47_12_Pro.mp4,556,18.551867,train,draft_unreviewed
images/train/WIN_20261006_23_47_12_Pro_frame000279.jpg,WIN_20261006_23_47_12_Pro.mp4,558,18.6186,train,draft_unreviewed
images/train/WIN_20261006_23_47_12_Pro_frame000280.jpg,WIN_20261006_23_47_12_Pro.mp4,560,18.685333,train,draft_unreviewed
images/train/WIN_20261006_23_47_12_Pro_frame000281.jpg,WIN_20261006_23_47_12_Pro.mp4,562,18.752067,train,draft_unreviewed
images/train/WIN_20261006_23_47_12_Pro_frame000282.jpg,WIN_20261006_23_47_12_Pro.mp4,564,18.8188,train,draft_unreviewed
images/train/WIN_20261006_23_47_12_Pro_frame000283.jpg,WIN_20261006_23_47_12_Pro.mp4,566,18.885533,train,draft_unreviewed
images/train/WIN_20261006_23_47_12_Pro_frame000284.jpg,WIN_20261006_23_47_12_Pro.mp4,568,18.952267,train,draft_unreviewed
images/train/WIN_20261006_23_47_12_Pro_frame000285.jpg,WIN_20261006_23_47_12_Pro.mp4,570,19.019,train,draft_unreviewed
images/train/WIN_20261006_23_47_12_Pro_frame000286.jpg,WIN_20261006_23_47_12_Pro.mp4,572,19.085733,train,draft_unreviewed
images/train/WIN_20261006_23_47_12_Pro_frame000287.jpg,WIN_20261006_23_47_12_Pro.mp4,574,19.152467,train,draft_unreviewed
images/train/WIN_20261006_23_47_12_Pro_frame000288.jpg,WIN_20261006_23_47_12_Pro.mp4,576,19.2192,train,draft_unreviewed
images/train/WIN_20261006_23_47_12_Pro_frame000289.jpg,WIN_20261006_23_47_12_Pro.mp4,578,19.285933,train,draft_unreviewed
images/train/WIN_20261006_23_47_12_Pro_frame000290.jpg,WIN_20261006_23_47_12_Pro.mp4,580,19.352667,train,draft_unreviewed
images/train/WIN_20261006_23_47_12_Pro_frame000291.jpg,WIN_20261006_23_47_12_Pro.mp4,582,19.4194,train,draft_unreviewed
images/train/WIN_20261006_23_47_12_Pro_frame000292.jpg,WIN_20261006_23_47_12_Pro.mp4,584,19.486133,train,draft_unreviewed
images/train/WIN_20261006_23_47_12_Pro_frame000293.jpg,WIN_20261006_23_47_12_Pro.mp4,586,19.552867,train,draft_unreviewed
images/train/WIN_20261006_23_47_12_Pro_frame000294.jpg,WIN_20261006_23_47_12_Pro.mp4,588,19.6196,train,draft_unreviewed
images/train/WIN_20261006_23_47_12_Pro_frame000295.jpg,WIN_20261006_23_47_12_Pro.mp4,590,19.686333,train,draft_unreviewed
images/train/WIN_20261006_23_47_12_Pro_frame000296.jpg,WIN_20261006_23_47_12_Pro.mp4,592,19.753067,train,draft_unreviewed
images/train/WIN_20261006_23_47_12_Pro_frame000297.jpg,WIN_20261006_23_47_12_Pro.mp4,594,19.8198,train,draft_unreviewed
images/train/WIN_20261006_23_47_12_Pro_frame000298.jpg,WIN_20261006_23_47_12_Pro.mp4,596,19.886533,train,draft_unreviewed
images/train/WIN_20261006_23_47_12_Pro_frame000299.jpg,WIN_20261006_23_47_12_Pro.mp4,598,19.953267,train,draft_unreviewed
images/train/WIN_20261006_23_47_12_Pro_frame000300.jpg,WIN_20261006_23_47_12_Pro.mp4,600,20.02,train,draft_unreviewed
images/train/WIN_20261006_23_47_12_Pro_frame000301.jpg,WIN_20261006_23_47_12_Pro.mp4,602,20.086733,train,draft_unreviewed
images/train/WIN_20261006_23_47_12_Pro_frame000302.jpg,WIN_20261006_23_47_12_Pro.mp4,604,20.153467,train,draft_unreviewed
images/train/WIN_20261006_23_47_12_Pro_frame000303.jpg,WIN_20261006_23_47_12_Pro.mp4,606,20.2202,train,draft_unreviewed
images/train/WIN_20261006_23_47_12_Pro_frame000304.jpg,WIN_20261006_23_47_12_Pro.mp4,608,20.286933,train,draft_unreviewed
images/train/WIN_20261006_23_47_12_Pro_frame000305.jpg,WIN_20261006_23_47_12_Pro.mp4,610,20.353667,train,draft_unreviewed
images/train/WIN_20261006_23_47_12_Pro_frame000306.jpg,WIN_20261006_23_47_12_Pro.mp4,612,20.4204,train,draft_unreviewed
images/train/WIN_20261006_23_47_12_Pro_frame000307.jpg,WIN_20261006_23_47_12_Pro.mp4,614,20.487133,train,draft_unreviewed
images/train/WIN_20261006_23_47_12_Pro_frame000308.jpg,WIN_20261006_23_47_12_Pro.mp4,616,20.553867,train,draft_unreviewed
images/train/WIN_20261006_23_47_12_Pro_frame000309.jpg,WIN_20261006_23_47_12_Pro.mp4,618,20.6206,train,draft_unreviewed
images/train/WIN_20261006_23_47_12_Pro_frame000310.jpg,WIN_20261006_23_47_12_Pro.mp4,620,20.687333,train,draft_unreviewed
images/train/WIN_20261006_23_47_12_Pro_frame000311.jpg,WIN_20261006_23_47_12_Pro.mp4,622,20.754067,train,draft_unreviewed
images/train/WIN_20261006_23_47_12_Pro_frame000312.jpg,WIN_20261006_23_47_12_Pro.mp4,624,20.8208,train,draft_unreviewed
images/train/WIN_20261006_23_47_12_Pro_frame000313.jpg,WIN_20261006_23_47_12_Pro.mp4,626,20.887533,train,draft_unreviewed
images/train/WIN_20261006_23_47_12_Pro_frame000314.jpg,WIN_20261006_23_47_12_Pro.mp4,628,20.954267,train,draft_unreviewed
images/train/WIN_20261006_23_47_12_Pro_frame000315.jpg,WIN_20261006_23_47_12_Pro.mp4,630,21.021,train,draft_unreviewed
images/train/WIN_20261006_23_47_12_Pro_frame000316.jpg,WIN_20261006_23_47_12_Pro.mp4,632,21.087733,train,draft_unreviewed
images/train/WIN_20261006_23_47_12_Pro_frame000317.jpg,WIN_20261006_23_47_12_Pro.mp4,634,21.154467,train,draft_unreviewed
images/train/WIN_20261006_23_47_12_Pro_frame000318.jpg,WIN_20261006_23_47_12_Pro.mp4,636,21.2212,train,draft_unreviewed
images/train/WIN_20261006_23_47_12_Pro_frame000319.jpg,WIN_20261006_23_47_12_Pro.mp4,638,21.287933,train,draft_unreviewed
images/train/WIN_20261006_23_47_12_Pro_frame000320.jpg,WIN_20261006_23_47_12_Pro.mp4,640,21.354667,train,draft_unreviewed
images/train/WIN_20261006_23_47_12_Pro_frame000321.jpg,WIN_20261006_23_47_12_Pro.mp4,642,21.4214,train,draft_unreviewed
images/train/WIN_20261006_23_47_12_Pro_frame000322.jpg,WIN_20261006_23_47_12_Pro.mp4,644,21.488133,train,draft_unreviewed
images/train/WIN_20261006_23_47_12_Pro_frame000323.jpg,WIN_20261006_23_47_12_Pro.mp4,646,21.554867,train,draft_unreviewed
images/train/WIN_20261006_23_47_12_Pro_frame000324.jpg,WIN_20261006_23_47_12_Pro.mp4,648,21.6216,train,draft_unreviewed
images/train/WIN_20261006_23_47_12_Pro_frame000325.jpg,WIN_20261006_23_47_12_Pro.mp4,650,21.688333,train,draft_unreviewed
images/train/WIN_20261006_23_47_12_Pro_frame000326.jpg,WIN_20261006_23_47_12_Pro.mp4,652,21.755067,train,draft_unreviewed
images/train/WIN_20261006_23_47_12_Pro_frame000327.jpg,WIN_20261006_23_47_12_Pro.mp4,654,21.8218,train,draft_unreviewed
images/train/WIN_20261006_23_47_12_Pro_frame000328.jpg,WIN_20261006_23_47_12_Pro.mp4,656,21.888533,train,draft_unreviewed
images/train/WIN_20261006_23_47_12_Pro_frame000329.jpg,WIN_20261006_23_47_12_Pro.mp4,658,21.955267,train,draft_unreviewed
images/train/WIN_20261006_23_47_12_Pro_frame000330.jpg,WIN_20261006_23_47_12_Pro.mp4,660,22.022,train,draft_unreviewed
images/train/WIN_20261006_23_47_12_Pro_frame000331.jpg,WIN_20261006_23_47_12_Pro.mp4,662,22.088733,train,draft_unreviewed
images/train/WIN_20261006_23_47_12_Pro_frame000332.jpg,WIN_20261006_23_47_12_Pro.mp4,664,22.155467,train,draft_unreviewed
images/train/WIN_20261006_23_47_12_Pro_frame000333.jpg,WIN_20261006_23_47_12_Pro.mp4,666,22.2222,train,draft_unreviewed
images/train/WIN_20261006_23_47_12_Pro_frame000334.jpg,WIN_20261006_23_47_12_Pro.mp4,668,22.288933,train,draft_unreviewed
images/train/WIN_20261006_23_48_36_Pro_frame000000.jpg,WIN_20261006_23_48_36_Pro.mp4,0,0.0,train,draft_unreviewed
images/train/WIN_20261006_23_48_36_Pro_frame000001.jpg,WIN_20261006_23_48_36_Pro.mp4,2,0.066733,train,draft_unreviewed
images/train/WIN_20261006_23_48_36_Pro_frame000002.jpg,WIN_20261006_23_48_36_Pro.mp4,4,0.133467,train,draft_unreviewed
images/train/WIN_20261006_23_48_36_Pro_frame000003.jpg,WIN_20261006_23_48_36_Pro.mp4,6,0.2002,train,draft_unreviewed
images/train/WIN_20261006_23_48_36_Pro_frame000004.jpg,WIN_20261006_23_48_36_Pro.mp4,8,0.266933,train,draft_unreviewed
images/train/WIN_20261006_23_48_36_Pro_frame000005.jpg,WIN_20261006_23_48_36_Pro.mp4,10,0.333667,train,draft_unreviewed
images/train/WIN_20261006_23_48_36_Pro_frame000006.jpg,WIN_20261006_23_48_36_Pro.mp4,12,0.4004,train,draft_unreviewed
images/train/WIN_20261006_23_48_36_Pro_frame000007.jpg,WIN_20261006_23_48_36_Pro.mp4,14,0.467133,train,draft_unreviewed
images/train/WIN_20261006_23_48_36_Pro_frame000008.jpg,WIN_20261006_23_48_36_Pro.mp4,16,0.533867,train,draft_unreviewed
images/train/WIN_20261006_23_48_36_Pro_frame000009.jpg,WIN_20261006_23_48_36_Pro.mp4,18,0.6006,train,draft_unreviewed
images/train/WIN_20261006_23_48_36_Pro_frame000010.jpg,WIN_20261006_23_48_36_Pro.mp4,20,0.667333,train,draft_unreviewed
images/train/WIN_20261006_23_48_36_Pro_frame000011.jpg,WIN_20261006_23_48_36_Pro.mp4,22,0.734067,train,draft_unreviewed
images/train/WIN_20261006_23_48_36_Pro_frame000012.jpg,WIN_20261006_23_48_36_Pro.mp4,24,0.8008,train,draft_unreviewed
images/train/WIN_20261006_23_48_36_Pro_frame000013.jpg,WIN_20261006_23_48_36_Pro.mp4,26,0.867533,train,draft_unreviewed
images/train/WIN_20261006_23_48_36_Pro_frame000014.jpg,WIN_20261006_23_48_36_Pro.mp4,28,0.934267,train,draft_unreviewed
images/train/WIN_20261006_23_48_36_Pro_frame000015.jpg,WIN_20261006_23_48_36_Pro.mp4,30,1.001,train,draft_unreviewed
images/train/WIN_20261006_23_48_36_Pro_frame000016.jpg,WIN_20261006_23_48_36_Pro.mp4,32,1.067733,train,draft_unreviewed
images/train/WIN_20261006_23_48_36_Pro_frame000017.jpg,WIN_20261006_23_48_36_Pro.mp4,34,1.134467,train,draft_unreviewed
images/train/WIN_20261006_23_48_36_Pro_frame000018.jpg,WIN_20261006_23_48_36_Pro.mp4,36,1.2012,train,draft_unreviewed
images/train/WIN_20261006_23_48_36_Pro_frame000019.jpg,WIN_20261006_23_48_36_Pro.mp4,38,1.267933,train,draft_unreviewed
images/train/WIN_20261006_23_48_36_Pro_frame000020.jpg,WIN_20261006_23_48_36_Pro.mp4,40,1.334667,train,draft_unreviewed
images/train/WIN_20261006_23_48_36_Pro_frame000021.jpg,WIN_20261006_23_48_36_Pro.mp4,42,1.4014,train,draft_unreviewed
images/train/WIN_20261006_23_48_36_Pro_frame000022.jpg,WIN_20261006_23_48_36_Pro.mp4,44,1.468133,train,draft_unreviewed
images/train/WIN_20261006_23_48_36_Pro_frame000023.jpg,WIN_20261006_23_48_36_Pro.mp4,46,1.534867,train,draft_unreviewed
images/train/WIN_20261006_23_48_36_Pro_frame000024.jpg,WIN_20261006_23_48_36_Pro.mp4,48,1.6016,train,draft_unreviewed
images/train/WIN_20261006_23_48_36_Pro_frame000025.jpg,WIN_20261006_23_48_36_Pro.mp4,50,1.668333,train,draft_unreviewed
images/train/WIN_20261006_23_48_36_Pro_frame000026.jpg,WIN_20261006_23_48_36_Pro.mp4,52,1.735067,train,draft_unreviewed
images/train/WIN_20261006_23_48_36_Pro_frame000027.jpg,WIN_20261006_23_48_36_Pro.mp4,54,1.8018,train,draft_unreviewed
images/train/WIN_20261006_23_48_36_Pro_frame000028.jpg,WIN_20261006_23_48_36_Pro.mp4,56,1.868533,train,draft_unreviewed
images/train/WIN_20261006_23_48_36_Pro_frame000029.jpg,WIN_20261006_23_48_36_Pro.mp4,58,1.935267,train,draft_unreviewed
images/train/WIN_20261006_23_48_36_Pro_frame000030.jpg,WIN_20261006_23_48_36_Pro.mp4,60,2.002,train,draft_unreviewed
images/train/WIN_20261006_23_48_36_Pro_frame000031.jpg,WIN_20261006_23_48_36_Pro.mp4,62,2.068733,train,draft_unreviewed
images/train/WIN_20261006_23_48_36_Pro_frame000032.jpg,WIN_20261006_23_48_36_Pro.mp4,64,2.135467,train,draft_unreviewed
images/train/WIN_20261006_23_48_36_Pro_frame000033.jpg,WIN_20261006_23_48_36_Pro.mp4,66,2.2022,train,draft_unreviewed
images/train/WIN_20261006_23_48_36_Pro_frame000034.jpg,WIN_20261006_23_48_36_Pro.mp4,68,2.268933,train,draft_unreviewed
images/train/WIN_20261006_23_48_36_Pro_frame000035.jpg,WIN_20261006_23_48_36_Pro.mp4,70,2.335667,train,draft_unreviewed
images/train/WIN_20261006_23_48_36_Pro_frame000036.jpg,WIN_20261006_23_48_36_Pro.mp4,72,2.4024,train,draft_unreviewed
images/train/WIN_20261006_23_48_36_Pro_frame000037.jpg,WIN_20261006_23_48_36_Pro.mp4,74,2.469133,train,draft_unreviewed
images/train/WIN_20261006_23_48_36_Pro_frame000038.jpg,WIN_20261006_23_48_36_Pro.mp4,76,2.535867,train,draft_unreviewed
images/train/WIN_20261006_23_48_36_Pro_frame000039.jpg,WIN_20261006_23_48_36_Pro.mp4,78,2.6026,train,draft_unreviewed
images/train/WIN_20261006_23_48_36_Pro_frame000040.jpg,WIN_20261006_23_48_36_Pro.mp4,80,2.669333,train,draft_unreviewed
images/train/WIN_20261006_23_48_36_Pro_frame000041.jpg,WIN_20261006_23_48_36_Pro.mp4,82,2.736067,train,draft_unreviewed
images/train/WIN_20261006_23_48_36_Pro_frame000042.jpg,WIN_20261006_23_48_36_Pro.mp4,84,2.8028,train,draft_unreviewed
images/train/WIN_20261006_23_48_36_Pro_frame000043.jpg,WIN_20261006_23_48_36_Pro.mp4,86,2.869533,train,draft_unreviewed
images/train/WIN_20261006_23_48_36_Pro_frame000044.jpg,WIN_20261006_23_48_36_Pro.mp4,88,2.936267,train,draft_unreviewed
images/train/WIN_20261006_23_48_36_Pro_frame000045.jpg,WIN_20261006_23_48_36_Pro.mp4,90,3.003,train,draft_unreviewed
images/train/WIN_20261006_23_48_36_Pro_frame000046.jpg,WIN_20261006_23_48_36_Pro.mp4,92,3.069733,train,draft_unreviewed
images/train/WIN_20261006_23_48_36_Pro_frame000047.jpg,WIN_20261006_23_48_36_Pro.mp4,94,3.136467,train,draft_unreviewed
images/train/WIN_20261006_23_48_36_Pro_frame000048.jpg,WIN_20261006_23_48_36_Pro.mp4,96,3.2032,train,draft_unreviewed
images/train/WIN_20261006_23_48_36_Pro_frame000049.jpg,WIN_20261006_23_48_36_Pro.mp4,98,3.269933,train,draft_unreviewed
images/train/WIN_20261006_23_48_36_Pro_frame000050.jpg,WIN_20261006_23_48_36_Pro.mp4,100,3.336667,train,draft_unreviewed
images/train/WIN_20261006_23_48_36_Pro_frame000051.jpg,WIN_20261006_23_48_36_Pro.mp4,102,3.4034,train,draft_unreviewed
images/train/WIN_20261006_23_48_36_Pro_frame000052.jpg,WIN_20261006_23_48_36_Pro.mp4,104,3.470133,train,draft_unreviewed
images/train/WIN_20261006_23_48_36_Pro_frame000053.jpg,WIN_20261006_23_48_36_Pro.mp4,106,3.536867,train,draft_unreviewed
images/train/WIN_20261006_23_48_36_Pro_frame000054.jpg,WIN_20261006_23_48_36_Pro.mp4,108,3.6036,train,draft_unreviewed
images/train/WIN_20261006_23_48_36_Pro_frame000055.jpg,WIN_20261006_23_48_36_Pro.mp4,110,3.670333,train,draft_unreviewed
images/train/WIN_20261006_23_48_36_Pro_frame000056.jpg,WIN_20261006_23_48_36_Pro.mp4,112,3.737067,train,draft_unreviewed
images/train/WIN_20261006_23_48_36_Pro_frame000057.jpg,WIN_20261006_23_48_36_Pro.mp4,114,3.8038,train,draft_unreviewed
images/train/WIN_20261006_23_48_36_Pro_frame000058.jpg,WIN_20261006_23_48_36_Pro.mp4,116,3.870533,train,draft_unreviewed
images/train/WIN_20261006_23_48_36_Pro_frame000059.jpg,WIN_20261006_23_48_36_Pro.mp4,118,3.937267,train,draft_unreviewed
images/train/WIN_20261006_23_48_36_Pro_frame000060.jpg,WIN_20261006_23_48_36_Pro.mp4,120,4.004,train,draft_unreviewed
images/train/WIN_20261006_23_48_36_Pro_frame000061.jpg,WIN_20261006_23_48_36_Pro.mp4,122,4.070733,train,draft_unreviewed
images/train/WIN_20261006_23_48_36_Pro_frame000062.jpg,WIN_20261006_23_48_36_Pro.mp4,124,4.137467,train,draft_unreviewed
images/train/WIN_20261006_23_48_36_Pro_frame000063.jpg,WIN_20261006_23_48_36_Pro.mp4,126,4.2042,train,draft_unreviewed
images/train/WIN_20261006_23_48_36_Pro_frame000064.jpg,WIN_20261006_23_48_36_Pro.mp4,128,4.270933,train,draft_unreviewed
images/train/WIN_20261006_23_48_36_Pro_frame000065.jpg,WIN_20261006_23_48_36_Pro.mp4,130,4.337667,train,draft_unreviewed
images/train/WIN_20261006_23_48_36_Pro_frame000066.jpg,WIN_20261006_23_48_36_Pro.mp4,132,4.4044,train,draft_unreviewed
images/train/WIN_20261006_23_48_36_Pro_frame000067.jpg,WIN_20261006_23_48_36_Pro.mp4,134,4.471133,train,draft_unreviewed
images/train/WIN_20261006_23_48_36_Pro_frame000068.jpg,WIN_20261006_23_48_36_Pro.mp4,136,4.537867,train,draft_unreviewed
images/train/WIN_20261006_23_48_36_Pro_frame000069.jpg,WIN_20261006_23_48_36_Pro.mp4,138,4.6046,train,draft_unreviewed
images/train/WIN_20261006_23_48_36_Pro_frame000070.jpg,WIN_20261006_23_48_36_Pro.mp4,140,4.671333,train,draft_unreviewed
images/train/WIN_20261006_23_48_36_Pro_frame000071.jpg,WIN_20261006_23_48_36_Pro.mp4,142,4.738067,train,draft_unreviewed
images/train/WIN_20261006_23_48_36_Pro_frame000072.jpg,WIN_20261006_23_48_36_Pro.mp4,144,4.8048,train,draft_unreviewed
images/train/WIN_20261006_23_48_36_Pro_frame000073.jpg,WIN_20261006_23_48_36_Pro.mp4,146,4.871533,train,draft_unreviewed
images/train/WIN_20261006_23_48_36_Pro_frame000074.jpg,WIN_20261006_23_48_36_Pro.mp4,148,4.938267,train,draft_unreviewed
images/train/WIN_20261006_23_48_36_Pro_frame000075.jpg,WIN_20261006_23_48_36_Pro.mp4,150,5.005,train,draft_unreviewed
images/train/WIN_20261006_23_48_36_Pro_frame000076.jpg,WIN_20261006_23_48_36_Pro.mp4,152,5.071733,train,draft_unreviewed
images/train/WIN_20261006_23_48_36_Pro_frame000077.jpg,WIN_20261006_23_48_36_Pro.mp4,154,5.138467,train,draft_unreviewed
images/train/WIN_20261006_23_48_36_Pro_frame000078.jpg,WIN_20261006_23_48_36_Pro.mp4,156,5.2052,train,draft_unreviewed
images/train/WIN_20261006_23_48_36_Pro_frame000079.jpg,WIN_20261006_23_48_36_Pro.mp4,158,5.271933,train,draft_unreviewed
images/train/WIN_20261006_23_48_36_Pro_frame000080.jpg,WIN_20261006_23_48_36_Pro.mp4,160,5.338667,train,draft_unreviewed
images/train/WIN_20261006_23_48_36_Pro_frame000081.jpg,WIN_20261006_23_48_36_Pro.mp4,162,5.4054,train,draft_unreviewed
images/train/WIN_20261006_23_48_36_Pro_frame000082.jpg,WIN_20261006_23_48_36_Pro.mp4,164,5.472133,train,draft_unreviewed
images/train/WIN_20261006_23_48_36_Pro_frame000083.jpg,WIN_20261006_23_48_36_Pro.mp4,166,5.538867,train,draft_unreviewed
images/train/WIN_20261006_23_48_36_Pro_frame000084.jpg,WIN_20261006_23_48_36_Pro.mp4,168,5.6056,train,draft_unreviewed
images/train/WIN_20261006_23_48_36_Pro_frame000085.jpg,WIN_20261006_23_48_36_Pro.mp4,170,5.672333,train,draft_unreviewed
images/train/WIN_20261006_23_48_36_Pro_frame000086.jpg,WIN_20261006_23_48_36_Pro.mp4,172,5.739067,train,draft_unreviewed
images/train/WIN_20261006_23_48_36_Pro_frame000087.jpg,WIN_20261006_23_48_36_Pro.mp4,174,5.8058,train,draft_unreviewed
images/train/WIN_20261006_23_48_36_Pro_frame000088.jpg,WIN_20261006_23_48_36_Pro.mp4,176,5.872533,train,draft_unreviewed
images/train/WIN_20261006_23_48_36_Pro_frame000089.jpg,WIN_20261006_23_48_36_Pro.mp4,178,5.939267,train,draft_unreviewed
images/train/WIN_20261006_23_48_36_Pro_frame000090.jpg,WIN_20261006_23_48_36_Pro.mp4,180,6.006,train,draft_unreviewed
images/train/WIN_20261006_23_48_36_Pro_frame000091.jpg,WIN_20261006_23_48_36_Pro.mp4,182,6.072733,train,draft_unreviewed
images/train/WIN_20261006_23_48_36_Pro_frame000092.jpg,WIN_20261006_23_48_36_Pro.mp4,184,6.139467,train,draft_unreviewed
images/train/WIN_20261006_23_48_36_Pro_frame000093.jpg,WIN_20261006_23_48_36_Pro.mp4,186,6.2062,train,draft_unreviewed
images/train/WIN_20261006_23_48_36_Pro_frame000094.jpg,WIN_20261006_23_48_36_Pro.mp4,188,6.272933,train,draft_unreviewed
images/train/WIN_20261006_23_48_36_Pro_frame000095.jpg,WIN_20261006_23_48_36_Pro.mp4,190,6.339667,train,draft_unreviewed
images/train/WIN_20261006_23_48_36_Pro_frame000096.jpg,WIN_20261006_23_48_36_Pro.mp4,192,6.4064,train,draft_unreviewed
images/train/WIN_20261006_23_48_36_Pro_frame000097.jpg,WIN_20261006_23_48_36_Pro.mp4,194,6.473133,train,draft_unreviewed
images/train/WIN_20261006_23_48_36_Pro_frame000098.jpg,WIN_20261006_23_48_36_Pro.mp4,196,6.539867,train,draft_unreviewed
images/train/WIN_20261006_23_48_36_Pro_frame000099.jpg,WIN_20261006_23_48_36_Pro.mp4,198,6.6066,train,draft_unreviewed
images/train/WIN_20261006_23_48_36_Pro_frame000100.jpg,WIN_20261006_23_48_36_Pro.mp4,200,6.673333,train,draft_unreviewed
images/train/WIN_20261006_23_48_36_Pro_frame000101.jpg,WIN_20261006_23_48_36_Pro.mp4,202,6.740067,train,draft_unreviewed
images/train/WIN_20261006_23_48_36_Pro_frame000102.jpg,WIN_20261006_23_48_36_Pro.mp4,204,6.8068,train,draft_unreviewed
images/train/WIN_20261006_23_48_36_Pro_frame000103.jpg,WIN_20261006_23_48_36_Pro.mp4,206,6.873533,train,draft_unreviewed
images/train/WIN_20261006_23_48_36_Pro_frame000104.jpg,WIN_20261006_23_48_36_Pro.mp4,208,6.940267,train,draft_unreviewed
images/train/WIN_20261006_23_48_36_Pro_frame000105.jpg,WIN_20261006_23_48_36_Pro.mp4,210,7.007,train,draft_unreviewed
images/train/WIN_20261006_23_48_36_Pro_frame000106.jpg,WIN_20261006_23_48_36_Pro.mp4,212,7.073733,train,draft_unreviewed
images/train/WIN_20261006_23_48_36_Pro_frame000107.jpg,WIN_20261006_23_48_36_Pro.mp4,214,7.140467,train,draft_unreviewed
images/train/WIN_20261006_23_48_36_Pro_frame000108.jpg,WIN_20261006_23_48_36_Pro.mp4,216,7.2072,train,draft_unreviewed
images/train/WIN_20261006_23_48_36_Pro_frame000109.jpg,WIN_20261006_23_48_36_Pro.mp4,218,7.273933,train,draft_unreviewed
images/train/WIN_20261006_23_48_36_Pro_frame000110.jpg,WIN_20261006_23_48_36_Pro.mp4,220,7.340667,train,draft_unreviewed
images/train/WIN_20261006_23_48_36_Pro_frame000111.jpg,WIN_20261006_23_48_36_Pro.mp4,222,7.4074,train,draft_unreviewed
images/train/WIN_20261006_23_48_36_Pro_frame000112.jpg,WIN_20261006_23_48_36_Pro.mp4,224,7.474133,train,draft_unreviewed
images/train/WIN_20261006_23_48_36_Pro_frame000113.jpg,WIN_20261006_23_48_36_Pro.mp4,226,7.540867,train,draft_unreviewed
images/train/WIN_20261006_23_48_36_Pro_frame000114.jpg,WIN_20261006_23_48_36_Pro.mp4,228,7.6076,train,draft_unreviewed
images/train/WIN_20261006_23_48_36_Pro_frame000115.jpg,WIN_20261006_23_48_36_Pro.mp4,230,7.674333,train,draft_unreviewed
images/train/WIN_20261006_23_48_36_Pro_frame000116.jpg,WIN_20261006_23_48_36_Pro.mp4,232,7.741067,train,draft_unreviewed
images/train/WIN_20261006_23_48_36_Pro_frame000117.jpg,WIN_20261006_23_48_36_Pro.mp4,234,7.8078,train,draft_unreviewed
images/train/WIN_20261006_23_48_36_Pro_frame000118.jpg,WIN_20261006_23_48_36_Pro.mp4,236,7.874533,train,draft_unreviewed
images/train/WIN_20261006_23_48_36_Pro_frame000119.jpg,WIN_20261006_23_48_36_Pro.mp4,238,7.941267,train,draft_unreviewed
images/train/WIN_20261006_23_48_36_Pro_frame000120.jpg,WIN_20261006_23_48_36_Pro.mp4,240,8.008,train,draft_unreviewed
images/train/WIN_20261006_23_48_36_Pro_frame000121.jpg,WIN_20261006_23_48_36_Pro.mp4,242,8.074733,train,draft_unreviewed
images/train/WIN_20261006_23_48_36_Pro_frame000122.jpg,WIN_20261006_23_48_36_Pro.mp4,244,8.141467,train,draft_unreviewed
images/train/WIN_20261006_23_48_36_Pro_frame000123.jpg,WIN_20261006_23_48_36_Pro.mp4,246,8.2082,train,draft_unreviewed
images/train/WIN_20261006_23_48_36_Pro_frame000124.jpg,WIN_20261006_23_48_36_Pro.mp4,248,8.274933,train,draft_unreviewed
images/train/WIN_20261006_23_48_36_Pro_frame000125.jpg,WIN_20261006_23_48_36_Pro.mp4,250,8.341667,train,draft_unreviewed
images/train/WIN_20261006_23_48_36_Pro_frame000126.jpg,WIN_20261006_23_48_36_Pro.mp4,252,8.4084,train,draft_unreviewed
images/train/WIN_20261006_23_48_36_Pro_frame000127.jpg,WIN_20261006_23_48_36_Pro.mp4,254,8.475133,train,draft_unreviewed
images/train/WIN_20261006_23_48_36_Pro_frame000128.jpg,WIN_20261006_23_48_36_Pro.mp4,256,8.541867,train,draft_unreviewed
images/train/WIN_20261006_23_48_36_Pro_frame000129.jpg,WIN_20261006_23_48_36_Pro.mp4,258,8.6086,train,draft_unreviewed
images/train/WIN_20261006_23_48_36_Pro_frame000130.jpg,WIN_20261006_23_48_36_Pro.mp4,260,8.675333,train,draft_unreviewed
images/train/WIN_20261006_23_48_36_Pro_frame000131.jpg,WIN_20261006_23_48_36_Pro.mp4,262,8.742067,train,draft_unreviewed
images/train/WIN_20261006_23_48_36_Pro_frame000132.jpg,WIN_20261006_23_48_36_Pro.mp4,264,8.8088,train,draft_unreviewed
images/train/WIN_20261006_23_48_36_Pro_frame000133.jpg,WIN_20261006_23_48_36_Pro.mp4,266,8.875533,train,draft_unreviewed
images/train/WIN_20261006_23_48_36_Pro_frame000134.jpg,WIN_20261006_23_48_36_Pro.mp4,268,8.942267,train,draft_unreviewed
images/train/WIN_20261006_23_48_36_Pro_frame000135.jpg,WIN_20261006_23_48_36_Pro.mp4,270,9.009,train,draft_unreviewed
images/train/WIN_20261006_23_48_36_Pro_frame000136.jpg,WIN_20261006_23_48_36_Pro.mp4,272,9.075733,train,draft_unreviewed
images/train/WIN_20261006_23_48_36_Pro_frame000137.jpg,WIN_20261006_23_48_36_Pro.mp4,274,9.142467,train,draft_unreviewed
images/train/WIN_20261006_23_48_36_Pro_frame000138.jpg,WIN_20261006_23_48_36_Pro.mp4,276,9.2092,train,draft_unreviewed
images/train/WIN_20261006_23_48_36_Pro_frame000139.jpg,WIN_20261006_23_48_36_Pro.mp4,278,9.275933,train,draft_unreviewed
images/train/WIN_20261006_23_48_36_Pro_frame000140.jpg,WIN_20261006_23_48_36_Pro.mp4,280,9.342667,train,draft_unreviewed
images/train/WIN_20261006_23_48_36_Pro_frame000141.jpg,WIN_20261006_23_48_36_Pro.mp4,282,9.4094,train,draft_unreviewed
images/train/WIN_20261006_23_48_36_Pro_frame000142.jpg,WIN_20261006_23_48_36_Pro.mp4,284,9.476133,train,draft_unreviewed
images/train/WIN_20261006_23_48_36_Pro_frame000143.jpg,WIN_20261006_23_48_36_Pro.mp4,286,9.542867,train,draft_unreviewed
images/train/WIN_20261006_23_48_36_Pro_frame000144.jpg,WIN_20261006_23_48_36_Pro.mp4,288,9.6096,train,draft_unreviewed
images/train/WIN_20261006_23_48_36_Pro_frame000145.jpg,WIN_20261006_23_48_36_Pro.mp4,290,9.676333,train,draft_unreviewed
images/train/WIN_20261006_23_48_36_Pro_frame000146.jpg,WIN_20261006_23_48_36_Pro.mp4,292,9.743067,train,draft_unreviewed
images/train/WIN_20261006_23_48_36_Pro_frame000147.jpg,WIN_20261006_23_48_36_Pro.mp4,294,9.8098,train,draft_unreviewed
images/train/WIN_20261006_23_48_36_Pro_frame000148.jpg,WIN_20261006_23_48_36_Pro.mp4,296,9.876533,train,draft_unreviewed
images/train/WIN_20261006_23_48_36_Pro_frame000149.jpg,WIN_20261006_23_48_36_Pro.mp4,298,9.943267,train,draft_unreviewed
images/train/WIN_20261006_23_48_36_Pro_frame000150.jpg,WIN_20261006_23_48_36_Pro.mp4,300,10.01,train,draft_unreviewed
images/train/WIN_20261006_23_48_36_Pro_frame000151.jpg,WIN_20261006_23_48_36_Pro.mp4,302,10.076733,train,draft_unreviewed
images/train/WIN_20261006_23_48_36_Pro_frame000152.jpg,WIN_20261006_23_48_36_Pro.mp4,304,10.143467,train,draft_unreviewed
images/train/WIN_20261006_23_48_36_Pro_frame000153.jpg,WIN_20261006_23_48_36_Pro.mp4,306,10.2102,train,draft_unreviewed
images/train/WIN_20261006_23_48_36_Pro_frame000154.jpg,WIN_20261006_23_48_36_Pro.mp4,308,10.276933,train,draft_unreviewed
images/train/WIN_20261006_23_48_36_Pro_frame000155.jpg,WIN_20261006_23_48_36_Pro.mp4,310,10.343667,train,draft_unreviewed
images/train/WIN_20261006_23_48_36_Pro_frame000156.jpg,WIN_20261006_23_48_36_Pro.mp4,312,10.4104,train,draft_unreviewed
images/train/WIN_20261006_23_48_36_Pro_frame000157.jpg,WIN_20261006_23_48_36_Pro.mp4,314,10.477133,train,draft_unreviewed
images/train/WIN_20261006_23_48_36_Pro_frame000158.jpg,WIN_20261006_23_48_36_Pro.mp4,316,10.543867,train,draft_unreviewed
images/train/WIN_20261006_23_48_36_Pro_frame000159.jpg,WIN_20261006_23_48_36_Pro.mp4,318,10.6106,train,draft_unreviewed
images/train/WIN_20261006_23_48_36_Pro_frame000160.jpg,WIN_20261006_23_48_36_Pro.mp4,320,10.677333,train,draft_unreviewed
images/train/WIN_20261006_23_48_36_Pro_frame000161.jpg,WIN_20261006_23_48_36_Pro.mp4,322,10.744067,train,draft_unreviewed
images/train/WIN_20261006_23_48_36_Pro_frame000162.jpg,WIN_20261006_23_48_36_Pro.mp4,324,10.8108,train,draft_unreviewed
images/train/WIN_20261006_23_48_36_Pro_frame000163.jpg,WIN_20261006_23_48_36_Pro.mp4,326,10.877533,train,draft_unreviewed
images/train/WIN_20261006_23_48_36_Pro_frame000164.jpg,WIN_20261006_23_48_36_Pro.mp4,328,10.944267,train,draft_unreviewed
images/train/WIN_20261006_23_48_36_Pro_frame000165.jpg,WIN_20261006_23_48_36_Pro.mp4,330,11.011,train,draft_unreviewed
images/train/WIN_20261006_23_48_36_Pro_frame000166.jpg,WIN_20261006_23_48_36_Pro.mp4,332,11.077733,train,draft_unreviewed
images/train/WIN_20261006_23_48_36_Pro_frame000167.jpg,WIN_20261006_23_48_36_Pro.mp4,334,11.144467,train,draft_unreviewed
images/train/WIN_20261006_23_48_36_Pro_frame000168.jpg,WIN_20261006_23_48_36_Pro.mp4,336,11.2112,train,draft_unreviewed
images/train/WIN_20261006_23_48_36_Pro_frame000169.jpg,WIN_20261006_23_48_36_Pro.mp4,338,11.277933,train,draft_unreviewed
images/train/WIN_20261006_23_48_36_Pro_frame000170.jpg,WIN_20261006_23_48_36_Pro.mp4,340,11.344667,train,draft_unreviewed
images/train/WIN_20261006_23_48_36_Pro_frame000171.jpg,WIN_20261006_23_48_36_Pro.mp4,342,11.4114,train,draft_unreviewed
images/train/WIN_20261006_23_48_36_Pro_frame000172.jpg,WIN_20261006_23_48_36_Pro.mp4,344,11.478133,train,draft_unreviewed
images/train/WIN_20261006_23_48_36_Pro_frame000173.jpg,WIN_20261006_23_48_36_Pro.mp4,346,11.544867,train,draft_unreviewed
images/train/WIN_20261006_23_48_36_Pro_frame000174.jpg,WIN_20261006_23_48_36_Pro.mp4,348,11.6116,train,draft_unreviewed
images/train/WIN_20261006_23_48_36_Pro_frame000175.jpg,WIN_20261006_23_48_36_Pro.mp4,350,11.678333,train,draft_unreviewed
images/train/WIN_20261006_23_48_36_Pro_frame000176.jpg,WIN_20261006_23_48_36_Pro.mp4,352,11.745067,train,draft_unreviewed
images/train/WIN_20261006_23_48_36_Pro_frame000177.jpg,WIN_20261006_23_48_36_Pro.mp4,354,11.8118,train,draft_unreviewed
images/train/WIN_20261006_23_48_36_Pro_frame000178.jpg,WIN_20261006_23_48_36_Pro.mp4,356,11.878533,train,draft_unreviewed
images/train/WIN_20261006_23_48_36_Pro_frame000179.jpg,WIN_20261006_23_48_36_Pro.mp4,358,11.945267,train,draft_unreviewed
images/train/WIN_20261006_23_48_36_Pro_frame000180.jpg,WIN_20261006_23_48_36_Pro.mp4,360,12.012,train,draft_unreviewed
images/train/WIN_20261006_23_48_36_Pro_frame000181.jpg,WIN_20261006_23_48_36_Pro.mp4,362,12.078733,train,draft_unreviewed
images/train/WIN_20261006_23_48_36_Pro_frame000182.jpg,WIN_20261006_23_48_36_Pro.mp4,364,12.145467,train,draft_unreviewed
images/train/WIN_20261006_23_48_36_Pro_frame000183.jpg,WIN_20261006_23_48_36_Pro.mp4,366,12.2122,train,draft_unreviewed
images/train/WIN_20261006_23_48_36_Pro_frame000184.jpg,WIN_20261006_23_48_36_Pro.mp4,368,12.278933,train,draft_unreviewed
images/train/WIN_20261006_23_48_36_Pro_frame000185.jpg,WIN_20261006_23_48_36_Pro.mp4,370,12.345667,train,draft_unreviewed
images/train/WIN_20261006_23_48_36_Pro_frame000186.jpg,WIN_20261006_23_48_36_Pro.mp4,372,12.4124,train,draft_unreviewed
images/train/WIN_20261006_23_48_36_Pro_frame000187.jpg,WIN_20261006_23_48_36_Pro.mp4,374,12.479133,train,draft_unreviewed
images/train/WIN_20261006_23_48_36_Pro_frame000188.jpg,WIN_20261006_23_48_36_Pro.mp4,376,12.545867,train,draft_unreviewed
images/train/WIN_20261006_23_48_36_Pro_frame000189.jpg,WIN_20261006_23_48_36_Pro.mp4,378,12.6126,train,draft_unreviewed
images/train/WIN_20261006_23_48_36_Pro_frame000190.jpg,WIN_20261006_23_48_36_Pro.mp4,380,12.679333,train,draft_unreviewed
images/train/WIN_20261006_23_48_36_Pro_frame000191.jpg,WIN_20261006_23_48_36_Pro.mp4,382,12.746067,train,draft_unreviewed
images/train/WIN_20261006_23_48_36_Pro_frame000192.jpg,WIN_20261006_23_48_36_Pro.mp4,384,12.8128,train,draft_unreviewed
images/train/WIN_20261006_23_48_36_Pro_frame000193.jpg,WIN_20261006_23_48_36_Pro.mp4,386,12.879533,train,draft_unreviewed
images/train/WIN_20261006_23_48_36_Pro_frame000194.jpg,WIN_20261006_23_48_36_Pro.mp4,388,12.946267,train,draft_unreviewed
images/train/WIN_20261006_23_48_36_Pro_frame000195.jpg,WIN_20261006_23_48_36_Pro.mp4,390,13.013,train,draft_unreviewed
images/train/WIN_20261006_23_48_36_Pro_frame000196.jpg,WIN_20261006_23_48_36_Pro.mp4,392,13.079733,train,draft_unreviewed
images/train/WIN_20261006_23_48_36_Pro_frame000197.jpg,WIN_20261006_23_48_36_Pro.mp4,394,13.146467,train,draft_unreviewed
images/train/WIN_20261006_23_48_36_Pro_frame000198.jpg,WIN_20261006_23_48_36_Pro.mp4,396,13.2132,train,draft_unreviewed
images/train/WIN_20261006_23_48_36_Pro_frame000199.jpg,WIN_20261006_23_48_36_Pro.mp4,398,13.279933,train,draft_unreviewed
images/train/WIN_20261006_23_48_36_Pro_frame000200.jpg,WIN_20261006_23_48_36_Pro.mp4,400,13.346667,train,draft_unreviewed
images/train/WIN_20261006_23_48_36_Pro_frame000201.jpg,WIN_20261006_23_48_36_Pro.mp4,402,13.4134,train,draft_unreviewed
images/train/WIN_20261006_23_48_36_Pro_frame000202.jpg,WIN_20261006_23_48_36_Pro.mp4,404,13.480133,train,draft_unreviewed
images/train/WIN_20261006_23_48_36_Pro_frame000203.jpg,WIN_20261006_23_48_36_Pro.mp4,406,13.546867,train,draft_unreviewed
images/train/WIN_20261006_23_48_36_Pro_frame000204.jpg,WIN_20261006_23_48_36_Pro.mp4,408,13.6136,train,draft_unreviewed
images/train/WIN_20261006_23_48_36_Pro_frame000205.jpg,WIN_20261006_23_48_36_Pro.mp4,410,13.680333,train,draft_unreviewed
images/train/WIN_20261006_23_48_36_Pro_frame000206.jpg,WIN_20261006_23_48_36_Pro.mp4,412,13.747067,train,draft_unreviewed
images/train/WIN_20261006_23_48_36_Pro_frame000207.jpg,WIN_20261006_23_48_36_Pro.mp4,414,13.8138,train,draft_unreviewed
images/train/WIN_20261006_23_48_36_Pro_frame000208.jpg,WIN_20261006_23_48_36_Pro.mp4,416,13.880533,train,draft_unreviewed
images/train/WIN_20261006_23_48_36_Pro_frame000209.jpg,WIN_20261006_23_48_36_Pro.mp4,418,13.947267,train,draft_unreviewed
images/train/WIN_20261006_23_48_36_Pro_frame000210.jpg,WIN_20261006_23_48_36_Pro.mp4,420,14.014,train,draft_unreviewed
images/train/WIN_20261006_23_48_36_Pro_frame000211.jpg,WIN_20261006_23_48_36_Pro.mp4,422,14.080733,train,draft_unreviewed
images/train/WIN_20261006_23_48_36_Pro_frame000212.jpg,WIN_20261006_23_48_36_Pro.mp4,424,14.147467,train,draft_unreviewed
images/train/WIN_20261006_23_48_36_Pro_frame000213.jpg,WIN_20261006_23_48_36_Pro.mp4,426,14.2142,train,draft_unreviewed
images/train/WIN_20261006_23_48_36_Pro_frame000214.jpg,WIN_20261006_23_48_36_Pro.mp4,428,14.280933,train,draft_unreviewed
images/train/WIN_20261006_23_48_36_Pro_frame000215.jpg,WIN_20261006_23_48_36_Pro.mp4,430,14.347667,train,draft_unreviewed
images/train/WIN_20261006_23_48_36_Pro_frame000216.jpg,WIN_20261006_23_48_36_Pro.mp4,432,14.4144,train,draft_unreviewed
images/train/WIN_20261006_23_48_36_Pro_frame000217.jpg,WIN_20261006_23_48_36_Pro.mp4,434,14.481133,train,draft_unreviewed
images/train/WIN_20261006_23_48_36_Pro_frame000218.jpg,WIN_20261006_23_48_36_Pro.mp4,436,14.547867,train,draft_unreviewed
images/train/WIN_20261006_23_48_36_Pro_frame000219.jpg,WIN_20261006_23_48_36_Pro.mp4,438,14.6146,train,draft_unreviewed
images/train/WIN_20261006_23_48_36_Pro_frame000220.jpg,WIN_20261006_23_48_36_Pro.mp4,440,14.681333,train,draft_unreviewed
images/train/WIN_20261006_23_48_36_Pro_frame000221.jpg,WIN_20261006_23_48_36_Pro.mp4,442,14.748067,train,draft_unreviewed
images/train/WIN_20261006_23_48_36_Pro_frame000222.jpg,WIN_20261006_23_48_36_Pro.mp4,444,14.8148,train,draft_unreviewed
images/train/WIN_20261006_23_48_36_Pro_frame000223.jpg,WIN_20261006_23_48_36_Pro.mp4,446,14.881533,train,draft_unreviewed
images/train/WIN_20261006_23_48_36_Pro_frame000224.jpg,WIN_20261006_23_48_36_Pro.mp4,448,14.948267,train,draft_unreviewed
images/train/WIN_20261006_23_48_36_Pro_frame000225.jpg,WIN_20261006_23_48_36_Pro.mp4,450,15.015,train,draft_unreviewed
images/train/WIN_20261006_23_48_36_Pro_frame000226.jpg,WIN_20261006_23_48_36_Pro.mp4,452,15.081733,train,draft_unreviewed
images/train/WIN_20261006_23_48_36_Pro_frame000227.jpg,WIN_20261006_23_48_36_Pro.mp4,454,15.148467,train,draft_unreviewed
images/train/WIN_20261006_23_48_36_Pro_frame000228.jpg,WIN_20261006_23_48_36_Pro.mp4,456,15.2152,train,draft_unreviewed
images/train/WIN_20261006_23_48_36_Pro_frame000229.jpg,WIN_20261006_23_48_36_Pro.mp4,458,15.281933,train,draft_unreviewed
images/train/WIN_20261006_23_48_36_Pro_frame000230.jpg,WIN_20261006_23_48_36_Pro.mp4,460,15.348667,train,draft_unreviewed
images/train/WIN_20261006_23_48_36_Pro_frame000231.jpg,WIN_20261006_23_48_36_Pro.mp4,462,15.4154,train,draft_unreviewed
images/train/WIN_20261006_23_48_36_Pro_frame000232.jpg,WIN_20261006_23_48_36_Pro.mp4,464,15.482133,train,draft_unreviewed
images/train/WIN_20261006_23_48_36_Pro_frame000233.jpg,WIN_20261006_23_48_36_Pro.mp4,466,15.548867,train,draft_unreviewed
images/train/WIN_20261006_23_48_36_Pro_frame000234.jpg,WIN_20261006_23_48_36_Pro.mp4,468,15.6156,train,draft_unreviewed
images/train/WIN_20261006_23_48_36_Pro_frame000235.jpg,WIN_20261006_23_48_36_Pro.mp4,470,15.682333,train,draft_unreviewed
images/train/WIN_20261006_23_48_36_Pro_frame000236.jpg,WIN_20261006_23_48_36_Pro.mp4,472,15.749067,train,draft_unreviewed
images/train/WIN_20261006_23_48_36_Pro_frame000237.jpg,WIN_20261006_23_48_36_Pro.mp4,474,15.8158,train,draft_unreviewed
images/train/WIN_20261006_23_48_36_Pro_frame000238.jpg,WIN_20261006_23_48_36_Pro.mp4,476,15.882533,train,draft_unreviewed
images/train/WIN_20261006_23_48_36_Pro_frame000239.jpg,WIN_20261006_23_48_36_Pro.mp4,478,15.949267,train,draft_unreviewed
images/train/WIN_20261006_23_48_36_Pro_frame000240.jpg,WIN_20261006_23_48_36_Pro.mp4,480,16.016,train,draft_unreviewed
images/train/WIN_20261006_23_48_36_Pro_frame000241.jpg,WIN_20261006_23_48_36_Pro.mp4,482,16.082733,train,draft_unreviewed
images/train/WIN_20261006_23_48_36_Pro_frame000242.jpg,WIN_20261006_23_48_36_Pro.mp4,484,16.149467,train,draft_unreviewed
images/train/WIN_20261006_23_48_36_Pro_frame000243.jpg,WIN_20261006_23_48_36_Pro.mp4,486,16.2162,train,draft_unreviewed
images/train/WIN_20261006_23_48_36_Pro_frame000244.jpg,WIN_20261006_23_48_36_Pro.mp4,488,16.282933,train,draft_unreviewed
images/train/WIN_20261006_23_48_36_Pro_frame000245.jpg,WIN_20261006_23_48_36_Pro.mp4,490,16.349667,train,draft_unreviewed
images/train/WIN_20261006_23_48_36_Pro_frame000246.jpg,WIN_20261006_23_48_36_Pro.mp4,492,16.4164,train,draft_unreviewed
images/train/WIN_20261006_23_48_36_Pro_frame000247.jpg,WIN_20261006_23_48_36_Pro.mp4,494,16.483133,train,draft_unreviewed
images/train/WIN_20261006_23_48_36_Pro_frame000248.jpg,WIN_20261006_23_48_36_Pro.mp4,496,16.549867,train,draft_unreviewed
images/train/WIN_20261006_23_48_36_Pro_frame000249.jpg,WIN_20261006_23_48_36_Pro.mp4,498,16.6166,train,draft_unreviewed
images/train/WIN_20261006_23_48_36_Pro_frame000250.jpg,WIN_20261006_23_48_36_Pro.mp4,500,16.683333,train,draft_unreviewed
images/train/WIN_20261006_23_48_36_Pro_frame000251.jpg,WIN_20261006_23_48_36_Pro.mp4,502,16.750067,train,draft_unreviewed
images/train/WIN_20261006_23_48_36_Pro_frame000252.jpg,WIN_20261006_23_48_36_Pro.mp4,504,16.8168,train,draft_unreviewed
images/train/WIN_20261006_23_48_36_Pro_frame000253.jpg,WIN_20261006_23_48_36_Pro.mp4,506,16.883533,train,draft_unreviewed
images/train/WIN_20261006_23_48_36_Pro_frame000254.jpg,WIN_20261006_23_48_36_Pro.mp4,508,16.950267,train,draft_unreviewed
images/train/WIN_20261006_23_48_36_Pro_frame000255.jpg,WIN_20261006_23_48_36_Pro.mp4,510,17.017,train,draft_unreviewed
images/train/WIN_20261006_23_48_36_Pro_frame000256.jpg,WIN_20261006_23_48_36_Pro.mp4,512,17.083733,train,draft_unreviewed
images/train/WIN_20261006_23_48_36_Pro_frame000257.jpg,WIN_20261006_23_48_36_Pro.mp4,514,17.150467,train,draft_unreviewed
images/train/WIN_20261006_23_48_36_Pro_frame000258.jpg,WIN_20261006_23_48_36_Pro.mp4,516,17.2172,train,draft_unreviewed
images/train/WIN_20261006_23_48_36_Pro_frame000259.jpg,WIN_20261006_23_48_36_Pro.mp4,518,17.283933,train,draft_unreviewed
images/train/WIN_20261006_23_48_36_Pro_frame000260.jpg,WIN_20261006_23_48_36_Pro.mp4,520,17.350667,train,draft_unreviewed
images/train/WIN_20261006_23_48_36_Pro_frame000261.jpg,WIN_20261006_23_48_36_Pro.mp4,522,17.4174,train,draft_unreviewed
images/train/WIN_20261006_23_48_36_Pro_frame000262.jpg,WIN_20261006_23_48_36_Pro.mp4,524,17.484133,train,draft_unreviewed
images/train/WIN_20261006_23_48_36_Pro_frame000263.jpg,WIN_20261006_23_48_36_Pro.mp4,526,17.550867,train,draft_unreviewed
images/train/WIN_20261006_23_48_36_Pro_frame000264.jpg,WIN_20261006_23_48_36_Pro.mp4,528,17.6176,train,draft_unreviewed
images/train/WIN_20261006_23_48_36_Pro_frame000265.jpg,WIN_20261006_23_48_36_Pro.mp4,530,17.684333,train,draft_unreviewed
images/train/WIN_20261006_23_48_36_Pro_frame000266.jpg,WIN_20261006_23_48_36_Pro.mp4,532,17.751067,train,draft_unreviewed
images/train/WIN_20261006_23_48_36_Pro_frame000267.jpg,WIN_20261006_23_48_36_Pro.mp4,534,17.8178,train,draft_unreviewed
images/train/WIN_20261006_23_48_36_Pro_frame000268.jpg,WIN_20261006_23_48_36_Pro.mp4,536,17.884533,train,draft_unreviewed
images/train/WIN_20261006_23_48_36_Pro_frame000269.jpg,WIN_20261006_23_48_36_Pro.mp4,538,17.951267,train,draft_unreviewed
images/train/WIN_20261006_23_48_36_Pro_frame000270.jpg,WIN_20261006_23_48_36_Pro.mp4,540,18.018,train,draft_unreviewed
images/train/WIN_20261006_23_48_36_Pro_frame000271.jpg,WIN_20261006_23_48_36_Pro.mp4,542,18.084733,train,draft_unreviewed
images/train/WIN_20261006_23_48_36_Pro_frame000272.jpg,WIN_20261006_23_48_36_Pro.mp4,544,18.151467,train,draft_unreviewed
images/train/WIN_20261006_23_48_36_Pro_frame000273.jpg,WIN_20261006_23_48_36_Pro.mp4,546,18.2182,train,draft_unreviewed
images/train/WIN_20261006_23_48_36_Pro_frame000274.jpg,WIN_20261006_23_48_36_Pro.mp4,548,18.284933,train,draft_unreviewed
images/train/WIN_20261006_23_48_36_Pro_frame000275.jpg,WIN_20261006_23_48_36_Pro.mp4,550,18.351667,train,draft_unreviewed
images/train/WIN_20261006_23_48_36_Pro_frame000276.jpg,WIN_20261006_23_48_36_Pro.mp4,552,18.4184,train,draft_unreviewed
images/train/WIN_20261006_23_48_36_Pro_frame000277.jpg,WIN_20261006_23_48_36_Pro.mp4,554,18.485133,train,draft_unreviewed
images/train/WIN_20261006_23_48_36_Pro_frame000278.jpg,WIN_20261006_23_48_36_Pro.mp4,556,18.551867,train,draft_unreviewed
images/train/WIN_20261006_23_48_36_Pro_frame000279.jpg,WIN_20261006_23_48_36_Pro.mp4,558,18.6186,train,draft_unreviewed
images/train/WIN_20261006_23_48_36_Pro_frame000280.jpg,WIN_20261006_23_48_36_Pro.mp4,560,18.685333,train,draft_unreviewed
images/train/WIN_20261006_23_48_36_Pro_frame000281.jpg,WIN_20261006_23_48_36_Pro.mp4,562,18.752067,train,draft_unreviewed
images/train/WIN_20261006_23_48_36_Pro_frame000282.jpg,WIN_20261006_23_48_36_Pro.mp4,564,18.8188,train,draft_unreviewed
images/train/WIN_20261006_23_48_36_Pro_frame000283.jpg,WIN_20261006_23_48_36_Pro.mp4,566,18.885533,train,draft_unreviewed
images/train/WIN_20261006_23_48_36_Pro_frame000284.jpg,WIN_20261006_23_48_36_Pro.mp4,568,18.952267,train,draft_unreviewed
images/train/WIN_20261006_23_48_36_Pro_frame000285.jpg,WIN_20261006_23_48_36_Pro.mp4,570,19.019,train,draft_unreviewed
images/train/WIN_20261006_23_48_36_Pro_frame000286.jpg,WIN_20261006_23_48_36_Pro.mp4,572,19.085733,train,draft_unreviewed
images/train/WIN_20261006_23_48_36_Pro_frame000287.jpg,WIN_20261006_23_48_36_Pro.mp4,574,19.152467,train,draft_unreviewed
images/train/WIN_20261006_23_48_36_Pro_frame000288.jpg,WIN_20261006_23_48_36_Pro.mp4,576,19.2192,train,draft_unreviewed
images/train/WIN_20261006_23_48_36_Pro_frame000289.jpg,WIN_20261006_23_48_36_Pro.mp4,578,19.285933,train,draft_unreviewed
images/train/WIN_20261006_23_48_36_Pro_frame000290.jpg,WIN_20261006_23_48_36_Pro.mp4,580,19.352667,train,draft_unreviewed
images/train/WIN_20261006_23_48_36_Pro_frame000291.jpg,WIN_20261006_23_48_36_Pro.mp4,582,19.4194,train,draft_unreviewed
images/train/WIN_20261006_23_48_36_Pro_frame000292.jpg,WIN_20261006_23_48_36_Pro.mp4,584,19.486133,train,draft_unreviewed
images/train/WIN_20261006_23_48_36_Pro_frame000293.jpg,WIN_20261006_23_48_36_Pro.mp4,586,19.552867,train,draft_unreviewed
images/train/WIN_20261006_23_48_36_Pro_frame000294.jpg,WIN_20261006_23_48_36_Pro.mp4,588,19.6196,train,draft_unreviewed
images/train/WIN_20261006_23_48_36_Pro_frame000295.jpg,WIN_20261006_23_48_36_Pro.mp4,590,19.686333,train,draft_unreviewed
images/train/WIN_20261006_23_48_36_Pro_frame000296.jpg,WIN_20261006_23_48_36_Pro.mp4,592,19.753067,train,draft_unreviewed
images/train/WIN_20261006_23_48_36_Pro_frame000297.jpg,WIN_20261006_23_48_36_Pro.mp4,594,19.8198,train,draft_unreviewed
images/train/WIN_20261006_23_48_36_Pro_frame000298.jpg,WIN_20261006_23_48_36_Pro.mp4,596,19.886533,train,draft_unreviewed
images/train/WIN_20261006_23_48_36_Pro_frame000299.jpg,WIN_20261006_23_48_36_Pro.mp4,598,19.953267,train,draft_unreviewed
images/train/WIN_20261006_23_48_36_Pro_frame000300.jpg,WIN_20261006_23_48_36_Pro.mp4,600,20.02,train,draft_unreviewed
images/train/WIN_20261006_23_48_36_Pro_frame000301.jpg,WIN_20261006_23_48_36_Pro.mp4,602,20.086733,train,draft_unreviewed
images/train/WIN_20261006_23_48_36_Pro_frame000302.jpg,WIN_20261006_23_48_36_Pro.mp4,604,20.153467,train,draft_unreviewed
images/train/WIN_20261006_23_48_36_Pro_frame000303.jpg,WIN_20261006_23_48_36_Pro.mp4,606,20.2202,train,draft_unreviewed
images/train/WIN_20261006_23_48_36_Pro_frame000304.jpg,WIN_20261006_23_48_36_Pro.mp4,608,20.286933,train,draft_unreviewed
images/train/WIN_20261006_23_48_36_Pro_frame000305.jpg,WIN_20261006_23_48_36_Pro.mp4,610,20.353667,train,draft_unreviewed
images/train/WIN_20261006_23_48_36_Pro_frame000306.jpg,WIN_20261006_23_48_36_Pro.mp4,612,20.4204,train,draft_unreviewed
images/train/WIN_20261006_23_48_36_Pro_frame000307.jpg,WIN_20261006_23_48_36_Pro.mp4,614,20.487133,train,draft_unreviewed
images/train/WIN_20261006_23_48_36_Pro_frame000308.jpg,WIN_20261006_23_48_36_Pro.mp4,616,20.553867,train,draft_unreviewed
images/train/WIN_20261006_23_48_36_Pro_frame000309.jpg,WIN_20261006_23_48_36_Pro.mp4,618,20.6206,train,draft_unreviewed
images/train/WIN_20261006_23_48_36_Pro_frame000310.jpg,WIN_20261006_23_48_36_Pro.mp4,620,20.687333,train,draft_unreviewed
images/train/WIN_20261006_23_48_36_Pro_frame000311.jpg,WIN_20261006_23_48_36_Pro.mp4,622,20.754067,train,draft_unreviewed
images/train/WIN_20261006_23_48_36_Pro_frame000312.jpg,WIN_20261006_23_48_36_Pro.mp4,624,20.8208,train,draft_unreviewed
images/train/WIN_20261006_23_48_36_Pro_frame000313.jpg,WIN_20261006_23_48_36_Pro.mp4,626,20.887533,train,draft_unreviewed
images/train/WIN_20261006_23_48_36_Pro_frame000314.jpg,WIN_20261006_23_48_36_Pro.mp4,628,20.954267,train,draft_unreviewed
images/train/WIN_20261006_23_48_36_Pro_frame000315.jpg,WIN_20261006_23_48_36_Pro.mp4,630,21.021,train,draft_unreviewed
images/train/WIN_20261006_23_48_36_Pro_frame000316.jpg,WIN_20261006_23_48_36_Pro.mp4,632,21.087733,train,draft_unreviewed
images/train/WIN_20261006_23_48_36_Pro_frame000317.jpg,WIN_20261006_23_48_36_Pro.mp4,634,21.154467,train,draft_unreviewed
images/train/WIN_20261006_23_48_36_Pro_frame000318.jpg,WIN_20261006_23_48_36_Pro.mp4,636,21.2212,train,draft_unreviewed
images/train/WIN_20261006_23_48_36_Pro_frame000319.jpg,WIN_20261006_23_48_36_Pro.mp4,638,21.287933,train,draft_unreviewed
images/train/WIN_20261006_23_48_36_Pro_frame000320.jpg,WIN_20261006_23_48_36_Pro.mp4,640,21.354667,train,draft_unreviewed
images/train/WIN_20261006_23_48_36_Pro_frame000321.jpg,WIN_20261006_23_48_36_Pro.mp4,642,21.4214,train,draft_unreviewed
images/train/WIN_20261006_23_48_36_Pro_frame000322.jpg,WIN_20261006_23_48_36_Pro.mp4,644,21.488133,train,draft_unreviewed
images/train/WIN_20261006_23_48_36_Pro_frame000323.jpg,WIN_20261006_23_48_36_Pro.mp4,646,21.554867,train,draft_unreviewed
images/train/WIN_20261006_23_48_36_Pro_frame000324.jpg,WIN_20261006_23_48_36_Pro.mp4,648,21.6216,train,draft_unreviewed
images/train/WIN_20261006_23_48_36_Pro_frame000325.jpg,WIN_20261006_23_48_36_Pro.mp4,650,21.688333,train,draft_unreviewed
images/train/WIN_20261006_23_48_36_Pro_frame000326.jpg,WIN_20261006_23_48_36_Pro.mp4,652,21.755067,train,draft_unreviewed
images/train/WIN_20261006_23_48_36_Pro_frame000327.jpg,WIN_20261006_23_48_36_Pro.mp4,654,21.8218,train,draft_unreviewed
images/train/WIN_20261006_23_48_36_Pro_frame000328.jpg,WIN_20261006_23_48_36_Pro.mp4,656,21.888533,train,draft_unreviewed
images/train/WIN_20261006_23_48_36_Pro_frame000329.jpg,WIN_20261006_23_48_36_Pro.mp4,658,21.955267,train,draft_unreviewed
images/train/WIN_20261006_23_48_36_Pro_frame000330.jpg,WIN_20261006_23_48_36_Pro.mp4,660,22.022,train,draft_unreviewed
images/train/WIN_20261006_23_48_36_Pro_frame000331.jpg,WIN_20261006_23_48_36_Pro.mp4,662,22.088733,train,draft_unreviewed
images/train/WIN_20261006_23_48_36_Pro_frame000332.jpg,WIN_20261006_23_48_36_Pro.mp4,664,22.155467,train,draft_unreviewed
images/train/WIN_20261006_23_48_36_Pro_frame000333.jpg,WIN_20261006_23_48_36_Pro.mp4,666,22.2222,train,draft_unreviewed
images/train/WIN_20261006_23_48_36_Pro_frame000334.jpg,WIN_20261006_23_48_36_Pro.mp4,668,22.288933,train,draft_unreviewed
images/train/WIN_20261006_23_48_36_Pro_frame000335.jpg,WIN_20261006_23_48_36_Pro.mp4,670,22.355667,train,draft_unreviewed
images/train/WIN_20261006_23_48_36_Pro_frame000336.jpg,WIN_20261006_23_48_36_Pro.mp4,672,22.4224,train,draft_unreviewed
images/train/WIN_20261006_23_48_36_Pro_frame000337.jpg,WIN_20261006_23_48_36_Pro.mp4,674,22.489133,train,draft_unreviewed
images/train/WIN_20261006_23_48_36_Pro_frame000338.jpg,WIN_20261006_23_48_36_Pro.mp4,676,22.555867,train,draft_unreviewed
images/train/WIN_20261006_23_48_36_Pro_frame000339.jpg,WIN_20261006_23_48_36_Pro.mp4,678,22.6226,train,draft_unreviewed
images/train/WIN_20261006_23_48_36_Pro_frame000340.jpg,WIN_20261006_23_48_36_Pro.mp4,680,22.689333,train,draft_unreviewed
images/train/WIN_20261006_23_48_36_Pro_frame000341.jpg,WIN_20261006_23_48_36_Pro.mp4,682,22.756067,train,draft_unreviewed
images/train/WIN_20261006_23_48_36_Pro_frame000342.jpg,WIN_20261006_23_48_36_Pro.mp4,684,22.8228,train,draft_unreviewed
images/train/WIN_20261006_23_48_36_Pro_frame000343.jpg,WIN_20261006_23_48_36_Pro.mp4,686,22.889533,train,draft_unreviewed
images/train/WIN_20261006_23_48_36_Pro_frame000344.jpg,WIN_20261006_23_48_36_Pro.mp4,688,22.956267,train,draft_unreviewed
images/train/WIN_20261006_23_48_36_Pro_frame000345.jpg,WIN_20261006_23_48_36_Pro.mp4,690,23.023,train,draft_unreviewed
images/train/WIN_20261006_23_48_36_Pro_frame000346.jpg,WIN_20261006_23_48_36_Pro.mp4,692,23.089733,train,draft_unreviewed
images/train/WIN_20261006_23_48_36_Pro_frame000347.jpg,WIN_20261006_23_48_36_Pro.mp4,694,23.156467,train,draft_unreviewed
images/train/WIN_20261006_23_48_36_Pro_frame000348.jpg,WIN_20261006_23_48_36_Pro.mp4,696,23.2232,train,draft_unreviewed
images/train/WIN_20261006_23_48_36_Pro_frame000349.jpg,WIN_20261006_23_48_36_Pro.mp4,698,23.289933,train,draft_unreviewed
images/train/WIN_20261006_23_48_36_Pro_frame000350.jpg,WIN_20261006_23_48_36_Pro.mp4,700,23.356667,train,draft_unreviewed
images/train/WIN_20261006_23_48_36_Pro_frame000351.jpg,WIN_20261006_23_48_36_Pro.mp4,702,23.4234,train,draft_unreviewed
images/train/WIN_20261006_23_48_36_Pro_frame000352.jpg,WIN_20261006_23_48_36_Pro.mp4,704,23.490133,train,draft_unreviewed
images/train/WIN_20261006_23_48_36_Pro_frame000353.jpg,WIN_20261006_23_48_36_Pro.mp4,706,23.556867,train,draft_unreviewed
images/train/WIN_20261006_23_48_36_Pro_frame000354.jpg,WIN_20261006_23_48_36_Pro.mp4,708,23.6236,train,draft_unreviewed
images/train/WIN_20261006_23_48_36_Pro_frame000355.jpg,WIN_20261006_23_48_36_Pro.mp4,710,23.690333,train,draft_unreviewed
images/train/WIN_20261006_23_48_36_Pro_frame000356.jpg,WIN_20261006_23_48_36_Pro.mp4,712,23.757067,train,draft_unreviewed
images/train/WIN_20261006_23_48_36_Pro_frame000357.jpg,WIN_20261006_23_48_36_Pro.mp4,714,23.8238,train,draft_unreviewed
images/train/WIN_20261006_23_48_36_Pro_frame000358.jpg,WIN_20261006_23_48_36_Pro.mp4,716,23.890533,train,draft_unreviewed
images/train/WIN_20261006_23_48_36_Pro_frame000359.jpg,WIN_20261006_23_48_36_Pro.mp4,718,23.957267,train,draft_unreviewed
images/train/WIN_20261006_23_48_36_Pro_frame000360.jpg,WIN_20261006_23_48_36_Pro.mp4,720,24.024,train,draft_unreviewed
images/train/WIN_20261006_23_48_36_Pro_frame000361.jpg,WIN_20261006_23_48_36_Pro.mp4,722,24.090733,train,draft_unreviewed
images/train/WIN_20261006_23_48_36_Pro_frame000362.jpg,WIN_20261006_23_48_36_Pro.mp4,724,24.157467,train,draft_unreviewed
images/train/WIN_20261006_23_48_36_Pro_frame000363.jpg,WIN_20261006_23_48_36_Pro.mp4,726,24.2242,train,draft_unreviewed
images/train/WIN_20261006_23_48_36_Pro_frame000364.jpg,WIN_20261006_23_48_36_Pro.mp4,728,24.290933,train,draft_unreviewed
images/train/WIN_20261006_23_48_36_Pro_frame000365.jpg,WIN_20261006_23_48_36_Pro.mp4,730,24.357667,train,draft_unreviewed
images/train/WIN_20261006_23_48_36_Pro_frame000366.jpg,WIN_20261006_23_48_36_Pro.mp4,732,24.4244,train,draft_unreviewed
images/train/WIN_20261006_23_48_36_Pro_frame000367.jpg,WIN_20261006_23_48_36_Pro.mp4,734,24.491133,train,draft_unreviewed
images/train/WIN_20261006_23_48_36_Pro_frame000368.jpg,WIN_20261006_23_48_36_Pro.mp4,736,24.557867,train,draft_unreviewed
images/train/WIN_20261006_23_48_36_Pro_frame000369.jpg,WIN_20261006_23_48_36_Pro.mp4,738,24.6246,train,draft_unreviewed
images/train/WIN_20261006_23_50_08_Pro_frame000000.jpg,WIN_20261006_23_50_08_Pro.mp4,0,0.0,train,draft_unreviewed
images/train/WIN_20261006_23_50_08_Pro_frame000001.jpg,WIN_20261006_23_50_08_Pro.mp4,2,0.066733,train,draft_unreviewed
images/train/WIN_20261006_23_50_08_Pro_frame000002.jpg,WIN_20261006_23_50_08_Pro.mp4,4,0.133467,train,draft_unreviewed
images/train/WIN_20261006_23_50_08_Pro_frame000003.jpg,WIN_20261006_23_50_08_Pro.mp4,6,0.2002,train,draft_unreviewed
images/train/WIN_20261006_23_50_08_Pro_frame000004.jpg,WIN_20261006_23_50_08_Pro.mp4,8,0.266933,train,draft_unreviewed
images/train/WIN_20261006_23_50_08_Pro_frame000005.jpg,WIN_20261006_23_50_08_Pro.mp4,10,0.333667,train,draft_unreviewed
images/train/WIN_20261006_23_50_08_Pro_frame000006.jpg,WIN_20261006_23_50_08_Pro.mp4,12,0.4004,train,draft_unreviewed
images/train/WIN_20261006_23_50_08_Pro_frame000007.jpg,WIN_20261006_23_50_08_Pro.mp4,14,0.467133,train,draft_unreviewed
images/train/WIN_20261006_23_50_08_Pro_frame000008.jpg,WIN_20261006_23_50_08_Pro.mp4,16,0.533867,train,draft_unreviewed
images/train/WIN_20261006_23_50_08_Pro_frame000009.jpg,WIN_20261006_23_50_08_Pro.mp4,18,0.6006,train,draft_unreviewed
images/train/WIN_20261006_23_50_08_Pro_frame000010.jpg,WIN_20261006_23_50_08_Pro.mp4,20,0.667333,train,draft_unreviewed
images/train/WIN_20261006_23_50_08_Pro_frame000011.jpg,WIN_20261006_23_50_08_Pro.mp4,22,0.734067,train,draft_unreviewed
images/train/WIN_20261006_23_50_08_Pro_frame000012.jpg,WIN_20261006_23_50_08_Pro.mp4,24,0.8008,train,draft_unreviewed
images/train/WIN_20261006_23_50_08_Pro_frame000013.jpg,WIN_20261006_23_50_08_Pro.mp4,26,0.867533,train,draft_unreviewed
images/train/WIN_20261006_23_50_08_Pro_frame000014.jpg,WIN_20261006_23_50_08_Pro.mp4,28,0.934267,train,draft_unreviewed
images/train/WIN_20261006_23_50_08_Pro_frame000015.jpg,WIN_20261006_23_50_08_Pro.mp4,30,1.001,train,draft_unreviewed
images/train/WIN_20261006_23_50_08_Pro_frame000016.jpg,WIN_20261006_23_50_08_Pro.mp4,32,1.067733,train,draft_unreviewed
images/train/WIN_20261006_23_50_08_Pro_frame000017.jpg,WIN_20261006_23_50_08_Pro.mp4,34,1.134467,train,draft_unreviewed
images/train/WIN_20261006_23_50_08_Pro_frame000018.jpg,WIN_20261006_23_50_08_Pro.mp4,36,1.2012,train,draft_unreviewed
images/train/WIN_20261006_23_50_08_Pro_frame000019.jpg,WIN_20261006_23_50_08_Pro.mp4,38,1.267933,train,draft_unreviewed
images/train/WIN_20261006_23_50_08_Pro_frame000020.jpg,WIN_20261006_23_50_08_Pro.mp4,40,1.334667,train,draft_unreviewed
images/train/WIN_20261006_23_50_08_Pro_frame000021.jpg,WIN_20261006_23_50_08_Pro.mp4,42,1.4014,train,draft_unreviewed
images/train/WIN_20261006_23_50_08_Pro_frame000022.jpg,WIN_20261006_23_50_08_Pro.mp4,44,1.468133,train,draft_unreviewed
images/train/WIN_20261006_23_50_08_Pro_frame000023.jpg,WIN_20261006_23_50_08_Pro.mp4,46,1.534867,train,draft_unreviewed
images/train/WIN_20261006_23_50_08_Pro_frame000024.jpg,WIN_20261006_23_50_08_Pro.mp4,48,1.6016,train,draft_unreviewed
images/train/WIN_20261006_23_50_08_Pro_frame000025.jpg,WIN_20261006_23_50_08_Pro.mp4,50,1.668333,train,draft_unreviewed
images/train/WIN_20261006_23_50_08_Pro_frame000026.jpg,WIN_20261006_23_50_08_Pro.mp4,52,1.735067,train,draft_unreviewed
images/train/WIN_20261006_23_50_08_Pro_frame000027.jpg,WIN_20261006_23_50_08_Pro.mp4,54,1.8018,train,draft_unreviewed
images/train/WIN_20261006_23_50_08_Pro_frame000028.jpg,WIN_20261006_23_50_08_Pro.mp4,56,1.868533,train,draft_unreviewed
images/train/WIN_20261006_23_50_08_Pro_frame000029.jpg,WIN_20261006_23_50_08_Pro.mp4,58,1.935267,train,draft_unreviewed
images/train/WIN_20261006_23_50_08_Pro_frame000030.jpg,WIN_20261006_23_50_08_Pro.mp4,60,2.002,train,draft_unreviewed
images/train/WIN_20261006_23_50_08_Pro_frame000031.jpg,WIN_20261006_23_50_08_Pro.mp4,62,2.068733,train,draft_unreviewed
images/train/WIN_20261006_23_50_08_Pro_frame000032.jpg,WIN_20261006_23_50_08_Pro.mp4,64,2.135467,train,draft_unreviewed
images/train/WIN_20261006_23_50_08_Pro_frame000033.jpg,WIN_20261006_23_50_08_Pro.mp4,66,2.2022,train,draft_unreviewed
images/train/WIN_20261006_23_50_08_Pro_frame000034.jpg,WIN_20261006_23_50_08_Pro.mp4,68,2.268933,train,draft_unreviewed
images/train/WIN_20261006_23_50_08_Pro_frame000035.jpg,WIN_20261006_23_50_08_Pro.mp4,70,2.335667,train,draft_unreviewed
images/train/WIN_20261006_23_50_08_Pro_frame000036.jpg,WIN_20261006_23_50_08_Pro.mp4,72,2.4024,train,draft_unreviewed
images/train/WIN_20261006_23_50_08_Pro_frame000037.jpg,WIN_20261006_23_50_08_Pro.mp4,74,2.469133,train,draft_unreviewed
images/train/WIN_20261006_23_50_08_Pro_frame000038.jpg,WIN_20261006_23_50_08_Pro.mp4,76,2.535867,train,draft_unreviewed
images/train/WIN_20261006_23_50_08_Pro_frame000039.jpg,WIN_20261006_23_50_08_Pro.mp4,78,2.6026,train,draft_unreviewed
images/train/WIN_20261006_23_50_08_Pro_frame000040.jpg,WIN_20261006_23_50_08_Pro.mp4,80,2.669333,train,draft_unreviewed
images/train/WIN_20261006_23_50_08_Pro_frame000041.jpg,WIN_20261006_23_50_08_Pro.mp4,82,2.736067,train,draft_unreviewed
images/train/WIN_20261006_23_50_08_Pro_frame000042.jpg,WIN_20261006_23_50_08_Pro.mp4,84,2.8028,train,draft_unreviewed
images/train/WIN_20261006_23_50_08_Pro_frame000043.jpg,WIN_20261006_23_50_08_Pro.mp4,86,2.869533,train,draft_unreviewed
images/train/WIN_20261006_23_50_08_Pro_frame000044.jpg,WIN_20261006_23_50_08_Pro.mp4,88,2.936267,train,draft_unreviewed
images/train/WIN_20261006_23_50_08_Pro_frame000045.jpg,WIN_20261006_23_50_08_Pro.mp4,90,3.003,train,draft_unreviewed
images/train/WIN_20261006_23_50_08_Pro_frame000046.jpg,WIN_20261006_23_50_08_Pro.mp4,92,3.069733,train,draft_unreviewed
images/train/WIN_20261006_23_50_08_Pro_frame000047.jpg,WIN_20261006_23_50_08_Pro.mp4,94,3.136467,train,draft_unreviewed
images/train/WIN_20261006_23_50_08_Pro_frame000048.jpg,WIN_20261006_23_50_08_Pro.mp4,96,3.2032,train,draft_unreviewed
images/train/WIN_20261006_23_50_08_Pro_frame000049.jpg,WIN_20261006_23_50_08_Pro.mp4,98,3.269933,train,draft_unreviewed
images/train/WIN_20261006_23_50_08_Pro_frame000050.jpg,WIN_20261006_23_50_08_Pro.mp4,100,3.336667,train,draft_unreviewed
images/train/WIN_20261006_23_50_08_Pro_frame000051.jpg,WIN_20261006_23_50_08_Pro.mp4,102,3.4034,train,draft_unreviewed
images/train/WIN_20261006_23_50_08_Pro_frame000052.jpg,WIN_20261006_23_50_08_Pro.mp4,104,3.470133,train,draft_unreviewed
images/train/WIN_20261006_23_50_08_Pro_frame000053.jpg,WIN_20261006_23_50_08_Pro.mp4,106,3.536867,train,draft_unreviewed
images/train/WIN_20261006_23_50_08_Pro_frame000054.jpg,WIN_20261006_23_50_08_Pro.mp4,108,3.6036,train,draft_unreviewed
images/train/WIN_20261006_23_50_08_Pro_frame000055.jpg,WIN_20261006_23_50_08_Pro.mp4,110,3.670333,train,draft_unreviewed
images/train/WIN_20261006_23_50_08_Pro_frame000056.jpg,WIN_20261006_23_50_08_Pro.mp4,112,3.737067,train,draft_unreviewed
images/train/WIN_20261006_23_50_08_Pro_frame000057.jpg,WIN_20261006_23_50_08_Pro.mp4,114,3.8038,train,draft_unreviewed
images/train/WIN_20261006_23_50_08_Pro_frame000058.jpg,WIN_20261006_23_50_08_Pro.mp4,116,3.870533,train,draft_unreviewed
images/train/WIN_20261006_23_50_08_Pro_frame000059.jpg,WIN_20261006_23_50_08_Pro.mp4,118,3.937267,train,draft_unreviewed
images/train/WIN_20261006_23_50_08_Pro_frame000060.jpg,WIN_20261006_23_50_08_Pro.mp4,120,4.004,train,draft_unreviewed
images/train/WIN_20261006_23_50_08_Pro_frame000061.jpg,WIN_20261006_23_50_08_Pro.mp4,122,4.070733,train,draft_unreviewed
images/train/WIN_20261006_23_50_08_Pro_frame000062.jpg,WIN_20261006_23_50_08_Pro.mp4,124,4.137467,train,draft_unreviewed
images/train/WIN_20261006_23_50_08_Pro_frame000063.jpg,WIN_20261006_23_50_08_Pro.mp4,126,4.2042,train,draft_unreviewed
images/train/WIN_20261006_23_50_08_Pro_frame000064.jpg,WIN_20261006_23_50_08_Pro.mp4,128,4.270933,train,draft_unreviewed
images/train/WIN_20261006_23_50_08_Pro_frame000065.jpg,WIN_20261006_23_50_08_Pro.mp4,130,4.337667,train,draft_unreviewed
images/train/WIN_20261006_23_50_08_Pro_frame000066.jpg,WIN_20261006_23_50_08_Pro.mp4,132,4.4044,train,draft_unreviewed
images/train/WIN_20261006_23_50_08_Pro_frame000067.jpg,WIN_20261006_23_50_08_Pro.mp4,134,4.471133,train,draft_unreviewed
images/train/WIN_20261006_23_50_08_Pro_frame000068.jpg,WIN_20261006_23_50_08_Pro.mp4,136,4.537867,train,draft_unreviewed
images/train/WIN_20261006_23_50_08_Pro_frame000069.jpg,WIN_20261006_23_50_08_Pro.mp4,138,4.6046,train,draft_unreviewed
images/train/WIN_20261006_23_50_08_Pro_frame000070.jpg,WIN_20261006_23_50_08_Pro.mp4,140,4.671333,train,draft_unreviewed
images/train/WIN_20261006_23_50_08_Pro_frame000071.jpg,WIN_20261006_23_50_08_Pro.mp4,142,4.738067,train,draft_unreviewed
images/train/WIN_20261006_23_50_08_Pro_frame000072.jpg,WIN_20261006_23_50_08_Pro.mp4,144,4.8048,train,draft_unreviewed
images/train/WIN_20261006_23_50_08_Pro_frame000073.jpg,WIN_20261006_23_50_08_Pro.mp4,146,4.871533,train,draft_unreviewed
images/train/WIN_20261006_23_50_08_Pro_frame000074.jpg,WIN_20261006_23_50_08_Pro.mp4,148,4.938267,train,draft_unreviewed
images/train/WIN_20261006_23_50_08_Pro_frame000075.jpg,WIN_20261006_23_50_08_Pro.mp4,150,5.005,train,draft_unreviewed
images/train/WIN_20261006_23_50_08_Pro_frame000076.jpg,WIN_20261006_23_50_08_Pro.mp4,152,5.071733,train,draft_unreviewed
images/train/WIN_20261006_23_50_08_Pro_frame000077.jpg,WIN_20261006_23_50_08_Pro.mp4,154,5.138467,train,draft_unreviewed
images/train/WIN_20261006_23_50_08_Pro_frame000078.jpg,WIN_20261006_23_50_08_Pro.mp4,156,5.2052,train,draft_unreviewed
images/train/WIN_20261006_23_50_08_Pro_frame000079.jpg,WIN_20261006_23_50_08_Pro.mp4,158,5.271933,train,draft_unreviewed
images/train/WIN_20261006_23_50_08_Pro_frame000080.jpg,WIN_20261006_23_50_08_Pro.mp4,160,5.338667,train,draft_unreviewed
images/train/WIN_20261006_23_50_08_Pro_frame000081.jpg,WIN_20261006_23_50_08_Pro.mp4,162,5.4054,train,draft_unreviewed
images/train/WIN_20261006_23_50_08_Pro_frame000082.jpg,WIN_20261006_23_50_08_Pro.mp4,164,5.472133,train,draft_unreviewed
images/train/WIN_20261006_23_50_08_Pro_frame000083.jpg,WIN_20261006_23_50_08_Pro.mp4,166,5.538867,train,draft_unreviewed
images/train/WIN_20261006_23_50_08_Pro_frame000084.jpg,WIN_20261006_23_50_08_Pro.mp4,168,5.6056,train,draft_unreviewed
images/train/WIN_20261006_23_50_08_Pro_frame000085.jpg,WIN_20261006_23_50_08_Pro.mp4,170,5.672333,train,draft_unreviewed
images/train/WIN_20261006_23_50_08_Pro_frame000086.jpg,WIN_20261006_23_50_08_Pro.mp4,172,5.739067,train,draft_unreviewed
images/train/WIN_20261006_23_50_08_Pro_frame000087.jpg,WIN_20261006_23_50_08_Pro.mp4,174,5.8058,train,draft_unreviewed
images/train/WIN_20261006_23_50_08_Pro_frame000088.jpg,WIN_20261006_23_50_08_Pro.mp4,176,5.872533,train,draft_unreviewed
images/train/WIN_20261006_23_50_08_Pro_frame000089.jpg,WIN_20261006_23_50_08_Pro.mp4,178,5.939267,train,draft_unreviewed
images/train/WIN_20261006_23_50_08_Pro_frame000090.jpg,WIN_20261006_23_50_08_Pro.mp4,180,6.006,train,draft_unreviewed
images/train/WIN_20261006_23_50_08_Pro_frame000091.jpg,WIN_20261006_23_50_08_Pro.mp4,182,6.072733,train,draft_unreviewed
images/train/WIN_20261006_23_50_08_Pro_frame000092.jpg,WIN_20261006_23_50_08_Pro.mp4,184,6.139467,train,draft_unreviewed
images/train/WIN_20261006_23_50_08_Pro_frame000093.jpg,WIN_20261006_23_50_08_Pro.mp4,186,6.2062,train,draft_unreviewed
images/train/WIN_20261006_23_50_08_Pro_frame000094.jpg,WIN_20261006_23_50_08_Pro.mp4,188,6.272933,train,draft_unreviewed
images/train/WIN_20261006_23_50_08_Pro_frame000095.jpg,WIN_20261006_23_50_08_Pro.mp4,190,6.339667,train,draft_unreviewed
images/train/WIN_20261006_23_50_08_Pro_frame000096.jpg,WIN_20261006_23_50_08_Pro.mp4,192,6.4064,train,draft_unreviewed
images/train/WIN_20261006_23_50_08_Pro_frame000097.jpg,WIN_20261006_23_50_08_Pro.mp4,194,6.473133,train,draft_unreviewed
images/train/WIN_20261006_23_50_08_Pro_frame000098.jpg,WIN_20261006_23_50_08_Pro.mp4,196,6.539867,train,draft_unreviewed
images/train/WIN_20261006_23_50_08_Pro_frame000099.jpg,WIN_20261006_23_50_08_Pro.mp4,198,6.6066,train,draft_unreviewed
images/train/WIN_20261006_23_50_08_Pro_frame000100.jpg,WIN_20261006_23_50_08_Pro.mp4,200,6.673333,train,draft_unreviewed
images/train/WIN_20261006_23_50_08_Pro_frame000101.jpg,WIN_20261006_23_50_08_Pro.mp4,202,6.740067,train,draft_unreviewed
images/train/WIN_20261006_23_50_08_Pro_frame000102.jpg,WIN_20261006_23_50_08_Pro.mp4,204,6.8068,train,draft_unreviewed
images/train/WIN_20261006_23_50_08_Pro_frame000103.jpg,WIN_20261006_23_50_08_Pro.mp4,206,6.873533,train,draft_unreviewed
images/train/WIN_20261006_23_50_08_Pro_frame000104.jpg,WIN_20261006_23_50_08_Pro.mp4,208,6.940267,train,draft_unreviewed
images/train/WIN_20261006_23_50_08_Pro_frame000105.jpg,WIN_20261006_23_50_08_Pro.mp4,210,7.007,train,draft_unreviewed
images/train/WIN_20261006_23_50_08_Pro_frame000106.jpg,WIN_20261006_23_50_08_Pro.mp4,212,7.073733,train,draft_unreviewed
images/train/WIN_20261006_23_50_08_Pro_frame000107.jpg,WIN_20261006_23_50_08_Pro.mp4,214,7.140467,train,draft_unreviewed
images/train/WIN_20261006_23_50_08_Pro_frame000108.jpg,WIN_20261006_23_50_08_Pro.mp4,216,7.2072,train,draft_unreviewed
images/train/WIN_20261006_23_50_08_Pro_frame000109.jpg,WIN_20261006_23_50_08_Pro.mp4,218,7.273933,train,draft_unreviewed
images/train/WIN_20261006_23_50_08_Pro_frame000110.jpg,WIN_20261006_23_50_08_Pro.mp4,220,7.340667,train,draft_unreviewed
images/train/WIN_20261006_23_50_08_Pro_frame000111.jpg,WIN_20261006_23_50_08_Pro.mp4,222,7.4074,train,draft_unreviewed
images/train/WIN_20261006_23_50_08_Pro_frame000112.jpg,WIN_20261006_23_50_08_Pro.mp4,224,7.474133,train,draft_unreviewed
images/train/WIN_20261006_23_50_08_Pro_frame000113.jpg,WIN_20261006_23_50_08_Pro.mp4,226,7.540867,train,draft_unreviewed
images/train/WIN_20261006_23_50_08_Pro_frame000114.jpg,WIN_20261006_23_50_08_Pro.mp4,228,7.6076,train,draft_unreviewed
images/train/WIN_20261006_23_50_08_Pro_frame000115.jpg,WIN_20261006_23_50_08_Pro.mp4,230,7.674333,train,draft_unreviewed
images/train/WIN_20261006_23_50_08_Pro_frame000116.jpg,WIN_20261006_23_50_08_Pro.mp4,232,7.741067,train,draft_unreviewed
images/train/WIN_20261006_23_50_08_Pro_frame000117.jpg,WIN_20261006_23_50_08_Pro.mp4,234,7.8078,train,draft_unreviewed
images/train/WIN_20261006_23_50_08_Pro_frame000118.jpg,WIN_20261006_23_50_08_Pro.mp4,236,7.874533,train,draft_unreviewed
images/train/WIN_20261006_23_50_08_Pro_frame000119.jpg,WIN_20261006_23_50_08_Pro.mp4,238,7.941267,train,draft_unreviewed
images/train/WIN_20261006_23_50_08_Pro_frame000120.jpg,WIN_20261006_23_50_08_Pro.mp4,240,8.008,train,draft_unreviewed
images/train/WIN_20261006_23_50_08_Pro_frame000121.jpg,WIN_20261006_23_50_08_Pro.mp4,242,8.074733,train,draft_unreviewed
images/train/WIN_20261006_23_50_08_Pro_frame000122.jpg,WIN_20261006_23_50_08_Pro.mp4,244,8.141467,train,draft_unreviewed
images/train/WIN_20261006_23_50_08_Pro_frame000123.jpg,WIN_20261006_23_50_08_Pro.mp4,246,8.2082,train,draft_unreviewed
images/train/WIN_20261006_23_50_08_Pro_frame000124.jpg,WIN_20261006_23_50_08_Pro.mp4,248,8.274933,train,draft_unreviewed
images/train/WIN_20261006_23_50_08_Pro_frame000125.jpg,WIN_20261006_23_50_08_Pro.mp4,250,8.341667,train,draft_unreviewed
images/train/WIN_20261006_23_50_08_Pro_frame000126.jpg,WIN_20261006_23_50_08_Pro.mp4,252,8.4084,train,draft_unreviewed
images/train/WIN_20261006_23_50_08_Pro_frame000127.jpg,WIN_20261006_23_50_08_Pro.mp4,254,8.475133,train,draft_unreviewed
images/train/WIN_20261006_23_50_08_Pro_frame000128.jpg,WIN_20261006_23_50_08_Pro.mp4,256,8.541867,train,draft_unreviewed
images/train/WIN_20261006_23_50_08_Pro_frame000129.jpg,WIN_20261006_23_50_08_Pro.mp4,258,8.6086,train,draft_unreviewed
images/train/WIN_20261006_23_50_08_Pro_frame000130.jpg,WIN_20261006_23_50_08_Pro.mp4,260,8.675333,train,draft_unreviewed
images/train/WIN_20261006_23_50_08_Pro_frame000131.jpg,WIN_20261006_23_50_08_Pro.mp4,262,8.742067,train,draft_unreviewed
images/train/WIN_20261006_23_50_08_Pro_frame000132.jpg,WIN_20261006_23_50_08_Pro.mp4,264,8.8088,train,draft_unreviewed
images/train/WIN_20261006_23_50_08_Pro_frame000133.jpg,WIN_20261006_23_50_08_Pro.mp4,266,8.875533,train,draft_unreviewed
images/train/WIN_20261006_23_50_08_Pro_frame000134.jpg,WIN_20261006_23_50_08_Pro.mp4,268,8.942267,train,draft_unreviewed
images/train/WIN_20261006_23_50_08_Pro_frame000135.jpg,WIN_20261006_23_50_08_Pro.mp4,270,9.009,train,draft_unreviewed
images/train/WIN_20261006_23_50_08_Pro_frame000136.jpg,WIN_20261006_23_50_08_Pro.mp4,272,9.075733,train,draft_unreviewed
images/train/WIN_20261006_23_50_08_Pro_frame000137.jpg,WIN_20261006_23_50_08_Pro.mp4,274,9.142467,train,draft_unreviewed
images/train/WIN_20261006_23_50_08_Pro_frame000138.jpg,WIN_20261006_23_50_08_Pro.mp4,276,9.2092,train,draft_unreviewed
images/train/WIN_20261006_23_50_08_Pro_frame000139.jpg,WIN_20261006_23_50_08_Pro.mp4,278,9.275933,train,draft_unreviewed
images/train/WIN_20261006_23_50_08_Pro_frame000140.jpg,WIN_20261006_23_50_08_Pro.mp4,280,9.342667,train,draft_unreviewed
images/train/WIN_20261006_23_50_08_Pro_frame000141.jpg,WIN_20261006_23_50_08_Pro.mp4,282,9.4094,train,draft_unreviewed
images/train/WIN_20261006_23_50_08_Pro_frame000142.jpg,WIN_20261006_23_50_08_Pro.mp4,284,9.476133,train,draft_unreviewed
images/train/WIN_20261006_23_50_08_Pro_frame000143.jpg,WIN_20261006_23_50_08_Pro.mp4,286,9.542867,train,draft_unreviewed
images/train/WIN_20261006_23_50_08_Pro_frame000144.jpg,WIN_20261006_23_50_08_Pro.mp4,288,9.6096,train,draft_unreviewed
images/train/WIN_20261006_23_50_08_Pro_frame000145.jpg,WIN_20261006_23_50_08_Pro.mp4,290,9.676333,train,draft_unreviewed
images/train/WIN_20261006_23_50_08_Pro_frame000146.jpg,WIN_20261006_23_50_08_Pro.mp4,292,9.743067,train,draft_unreviewed
images/train/WIN_20261006_23_50_08_Pro_frame000147.jpg,WIN_20261006_23_50_08_Pro.mp4,294,9.8098,train,draft_unreviewed
images/train/WIN_20261006_23_50_08_Pro_frame000148.jpg,WIN_20261006_23_50_08_Pro.mp4,296,9.876533,train,draft_unreviewed
images/train/WIN_20261006_23_50_08_Pro_frame000149.jpg,WIN_20261006_23_50_08_Pro.mp4,298,9.943267,train,draft_unreviewed
images/train/WIN_20261006_23_50_08_Pro_frame000150.jpg,WIN_20261006_23_50_08_Pro.mp4,300,10.01,train,draft_unreviewed
images/train/WIN_20261006_23_50_08_Pro_frame000151.jpg,WIN_20261006_23_50_08_Pro.mp4,302,10.076733,train,draft_unreviewed
images/train/WIN_20261006_23_50_08_Pro_frame000152.jpg,WIN_20261006_23_50_08_Pro.mp4,304,10.143467,train,draft_unreviewed
images/train/WIN_20261006_23_50_08_Pro_frame000153.jpg,WIN_20261006_23_50_08_Pro.mp4,306,10.2102,train,draft_unreviewed
images/train/WIN_20261006_23_50_08_Pro_frame000154.jpg,WIN_20261006_23_50_08_Pro.mp4,308,10.276933,train,draft_unreviewed
images/train/WIN_20261006_23_50_08_Pro_frame000155.jpg,WIN_20261006_23_50_08_Pro.mp4,310,10.343667,train,draft_unreviewed
images/train/WIN_20261006_23_50_08_Pro_frame000156.jpg,WIN_20261006_23_50_08_Pro.mp4,312,10.4104,train,draft_unreviewed
images/train/WIN_20261006_23_50_08_Pro_frame000157.jpg,WIN_20261006_23_50_08_Pro.mp4,314,10.477133,train,draft_unreviewed
images/train/WIN_20261006_23_50_08_Pro_frame000158.jpg,WIN_20261006_23_50_08_Pro.mp4,316,10.543867,train,draft_unreviewed
images/train/WIN_20261006_23_50_08_Pro_frame000159.jpg,WIN_20261006_23_50_08_Pro.mp4,318,10.6106,train,draft_unreviewed
images/train/WIN_20261006_23_50_08_Pro_frame000160.jpg,WIN_20261006_23_50_08_Pro.mp4,320,10.677333,train,draft_unreviewed
images/train/WIN_20261006_23_50_08_Pro_frame000161.jpg,WIN_20261006_23_50_08_Pro.mp4,322,10.744067,train,draft_unreviewed
images/train/WIN_20261006_23_50_08_Pro_frame000162.jpg,WIN_20261006_23_50_08_Pro.mp4,324,10.8108,train,draft_unreviewed
images/train/WIN_20261006_23_50_08_Pro_frame000163.jpg,WIN_20261006_23_50_08_Pro.mp4,326,10.877533,train,draft_unreviewed
images/train/WIN_20261006_23_50_08_Pro_frame000164.jpg,WIN_20261006_23_50_08_Pro.mp4,328,10.944267,train,draft_unreviewed
images/train/WIN_20261006_23_50_08_Pro_frame000165.jpg,WIN_20261006_23_50_08_Pro.mp4,330,11.011,train,draft_unreviewed
images/train/WIN_20261006_23_50_08_Pro_frame000166.jpg,WIN_20261006_23_50_08_Pro.mp4,332,11.077733,train,draft_unreviewed
images/train/WIN_20261006_23_50_08_Pro_frame000167.jpg,WIN_20261006_23_50_08_Pro.mp4,334,11.144467,train,draft_unreviewed
images/train/WIN_20261006_23_50_08_Pro_frame000168.jpg,WIN_20261006_23_50_08_Pro.mp4,336,11.2112,train,draft_unreviewed
images/train/WIN_20261006_23_50_08_Pro_frame000169.jpg,WIN_20261006_23_50_08_Pro.mp4,338,11.277933,train,draft_unreviewed
images/train/WIN_20261006_23_50_08_Pro_frame000170.jpg,WIN_20261006_23_50_08_Pro.mp4,340,11.344667,train,draft_unreviewed
images/train/WIN_20261006_23_50_08_Pro_frame000171.jpg,WIN_20261006_23_50_08_Pro.mp4,342,11.4114,train,draft_unreviewed
images/train/WIN_20261006_23_50_08_Pro_frame000172.jpg,WIN_20261006_23_50_08_Pro.mp4,344,11.478133,train,draft_unreviewed
images/val/WIN_20261006_23_50_46_Pro_frame000000.jpg,WIN_20261006_23_50_46_Pro.mp4,0,0.0,val,draft_unreviewed
images/val/WIN_20261006_23_50_46_Pro_frame000001.jpg,WIN_20261006_23_50_46_Pro.mp4,2,0.066733,val,draft_unreviewed
images/val/WIN_20261006_23_50_46_Pro_frame000002.jpg,WIN_20261006_23_50_46_Pro.mp4,4,0.133467,val,draft_unreviewed
images/val/WIN_20261006_23_50_46_Pro_frame000003.jpg,WIN_20261006_23_50_46_Pro.mp4,6,0.2002,val,draft_unreviewed
images/val/WIN_20261006_23_50_46_Pro_frame000004.jpg,WIN_20261006_23_50_46_Pro.mp4,8,0.266933,val,draft_unreviewed
images/val/WIN_20261006_23_50_46_Pro_frame000005.jpg,WIN_20261006_23_50_46_Pro.mp4,10,0.333667,val,draft_unreviewed
images/val/WIN_20261006_23_50_46_Pro_frame000006.jpg,WIN_20261006_23_50_46_Pro.mp4,12,0.4004,val,draft_unreviewed
images/val/WIN_20261006_23_50_46_Pro_frame000007.jpg,WIN_20261006_23_50_46_Pro.mp4,14,0.467133,val,draft_unreviewed
images/val/WIN_20261006_23_50_46_Pro_frame000008.jpg,WIN_20261006_23_50_46_Pro.mp4,16,0.533867,val,draft_unreviewed
images/val/WIN_20261006_23_50_46_Pro_frame000009.jpg,WIN_20261006_23_50_46_Pro.mp4,18,0.6006,val,draft_unreviewed
images/val/WIN_20261006_23_50_46_Pro_frame000010.jpg,WIN_20261006_23_50_46_Pro.mp4,20,0.667333,val,draft_unreviewed
images/val/WIN_20261006_23_50_46_Pro_frame000011.jpg,WIN_20261006_23_50_46_Pro.mp4,22,0.734067,val,draft_unreviewed
images/val/WIN_20261006_23_50_46_Pro_frame000012.jpg,WIN_20261006_23_50_46_Pro.mp4,24,0.8008,val,draft_unreviewed
images/val/WIN_20261006_23_50_46_Pro_frame000013.jpg,WIN_20261006_23_50_46_Pro.mp4,26,0.867533,val,draft_unreviewed
images/val/WIN_20261006_23_50_46_Pro_frame000014.jpg,WIN_20261006_23_50_46_Pro.mp4,28,0.934267,val,draft_unreviewed
images/val/WIN_20261006_23_50_46_Pro_frame000015.jpg,WIN_20261006_23_50_46_Pro.mp4,30,1.001,val,draft_unreviewed
images/val/WIN_20261006_23_50_46_Pro_frame000016.jpg,WIN_20261006_23_50_46_Pro.mp4,32,1.067733,val,draft_unreviewed
images/val/WIN_20261006_23_50_46_Pro_frame000017.jpg,WIN_20261006_23_50_46_Pro.mp4,34,1.134467,val,draft_unreviewed
images/val/WIN_20261006_23_50_46_Pro_frame000018.jpg,WIN_20261006_23_50_46_Pro.mp4,36,1.2012,val,draft_unreviewed
images/val/WIN_20261006_23_50_46_Pro_frame000019.jpg,WIN_20261006_23_50_46_Pro.mp4,38,1.267933,val,draft_unreviewed
images/val/WIN_20261006_23_50_46_Pro_frame000020.jpg,WIN_20261006_23_50_46_Pro.mp4,40,1.334667,val,draft_unreviewed
images/val/WIN_20261006_23_50_46_Pro_frame000021.jpg,WIN_20261006_23_50_46_Pro.mp4,42,1.4014,val,draft_unreviewed
images/val/WIN_20261006_23_50_46_Pro_frame000022.jpg,WIN_20261006_23_50_46_Pro.mp4,44,1.468133,val,draft_unreviewed
images/val/WIN_20261006_23_50_46_Pro_frame000023.jpg,WIN_20261006_23_50_46_Pro.mp4,46,1.534867,val,draft_unreviewed
images/val/WIN_20261006_23_50_46_Pro_frame000024.jpg,WIN_20261006_23_50_46_Pro.mp4,48,1.6016,val,draft_unreviewed
images/val/WIN_20261006_23_50_46_Pro_frame000025.jpg,WIN_20261006_23_50_46_Pro.mp4,50,1.668333,val,draft_unreviewed
images/val/WIN_20261006_23_50_46_Pro_frame000026.jpg,WIN_20261006_23_50_46_Pro.mp4,52,1.735067,val,draft_unreviewed
images/val/WIN_20261006_23_50_46_Pro_frame000027.jpg,WIN_20261006_23_50_46_Pro.mp4,54,1.8018,val,draft_unreviewed
images/val/WIN_20261006_23_50_46_Pro_frame000028.jpg,WIN_20261006_23_50_46_Pro.mp4,56,1.868533,val,draft_unreviewed
images/val/WIN_20261006_23_50_46_Pro_frame000029.jpg,WIN_20261006_23_50_46_Pro.mp4,58,1.935267,val,draft_unreviewed
images/val/WIN_20261006_23_50_46_Pro_frame000030.jpg,WIN_20261006_23_50_46_Pro.mp4,60,2.002,val,draft_unreviewed
images/val/WIN_20261006_23_50_46_Pro_frame000031.jpg,WIN_20261006_23_50_46_Pro.mp4,62,2.068733,val,draft_unreviewed
images/val/WIN_20261006_23_50_46_Pro_frame000032.jpg,WIN_20261006_23_50_46_Pro.mp4,64,2.135467,val,draft_unreviewed
images/val/WIN_20261006_23_50_46_Pro_frame000033.jpg,WIN_20261006_23_50_46_Pro.mp4,66,2.2022,val,draft_unreviewed
images/val/WIN_20261006_23_50_46_Pro_frame000034.jpg,WIN_20261006_23_50_46_Pro.mp4,68,2.268933,val,draft_unreviewed
images/val/WIN_20261006_23_50_46_Pro_frame000035.jpg,WIN_20261006_23_50_46_Pro.mp4,70,2.335667,val,draft_unreviewed
images/val/WIN_20261006_23_50_46_Pro_frame000036.jpg,WIN_20261006_23_50_46_Pro.mp4,72,2.4024,val,draft_unreviewed
images/val/WIN_20261006_23_50_46_Pro_frame000037.jpg,WIN_20261006_23_50_46_Pro.mp4,74,2.469133,val,draft_unreviewed
images/val/WIN_20261006_23_50_46_Pro_frame000038.jpg,WIN_20261006_23_50_46_Pro.mp4,76,2.535867,val,draft_unreviewed
images/val/WIN_20261006_23_50_46_Pro_frame000039.jpg,WIN_20261006_23_50_46_Pro.mp4,78,2.6026,val,draft_unreviewed
images/val/WIN_20261006_23_50_46_Pro_frame000040.jpg,WIN_20261006_23_50_46_Pro.mp4,80,2.669333,val,draft_unreviewed
images/val/WIN_20261006_23_50_46_Pro_frame000041.jpg,WIN_20261006_23_50_46_Pro.mp4,82,2.736067,val,draft_unreviewed
images/val/WIN_20261006_23_50_46_Pro_frame000042.jpg,WIN_20261006_23_50_46_Pro.mp4,84,2.8028,val,draft_unreviewed
images/val/WIN_20261006_23_50_46_Pro_frame000043.jpg,WIN_20261006_23_50_46_Pro.mp4,86,2.869533,val,draft_unreviewed
images/val/WIN_20261006_23_50_46_Pro_frame000044.jpg,WIN_20261006_23_50_46_Pro.mp4,88,2.936267,val,draft_unreviewed
images/val/WIN_20261006_23_50_46_Pro_frame000045.jpg,WIN_20261006_23_50_46_Pro.mp4,90,3.003,val,draft_unreviewed
images/val/WIN_20261006_23_50_46_Pro_frame000046.jpg,WIN_20261006_23_50_46_Pro.mp4,92,3.069733,val,draft_unreviewed
images/val/WIN_20261006_23_50_46_Pro_frame000047.jpg,WIN_20261006_23_50_46_Pro.mp4,94,3.136467,val,draft_unreviewed
images/val/WIN_20261006_23_50_46_Pro_frame000048.jpg,WIN_20261006_23_50_46_Pro.mp4,96,3.2032,val,draft_unreviewed
images/val/WIN_20261006_23_50_46_Pro_frame000049.jpg,WIN_20261006_23_50_46_Pro.mp4,98,3.269933,val,draft_unreviewed
images/val/WIN_20261006_23_50_46_Pro_frame000050.jpg,WIN_20261006_23_50_46_Pro.mp4,100,3.336667,val,draft_unreviewed
images/val/WIN_20261006_23_50_46_Pro_frame000051.jpg,WIN_20261006_23_50_46_Pro.mp4,102,3.4034,val,draft_unreviewed
images/val/WIN_20261006_23_50_46_Pro_frame000052.jpg,WIN_20261006_23_50_46_Pro.mp4,104,3.470133,val,draft_unreviewed
images/val/WIN_20261006_23_50_46_Pro_frame000053.jpg,WIN_20261006_23_50_46_Pro.mp4,106,3.536867,val,draft_unreviewed
images/val/WIN_20261006_23_50_46_Pro_frame000054.jpg,WIN_20261006_23_50_46_Pro.mp4,108,3.6036,val,draft_unreviewed
images/val/WIN_20261006_23_50_46_Pro_frame000055.jpg,WIN_20261006_23_50_46_Pro.mp4,110,3.670333,val,draft_unreviewed
images/val/WIN_20261006_23_50_46_Pro_frame000056.jpg,WIN_20261006_23_50_46_Pro.mp4,112,3.737067,val,draft_unreviewed
images/val/WIN_20261006_23_50_46_Pro_frame000057.jpg,WIN_20261006_23_50_46_Pro.mp4,114,3.8038,val,draft_unreviewed
images/val/WIN_20261006_23_50_46_Pro_frame000058.jpg,WIN_20261006_23_50_46_Pro.mp4,116,3.870533,val,draft_unreviewed
images/val/WIN_20261006_23_50_46_Pro_frame000059.jpg,WIN_20261006_23_50_46_Pro.mp4,118,3.937267,val,draft_unreviewed
images/val/WIN_20261006_23_50_46_Pro_frame000060.jpg,WIN_20261006_23_50_46_Pro.mp4,120,4.004,val,draft_unreviewed
images/val/WIN_20261006_23_50_46_Pro_frame000061.jpg,WIN_20261006_23_50_46_Pro.mp4,122,4.070733,val,draft_unreviewed
images/val/WIN_20261006_23_50_46_Pro_frame000062.jpg,WIN_20261006_23_50_46_Pro.mp4,124,4.137467,val,draft_unreviewed
images/val/WIN_20261006_23_50_46_Pro_frame000063.jpg,WIN_20261006_23_50_46_Pro.mp4,126,4.2042,val,draft_unreviewed
images/val/WIN_20261006_23_50_46_Pro_frame000064.jpg,WIN_20261006_23_50_46_Pro.mp4,128,4.270933,val,draft_unreviewed
images/val/WIN_20261006_23_50_46_Pro_frame000065.jpg,WIN_20261006_23_50_46_Pro.mp4,130,4.337667,val,draft_unreviewed
images/val/WIN_20261006_23_50_46_Pro_frame000066.jpg,WIN_20261006_23_50_46_Pro.mp4,132,4.4044,val,draft_unreviewed
images/val/WIN_20261006_23_50_46_Pro_frame000067.jpg,WIN_20261006_23_50_46_Pro.mp4,134,4.471133,val,draft_unreviewed
images/val/WIN_20261006_23_50_46_Pro_frame000068.jpg,WIN_20261006_23_50_46_Pro.mp4,136,4.537867,val,draft_unreviewed
images/val/WIN_20261006_23_50_46_Pro_frame000069.jpg,WIN_20261006_23_50_46_Pro.mp4,138,4.6046,val,draft_unreviewed
images/val/WIN_20261006_23_50_46_Pro_frame000070.jpg,WIN_20261006_23_50_46_Pro.mp4,140,4.671333,val,draft_unreviewed
images/val/WIN_20261006_23_50_46_Pro_frame000071.jpg,WIN_20261006_23_50_46_Pro.mp4,142,4.738067,val,draft_unreviewed
images/val/WIN_20261006_23_50_46_Pro_frame000072.jpg,WIN_20261006_23_50_46_Pro.mp4,144,4.8048,val,draft_unreviewed
images/val/WIN_20261006_23_50_46_Pro_frame000073.jpg,WIN_20261006_23_50_46_Pro.mp4,146,4.871533,val,draft_unreviewed
images/val/WIN_20261006_23_50_46_Pro_frame000074.jpg,WIN_20261006_23_50_46_Pro.mp4,148,4.938267,val,draft_unreviewed
images/val/WIN_20261006_23_50_46_Pro_frame000075.jpg,WIN_20261006_23_50_46_Pro.mp4,150,5.005,val,draft_unreviewed
images/val/WIN_20261006_23_50_46_Pro_frame000076.jpg,WIN_20261006_23_50_46_Pro.mp4,152,5.071733,val,draft_unreviewed
images/val/WIN_20261006_23_50_46_Pro_frame000077.jpg,WIN_20261006_23_50_46_Pro.mp4,154,5.138467,val,draft_unreviewed
images/val/WIN_20261006_23_50_46_Pro_frame000078.jpg,WIN_20261006_23_50_46_Pro.mp4,156,5.2052,val,draft_unreviewed
images/val/WIN_20261006_23_50_46_Pro_frame000079.jpg,WIN_20261006_23_50_46_Pro.mp4,158,5.271933,val,draft_unreviewed
images/val/WIN_20261006_23_50_46_Pro_frame000080.jpg,WIN_20261006_23_50_46_Pro.mp4,160,5.338667,val,draft_unreviewed
images/val/WIN_20261006_23_50_46_Pro_frame000081.jpg,WIN_20261006_23_50_46_Pro.mp4,162,5.4054,val,draft_unreviewed
images/val/WIN_20261006_23_50_46_Pro_frame000082.jpg,WIN_20261006_23_50_46_Pro.mp4,164,5.472133,val,draft_unreviewed
images/val/WIN_20261006_23_50_46_Pro_frame000083.jpg,WIN_20261006_23_50_46_Pro.mp4,166,5.538867,val,draft_unreviewed
images/val/WIN_20261006_23_50_46_Pro_frame000084.jpg,WIN_20261006_23_50_46_Pro.mp4,168,5.6056,val,draft_unreviewed
images/val/WIN_20261006_23_50_46_Pro_frame000085.jpg,WIN_20261006_23_50_46_Pro.mp4,170,5.672333,val,draft_unreviewed
images/val/WIN_20261006_23_50_46_Pro_frame000086.jpg,WIN_20261006_23_50_46_Pro.mp4,172,5.739067,val,draft_unreviewed
images/val/WIN_20261006_23_50_46_Pro_frame000087.jpg,WIN_20261006_23_50_46_Pro.mp4,174,5.8058,val,draft_unreviewed
images/val/WIN_20261006_23_50_46_Pro_frame000088.jpg,WIN_20261006_23_50_46_Pro.mp4,176,5.872533,val,draft_unreviewed
images/val/WIN_20261006_23_50_46_Pro_frame000089.jpg,WIN_20261006_23_50_46_Pro.mp4,178,5.939267,val,draft_unreviewed
images/val/WIN_20261006_23_50_46_Pro_frame000090.jpg,WIN_20261006_23_50_46_Pro.mp4,180,6.006,val,draft_unreviewed
images/val/WIN_20261006_23_50_46_Pro_frame000091.jpg,WIN_20261006_23_50_46_Pro.mp4,182,6.072733,val,draft_unreviewed
images/val/WIN_20261006_23_50_46_Pro_frame000092.jpg,WIN_20261006_23_50_46_Pro.mp4,184,6.139467,val,draft_unreviewed
images/val/WIN_20261006_23_50_46_Pro_frame000093.jpg,WIN_20261006_23_50_46_Pro.mp4,186,6.2062,val,draft_unreviewed
images/val/WIN_20261006_23_50_46_Pro_frame000094.jpg,WIN_20261006_23_50_46_Pro.mp4,188,6.272933,val,draft_unreviewed
images/val/WIN_20261006_23_50_46_Pro_frame000095.jpg,WIN_20261006_23_50_46_Pro.mp4,190,6.339667,val,draft_unreviewed
images/val/WIN_20261006_23_50_46_Pro_frame000096.jpg,WIN_20261006_23_50_46_Pro.mp4,192,6.4064,val,draft_unreviewed
images/val/WIN_20261006_23_50_46_Pro_frame000097.jpg,WIN_20261006_23_50_46_Pro.mp4,194,6.473133,val,draft_unreviewed
images/val/WIN_20261006_23_50_46_Pro_frame000098.jpg,WIN_20261006_23_50_46_Pro.mp4,196,6.539867,val,draft_unreviewed
images/val/WIN_20261006_23_50_46_Pro_frame000099.jpg,WIN_20261006_23_50_46_Pro.mp4,198,6.6066,val,draft_unreviewed
images/val/WIN_20261006_23_50_46_Pro_frame000100.jpg,WIN_20261006_23_50_46_Pro.mp4,200,6.673333,val,draft_unreviewed
images/val/WIN_20261006_23_50_46_Pro_frame000101.jpg,WIN_20261006_23_50_46_Pro.mp4,202,6.740067,val,draft_unreviewed
images/val/WIN_20261006_23_50_46_Pro_frame000102.jpg,WIN_20261006_23_50_46_Pro.mp4,204,6.8068,val,draft_unreviewed
images/val/WIN_20261006_23_50_46_Pro_frame000103.jpg,WIN_20261006_23_50_46_Pro.mp4,206,6.873533,val,draft_unreviewed
images/val/WIN_20261006_23_50_46_Pro_frame000104.jpg,WIN_20261006_23_50_46_Pro.mp4,208,6.940267,val,draft_unreviewed
images/val/WIN_20261006_23_50_46_Pro_frame000105.jpg,WIN_20261006_23_50_46_Pro.mp4,210,7.007,val,draft_unreviewed
images/val/WIN_20261006_23_50_46_Pro_frame000106.jpg,WIN_20261006_23_50_46_Pro.mp4,212,7.073733,val,draft_unreviewed
images/val/WIN_20261006_23_50_46_Pro_frame000107.jpg,WIN_20261006_23_50_46_Pro.mp4,214,7.140467,val,draft_unreviewed
images/val/WIN_20261006_23_50_46_Pro_frame000108.jpg,WIN_20261006_23_50_46_Pro.mp4,216,7.2072,val,draft_unreviewed
images/val/WIN_20261006_23_50_46_Pro_frame000109.jpg,WIN_20261006_23_50_46_Pro.mp4,218,7.273933,val,draft_unreviewed
images/val/WIN_20261006_23_50_46_Pro_frame000110.jpg,WIN_20261006_23_50_46_Pro.mp4,220,7.340667,val,draft_unreviewed
images/val/WIN_20261006_23_50_46_Pro_frame000111.jpg,WIN_20261006_23_50_46_Pro.mp4,222,7.4074,val,draft_unreviewed
images/val/WIN_20261006_23_50_46_Pro_frame000112.jpg,WIN_20261006_23_50_46_Pro.mp4,224,7.474133,val,draft_unreviewed
images/val/WIN_20261006_23_50_46_Pro_frame000113.jpg,WIN_20261006_23_50_46_Pro.mp4,226,7.540867,val,draft_unreviewed
images/val/WIN_20261006_23_50_46_Pro_frame000114.jpg,WIN_20261006_23_50_46_Pro.mp4,228,7.6076,val,draft_unreviewed
images/val/WIN_20261006_23_50_46_Pro_frame000115.jpg,WIN_20261006_23_50_46_Pro.mp4,230,7.674333,val,draft_unreviewed
images/val/WIN_20261006_23_50_46_Pro_frame000116.jpg,WIN_20261006_23_50_46_Pro.mp4,232,7.741067,val,draft_unreviewed
images/val/WIN_20261006_23_50_46_Pro_frame000117.jpg,WIN_20261006_23_50_46_Pro.mp4,234,7.8078,val,draft_unreviewed
images/val/WIN_20261006_23_50_46_Pro_frame000118.jpg,WIN_20261006_23_50_46_Pro.mp4,236,7.874533,val,draft_unreviewed
images/val/WIN_20261006_23_50_46_Pro_frame000119.jpg,WIN_20261006_23_50_46_Pro.mp4,238,7.941267,val,draft_unreviewed
images/val/WIN_20261006_23_50_46_Pro_frame000120.jpg,WIN_20261006_23_50_46_Pro.mp4,240,8.008,val,draft_unreviewed
images/val/WIN_20261006_23_50_46_Pro_frame000121.jpg,WIN_20261006_23_50_46_Pro.mp4,242,8.074733,val,draft_unreviewed
images/val/WIN_20261006_23_50_46_Pro_frame000122.jpg,WIN_20261006_23_50_46_Pro.mp4,244,8.141467,val,draft_unreviewed
images/val/WIN_20261006_23_50_46_Pro_frame000123.jpg,WIN_20261006_23_50_46_Pro.mp4,246,8.2082,val,draft_unreviewed
images/val/WIN_20261006_23_50_46_Pro_frame000124.jpg,WIN_20261006_23_50_46_Pro.mp4,248,8.274933,val,draft_unreviewed
images/val/WIN_20261006_23_50_46_Pro_frame000125.jpg,WIN_20261006_23_50_46_Pro.mp4,250,8.341667,val,draft_unreviewed
images/val/WIN_20261006_23_50_46_Pro_frame000126.jpg,WIN_20261006_23_50_46_Pro.mp4,252,8.4084,val,draft_unreviewed
images/val/WIN_20261006_23_50_46_Pro_frame000127.jpg,WIN_20261006_23_50_46_Pro.mp4,254,8.475133,val,draft_unreviewed
images/val/WIN_20261006_23_50_46_Pro_frame000128.jpg,WIN_20261006_23_50_46_Pro.mp4,256,8.541867,val,draft_unreviewed
images/val/WIN_20261006_23_50_46_Pro_frame000129.jpg,WIN_20261006_23_50_46_Pro.mp4,258,8.6086,val,draft_unreviewed
images/val/WIN_20261006_23_50_46_Pro_frame000130.jpg,WIN_20261006_23_50_46_Pro.mp4,260,8.675333,val,draft_unreviewed
images/val/WIN_20261006_23_50_46_Pro_frame000131.jpg,WIN_20261006_23_50_46_Pro.mp4,262,8.742067,val,draft_unreviewed
images/val/WIN_20261006_23_50_46_Pro_frame000132.jpg,WIN_20261006_23_50_46_Pro.mp4,264,8.8088,val,draft_unreviewed
images/val/WIN_20261006_23_50_46_Pro_frame000133.jpg,WIN_20261006_23_50_46_Pro.mp4,266,8.875533,val,draft_unreviewed
images/val/WIN_20261006_23_50_46_Pro_frame000134.jpg,WIN_20261006_23_50_46_Pro.mp4,268,8.942267,val,draft_unreviewed
images/val/WIN_20261006_23_50_46_Pro_frame000135.jpg,WIN_20261006_23_50_46_Pro.mp4,270,9.009,val,draft_unreviewed
images/val/WIN_20261006_23_50_46_Pro_frame000136.jpg,WIN_20261006_23_50_46_Pro.mp4,272,9.075733,val,draft_unreviewed
images/val/WIN_20261006_23_50_46_Pro_frame000137.jpg,WIN_20261006_23_50_46_Pro.mp4,274,9.142467,val,draft_unreviewed
images/val/WIN_20261006_23_50_46_Pro_frame000138.jpg,WIN_20261006_23_50_46_Pro.mp4,276,9.2092,val,draft_unreviewed
images/val/WIN_20261006_23_50_46_Pro_frame000139.jpg,WIN_20261006_23_50_46_Pro.mp4,278,9.275933,val,draft_unreviewed
images/val/WIN_20261006_23_50_46_Pro_frame000140.jpg,WIN_20261006_23_50_46_Pro.mp4,280,9.342667,val,draft_unreviewed
images/val/WIN_20261006_23_50_46_Pro_frame000141.jpg,WIN_20261006_23_50_46_Pro.mp4,282,9.4094,val,draft_unreviewed
images/val/WIN_20261006_23_50_46_Pro_frame000142.jpg,WIN_20261006_23_50_46_Pro.mp4,284,9.476133,val,draft_unreviewed
images/val/WIN_20261006_23_50_46_Pro_frame000143.jpg,WIN_20261006_23_50_46_Pro.mp4,286,9.542867,val,draft_unreviewed
images/val/WIN_20261006_23_50_46_Pro_frame000144.jpg,WIN_20261006_23_50_46_Pro.mp4,288,9.6096,val,draft_unreviewed
images/val/WIN_20261006_23_50_46_Pro_frame000145.jpg,WIN_20261006_23_50_46_Pro.mp4,290,9.676333,val,draft_unreviewed
images/val/WIN_20261006_23_50_46_Pro_frame000146.jpg,WIN_20261006_23_50_46_Pro.mp4,292,9.743067,val,draft_unreviewed
images/val/WIN_20261006_23_50_46_Pro_frame000147.jpg,WIN_20261006_23_50_46_Pro.mp4,294,9.8098,val,draft_unreviewed
images/val/WIN_20261006_23_50_46_Pro_frame000148.jpg,WIN_20261006_23_50_46_Pro.mp4,296,9.876533,val,draft_unreviewed
images/val/WIN_20261006_23_50_46_Pro_frame000149.jpg,WIN_20261006_23_50_46_Pro.mp4,298,9.943267,val,draft_unreviewed
images/val/WIN_20261006_23_50_46_Pro_frame000150.jpg,WIN_20261006_23_50_46_Pro.mp4,300,10.01,val,draft_unreviewed
images/val/WIN_20261006_23_50_46_Pro_frame000151.jpg,WIN_20261006_23_50_46_Pro.mp4,302,10.076733,val,draft_unreviewed
images/val/WIN_20261006_23_50_46_Pro_frame000152.jpg,WIN_20261006_23_50_46_Pro.mp4,304,10.143467,val,draft_unreviewed
images/val/WIN_20261006_23_50_46_Pro_frame000153.jpg,WIN_20261006_23_50_46_Pro.mp4,306,10.2102,val,draft_unreviewed
images/val/WIN_20261006_23_50_46_Pro_frame000154.jpg,WIN_20261006_23_50_46_Pro.mp4,308,10.276933,val,draft_unreviewed
images/val/WIN_20261006_23_50_46_Pro_frame000155.jpg,WIN_20261006_23_50_46_Pro.mp4,310,10.343667,val,draft_unreviewed
images/val/WIN_20261006_23_50_46_Pro_frame000156.jpg,WIN_20261006_23_50_46_Pro.mp4,312,10.4104,val,draft_unreviewed
images/val/WIN_20261006_23_50_46_Pro_frame000157.jpg,WIN_20261006_23_50_46_Pro.mp4,314,10.477133,val,draft_unreviewed
images/val/WIN_20261006_23_50_46_Pro_frame000158.jpg,WIN_20261006_23_50_46_Pro.mp4,316,10.543867,val,draft_unreviewed
images/val/WIN_20261006_23_50_46_Pro_frame000159.jpg,WIN_20261006_23_50_46_Pro.mp4,318,10.6106,val,draft_unreviewed
images/val/WIN_20261006_23_50_46_Pro_frame000160.jpg,WIN_20261006_23_50_46_Pro.mp4,320,10.677333,val,draft_unreviewed
images/val/WIN_20261006_23_50_46_Pro_frame000161.jpg,WIN_20261006_23_50_46_Pro.mp4,322,10.744067,val,draft_unreviewed
images/val/WIN_20261006_23_50_46_Pro_frame000162.jpg,WIN_20261006_23_50_46_Pro.mp4,324,10.8108,val,draft_unreviewed
images/val/WIN_20261006_23_50_46_Pro_frame000163.jpg,WIN_20261006_23_50_46_Pro.mp4,326,10.877533,val,draft_unreviewed
images/val/WIN_20261006_23_50_46_Pro_frame000164.jpg,WIN_20261006_23_50_46_Pro.mp4,328,10.944267,val,draft_unreviewed
images/val/WIN_20261006_23_50_46_Pro_frame000165.jpg,WIN_20261006_23_50_46_Pro.mp4,330,11.011,val,draft_unreviewed
images/val/WIN_20261006_23_50_46_Pro_frame000166.jpg,WIN_20261006_23_50_46_Pro.mp4,332,11.077733,val,draft_unreviewed
images/val/WIN_20261006_23_50_46_Pro_frame000167.jpg,WIN_20261006_23_50_46_Pro.mp4,334,11.144467,val,draft_unreviewed
images/val/WIN_20261006_23_50_46_Pro_frame000168.jpg,WIN_20261006_23_50_46_Pro.mp4,336,11.2112,val,draft_unreviewed
images/val/WIN_20261006_23_50_46_Pro_frame000169.jpg,WIN_20261006_23_50_46_Pro.mp4,338,11.277933,val,draft_unreviewed
images/val/WIN_20261006_23_50_46_Pro_frame000170.jpg,WIN_20261006_23_50_46_Pro.mp4,340,11.344667,val,draft_unreviewed
images/val/WIN_20261006_23_50_46_Pro_frame000171.jpg,WIN_20261006_23_50_46_Pro.mp4,342,11.4114,val,draft_unreviewed
images/val/WIN_20261006_23_50_46_Pro_frame000172.jpg,WIN_20261006_23_50_46_Pro.mp4,344,11.478133,val,draft_unreviewed
images/val/WIN_20261006_23_50_46_Pro_frame000173.jpg,WIN_20261006_23_50_46_Pro.mp4,346,11.544867,val,draft_unreviewed
images/val/WIN_20261006_23_50_46_Pro_frame000174.jpg,WIN_20261006_23_50_46_Pro.mp4,348,11.6116,val,draft_unreviewed
images/train/WIN_20261006_23_51_34_Pro_frame000000.jpg,WIN_20261006_23_51_34_Pro.mp4,0,0.0,train,draft_unreviewed
images/train/WIN_20261006_23_51_34_Pro_frame000001.jpg,WIN_20261006_23_51_34_Pro.mp4,2,0.066733,train,draft_unreviewed
images/train/WIN_20261006_23_51_34_Pro_frame000002.jpg,WIN_20261006_23_51_34_Pro.mp4,4,0.133467,train,draft_unreviewed
images/train/WIN_20261006_23_51_34_Pro_frame000003.jpg,WIN_20261006_23_51_34_Pro.mp4,6,0.2002,train,draft_unreviewed
images/train/WIN_20261006_23_51_34_Pro_frame000004.jpg,WIN_20261006_23_51_34_Pro.mp4,8,0.266933,train,draft_unreviewed
images/train/WIN_20261006_23_51_34_Pro_frame000005.jpg,WIN_20261006_23_51_34_Pro.mp4,10,0.333667,train,draft_unreviewed
images/train/WIN_20261006_23_51_34_Pro_frame000006.jpg,WIN_20261006_23_51_34_Pro.mp4,12,0.4004,train,draft_unreviewed
images/train/WIN_20261006_23_51_34_Pro_frame000007.jpg,WIN_20261006_23_51_34_Pro.mp4,14,0.467133,train,draft_unreviewed
images/train/WIN_20261006_23_51_34_Pro_frame000008.jpg,WIN_20261006_23_51_34_Pro.mp4,16,0.533867,train,draft_unreviewed
images/train/WIN_20261006_23_51_34_Pro_frame000009.jpg,WIN_20261006_23_51_34_Pro.mp4,18,0.6006,train,draft_unreviewed
images/train/WIN_20261006_23_51_34_Pro_frame000010.jpg,WIN_20261006_23_51_34_Pro.mp4,20,0.667333,train,draft_unreviewed
images/train/WIN_20261006_23_51_34_Pro_frame000011.jpg,WIN_20261006_23_51_34_Pro.mp4,22,0.734067,train,draft_unreviewed
images/train/WIN_20261006_23_51_34_Pro_frame000012.jpg,WIN_20261006_23_51_34_Pro.mp4,24,0.8008,train,draft_unreviewed
images/train/WIN_20261006_23_51_34_Pro_frame000013.jpg,WIN_20261006_23_51_34_Pro.mp4,26,0.867533,train,draft_unreviewed
images/train/WIN_20261006_23_51_34_Pro_frame000014.jpg,WIN_20261006_23_51_34_Pro.mp4,28,0.934267,train,draft_unreviewed
images/train/WIN_20261006_23_51_34_Pro_frame000015.jpg,WIN_20261006_23_51_34_Pro.mp4,30,1.001,train,draft_unreviewed
images/train/WIN_20261006_23_51_34_Pro_frame000016.jpg,WIN_20261006_23_51_34_Pro.mp4,32,1.067733,train,draft_unreviewed
images/train/WIN_20261006_23_51_34_Pro_frame000017.jpg,WIN_20261006_23_51_34_Pro.mp4,34,1.134467,train,draft_unreviewed
images/train/WIN_20261006_23_51_34_Pro_frame000018.jpg,WIN_20261006_23_51_34_Pro.mp4,36,1.2012,train,draft_unreviewed
images/train/WIN_20261006_23_51_34_Pro_frame000019.jpg,WIN_20261006_23_51_34_Pro.mp4,38,1.267933,train,draft_unreviewed
images/train/WIN_20261006_23_51_34_Pro_frame000020.jpg,WIN_20261006_23_51_34_Pro.mp4,40,1.334667,train,draft_unreviewed
images/train/WIN_20261006_23_51_34_Pro_frame000021.jpg,WIN_20261006_23_51_34_Pro.mp4,42,1.4014,train,draft_unreviewed
images/train/WIN_20261006_23_51_34_Pro_frame000022.jpg,WIN_20261006_23_51_34_Pro.mp4,44,1.468133,train,draft_unreviewed
images/train/WIN_20261006_23_51_34_Pro_frame000023.jpg,WIN_20261006_23_51_34_Pro.mp4,46,1.534867,train,draft_unreviewed
images/train/WIN_20261006_23_51_34_Pro_frame000024.jpg,WIN_20261006_23_51_34_Pro.mp4,48,1.6016,train,draft_unreviewed
images/train/WIN_20261006_23_51_34_Pro_frame000025.jpg,WIN_20261006_23_51_34_Pro.mp4,50,1.668333,train,draft_unreviewed
images/train/WIN_20261006_23_51_34_Pro_frame000026.jpg,WIN_20261006_23_51_34_Pro.mp4,52,1.735067,train,draft_unreviewed
images/train/WIN_20261006_23_51_34_Pro_frame000027.jpg,WIN_20261006_23_51_34_Pro.mp4,54,1.8018,train,draft_unreviewed
images/train/WIN_20261006_23_51_34_Pro_frame000028.jpg,WIN_20261006_23_51_34_Pro.mp4,56,1.868533,train,draft_unreviewed
images/train/WIN_20261006_23_51_34_Pro_frame000029.jpg,WIN_20261006_23_51_34_Pro.mp4,58,1.935267,train,draft_unreviewed
images/train/WIN_20261006_23_51_34_Pro_frame000030.jpg,WIN_20261006_23_51_34_Pro.mp4,60,2.002,train,draft_unreviewed
images/train/WIN_20261006_23_51_34_Pro_frame000031.jpg,WIN_20261006_23_51_34_Pro.mp4,62,2.068733,train,draft_unreviewed
images/train/WIN_20261006_23_51_34_Pro_frame000032.jpg,WIN_20261006_23_51_34_Pro.mp4,64,2.135467,train,draft_unreviewed
images/train/WIN_20261006_23_51_34_Pro_frame000033.jpg,WIN_20261006_23_51_34_Pro.mp4,66,2.2022,train,draft_unreviewed
images/train/WIN_20261006_23_51_34_Pro_frame000034.jpg,WIN_20261006_23_51_34_Pro.mp4,68,2.268933,train,draft_unreviewed
images/train/WIN_20261006_23_51_34_Pro_frame000035.jpg,WIN_20261006_23_51_34_Pro.mp4,70,2.335667,train,draft_unreviewed
images/train/WIN_20261006_23_51_34_Pro_frame000036.jpg,WIN_20261006_23_51_34_Pro.mp4,72,2.4024,train,draft_unreviewed
images/train/WIN_20261006_23_51_34_Pro_frame000037.jpg,WIN_20261006_23_51_34_Pro.mp4,74,2.469133,train,draft_unreviewed
images/train/WIN_20261006_23_51_34_Pro_frame000038.jpg,WIN_20261006_23_51_34_Pro.mp4,76,2.535867,train,draft_unreviewed
images/train/WIN_20261006_23_51_34_Pro_frame000039.jpg,WIN_20261006_23_51_34_Pro.mp4,78,2.6026,train,draft_unreviewed
images/train/WIN_20261006_23_51_34_Pro_frame000040.jpg,WIN_20261006_23_51_34_Pro.mp4,80,2.669333,train,draft_unreviewed
images/train/WIN_20261006_23_51_34_Pro_frame000041.jpg,WIN_20261006_23_51_34_Pro.mp4,82,2.736067,train,draft_unreviewed
images/train/WIN_20261006_23_51_34_Pro_frame000042.jpg,WIN_20261006_23_51_34_Pro.mp4,84,2.8028,train,draft_unreviewed
images/train/WIN_20261006_23_51_34_Pro_frame000043.jpg,WIN_20261006_23_51_34_Pro.mp4,86,2.869533,train,draft_unreviewed
images/train/WIN_20261006_23_51_34_Pro_frame000044.jpg,WIN_20261006_23_51_34_Pro.mp4,88,2.936267,train,draft_unreviewed
images/train/WIN_20261006_23_51_34_Pro_frame000045.jpg,WIN_20261006_23_51_34_Pro.mp4,90,3.003,train,draft_unreviewed
images/train/WIN_20261006_23_51_34_Pro_frame000046.jpg,WIN_20261006_23_51_34_Pro.mp4,92,3.069733,train,draft_unreviewed
images/train/WIN_20261006_23_51_34_Pro_frame000047.jpg,WIN_20261006_23_51_34_Pro.mp4,94,3.136467,train,draft_unreviewed
images/train/WIN_20261006_23_51_34_Pro_frame000048.jpg,WIN_20261006_23_51_34_Pro.mp4,96,3.2032,train,draft_unreviewed
images/train/WIN_20261006_23_51_34_Pro_frame000049.jpg,WIN_20261006_23_51_34_Pro.mp4,98,3.269933,train,draft_unreviewed
images/train/WIN_20261006_23_51_34_Pro_frame000050.jpg,WIN_20261006_23_51_34_Pro.mp4,100,3.336667,train,draft_unreviewed
images/train/WIN_20261006_23_51_34_Pro_frame000051.jpg,WIN_20261006_23_51_34_Pro.mp4,102,3.4034,train,draft_unreviewed
images/train/WIN_20261006_23_51_34_Pro_frame000052.jpg,WIN_20261006_23_51_34_Pro.mp4,104,3.470133,train,draft_unreviewed
images/train/WIN_20261006_23_51_34_Pro_frame000053.jpg,WIN_20261006_23_51_34_Pro.mp4,106,3.536867,train,draft_unreviewed
images/train/WIN_20261006_23_51_34_Pro_frame000054.jpg,WIN_20261006_23_51_34_Pro.mp4,108,3.6036,train,draft_unreviewed
images/train/WIN_20261006_23_51_34_Pro_frame000055.jpg,WIN_20261006_23_51_34_Pro.mp4,110,3.670333,train,draft_unreviewed
images/train/WIN_20261006_23_51_34_Pro_frame000056.jpg,WIN_20261006_23_51_34_Pro.mp4,112,3.737067,train,draft_unreviewed
images/train/WIN_20261006_23_51_34_Pro_frame000057.jpg,WIN_20261006_23_51_34_Pro.mp4,114,3.8038,train,draft_unreviewed
images/train/WIN_20261006_23_51_34_Pro_frame000058.jpg,WIN_20261006_23_51_34_Pro.mp4,116,3.870533,train,draft_unreviewed
images/train/WIN_20261006_23_51_34_Pro_frame000059.jpg,WIN_20261006_23_51_34_Pro.mp4,118,3.937267,train,draft_unreviewed
images/train/WIN_20261006_23_51_34_Pro_frame000060.jpg,WIN_20261006_23_51_34_Pro.mp4,120,4.004,train,draft_unreviewed
images/train/WIN_20261006_23_51_34_Pro_frame000061.jpg,WIN_20261006_23_51_34_Pro.mp4,122,4.070733,train,draft_unreviewed
images/train/WIN_20261006_23_51_34_Pro_frame000062.jpg,WIN_20261006_23_51_34_Pro.mp4,124,4.137467,train,draft_unreviewed
images/train/WIN_20261006_23_51_34_Pro_frame000063.jpg,WIN_20261006_23_51_34_Pro.mp4,126,4.2042,train,draft_unreviewed
images/train/WIN_20261006_23_51_34_Pro_frame000064.jpg,WIN_20261006_23_51_34_Pro.mp4,128,4.270933,train,draft_unreviewed
images/train/WIN_20261006_23_51_34_Pro_frame000065.jpg,WIN_20261006_23_51_34_Pro.mp4,130,4.337667,train,draft_unreviewed
images/train/WIN_20261006_23_51_34_Pro_frame000066.jpg,WIN_20261006_23_51_34_Pro.mp4,132,4.4044,train,draft_unreviewed
images/train/WIN_20261006_23_51_34_Pro_frame000067.jpg,WIN_20261006_23_51_34_Pro.mp4,134,4.471133,train,draft_unreviewed
images/train/WIN_20261006_23_51_34_Pro_frame000068.jpg,WIN_20261006_23_51_34_Pro.mp4,136,4.537867,train,draft_unreviewed
images/train/WIN_20261006_23_51_34_Pro_frame000069.jpg,WIN_20261006_23_51_34_Pro.mp4,138,4.6046,train,draft_unreviewed
images/train/WIN_20261006_23_51_34_Pro_frame000070.jpg,WIN_20261006_23_51_34_Pro.mp4,140,4.671333,train,draft_unreviewed
images/train/WIN_20261006_23_51_34_Pro_frame000071.jpg,WIN_20261006_23_51_34_Pro.mp4,142,4.738067,train,draft_unreviewed
images/train/WIN_20261006_23_51_34_Pro_frame000072.jpg,WIN_20261006_23_51_34_Pro.mp4,144,4.8048,train,draft_unreviewed
images/train/WIN_20261006_23_51_34_Pro_frame000073.jpg,WIN_20261006_23_51_34_Pro.mp4,146,4.871533,train,draft_unreviewed
images/train/WIN_20261006_23_51_34_Pro_frame000074.jpg,WIN_20261006_23_51_34_Pro.mp4,148,4.938267,train,draft_unreviewed
images/train/WIN_20261006_23_51_34_Pro_frame000075.jpg,WIN_20261006_23_51_34_Pro.mp4,150,5.005,train,draft_unreviewed
images/train/WIN_20261006_23_51_34_Pro_frame000076.jpg,WIN_20261006_23_51_34_Pro.mp4,152,5.071733,train,draft_unreviewed
images/train/WIN_20261006_23_51_34_Pro_frame000077.jpg,WIN_20261006_23_51_34_Pro.mp4,154,5.138467,train,draft_unreviewed
images/train/WIN_20261006_23_51_34_Pro_frame000078.jpg,WIN_20261006_23_51_34_Pro.mp4,156,5.2052,train,draft_unreviewed
images/train/WIN_20261006_23_51_34_Pro_frame000079.jpg,WIN_20261006_23_51_34_Pro.mp4,158,5.271933,train,draft_unreviewed
images/train/WIN_20261006_23_51_34_Pro_frame000080.jpg,WIN_20261006_23_51_34_Pro.mp4,160,5.338667,train,draft_unreviewed
images/train/WIN_20261006_23_51_34_Pro_frame000081.jpg,WIN_20261006_23_51_34_Pro.mp4,162,5.4054,train,draft_unreviewed
images/train/WIN_20261006_23_51_34_Pro_frame000082.jpg,WIN_20261006_23_51_34_Pro.mp4,164,5.472133,train,draft_unreviewed
images/train/WIN_20261006_23_51_34_Pro_frame000083.jpg,WIN_20261006_23_51_34_Pro.mp4,166,5.538867,train,draft_unreviewed
images/train/WIN_20261006_23_51_34_Pro_frame000084.jpg,WIN_20261006_23_51_34_Pro.mp4,168,5.6056,train,draft_unreviewed
images/train/WIN_20261006_23_51_34_Pro_frame000085.jpg,WIN_20261006_23_51_34_Pro.mp4,170,5.672333,train,draft_unreviewed
images/train/WIN_20261006_23_51_34_Pro_frame000086.jpg,WIN_20261006_23_51_34_Pro.mp4,172,5.739067,train,draft_unreviewed
images/train/WIN_20261006_23_51_34_Pro_frame000087.jpg,WIN_20261006_23_51_34_Pro.mp4,174,5.8058,train,draft_unreviewed
images/train/WIN_20261006_23_51_34_Pro_frame000088.jpg,WIN_20261006_23_51_34_Pro.mp4,176,5.872533,train,draft_unreviewed
images/train/WIN_20261006_23_51_34_Pro_frame000089.jpg,WIN_20261006_23_51_34_Pro.mp4,178,5.939267,train,draft_unreviewed
images/train/WIN_20261006_23_51_34_Pro_frame000090.jpg,WIN_20261006_23_51_34_Pro.mp4,180,6.006,train,draft_unreviewed
images/train/WIN_20261006_23_51_34_Pro_frame000091.jpg,WIN_20261006_23_51_34_Pro.mp4,182,6.072733,train,draft_unreviewed
images/train/WIN_20261006_23_51_34_Pro_frame000092.jpg,WIN_20261006_23_51_34_Pro.mp4,184,6.139467,train,draft_unreviewed
images/train/WIN_20261006_23_51_34_Pro_frame000093.jpg,WIN_20261006_23_51_34_Pro.mp4,186,6.2062,train,draft_unreviewed
images/train/WIN_20261006_23_51_34_Pro_frame000094.jpg,WIN_20261006_23_51_34_Pro.mp4,188,6.272933,train,draft_unreviewed
images/train/WIN_20261006_23_51_34_Pro_frame000095.jpg,WIN_20261006_23_51_34_Pro.mp4,190,6.339667,train,draft_unreviewed
images/train/WIN_20261006_23_51_34_Pro_frame000096.jpg,WIN_20261006_23_51_34_Pro.mp4,192,6.4064,train,draft_unreviewed
images/train/WIN_20261006_23_51_34_Pro_frame000097.jpg,WIN_20261006_23_51_34_Pro.mp4,194,6.473133,train,draft_unreviewed
images/train/WIN_20261006_23_51_34_Pro_frame000098.jpg,WIN_20261006_23_51_34_Pro.mp4,196,6.539867,train,draft_unreviewed
images/train/WIN_20261006_23_51_34_Pro_frame000099.jpg,WIN_20261006_23_51_34_Pro.mp4,198,6.6066,train,draft_unreviewed
images/train/WIN_20261006_23_51_34_Pro_frame000100.jpg,WIN_20261006_23_51_34_Pro.mp4,200,6.673333,train,draft_unreviewed
images/train/WIN_20261006_23_51_34_Pro_frame000101.jpg,WIN_20261006_23_51_34_Pro.mp4,202,6.740067,train,draft_unreviewed
images/train/WIN_20261006_23_51_34_Pro_frame000102.jpg,WIN_20261006_23_51_34_Pro.mp4,204,6.8068,train,draft_unreviewed
images/train/WIN_20261006_23_51_34_Pro_frame000103.jpg,WIN_20261006_23_51_34_Pro.mp4,206,6.873533,train,draft_unreviewed
images/train/WIN_20261006_23_51_34_Pro_frame000104.jpg,WIN_20261006_23_51_34_Pro.mp4,208,6.940267,train,draft_unreviewed
images/train/WIN_20261006_23_51_34_Pro_frame000105.jpg,WIN_20261006_23_51_34_Pro.mp4,210,7.007,train,draft_unreviewed
images/train/WIN_20261006_23_51_34_Pro_frame000106.jpg,WIN_20261006_23_51_34_Pro.mp4,212,7.073733,train,draft_unreviewed
images/train/WIN_20261006_23_51_34_Pro_frame000107.jpg,WIN_20261006_23_51_34_Pro.mp4,214,7.140467,train,draft_unreviewed
images/train/WIN_20261006_23_51_34_Pro_frame000108.jpg,WIN_20261006_23_51_34_Pro.mp4,216,7.2072,train,draft_unreviewed
images/train/WIN_20261006_23_51_34_Pro_frame000109.jpg,WIN_20261006_23_51_34_Pro.mp4,218,7.273933,train,draft_unreviewed
images/train/WIN_20261006_23_51_34_Pro_frame000110.jpg,WIN_20261006_23_51_34_Pro.mp4,220,7.340667,train,draft_unreviewed
images/train/WIN_20261006_23_51_34_Pro_frame000111.jpg,WIN_20261006_23_51_34_Pro.mp4,222,7.4074,train,draft_unreviewed
images/train/WIN_20261006_23_51_34_Pro_frame000112.jpg,WIN_20261006_23_51_34_Pro.mp4,224,7.474133,train,draft_unreviewed
images/train/WIN_20261006_23_51_34_Pro_frame000113.jpg,WIN_20261006_23_51_34_Pro.mp4,226,7.540867,train,draft_unreviewed
images/train/WIN_20261006_23_51_34_Pro_frame000114.jpg,WIN_20261006_23_51_34_Pro.mp4,228,7.6076,train,draft_unreviewed
images/train/WIN_20261006_23_51_34_Pro_frame000115.jpg,WIN_20261006_23_51_34_Pro.mp4,230,7.674333,train,draft_unreviewed
images/train/WIN_20261006_23_51_34_Pro_frame000116.jpg,WIN_20261006_23_51_34_Pro.mp4,232,7.741067,train,draft_unreviewed
images/train/WIN_20261006_23_51_34_Pro_frame000117.jpg,WIN_20261006_23_51_34_Pro.mp4,234,7.8078,train,draft_unreviewed
images/train/WIN_20261006_23_51_34_Pro_frame000118.jpg,WIN_20261006_23_51_34_Pro.mp4,236,7.874533,train,draft_unreviewed
images/train/WIN_20261006_23_51_34_Pro_frame000119.jpg,WIN_20261006_23_51_34_Pro.mp4,238,7.941267,train,draft_unreviewed
images/train/WIN_20261006_23_51_34_Pro_frame000120.jpg,WIN_20261006_23_51_34_Pro.mp4,240,8.008,train,draft_unreviewed
images/train/WIN_20261006_23_51_34_Pro_frame000121.jpg,WIN_20261006_23_51_34_Pro.mp4,242,8.074733,train,draft_unreviewed
images/train/WIN_20261006_23_51_34_Pro_frame000122.jpg,WIN_20261006_23_51_34_Pro.mp4,244,8.141467,train,draft_unreviewed
images/train/WIN_20261006_23_51_34_Pro_frame000123.jpg,WIN_20261006_23_51_34_Pro.mp4,246,8.2082,train,draft_unreviewed
images/train/WIN_20261006_23_51_34_Pro_frame000124.jpg,WIN_20261006_23_51_34_Pro.mp4,248,8.274933,train,draft_unreviewed
images/train/WIN_20261006_23_51_34_Pro_frame000125.jpg,WIN_20261006_23_51_34_Pro.mp4,250,8.341667,train,draft_unreviewed
images/train/WIN_20261006_23_51_34_Pro_frame000126.jpg,WIN_20261006_23_51_34_Pro.mp4,252,8.4084,train,draft_unreviewed
images/train/WIN_20261006_23_51_34_Pro_frame000127.jpg,WIN_20261006_23_51_34_Pro.mp4,254,8.475133,train,draft_unreviewed
images/train/WIN_20261006_23_51_34_Pro_frame000128.jpg,WIN_20261006_23_51_34_Pro.mp4,256,8.541867,train,draft_unreviewed
images/train/WIN_20261006_23_51_34_Pro_frame000129.jpg,WIN_20261006_23_51_34_Pro.mp4,258,8.6086,train,draft_unreviewed
images/train/WIN_20261006_23_51_34_Pro_frame000130.jpg,WIN_20261006_23_51_34_Pro.mp4,260,8.675333,train,draft_unreviewed
images/train/WIN_20261006_23_51_34_Pro_frame000131.jpg,WIN_20261006_23_51_34_Pro.mp4,262,8.742067,train,draft_unreviewed
images/train/WIN_20261006_23_51_34_Pro_frame000132.jpg,WIN_20261006_23_51_34_Pro.mp4,264,8.8088,train,draft_unreviewed
images/train/WIN_20261006_23_51_34_Pro_frame000133.jpg,WIN_20261006_23_51_34_Pro.mp4,266,8.875533,train,draft_unreviewed
images/train/WIN_20261006_23_51_34_Pro_frame000134.jpg,WIN_20261006_23_51_34_Pro.mp4,268,8.942267,train,draft_unreviewed
images/train/WIN_20261006_23_51_34_Pro_frame000135.jpg,WIN_20261006_23_51_34_Pro.mp4,270,9.009,train,draft_unreviewed
images/train/WIN_20261006_23_51_34_Pro_frame000136.jpg,WIN_20261006_23_51_34_Pro.mp4,272,9.075733,train,draft_unreviewed
images/train/WIN_20261006_23_51_34_Pro_frame000137.jpg,WIN_20261006_23_51_34_Pro.mp4,274,9.142467,train,draft_unreviewed
images/train/WIN_20261006_23_51_34_Pro_frame000138.jpg,WIN_20261006_23_51_34_Pro.mp4,276,9.2092,train,draft_unreviewed
images/train/WIN_20261006_23_51_34_Pro_frame000139.jpg,WIN_20261006_23_51_34_Pro.mp4,278,9.275933,train,draft_unreviewed
images/train/WIN_20261006_23_51_34_Pro_frame000140.jpg,WIN_20261006_23_51_34_Pro.mp4,280,9.342667,train,draft_unreviewed
images/train/WIN_20261006_23_51_34_Pro_frame000141.jpg,WIN_20261006_23_51_34_Pro.mp4,282,9.4094,train,draft_unreviewed
images/train/WIN_20261006_23_51_34_Pro_frame000142.jpg,WIN_20261006_23_51_34_Pro.mp4,284,9.476133,train,draft_unreviewed
images/train/WIN_20261006_23_51_34_Pro_frame000143.jpg,WIN_20261006_23_51_34_Pro.mp4,286,9.542867,train,draft_unreviewed
images/train/WIN_20261006_23_51_34_Pro_frame000144.jpg,WIN_20261006_23_51_34_Pro.mp4,288,9.6096,train,draft_unreviewed
images/train/WIN_20261006_23_51_34_Pro_frame000145.jpg,WIN_20261006_23_51_34_Pro.mp4,290,9.676333,train,draft_unreviewed
images/train/WIN_20261006_23_51_34_Pro_frame000146.jpg,WIN_20261006_23_51_34_Pro.mp4,292,9.743067,train,draft_unreviewed
images/train/WIN_20261006_23_51_34_Pro_frame000147.jpg,WIN_20261006_23_51_34_Pro.mp4,294,9.8098,train,draft_unreviewed
images/train/WIN_20261006_23_51_34_Pro_frame000148.jpg,WIN_20261006_23_51_34_Pro.mp4,296,9.876533,train,draft_unreviewed
images/train/WIN_20261006_23_51_34_Pro_frame000149.jpg,WIN_20261006_23_51_34_Pro.mp4,298,9.943267,train,draft_unreviewed
images/train/WIN_20261006_23_51_34_Pro_frame000150.jpg,WIN_20261006_23_51_34_Pro.mp4,300,10.01,train,draft_unreviewed
images/train/WIN_20261006_23_51_34_Pro_frame000151.jpg,WIN_20261006_23_51_34_Pro.mp4,302,10.076733,train,draft_unreviewed
images/train/WIN_20261006_23_51_34_Pro_frame000152.jpg,WIN_20261006_23_51_34_Pro.mp4,304,10.143467,train,draft_unreviewed
images/train/WIN_20261006_23_51_34_Pro_frame000153.jpg,WIN_20261006_23_51_34_Pro.mp4,306,10.2102,train,draft_unreviewed
images/train/WIN_20261006_23_51_34_Pro_frame000154.jpg,WIN_20261006_23_51_34_Pro.mp4,308,10.276933,train,draft_unreviewed
images/train/WIN_20261006_23_51_34_Pro_frame000155.jpg,WIN_20261006_23_51_34_Pro.mp4,310,10.343667,train,draft_unreviewed
images/train/WIN_20261006_23_51_34_Pro_frame000156.jpg,WIN_20261006_23_51_34_Pro.mp4,312,10.4104,train,draft_unreviewed
images/train/WIN_20261006_23_51_34_Pro_frame000157.jpg,WIN_20261006_23_51_34_Pro.mp4,314,10.477133,train,draft_unreviewed
images/train/WIN_20261006_23_51_34_Pro_frame000158.jpg,WIN_20261006_23_51_34_Pro.mp4,316,10.543867,train,draft_unreviewed
images/train/WIN_20261006_23_51_34_Pro_frame000159.jpg,WIN_20261006_23_51_34_Pro.mp4,318,10.6106,train,draft_unreviewed
images/train/WIN_20261006_23_51_34_Pro_frame000160.jpg,WIN_20261006_23_51_34_Pro.mp4,320,10.677333,train,draft_unreviewed
images/train/WIN_20261006_23_51_34_Pro_frame000161.jpg,WIN_20261006_23_51_34_Pro.mp4,322,10.744067,train,draft_unreviewed
images/train/WIN_20261006_23_51_34_Pro_frame000162.jpg,WIN_20261006_23_51_34_Pro.mp4,324,10.8108,train,draft_unreviewed
images/train/WIN_20261006_23_51_34_Pro_frame000163.jpg,WIN_20261006_23_51_34_Pro.mp4,326,10.877533,train,draft_unreviewed
images/train/WIN_20261006_23_51_34_Pro_frame000164.jpg,WIN_20261006_23_51_34_Pro.mp4,328,10.944267,train,draft_unreviewed
images/train/WIN_20261006_23_51_34_Pro_frame000165.jpg,WIN_20261006_23_51_34_Pro.mp4,330,11.011,train,draft_unreviewed
images/train/WIN_20261006_23_51_34_Pro_frame000166.jpg,WIN_20261006_23_51_34_Pro.mp4,332,11.077733,train,draft_unreviewed
images/train/WIN_20261006_23_51_34_Pro_frame000167.jpg,WIN_20261006_23_51_34_Pro.mp4,334,11.144467,train,draft_unreviewed
images/train/WIN_20261006_23_51_34_Pro_frame000168.jpg,WIN_20261006_23_51_34_Pro.mp4,336,11.2112,train,draft_unreviewed
images/train/WIN_20261006_23_51_34_Pro_frame000169.jpg,WIN_20261006_23_51_34_Pro.mp4,338,11.277933,train,draft_unreviewed
images/train/WIN_20261006_23_51_34_Pro_frame000170.jpg,WIN_20261006_23_51_34_Pro.mp4,340,11.344667,train,draft_unreviewed
images/train/WIN_20261006_23_51_34_Pro_frame000171.jpg,WIN_20261006_23_51_34_Pro.mp4,342,11.4114,train,draft_unreviewed
images/train/WIN_20261006_23_51_34_Pro_frame000172.jpg,WIN_20261006_23_51_34_Pro.mp4,344,11.478133,train,draft_unreviewed
images/train/WIN_20261006_23_51_34_Pro_frame000173.jpg,WIN_20261006_23_51_34_Pro.mp4,346,11.544867,train,draft_unreviewed
images/train/WIN_20261006_23_51_34_Pro_frame000174.jpg,WIN_20261006_23_51_34_Pro.mp4,348,11.6116,train,draft_unreviewed
images/train/WIN_20261006_23_51_34_Pro_frame000175.jpg,WIN_20261006_23_51_34_Pro.mp4,350,11.678333,train,draft_unreviewed
images/train/WIN_20261006_23_51_34_Pro_frame000176.jpg,WIN_20261006_23_51_34_Pro.mp4,352,11.745067,train,draft_unreviewed
images/train/WIN_20261006_23_51_34_Pro_frame000177.jpg,WIN_20261006_23_51_34_Pro.mp4,354,11.8118,train,draft_unreviewed
images/train/WIN_20261006_23_51_34_Pro_frame000178.jpg,WIN_20261006_23_51_34_Pro.mp4,356,11.878533,train,draft_unreviewed
images/train/WIN_20261006_23_51_34_Pro_frame000179.jpg,WIN_20261006_23_51_34_Pro.mp4,358,11.945267,train,draft_unreviewed
images/train/WIN_20261006_23_51_34_Pro_frame000180.jpg,WIN_20261006_23_51_34_Pro.mp4,360,12.012,train,draft_unreviewed
images/train/WIN_20261006_23_51_34_Pro_frame000181.jpg,WIN_20261006_23_51_34_Pro.mp4,362,12.078733,train,draft_unreviewed
images/train/WIN_20261006_23_51_34_Pro_frame000182.jpg,WIN_20261006_23_51_34_Pro.mp4,364,12.145467,train,draft_unreviewed
images/train/WIN_20261006_23_51_34_Pro_frame000183.jpg,WIN_20261006_23_51_34_Pro.mp4,366,12.2122,train,draft_unreviewed
images/train/WIN_20261006_23_51_34_Pro_frame000184.jpg,WIN_20261006_23_51_34_Pro.mp4,368,12.278933,train,draft_unreviewed
images/train/WIN_20261006_23_51_34_Pro_frame000185.jpg,WIN_20261006_23_51_34_Pro.mp4,370,12.345667,train,draft_unreviewed
images/train/WIN_20261006_23_51_34_Pro_frame000186.jpg,WIN_20261006_23_51_34_Pro.mp4,372,12.4124,train,draft_unreviewed
images/train/WIN_20261006_23_51_34_Pro_frame000187.jpg,WIN_20261006_23_51_34_Pro.mp4,374,12.479133,train,draft_unreviewed
images/train/WIN_20261006_23_51_34_Pro_frame000188.jpg,WIN_20261006_23_51_34_Pro.mp4,376,12.545867,train,draft_unreviewed
images/train/WIN_20261006_23_51_34_Pro_frame000189.jpg,WIN_20261006_23_51_34_Pro.mp4,378,12.6126,train,draft_unreviewed
images/train/WIN_20261006_23_51_34_Pro_frame000190.jpg,WIN_20261006_23_51_34_Pro.mp4,380,12.679333,train,draft_unreviewed
images/train/WIN_20261006_23_51_34_Pro_frame000191.jpg,WIN_20261006_23_51_34_Pro.mp4,382,12.746067,train,draft_unreviewed
images/train/WIN_20261006_23_51_34_Pro_frame000192.jpg,WIN_20261006_23_51_34_Pro.mp4,384,12.8128,train,draft_unreviewed
images/train/WIN_20261006_23_51_34_Pro_frame000193.jpg,WIN_20261006_23_51_34_Pro.mp4,386,12.879533,train,draft_unreviewed
images/train/WIN_20261006_23_51_34_Pro_frame000194.jpg,WIN_20261006_23_51_34_Pro.mp4,388,12.946267,train,draft_unreviewed
images/train/WIN_20261006_23_51_34_Pro_frame000195.jpg,WIN_20261006_23_51_34_Pro.mp4,390,13.013,train,draft_unreviewed
images/train/WIN_20261006_23_51_34_Pro_frame000196.jpg,WIN_20261006_23_51_34_Pro.mp4,392,13.079733,train,draft_unreviewed
images/train/WIN_20261006_23_51_34_Pro_frame000197.jpg,WIN_20261006_23_51_34_Pro.mp4,394,13.146467,train,draft_unreviewed
images/train/WIN_20261006_23_51_34_Pro_frame000198.jpg,WIN_20261006_23_51_34_Pro.mp4,396,13.2132,train,draft_unreviewed
images/train/WIN_20261006_23_51_34_Pro_frame000199.jpg,WIN_20261006_23_51_34_Pro.mp4,398,13.279933,train,draft_unreviewed
images/train/WIN_20261006_23_51_34_Pro_frame000200.jpg,WIN_20261006_23_51_34_Pro.mp4,400,13.346667,train,draft_unreviewed
images/train/WIN_20261006_23_51_34_Pro_frame000201.jpg,WIN_20261006_23_51_34_Pro.mp4,402,13.4134,train,draft_unreviewed
images/train/WIN_20261006_23_51_34_Pro_frame000202.jpg,WIN_20261006_23_51_34_Pro.mp4,404,13.480133,train,draft_unreviewed
images/train/WIN_20261006_23_51_34_Pro_frame000203.jpg,WIN_20261006_23_51_34_Pro.mp4,406,13.546867,train,draft_unreviewed
images/train/WIN_20261006_23_51_34_Pro_frame000204.jpg,WIN_20261006_23_51_34_Pro.mp4,408,13.6136,train,draft_unreviewed
images/train/WIN_20261006_23_51_34_Pro_frame000205.jpg,WIN_20261006_23_51_34_Pro.mp4,410,13.680333,train,draft_unreviewed
images/train/WIN_20261006_23_51_34_Pro_frame000206.jpg,WIN_20261006_23_51_34_Pro.mp4,412,13.747067,train,draft_unreviewed
images/train/WIN_20261006_23_51_34_Pro_frame000207.jpg,WIN_20261006_23_51_34_Pro.mp4,414,13.8138,train,draft_unreviewed
images/train/WIN_20261006_23_51_34_Pro_frame000208.jpg,WIN_20261006_23_51_34_Pro.mp4,416,13.880533,train,draft_unreviewed
