image,class_id,class_name,table_id,annotation_status
images/train/WIN_20261006_23_47_12_Pro_frame000000.jpg,0,apple,table_left,draft_unreviewed
images/train/WIN_20261006_23_47_12_Pro_frame000000.jpg,1,banana,table_left,draft_unreviewed
images/train/WIN_20261006_23_47_12_Pro_frame000000.jpg,2,fanta_can,table_left,draft_unreviewed
images/train/WIN_20261006_23_47_12_Pro_frame000000.jpg,3,green_apple,table_left,draft_unreviewed
images/train/WIN_20261006_23_47_12_Pro_frame000000.jpg,4,mug,table_left,draft_unreviewed
images/train/WIN_20261006_23_47_12_Pro_frame000000.jpg,5,peach,table_left,draft_unreviewed
images/train/WIN_20261006_23_47_12_Pro_frame000000.jpg,6,plate,table_left,draft_unreviewed
images/train/WIN_20261006_23_47_12_Pro_frame000001.jpg,0,apple,table_left,draft_unreviewed
images/train/WIN_20261006_23_47_12_Pro_frame000001.jpg,1,banana,table_left,draft_unreviewed
images/train/WIN_20261006_23_47_12_Pro_frame000001.jpg,2,fanta_can,table_left,draft_unreviewed
images/train/WIN_20261006_23_47_12_Pro_frame000001.jpg,3,green_apple,table_left,draft_unreviewed
images/train/WIN_20261006_23_47_12_Pro_frame000001.jpg,4,mug,table_left,draft_unreviewed
images/train/WIN_20261006_23_47_12_Pro_frame000001.jpg,5,peach,table_left,draft_unreviewed
images/train/WIN_20261006_23_47_12_Pro_frame000001.jpg,6,plate,table_left,draft_unreviewed
images/train/WIN_20261006_23_47_12_Pro_frame000002.jpg,0,apple,table_left,draft_unreviewed
images/train/WIN_20261006_23_47_12_Pro_frame000002.jpg,1,banana,table_left,draft_unreviewed
images/train/WIN_20261006_23_47_12_Pro_frame000002.jpg,2,fanta_can,table_left,draft_unreviewed
images/train/WIN_20261006_23_47_12_Pro_frame000002.jpg,3,green_apple,table_left,draft_unreviewed
images/train/WIN_20261006_23_47_12_Pro_frame000002.jpg,4,mug,table_left,draft_unreviewed
images/train/WIN_20261006_23_47_12_Pro_frame000002.jpg,5,peach,table_left,draft_unreviewed
images/train/WIN_20261006_23_47_12_Pro_frame000002.jpg,6,plate,table_left,draft_unreviewed
images/train/WIN_20261006_23_47_12_Pro_frame000003.jpg,0,apple,table_left,draft_unreviewed
images/train/WIN_20261006_23_47_12_Pro_frame000003.jpg,1,banana,table_left,draft_unreviewed
images/train/WIN_20261006_23_47_12_Pro_frame000003.jpg,2,fanta_can,table_left,draft_unreviewed
images/train/WIN_20261006_23_47_12_Pro_frame000003.jpg,3,green_apple,table_left,draft_unreviewed
images/train/WIN_20261006_23_47_12_Pro_frame000003.jpg,4,mug,table_left,draft_unreviewed
images/train/WIN_20261006_23_47_12_Pro_frame000003.jpg,5,peach,table_left,draft_unreviewed
images/train/WIN_20261006_23_47_12_Pro_frame000003.jpg,6,plate,table_left,draft_unreviewed
images/train/WIN_20261006_23_47_12_Pro_frame000004.jpg,0,apple,table_left,draft_unreviewed
images/train/WIN_20261006_23_47_12_Pro_frame000004.jpg,1,banana,table_left,draft_unreviewed
images/train/WIN_20261006_23_47_12_Pro_frame000004.jpg,2,fanta_can,table_left,draft_unreviewed
images/train/WIN_20261006_23_47_12_Pro_frame000004.jpg,3,green_apple,table_left,draft_unreviewed
images/train/WIN_20261006_23_47_12_Pro_frame000004.jpg,4,mug,table_left,draft_unreviewed
images/train/WIN_20261006_23_47_12_Pro_frame000004.jpg,5,peach,table_left,draft_unreviewed
images/train/WIN_20261006_23_47_12_Pro_frame000004.jpg,6,plate,table_left,draft_unreviewed
images/train/WIN_20261006_23_47_12_Pro_frame000005.jpg,0,apple,table_left,draft_unreviewed
images/train/WIN_20261006_23_47_12_Pro_frame000005.jpg,1,banana,table_left,draft_unreviewed
images/train/WIN_20261006_23_47_12_Pro_frame000005.jpg,2,fanta_can,table_left,draft_unreviewed
images/train/WIN_20261006_23_47_12_Pro_frame000005.jpg,3,green_apple,table_left,draft_unreviewed
images/train/WIN_20261006_23_47_12_Pro_frame000005.jpg,4,mug,table_left,draft_unreviewed
images/train/WIN_20261006_23_47_12_Pro_frame000005.jpg,5,peach,table_left,draft_unreviewed
images/train/WIN_20261006_23_47_12_Pro_frame000005.jpg,6,plate,table_left,draft_unreviewed
images/train/WIN_20261006_23_47_12_Pro_frame000006.jpg,0,apple,table_left,draft_unreviewed
images/train/WIN_20261006_23_47_12_Pro_frame000006.jpg,1,banana,table_left,draft_unreviewed
images/train/WIN_20261006_23_47_12_Pro_frame000006.jpg,2,fanta_can,table_left,draft_unreviewed
images/train/WIN_20261006_23_47_12_Pro_frame000006.jpg,3,green_apple,table_left,draft_unreviewed
images/train/WIN_20261006_23_47_12_Pro_frame000006.jpg,4,mug,table_left,draft_unreviewed
images/train/WIN_20261006_23_47_12_Pro_frame000006.jpg,5,peach,table_left,draft_unreviewed
images/train/WIN_20261006_23_47_12_Pro_frame000006.jpg,6,plate,table_left,draft_unreviewed
images/train/WIN_20261006_23_47_12_Pro_frame000007.jpg,0,apple,table_left,draft_unreviewed
images/train/WIN_20261006_23_47_12_Pro_frame000007.jpg,1,banana,table_left,draft_unreviewed
images/train/WIN_20261006_23_47_12_Pro_frame000007.jpg,2,fanta_can,table_left,draft_unreviewed
images/train/WIN_20261006_23_47_12_Pro_frame000007.jpg,3,green_apple,table_left,draft_unreviewed
images/train/WIN_20261006_23_47_12_Pro_frame000007.jpg,4,mug,table_left,draft_unreviewed
images/train/WIN_20261006_23_47_12_Pro_frame000007.jpg,5,peach,table_left,draft_unreviewed
images/train/WIN_20261006_23_47_12_Pro_frame000007.jpg,6,plate,table_left,draft_unreviewed
images/train/WIN_20261006_23_47_12_Pro_frame000008.jpg,0,apple,table_left,draft_unreviewed
images/train/WIN_20261006_23_47_12_Pro_frame000008.jpg,1,banana,table_left,draft_unreviewed
images/train/WIN_20261006_23_47_12_Pro_frame000008.jpg,2,fanta_can,table_left,draft_unreviewed
images/train/WIN_20261006_23_47_12_Pro_frame000008.jpg,3,green_apple,table_left,draft_unreviewed
images/train/WIN_20261006_23_47_12_Pro_frame000008.jpg,4,mug,table_left,draft_unreviewed
images/train/WIN_20261006_23_47_12_Pro_frame000008.jpg,5,peach,table_left,draft_unreviewed
images/train/WIN_20261006_23_47_12_Pro_frame000008.jpg,6,plate,table_left,draft_unreviewed
images/train/WIN_20261006_23_47_12_Pro_frame000009.jpg,0,apple,table_left,draft_unreviewed
images/train/WIN_20261006_23_47_12_Pro_frame000009.jpg,1,banana,table_left,draft_unreviewed
images/train/WIN_20261006_23_47_12_Pro_frame000009.jpg,2,fanta_can,table_left,draft_unreviewed
images/train/WIN_20261006_23_47_12_Pro_frame000009.jpg,3,green_apple,table_left,draft_unreviewed
images/train/WIN_20261006_23_47_12_Pro_frame000009.jpg,4,mug,table_left,draft_unreviewed
images/train/WIN_20261006_23_47_12_Pro_frame000009.jpg,5,peach,table_left,draft_unreviewed
images/train/WIN_20261006_23_47_12_Pro_frame000009.jpg,6,plate,table_left,draft_unreviewed
images/train/WIN_20261006_23_47_12_Pro_frame000010.jpg,0,apple,table_left,draft_unreviewed
images/train/WIN_20261006_23_47_12_Pro_frame000010.jpg,1,banana,table_left,draft_unreviewed
images/train/WIN_20261006_23_47_12_Pro_frame000010.jpg,2,fanta_can,table_left,draft_unreviewed
images/train/WIN_20261006_23_47_12_Pro_frame000010.jpg,3,green_apple,table_left,draft_unreviewed
images/train/WIN_20261006_23_47_12_Pro_frame000010.jpg,4,mug,table_left,draft_unreviewed
images/train/WIN_20261006_23_47_12_Pro_frame000010.jpg,5,peach,table_left,draft_unreviewed
images/train/WIN_20261006_23_47_12_Pro_frame000010.jpg,6,plate,table_left,draft_unreviewed
images/train/WIN_20261006_23_47_12_Pro_frame000011.jpg,0,apple,table_left,draft_unreviewed
images/train/WIN_20261006_23_47_12_Pro_frame000011.jpg,1,banana,table_left,draft_unreviewed
images/train/WIN_20261006_23_47_12_Pro_frame000011.jpg,2,fanta_can,table_left,draft_unreviewed
images/train/WIN_20261006_23_47_12_Pro_frame000011.jpg,3,green_apple,table_left,draft_unreviewed
images/train/WIN_20261006_23_47_12_Pro_frame000011.jpg,4,mug,table_left,draft_unreviewed
images/train/WIN_20261006_23_47_12_Pro_frame000011.jpg,5,peach,table_left,draft_unreviewed
images/train/WIN_20261006_23_47_12_Pro_frame000011.jpg,6,plate,table_left,draft_unreviewed
images/train/WIN_20261006_23_47_12_Pro_frame000012.jpg,0,apple,table_left,draft_unreviewed
images/train/WIN_20261006_23_47_12_Pro_frame000012.jpg,1,banana,table_left,draft_unreviewed
images/train/WIN_20261006_23_47_12_Pro_frame000012.jpg,2,fanta_can,table_left,draft_unreviewed
images/train/WIN_20261006_23_47_12_Pro_frame000012.jpg,3,green_apple,table_left,draft_unreviewed
images/train/WIN_20261006_23_47_12_Pro_frame000012.jpg,4,mug,table_left,draft_unreviewed
images/train/WIN_20261006_23_47_12_Pro_frame000012.jpg,5,peach,table_left,draft_unreviewed
images/train/WIN_20261006_23_47_12_Pro_frame000012.jpg,6,plate,table_left,draft_unreviewed
images/train/WIN_20261006_23_47_12_Pro_frame000013.jpg,0,apple,table_left,draft_unreviewed
images/train/WIN_20261006_23_47_12_Pro_frame000013.jpg,1,banana,table_left,draft_unreviewed
images/train/WIN_20261006_23_47_12_Pro_frame000013.jpg,2,fanta_can,table_left,draft_unreviewed
images/train/WIN_20261006_23_47_12_Pro_frame000013.jpg,3,green_apple,table_left,draft_unreviewed
images/train/WIN_20261006_23_47_12_Pro_frame000013.jpg,4,mug,table_left,draft_unreviewed
images/train/WIN_20261006_23_47_12_Pro_frame000013.jpg,5,peach,table_left,draft_unreviewed
images/train/WIN_20261006_23_47_12_Pro_frame000013.jpg,6,plate,table_left,draft_unreviewed
images/train/WIN_20261006_23_47_12_Pro_frame000014.jpg,0,apple,table_left,draft_unreviewed
images/train/WIN_20261006_23_47_12_Pro_frame000014.jpg,1,banana,table_left,draft_unreviewed
images/train/WIN_20261006_23_47_12_Pro_frame000014.jpg,2,fanta_can,table_left,draft_unreviewed
images/train/WIN_20261006_23_47_12_Pro_frame000014.jpg,3,green_apple,table_left,draft_unreviewed
images/train/WIN_20261006_23_47_12_Pro_frame000014.jpg,4,mug,table_left,draft_unreviewed
images/train/WIN_20261006_23_47_12_Pro_frame000014.jpg,5,peach,table_left,draft_unreviewed
images/train/WIN_20261006_23_47_12_Pro_frame000014.jpg,6,plate,table_left,draft_unreviewed
images/train/WIN_20261006_23_47_12_Pro_frame000015.jpg,0,apple,table_left,draft_unreviewed
images/train/WIN_20261006_23_47_12_Pro_frame000015.jpg,1,banana,table_left,draft_unreviewed
images/train/WIN_20261006_23_47_12_Pro_frame000015.jpg,2,fanta_can,table_left,draft_unreviewed
images/train/WIN_20261006_23_47_12_Pro_frame000015.jpg,3,green_apple,table_left,draft_unreviewed
images/train/WIN_20261006_23_47_12_Pro_frame000015.jpg,4,mug,table_left,draft_unreviewed
images/train/WIN_20261006_23_47_12_Pro_frame000015.jpg,5,peach,table_left,draft_unreviewed
images/train/WIN_20261006_23_47_12_Pro_frame000015.jpg,6,plate,table_left,draft_unreviewed
images/train/WIN_20261006_23_47_12_Pro_frame000016.jpg,0,apple,table_left,draft_unreviewed
images/train/WIN_20261006_23_47_12_Pro_frame000016.jpg,1,banana,table_left,draft_unreviewed
images/train/WIN_20261006_23_47_12_Pro_frame000016.jpg,2,fanta_can,table_left,draft_unreviewed
images/train/WIN_20261006_23_47_12_Pro_frame000016.jpg,3,green_apple,table_left,draft_unreviewed
images/train/WIN_20261006_23_47_12_Pro_frame000016.jpg,4,mug,table_left,draft_unreviewed
images/train/WIN_20261006_23_47_12_Pro_frame000016.jpg,5,peach,table_left,draft_unreviewed
images/train/WIN_20261006_23_47_12_Pro_frame000016.jpg,6,plate,table_left,draft_unreviewed
images/train/WIN_20261006_23_47_12_Pro_frame000017.jpg,0,apple,table_left,draft_unreviewed
images/train/WIN_20261006_23_47_12_Pro_frame000017.jpg,1,banana,table_left,draft_unreviewed
images/train/WIN_20261006_23_47_12_Pro_frame000017.jpg,2,fanta_can,table_left,draft_unreviewed
images/train/WIN_20261006_23_47_12_Pro_frame000017.jpg,3,green_apple,table_left,draft_unreviewed
images/train/WIN_20261006_23_47_12_Pro_frame000017.jpg,4,mug,table_left,draft_unreviewed
images/train/WIN_20261006_23_47_12_Pro_frame000017.jpg,5,peach,table_left,draft_unreviewed
images/train/WIN_20261006_23_47_12_Pro_frame000017.jpg,6,plate,table_left,draft_unreviewed
images/train/WIN_20261006_23_47_12_Pro_frame000018.jpg,0,apple,table_left,draft_unreviewed
images/train/WIN_20261006_23_47_12_Pro_frame000018.jpg,1,banana,table_left,draft_unreviewed
images/train/WIN_20261006_23_47_12_Pro_frame000018.jpg,2,fanta_can,table_left,draft_unreviewed
images/train/WIN_20261006_23_47_12_Pro_frame000018.jpg,3,green_apple,table_left,draft_unreviewed
images/train/WIN_20261006_23_47_12_Pro_frame000018.jpg,4,mug,table_left,draft_unreviewed
images/train/WIN_20261006_23_47_12_Pro_frame000018.jpg,5,peach,table_left,draft_unreviewed
images/train/WIN_20261006_23_47_12_Pro_frame000018.jpg,6,plate,table_left,draft_unreviewed
images/train/WIN_20261006_23_47_12_Pro_frame000019.jpg,0,apple,table_left,draft_unreviewed
images/train/WIN_20261006_23_47_12_Pro_frame000019.jpg,1,banana,table_left,draft_unreviewed
images/train/WIN_20261006_23_47_12_Pro_frame000019.jpg,2,fanta_can,table_left,draft_unreviewed
images/train/WIN_20261006_23_47_12_Pro_frame000019.jpg,3,green_apple,table_left,draft_unreviewed
images/train/WIN_20261006_23_47_12_Pro_frame000019.jpg,4,mug,table_left,draft_unreviewed
images/train/WIN_20261006_23_47_12_Pro_frame000019.jpg,5,peach,table_left,draft_unreviewed
images/train/WIN_20261006_23_47_12_Pro_frame000019.jpg,6,plate,table_left,draft_unreviewed
images/train/WIN_20261006_23_47_12_Pro_frame000020.jpg,0,apple,table_left,draft_unreviewed
images/train/WIN_20261006_23_47_12_Pro_frame000020.jpg,1,banana,table_left,draft_unreviewed
images/train/WIN_20261006_23_47_12_Pro_frame000020.jpg,2,fanta_can,table_left,draft_unreviewed
images/train/WIN_20261006_23_47_12_Pro_frame000020.jpg,3,green_apple,table_left,draft_unreviewed
images/train/WIN_20261006_23_47_12_Pro_frame000020.jpg,4,mug,table_left,draft_unreviewed
images/train/WIN_20261006_23_47_12_Pro_frame000020.jpg,5,peach,table_left,draft_unreviewed
images/train/WIN_20261006_23_47_12_Pro_frame000020.jpg,6,plate,table_left,draft_unreviewed
images/train/WIN_20261006_23_47_12_Pro_frame000021.jpg,0,apple,table_left,draft_unreviewed
images/train/WIN_20261006_23_47_12_Pro_frame000021.jpg,1,banana,table_left,draft_unreviewed
images/train/WIN_20261006_23_47_12_Pro_frame000021.jpg,2,fanta_can,table_left,draft_unreviewed
images/train/WIN_20261006_23_47_12_Pro_frame000021.jpg,3,green_apple,table_left,draft_unreviewed
images/train/WIN_20261006_23_47_12_Pro_frame000021.jpg,4,mug,table_left,draft_unreviewed
images/train/WIN_20261006_23_47_12_Pro_frame000021.jpg,5,peach,table_left,draft_unreviewed
images/train/WIN_20261006_23_47_12_Pro_frame000021.jpg,6,plate,table_left,draft_unreviewed
images/train/WIN_20261006_23_47_12_Pro_frame000022.jpg,0,apple,table_left,draft_unreviewed
images/train/WIN_20261006_23_47_12_Pro_frame000022.jpg,1,banana,table_left,draft_unreviewed
images/train/WIN_20261006_23_47_12_Pro_frame000022.jpg,2,fanta_can,table_left,draft_unreviewed
images/train/WIN_20261006_23_47_12_Pro_frame000022.jpg,3,green_apple,table_left,draft_unreviewed
images/train/WIN_20261006_23_47_12_Pro_frame000022.jpg,4,mug,table_left,draft_unreviewed
images/train/WIN_20261006_23_47_12_Pro_frame000022.jpg,5,peach,table_left,draft_unreviewed
images/train/WIN_20261006_23_47_12_Pro_frame000022.jpg,6,plate,table_left,draft_unreviewed
images/train/WIN_20261006_23_47_12_Pro_frame000023.jpg,0,apple,table_left,draft_unreviewed
images/train/WIN_20261006_23_47_12_Pro_frame000023.jpg,1,banana,table_left,draft_unreviewed
images/train/WIN_20261006_23_47_12_Pro_frame000023.jpg,2,fanta_can,table_left,draft_unreviewed
images/train/WIN_20261006_23_47_12_Pro_frame000023.jpg,3,green_apple,table_left,draft_unreviewed
images/train/WIN_20261006_23_47_12_Pro_frame000023.jpg,4,mug,table_left,draft_unreviewed
images/train/WIN_20261006_23_47_12_Pro_frame000023.jpg,5,peach,table_left,draft_unreviewed
images/train/WIN_20261006_23_47_12_Pro_frame000023.jpg,6,plate,table_left,draft_unreviewed
images/train/WIN_20261006_23_47_12_Pro_frame000024.jpg,0,apple,table_left,draft_unreviewed
images/train/WIN_20261006_23_47_12_Pro_frame000024.jpg,1,banana,table_left,draft_unreviewed
images/train/WIN_20261006_23_47_12_Pro_frame000024.jpg,2,fanta_can,table_left,draft_unreviewed
images/train/WIN_20261006_23_47_12_Pro_frame000024.jpg,3,green_apple,table_left,draft_unreviewed
images/train/WIN_20261006_23_47_12_Pro_frame000024.jpg,4,mug,table_left,draft_unreviewed
images/train/WIN_20261006_23_47_12_Pro_frame000024.jpg,5,peach,table_left,draft_unreviewed
images/train/WIN_20261006_23_47_12_Pro_frame000024.jpg,6,plate,table_left,draft_unreviewed
images/train/WIN_20261006_23_47_12_Pro_frame000025.jpg,0,apple,table_left,draft_unreviewed
images/train/WIN_20261006_23_47_12_Pro_frame000025.jpg,1,banana,table_left,draft_unreviewed
images/train/WIN_20261006_23_47_12_Pro_frame000025.jpg,2,fanta_can,table_left,draft_unreviewed
images/train/WIN_20261006_23_47_12_Pro_frame000025.jpg,3,green_apple,table_left,draft_unreviewed
images/train/WIN_20261006_23_47_12_Pro_frame000025.jpg,4,mug,table_left,draft_unreviewed
images/train/WIN_20261006_23_47_12_Pro_frame000025.jpg,5,peach,table_left,draft_unreviewed
images/train/WIN_20261006_23_47_12_Pro_frame000025.jpg,6,plate,table_left,draft_unreviewed
images/train/WIN_20261006_23_47_12_Pro_frame000026.jpg,0,apple,table_left,draft_unreviewed
images/train/WIN_20261006_23_47_12_Pro_frame000026.jpg,1,banana,table_left,draft_unreviewed
images/train/WIN_20261006_23_47_12_Pro_frame000026.jpg,2,fanta_can,table_left,draft_unreviewed
images/train/WIN_20261006_23_47_12_Pro_frame000026.jpg,3,green_apple,table_left,draft_unreviewed
images/train/WIN_20261006_23_47_12_Pro_frame000026.jpg,4,mug,table_left,draft_unreviewed
images/train/WIN_20261006_23_47_12_Pro_frame000026.jpg,5,peach,table_left,draft_unreviewed
images/train/WIN_20261006_23_47_12_Pro_frame000026.jpg,6,plate,table_left,draft_unreviewed
images/train/WIN_20261006_23_47_12_Pro_frame000027.jpg,0,apple,table_left,draft_unreviewed
images/train/WIN_20261006_23_47_12_Pro_frame000027.jpg,1,banana,table_left,draft_unreviewed
images/train/WIN_20261006_23_47_12_Pro_frame000027.jpg,2,fanta_can,table_left,draft_unreviewed
images/train/WIN_20261006_23_47_12_Pro_frame000027.jpg,3,green_apple,table_left,draft_unreviewed
images/train/WIN_20261006_23_47_12_Pro_frame000027.jpg,4,mug,table_left,draft_unreviewed
images/train/WIN_20261006_23_47_12_Pro_frame000027.jpg,5,peach,table_left,draft_unreviewed
images/train/WIN_20261006_23_47_12_Pro_frame000027.jpg,6,plate,table_left,draft_unreviewed
images/train/WIN_20261006_23_47_12_Pro_frame000028.jpg,0,apple,table_left,draft_unreviewed
images/train/WIN_20261006_23_47_12_Pro_frame000028.jpg,1,banana,table_left,draft_unreviewed
images/train/WIN_20261006_23_47_12_Pro_frame000028.jpg,2,fanta_can,table_left,draft_unreviewed
images/train/WIN_20261006_23_47_12_Pro_frame000028.jpg,3,green_apple,table_left,draft_unreviewed
images/train/WIN_20261006_23_47_12_Pro_frame000028.jpg,4,mug,table_left,draft_unreviewed
images/train/WIN_20261006_23_47_12_Pro_frame000028.jpg,5,peach,table_left,draft_unreviewed
images/train/WIN_20261006_23_47_12_Pro_frame000028.jpg,6,plate,table_left,draft_unreviewed
images/train/WIN_20261006_23_47_12_Pro_frame000029.jpg,0,apple,table_left,draft_unreviewed
images/train/WIN_20261006_23_47_12_Pro_frame000029.jpg,1,banana,table_left,draft_unreviewed
images/train/WIN_20261006_23_47_12_Pro_frame000029.jpg,2,fanta_can,table_left,draft_unreviewed
images/train/WIN_20261006_23_47_12_Pro_frame000029.jpg,3,green_apple,table_left,draft_unreviewed
images/train/WIN_20261006_23_47_12_Pro_frame000029.jpg,4,mug,table_left,draft_unreviewed
images/train/WIN_20261006_23_47_12_Pro_frame000029.jpg,5,peach,table_left,draft_unreviewed
images/train/WIN_20261006_23_47_12_Pro_frame000029.jpg,6,plate,table_left,draft_unreviewed
images/train/WIN_20261006_23_47_12_Pro_frame000030.jpg,0,apple,table_left,draft_unreviewed
images/train/WIN_20261006_23_47_12_Pro_frame000030.jpg,1,banana,table_left,draft_unreviewed
images/train/WIN_20261006_23_47_12_Pro_frame000030.jpg,2,fanta_can,table_left,draft_unreviewed
images/train/WIN_20261006_23_47_12_Pro_frame000030.jpg,3,green_apple,table_left,draft_unreviewed
images/train/WIN_20261006_23_47_12_Pro_frame000030.jpg,4,mug,table_left,draft_unreviewed
images/train/WIN_20261006_23_47_12_Pro_frame000030.jpg,5,peach,table_left,draft_unreviewed
images/train/WIN_20261006_23_47_12_Pro_frame000030.jpg,6,plate,table_left,draft_unreviewed
images/train/WIN_20261006_23_47_12_Pro_frame000031.jpg,0,apple,table_left,draft_unreviewed
images/train/WIN_20261006_23_47_12_Pro_frame000031.jpg,1,banana,table_left,draft_unreviewed
images/train/WIN_20261006_23_47_12_Pro_frame000031.jpg,2,fanta_can,table_left,draft_unreviewed
images/train/WIN_20261006_23_47_12_Pro_frame000031.jpg,3,green_apple,table_left,draft_unreviewed
images/train/WIN_20261006_23_47_12_Pro_frame000031.jpg,4,mug,table_left,draft_unreviewed
images/train/WIN_20261006_23_47_12_Pro_frame000031.jpg,5,peach,table_left,draft_unreviewed
images/train/WIN_20261006_23_47_12_Pro_frame000031.jpg,6,plate,table_left,draft_unreviewed
images/train/WIN_20261006_23_47_12_Pro_frame000032.jpg,0,apple,table_left,draft_unreviewed
images/train/WIN_20261006_23_47_12_Pro_frame000032.jpg,1,banana,table_left,draft_unreviewed
images/train/WIN_20261006_23_47_12_Pro_frame000032.jpg,2,fanta_can,table_left,draft_unreviewed
images/train/WIN_20261006_23_47_12_Pro_frame000032.jpg,3,green_apple,table_left,draft_unreviewed
images/train/WIN_20261006_23_47_12_Pro_frame000032.jpg,4,mug,table_left,draft_unreviewed
images/train/WIN_20261006_23_47_12_Pro_frame000032.jpg,5,peach,table_left,draft_unreviewed
images/train/WIN_20261006_23_47_12_Pro_frame000032.jpg,6,plate,table_left,draft_unreviewed
images/train/WIN_20261006_23_47_12_Pro_frame000033.jpg,0,apple,table_left,draft_unreviewed
images/train/WIN_20261006_23_47_12_Pro_frame000033.jpg,1,banana,table_left,draft_unreviewed
images/train/WIN_20261006_23_47_12_Pro_frame000033.jpg,2,fanta_can,table_left,draft_unreviewed
images/train/WIN_20261006_23_47_12_Pro_frame000033.jpg,3,green_apple,table_left,draft_unreviewed
images/train/WIN_20261006_23_47_12_Pro_frame000033.jpg,4,mug,table_left,draft_unreviewed
images/train/WIN_20261006_23_47_12_Pro_frame000033.jpg,5,peach,table_left,draft_unreviewed
images/train/WIN_20261006_23_47_12_Pro_frame000033.jpg,6,plate,table_left,draft_unreviewed
images/train/WIN_20261006_23_47_12_Pro_frame000034.jpg,0,apple,table_left,draft_unreviewed
images/train/WIN_20261006_23_47_12_Pro_frame000034.jpg,1,banana,table_left,draft_unreviewed
images/train/WIN_20261006_23_47_12_Pro_frame000034.jpg,2,fanta_can,table_left,draft_unreviewed
images/train/WIN_20261006_23_47_12_Pro_frame000034.jpg,3,green_apple,table_left,draft_unreviewed
images/train/WIN_20261006_23_47_12_Pro_frame000034.jpg,4,mug,table_left,draft_unreviewed
images/train/WIN_20261006_23_47_12_Pro_frame000034.jpg,5,peach,table_left,draft_unreviewed
images/train/WIN_20261006_23_47_12_Pro_frame000034.jpg,6,plate,table_left,draft_unreviewed
images/train/WIN_20261006_23_47_12_Pro_frame000035.jpg,0,apple,table_left,draft_unreviewed
images/train/WIN_20261006_23_47_12_Pro_frame000035.jpg,1,banana,table_left,draft_unreviewed
images/train/WIN_20261006_23_47_12_Pro_frame000035.jpg,2,fanta_can,table_left,draft_unreviewed
images/train/WIN_20261006_23_47_12_Pro_frame000035.jpg,3,green_apple,table_left,draft_unreviewed
images/train/WIN_20261006_23_47_12_Pro_frame000035.jpg,4,mug,table_left,draft_unreviewed
images/train/WIN_20261006_23_47_12_Pro_frame000035.jpg,5,peach,table_left,draft_unreviewed
images/train/WIN_20261006_23_47_12_Pro_frame000035.jpg,6,plate,table_left,draft_unreviewed
images/train/WIN_20261006_23_47_12_Pro_frame000036.jpg,0,apple,table_left,draft_unreviewed
images/train/WIN_20261006_23_47_12_Pro_frame000036.jpg,1,banana,table_left,draft_unreviewed
images/train/WIN_20261006_23_47_12_Pro_frame000036.jpg,2,fanta_can,table_left,draft_unreviewed
images/train/WIN_20261006_23_47_12_Pro_frame000036.jpg,3,green_apple,table_left,draft_unreviewed
images/train/WIN_20261006_23_47_12_Pro_frame000036.jpg,4,mug,table_left,draft_unreviewed
images/train/WIN_20261006_23_47_12_Pro_frame000036.jpg,5,peach,table_left,draft_unreviewed
images/train/WIN_20261006_23_47_12_Pro_frame000036.jpg,6,plate,table_left,draft_unreviewed
images/train/WIN_20261006_23_47_12_Pro_frame000037.jpg,0,apple,table_left,draft_unreviewed
images/train/WIN_20261006_23_47_12_Pro_frame000037.jpg,1,banana,table_left,draft_unreviewed
images/train/WIN_20261006_23_47_12_Pro_frame000037.jpg,2,fanta_can,table_left,draft_unreviewed
images/train/WIN_20261006_23_47_12_Pro_frame000037.jpg,3,green_apple,table_left,draft_unreviewed
images/train/WIN_20261006_23_47_12_Pro_frame000037.jpg,4,mug,table_left,draft_unreviewed
images/train/WIN_20261006_23_47_12_Pro_frame000037.jpg,5,peach,table_left,draft_unreviewed
images/train/WIN_20261006_23_47_12_Pro_frame000037.jpg,6,plate,table_left,draft_unreviewed
images/train/WIN_20261006_23_47_12_Pro_frame000038.jpg,0,apple,table_left,draft_unreviewed
images/train/WIN_20261006_23_47_12_Pro_frame000038.jpg,1,banana,table_left,draft_unreviewed
images/train/WIN_20261006_23_47_12_Pro_frame000038.jpg,2,fanta_can,table_left,draft_unreviewed
images/train/WIN_20261006_23_47_12_Pro_frame000038.jpg,3,green_apple,table_left,draft_unreviewed
images/train/WIN_20261006_23_47_12_Pro_frame000038.jpg,4,mug,table_left,draft_unreviewed
images/train/WIN_20261006_23_47_12_Pro_frame000038.jpg,5,peach,table_left,draft_unreviewed
images/train/WIN_20261006_23_47_12_Pro_frame000038.jpg,6,plate,table_left,draft_unreviewed
images/train/WIN_20261006_23_47_12_Pro_frame000039.jpg,0,apple,table_left,draft_unreviewed
images/train/WIN_20261006_23_47_12_Pro_frame000039.jpg,1,banana,table_left,draft_unreviewed
images/train/WIN_20261006_23_47_12_Pro_frame000039.jpg,2,fanta_can,table_left,draft_unreviewed
images/train/WIN_20261006_23_47_12_Pro_frame000039.jpg,3,green_apple,table_left,draft_unreviewed
images/train/WIN_20261006_23_47_12_Pro_frame000039.jpg,4,mug,table_left,draft_unreviewed
images/train/WIN_20261006_23_47_12_Pro_frame000039.jpg,5,peach,table_left,draft_unreviewed
images/train/WIN_20261006_23_47_12_Pro_frame000039.jpg,6,plate,table_left,draft_unreviewed
images/train/WIN_20261006_23_47_12_Pro_frame000040.jpg,0,apple,table_left,draft_unreviewed
images/train/WIN_20261006_23_47_12_Pro_frame000040.jpg,1,banana,table_left,draft_unreviewed
images/train/WIN_20261006_23_47_12_Pro_frame000040.jpg,2,fanta_can,table_left,draft_unreviewed
images/train/WIN_20261006_23_47_12_Pro_frame000040.jpg,3,green_apple,table_left,draft_unreviewed
images/train/WIN_20261006_23_47_12_Pro_frame000040.jpg,4,mug,table_left,draft_unreviewed
images/train/WIN_20261006_23_47_12_Pro_frame000040.jpg,5,peach,table_left,draft_unreviewed
images/train/WIN_20261006_23_47_12_Pro_frame000040.jpg,6,plate,table_left,draft_unreviewed
images/train/WIN_20261006_23_47_12_Pro_frame000041.jpg,0,apple,table_left,draft_unreviewed
images/train/WIN_20261006_23_47_12_Pro_frame000041.jpg,1,banana,table_left,draft_unreviewed
images/train/WIN_20261006_23_47_12_Pro_frame000041.jpg,2,fanta_can,table_left,draft_unreviewed
images/train/WIN_20261006_23_47_12_Pro_frame000041.jpg,3,green_apple,table_left,draft_unreviewed
images/train/WIN_20261006_23_47_12_Pro_frame000041.jpg,4,mug,table_left,draft_unreviewed
images/train/WIN_20261006_23_47_12_Pro_frame000041.jpg,5,peach,table_left,draft_unreviewed
images/train/WIN_20261006_23_47_12_Pro_frame000041.jpg,6,plate,table_left,draft_unreviewed
images/train/WIN_20261006_23_47_12_Pro_frame000042.jpg,0,apple,table_left,draft_unreviewed
images/train/WIN_20261006_23_47_12_Pro_frame000042.jpg,1,banana,table_left,draft_unreviewed
images/train/WIN_20261006_23_47_12_Pro_frame000042.jpg,2,fanta_can,table_left,draft_unreviewed
images/train/WIN_20261006_23_47_12_Pro_frame000042.jpg,3,green_apple,table_left,draft_unreviewed
images/train/WIN_20261006_23_47_12_Pro_frame000042.jpg,4,mug,table_left,draft_unreviewed
images/train/WIN_20261006_23_47_12_Pro_frame000042.jpg,5,peach,table_left,draft_unreviewed
images/train/WIN_20261006_23_47_12_Pro_frame000042.jpg,6,plate,table_left,draft_unreviewed
images/train/WIN_20261006_23_47_12_Pro_frame000043.jpg,0,apple,table_left,draft_unreviewed
images/train/WIN_20261006_23_47_12_Pro_frame000043.jpg,1,banana,table_left,draft_unreviewed
images/train/WIN_20261006_23_47_12_Pro_frame000043.jpg,2,fanta_can,table_left,draft_unreviewed
images/train/WIN_20261006_23_47_12_Pro_frame000043.jpg,3,green_apple,table_left,draft_unreviewed
images/train/WIN_20261006_23_47_12_Pro_frame000043.jpg,4,mug,table_left,draft_unreviewed
images/train/WIN_20261006_23_47_12_Pro_frame000043.jpg,5,peach,table_left,draft_unreviewed
images/train/WIN_20261006_23_47_12_Pro_frame000043.jpg,6,plate,table_left,draft_unreviewed
images/train/WIN_20261006_23_47_12_Pro_frame000044.jpg,0,apple,table_left,draft_unreviewed
images/train/WIN_20261006_23_47_12_Pro_frame000044.jpg,1,banana,table_left,draft_unreviewed
images/train/WIN_20261006_23_47_12_Pro_frame000044.jpg,2,fanta_can,table_left,draft_unreviewed
images/train/WIN_20261006_23_47_12_Pro_frame000044.jpg,3,green_apple,table_left,draft_unreviewed
images/train/WIN_20261006_23_47_12_Pro_frame000044.jpg,4,mug,table_left,draft_unreviewed
images/train/WIN_20261006_23_47_12_Pro_frame000044.jpg,5,peach,table_left,draft_unreviewed
images/train/WIN_20261006_23_47_12_Pro_frame000044.jpg,6,plate,table_left,draft_unreviewed
images/train/WIN_20261006_23_47_12_Pro_frame000045.jpg,0,apple,table_left,draft_unreviewed
images/train/WIN_20261006_23_47_12_Pro_frame000045.jpg,1,banana,table_left,draft_unreviewed
images/train/WIN_20261006_23_47_12_Pro_frame000045.jpg,2,fanta_can,table_left,draft_unreviewed
images/train/WIN_20261006_23_47_12_Pro_frame000045.jpg,3,green_apple,table_left,draft_unreviewed
images/train/WIN_20261006_23_47_12_Pro_frame000045.jpg,4,mug,table_left,draft_unreviewed
images/train/WIN_20261006_23_47_12_Pro_frame000045.jpg,5,peach,table_left,draft_unreviewed
images/train/WIN_20261006_23_47_12_Pro_frame000045.jpg,6,plate,table_left,draft_unreviewed
images/train/WIN_20261006_23_47_12_Pro_frame000046.jpg,0,apple,table_left,draft_unreviewed
images/train/WIN_20261006_23_47_12_Pro_frame000046.jpg,1,banana,table_left,draft_unreviewed
images/train/WIN_20261006_23_47_12_Pro_frame000046.jpg,2,fanta_can,table_left,draft_unreviewed
images/train/WIN_20261006_23_47_12_Pro_frame000046.jpg,3,green_apple,table_left,draft_unreviewed
images/train/WIN_20261006_23_47_12_Pro_frame000046.jpg,4,mug,table_left,draft_unreviewed
images/train/WIN_20261006_23_47_12_Pro_frame000046.jpg,5,peach,table_left,draft_unreviewed
images/train/WIN_20261006_23_47_12_Pro_frame000046.jpg,6,plate,table_left,draft_unreviewed
images/train/WIN_20261006_23_47_12_Pro_frame000047.jpg,0,apple,table_left,draft_unreviewed
images/train/WIN_20261006_23_47_12_Pro_frame000047.jpg,1,banana,table_left,draft_unreviewed
images/train/WIN_20261006_23_47_12_Pro_frame000047.jpg,2,fanta_can,table_left,draft_unreviewed
images/train/WIN_20261006_23_47_12_Pro_frame000047.jpg,3,green_apple,table_left,draft_unreviewed
images/train/WIN_20261006_23_47_12_Pro_frame000047.jpg,4,mug,table_left,draft_unreviewed
images/train/WIN_20261006_23_47_12_Pro_frame000047.jpg,5,peach,table_left,draft_unreviewed
images/train/WIN_20261006_23_47_12_Pro_frame000047.jpg,6,plate,table_left,draft_unreviewed
images/train/WIN_20261006_23_47_12_Pro_frame000048.jpg,0,apple,table_left,draft_unreviewed
images/train/WIN_20261006_23_47_12_Pro_frame000048.jpg,1,banana,table_left,draft_unreviewed
images/train/WIN_20261006_23_47_12_Pro_frame000048.jpg,2,fanta_can,table_left,draft_unreviewed
images/train/WIN_20261006_23_47_12_Pro_frame000048.jpg,3,green_apple,table_left,draft_unreviewed
images/train/WIN_20261006_23_47_12_Pro_frame000048.jpg,4,mug,table_left,draft_unreviewed
images/train/WIN_20261006_23_47_12_Pro_frame000048.jpg,5,peach,table_left,draft_unreviewed
images/train/WIN_20261006_23_47_12_Pro_frame000048.jpg,6,plate,table_left,draft_unreviewed
images/train/WIN_20261006_23_47_12_Pro_frame000049.jpg,0,apple,table_left,draft_unreviewed
images/train/WIN_20261006_23_47_12_Pro_frame000049.jpg,1,banana,table_left,draft_unreviewed
images/train/WIN_20261006_23_47_12_Pro_frame000049.jpg,2,fanta_can,table_left,draft_unreviewed
images/train/WIN_20261006_23_47_12_Pro_frame000049.jpg,3,green_apple,table_left,draft_unreviewed
images/train/WIN_20261006_23_47_12_Pro_frame000049.jpg,4,mug,table_left,draft_unreviewed
images/train/WIN_20261006_23_47_12_Pro_frame000049.jpg,5,peach,table_left,draft_unreviewed
images/train/WIN_20261006_23_47_12_Pro_frame000049.jpg,6,plate,table_left,draft_unreviewed
images/train/WIN_20261006_23_47_12_Pro_frame000050.jpg,0,apple,table_left,draft_unreviewed
images/train/WIN_20261006_23_47_12_Pro_frame000050.jpg,1,banana,table_left,draft_unreviewed
images/train/WIN_20261006_23_47_12_Pro_frame000050.jpg,2,fanta_can,table_left,draft_unreviewed
images/train/WIN_20261006_23_47_12_Pro_frame000050.jpg,3,green_apple,table_left,draft_unreviewed
images/train/WIN_20261006_23_47_12_Pro_frame000050.jpg,4,mug,table_left,draft_unreviewed
images/train/WIN_20261006_23_47_12_Pro_frame000050.jpg,5,peach,table_left,draft_unreviewed
images/train/WIN_20261006_23_47_12_Pro_frame000050.jpg,6,plate,table_left,draft_unreviewed
images/train/WIN_20261006_23_47_12_Pro_frame000051.jpg,0,apple,table_left,draft_unreviewed
images/train/WIN_20261006_23_47_12_Pro_frame000051.jpg,1,banana,table_left,draft_unreviewed
images/train/WIN_20261006_23_47_12_Pro_frame000051.jpg,2,fanta_can,table_left,draft_unreviewed
images/train/WIN_20261006_23_47_12_Pro_frame000051.jpg,3,green_apple,table_left,draft_unreviewed
images/train/WIN_20261006_23_47_12_Pro_frame000051.jpg,4,mug,table_left,draft_unreviewed
images/train/WIN_20261006_23_47_12_Pro_frame000051.jpg,5,peach,table_left,draft_unreviewed
images/train/WIN_20261006_23_47_12_Pro_frame000051.jpg,6,plate,table_left,draft_unreviewed
images/train/WIN_20261006_23_47_12_Pro_frame000052.jpg,0,apple,table_left,draft_unreviewed
images/train/WIN_20261006_23_47_12_Pro_frame000052.jpg,1,banana,table_left,draft_unreviewed
images/train/WIN_20261006_23_47_12_Pro_frame000052.jpg,2,fanta_can,table_left,draft_unreviewed
images/train/WIN_20261006_23_47_12_Pro_frame000052.jpg,3,green_apple,table_left,draft_unreviewed
images/train/WIN_20261006_23_47_12_Pro_frame000052.jpg,4,mug,table_left,draft_unreviewed
images/train/WIN_20261006_23_47_12_Pro_frame000052.jpg,5,peach,table_left,draft_unreviewed
images/train/WIN_20261006_23_47_12_Pro_frame000052.jpg,6,plate,table_left,draft_unreviewed
images/train/WIN_20261006_23_47_12_Pro_frame000053.jpg,0,apple,table_left,draft_unreviewed
images/train/WIN_20261006_23_47_12_Pro_frame000053.jpg,1,banana,table_left,draft_unreviewed
images/train/WIN_20261006_23_47_12_Pro_frame000053.jpg,2,fanta_can,table_left,draft_unreviewed
images/train/WIN_20261006_23_47_12_Pro_frame000053.jpg,3,green_apple,table_left,draft_unreviewed
images/train/WIN_20261006_23_47_12_Pro_frame000053.jpg,4,mug,table_left,draft_unreviewed
images/train/WIN_20261006_23_47_12_Pro_frame000053.jpg,5,peach,table_left,draft_unreviewed
images/train/WIN_20261006_23_47_12_Pro_frame000053.jpg,6,plate,table_left,draft_unreviewed
images/train/WIN_20261006_23_47_12_Pro_frame000054.jpg,0,apple,table_left,draft_unreviewed
images/train/WIN_20261006_23_47_12_Pro_frame000054.jpg,1,banana,table_left,draft_unreviewed
images/train/WIN_20261006_23_47_12_Pro_frame000054.jpg,2,fanta_can,table_left,draft_unreviewed
images/train/WIN_20261006_23_47_12_Pro_frame000054.jpg,3,green_apple,table_left,draft_unreviewed
images/train/WIN_20261006_23_47_12_Pro_frame000054.jpg,4,mug,table_left,draft_unreviewed
images/train/WIN_20261006_23_47_12_Pro_frame000054.jpg,5,peach,table_left,draft_unreviewed
images/train/WIN_20261006_23_47_12_Pro_frame000054.jpg,6,plate,table_left,draft_unreviewed
images/train/WIN_20261006_23_47_12_Pro_frame000055.jpg,0,apple,table_left,draft_unreviewed
images/train/WIN_20261006_23_47_12_Pro_frame000055.jpg,1,banana,table_left,draft_unreviewed
images/train/WIN_20261006_23_47_12_Pro_frame000055.jpg,2,fanta_can,table_left,draft_unreviewed
images/train/WIN_20261006_23_47_12_Pro_frame000055.jpg,3,green_apple,table_left,draft_unreviewed
images/train/WIN_20261006_23_47_12_Pro_frame000055.jpg,4,mug,table_left,draft_unreviewed
images/train/WIN_20261006_23_47_12_Pro_frame000055.jpg,5,peach,table_left,draft_unreviewed
images/train/WIN_20261006_23_47_12_Pro_frame000055.jpg,6,plate,table_left,draft_unreviewed
images/train/WIN_20261006_23_47_12_Pro_frame000056.jpg,0,apple,table_left,draft_unreviewed
images/train/WIN_20261006_23_47_12_Pro_frame000056.jpg,1,banana,table_left,draft_unreviewed
images/train/WIN_20261006_23_47_12_Pro_frame000056.jpg,2,fanta_can,table_left,draft_unreviewed
images/train/WIN_20261006_23_47_12_Pro_frame000056.jpg,3,green_apple,table_left,draft_unreviewed
images/train/WIN_20261006_23_47_12_Pro_frame000056.jpg,4,mug,table_left,draft_unreviewed
images/train/WIN_20261006_23_47_12_Pro_frame000056.jpg,5,peach,table_left,draft_unreviewed
images/train/WIN_20261006_23_47_12_Pro_frame000056.jpg,6,plate,table_left,draft_unreviewed
images/train/WIN_20261006_23_47_12_Pro_frame000057.jpg,0,apple,table_left,draft_unreviewed
images/train/WIN_20261006_23_47_12_Pro_frame000057.jpg,1,banana,table_left,draft_unreviewed
images/train/WIN_20261006_23_47_12_Pro_frame000057.jpg,2,fanta_can,table_left,draft_unreviewed
images/train/WIN_20261006_23_47_12_Pro_frame000057.jpg,3,green_apple,table_left,draft_unreviewed
images/train/WIN_20261006_23_47_12_Pro_frame000057.jpg,4,mug,table_left,draft_unreviewed
images/train/WIN_20261006_23_47_12_Pro_frame000057.jpg,5,peach,table_left,draft_unreviewed
images/train/WIN_20261006_23_47_12_Pro_frame000057.jpg,6,plate,table_left,draft_unreviewed
images/train/WIN_20261006_23_47_12_Pro_frame000058.jpg,0,apple,table_left,draft_unreviewed
images/train/WIN_20261006_23_47_12_Pro_frame000058.jpg,1,banana,table_left,draft_unreviewed
images/train/WIN_20261006_23_47_12_Pro_frame000058.jpg,2,fanta_can,table_left,draft_unreviewed
images/train/WIN_20261006_23_47_12_Pro_frame000058.jpg,3,green_apple,table_left,draft_unreviewed
images/train/WIN_20261006_23_47_12_Pro_frame000058.jpg,4,mug,table_left,draft_unreviewed
images/train/WIN_20261006_23_47_12_Pro_frame000058.jpg,5,peach,table_left,draft_unreviewed
images/train/WIN_20261006_23_47_12_Pro_frame000058.jpg,6,plate,table_left,draft_unreviewed
images/train/WIN_20261006_23_47_12_Pro_frame000059.jpg,0,apple,table_left,draft_unreviewed
images/train/WIN_20261006_23_47_12_Pro_frame000059.jpg,1,banana,table_left,draft_unreviewed
images/train/WIN_20261006_23_47_12_Pro_frame000059.jpg,2,fanta_can,table_left,draft_unreviewed
images/train/WIN_20261006_23_47_12_Pro_frame000059.jpg,3,green_apple,table_left,draft_unreviewed
images/train/WIN_20261006_23_47_12_Pro_frame000059.jpg,4,mug,table_left,draft_unreviewed
images/train/WIN_20261006_23_47_12_Pro_frame000059.jpg,5,peach,table_left,draft_unreviewed
images/train/WIN_20261006_23_47_12_Pro_frame000059.jpg,6,plate,table_left,draft_unreviewed
images/train/WIN_20261006_23_47_12_Pro_frame000060.jpg,0,apple,table_left,draft_unreviewed
images/train/WIN_20261006_23_47_12_Pro_frame000060.jpg,1,banana,table_left,draft_unreviewed
images/train/WIN_20261006_23_47_12_Pro_frame000060.jpg,2,fanta_can,table_left,draft_unreviewed
images/train/WIN_20261006_23_47_12_Pro_frame000060.jpg,3,green_apple,table_left,draft_unreviewed
images/train/WIN_20261006_23_47_12_Pro_frame000060.jpg,4,mug,table_left,draft_unreviewed
images/train/WIN_20261006_23_47_12_Pro_frame000060.jpg,5,peach,table_left,draft_unreviewed
images/train/WIN_20261006_23_47_12_Pro_frame000060.jpg,6,plate,table_left,draft_unreviewed
images/train/WIN_20261006_23_47_12_Pro_frame000061.jpg,0,apple,table_left,draft_unreviewed
images/train/WIN_20261006_23_47_12_Pro_frame000061.jpg,1,banana,table_left,draft_unreviewed
images/train/WIN_20261006_23_47_12_Pro_frame000061.jpg,2,fanta_can,table_left,draft_unreviewed
images/train/WIN_20261006_23_47_12_Pro_frame000061.jpg,3,green_apple,table_left,draft_unreviewed
images/train/WIN_20261006_23_47_12_Pro_frame000061.jpg,4,mug,table_left,draft_unreviewed
images/train/WIN_20261006_23_47_12_Pro_frame000061.jpg,5,peach,table_left,draft_unreviewed
images/train/WIN_20261006_23_47_12_Pro_frame000061.jpg,6,plate,table_left,draft_unreviewed
images/train/WIN_20261006_23_47_12_Pro_frame000062.jpg,0,apple,table_left,draft_unreviewed
images/train/WIN_20261006_23_47_12_Pro_frame000062.jpg,1,banana,table_left,draft_unreviewed
images/train/WIN_20261006_23_47_12_Pro_frame000062.jpg,2,fanta_can,table_left,draft_unreviewed
images/train/WIN_20261006_23_47_12_Pro_frame000062.jpg,3,green_apple,table_left,draft_unreviewed
images/train/WIN_20261006_23_47_12_Pro_frame000062.jpg,4,mug,table_left,draft_unreviewed
images/train/WIN_20261006_23_47_12_Pro_frame000062.jpg,5,peach,table_left,draft_unreviewed
images/train/WIN_20261006_23_47_12_Pro_frame000062.jpg,6,plate,table_left,draft_unreviewed
images/train/WIN_20261006_23_47_12_Pro_frame000063.jpg,0,apple,table_left,draft_unreviewed
images/train/WIN_20261006_23_47_12_Pro_frame000063.jpg,1,banana,table_left,draft_unreviewed
images/train/WIN_20261006_23_47_12_Pro_frame000063.jpg,2,fanta_can,table_left,draft_unreviewed
images/train/WIN_20261006_23_47_12_Pro_frame000063.jpg,3,green_apple,table_left,draft_unreviewed
images/train/WIN_20261006_23_47_12_Pro_frame000063.jpg,4,mug,table_left,draft_unreviewed
images/train/WIN_20261006_23_47_12_Pro_frame000063.jpg,5,peach,table_left,draft_unreviewed
images/train/WIN_20261006_23_47_12_Pro_frame000063.jpg,6,plate,table_left,draft_unreviewed
images/train/WIN_20261006_23_47_12_Pro_frame000064.jpg,0,apple,table_left,draft_unreviewed
images/train/WIN_20261006_23_47_12_Pro_frame000064.jpg,1,banana,table_left,draft_unreviewed
images/train/WIN_20261006_23_47_12_Pro_frame000064.jpg,2,fanta_can,table_left,draft_unreviewed
images/train/WIN_20261006_23_47_12_Pro_frame000064.jpg,3,green_apple,table_left,draft_unreviewed
images/train/WIN_20261006_23_47_12_Pro_frame000064.jpg,4,mug,table_left,draft_unreviewed
images/train/WIN_20261006_23_47_12_Pro_frame000064.jpg,5,peach,table_left,draft_unreviewed
images/train/WIN_20261006_23_47_12_Pro_frame000064.jpg,6,plate,table_left,draft_unreviewed
images/train/WIN_20261006_23_47_12_Pro_frame000065.jpg,0,apple,table_left,draft_unreviewed
images/train/WIN_20261006_23_47_12_Pro_frame000065.jpg,1,banana,table_left,draft_unreviewed
images/train/WIN_20261006_23_47_12_Pro_frame000065.jpg,2,fanta_can,table_left,draft_unreviewed
images/train/WIN_20261006_23_47_12_Pro_frame000065.jpg,3,green_apple,table_left,draft_unreviewed
images/train/WIN_20261006_23_47_12_Pro_frame000065.jpg,4,mug,table_left,draft_unreviewed
images/train/WIN_20261006_23_47_12_Pro_frame000065.jpg,5,peach,table_left,draft_unreviewed
images/train/WIN_20261006_23_47_12_Pro_frame000065.jpg,6,plate,table_left,draft_unreviewed
images/train/WIN_20261006_23_47_12_Pro_frame000066.jpg,0,apple,table_left,draft_unreviewed
images/train/WIN_20261006_23_47_12_Pro_frame000066.jpg,1,banana,table_left,draft_unreviewed
images/train/WIN_20261006_23_47_12_Pro_frame000066.jpg,2,fanta_can,table_left,draft_unreviewed
images/train/WIN_20261006_23_47_12_Pro_frame000066.jpg,3,green_apple,table_left,draft_unreviewed
images/train/WIN_20261006_23_47_12_Pro_frame000066.jpg,4,mug,table_left,draft_unreviewed
images/train/WIN_20261006_23_47_12_Pro_frame000066.jpg,5,peach,table_left,draft_unreviewed
images/train/WIN_20261006_23_47_12_Pro_frame000066.jpg,6,plate,table_left,draft_unreviewed
images/train/WIN_20261006_23_47_12_Pro_frame000067.jpg,0,apple,table_left,draft_unreviewed
images/train/WIN_20261006_23_47_12_Pro_frame000067.jpg,1,banana,table_left,draft_unreviewed
images/train/WIN_20261006_23_47_12_Pro_frame000067.jpg,2,fanta_can,table_left,draft_unreviewed
images/train/WIN_20261006_23_47_12_Pro_frame000067.jpg,3,green_apple,table_left,draft_unreviewed
images/train/WIN_20261006_23_47_12_Pro_frame000067.jpg,4,mug,table_left,draft_unreviewed
images/train/WIN_20261006_23_47_12_Pro_frame000067.jpg,5,peach,table_left,draft_unreviewed
images/train/WIN_20261006_23_47_12_Pro_frame000067.jpg,6,plate,table_left,draft_unreviewed
images/train/WIN_20261006_23_47_12_Pro_frame000068.jpg,0,apple,table_left,draft_unreviewed
images/train/WIN_20261006_23_47_12_Pro_frame000068.jpg,1,banana,table_left,draft_unreviewed
images/train/WIN_20261006_23_47_12_Pro_frame000068.jpg,2,fanta_can,table_left,draft_unreviewed
images/train/WIN_20261006_23_47_12_Pro_frame000068.jpg,3,green_apple,table_left,draft_unreviewed
images/train/WIN_20261006_23_47_12_Pro_frame000068.jpg,4,mug,table_left,draft_unreviewed
images/train/WIN_20261006_23_47_12_Pro_frame000068.jpg,5,peach,table_left,draft_unreviewed
images/train/WIN_20261006_23_47_12_Pro_frame000068.jpg,6,plate,table_left,draft_unreviewed
images/train/WIN_20261006_23_47_12_Pro_frame000069.jpg,0,apple,table_left,draft_unreviewed
images/train/WIN_20261006_23_47_12_Pro_frame000069.jpg,1,banana,table_left,draft_unreviewed
images/train/WIN_20261006_23_47_12_Pro_frame000069.jpg,2,fanta_can,table_left,draft_unreviewed
images/train/WIN_20261006_23_47_12_Pro_frame000069.jpg,3,green_apple,table_left,draft_unreviewed
images/train/WIN_20261006_23_47_12_Pro_frame000069.jpg,4,mug,table_left,draft_unreviewed
images/train/WIN_20261006_23_47_12_Pro_frame000069.jpg,5,peach,table_left,draft_unreviewed
images/train/WIN_20261006_23_47_12_Pro_frame000069.jpg,6,plate,table_left,draft_unreviewed
images/train/WIN_20261006_23_47_12_Pro_frame000070.jpg,0,apple,table_left,draft_unreviewed
images/train/WIN_20261006_23_47_12_Pro_frame000070.jpg,1,banana,table_left,draft_unreviewed
images/train/WIN_20261006_23_47_12_Pro_frame000070.jpg,2,fanta_can,table_left,draft_unreviewed
images/train/WIN_20261006_23_47_12_Pro_frame000070.jpg,3,green_apple,table_left,draft_unreviewed
images/train/WIN_20261006_23_47_12_Pro_frame000070.jpg,4,mug,table_left,draft_unreviewed
images/train/WIN_20261006_23_47_12_Pro_frame000070.jpg,5,peach,table_left,draft_unreviewed
images/train/WIN_20261006_23_47_12_Pro_frame000070.jpg,6,plate,table_left,draft_unreviewed
images/train/WIN_20261006_23_47_12_Pro_frame000071.jpg,0,apple,table_left,draft_unreviewed
images/train/WIN_20261006_23_47_12_Pro_frame000071.jpg,1,banana,table_left,draft_unreviewed
images/train/WIN_20261006_23_47_12_Pro_frame000071.jpg,2,fanta_can,table_left,draft_unreviewed
images/train/WIN_20261006_23_47_12_Pro_frame000071.jpg,3,green_apple,table_left,draft_unreviewed
images/train/WIN_20261006_23_47_12_Pro_frame000071.jpg,4,mug,table_left,draft_unreviewed
images/train/WIN_20261006_23_47_12_Pro_frame000071.jpg,5,peach,table_left,draft_unreviewed
images/train/WIN_20261006_23_47_12_Pro_frame000071.jpg,6,plate,table_left,draft_unreviewed
images/train/WIN_20261006_23_47_12_Pro_frame000072.jpg,0,apple,table_left,draft_unreviewed
images/train/WIN_20261006_23_47_12_Pro_frame000072.jpg,1,banana,table_left,draft_unreviewed
images/train/WIN_20261006_23_47_12_Pro_frame000072.jpg,2,fanta_can,table_left,draft_unreviewed
images/train/WIN_20261006_23_47_12_Pro_frame000072.jpg,3,green_apple,table_left,draft_unreviewed
images/train/WIN_20261006_23_47_12_Pro_frame000072.jpg,4,mug,table_left,draft_unreviewed
images/train/WIN_20261006_23_47_12_Pro_frame000072.jpg,5,peach,table_left,draft_unreviewed
images/train/WIN_20261006_23_47_12_Pro_frame000072.jpg,6,plate,table_left,draft_unreviewed
images/train/WIN_20261006_23_47_12_Pro_frame000073.jpg,0,apple,table_left,draft_unreviewed
images/train/WIN_20261006_23_47_12_Pro_frame000073.jpg,1,banana,table_left,draft_unreviewed
images/train/WIN_20261006_23_47_12_Pro_frame000073.jpg,2,fanta_can,table_left,draft_unreviewed
images/train/WIN_20261006_23_47_12_Pro_frame000073.jpg,3,green_apple,table_left,draft_unreviewed
images/train/WIN_20261006_23_47_12_Pro_frame000073.jpg,4,mug,table_left,draft_unreviewed
images/train/WIN_20261006_23_47_12_Pro_frame000073.jpg,5,peach,table_left,draft_unreviewed
images/train/WIN_20261006_23_47_12_Pro_frame000073.jpg,6,plate,table_left,draft_unreviewed
images/train/WIN_20261006_23_47_12_Pro_frame000074.jpg,0,apple,table_left,draft_unreviewed
images/train/WIN_20261006_23_47_12_Pro_frame000074.jpg,1,banana,table_left,draft_unreviewed
images/train/WIN_20261006_23_47_12_Pro_frame000074.jpg,2,fanta_can,table_left,draft_unreviewed
images/train/WIN_20261006_23_47_12_Pro_frame000074.jpg,3,green_apple,table_left,draft_unreviewed
images/train/WIN_20261006_23_47_12_Pro_frame000074.jpg,4,mug,table_left,draft_unreviewed
images/train/WIN_20261006_23_47_12_Pro_frame000074.jpg,5,peach,table_left,draft_unreviewed
images/train/WIN_20261006_23_47_12_Pro_frame000074.jpg,6,plate,table_left,draft_unreviewed
images/train/WIN_20261006_23_47_12_Pro_frame000075.jpg,0,apple,table_left,draft_unreviewed
images/train/WIN_20261006_23_47_12_Pro_frame000075.jpg,1,banana,table_left,draft_unreviewed
images/train/WIN_20261006_23_47_12_Pro_frame000075.jpg,2,fanta_can,table_left,draft_unreviewed
images/train/WIN_20261006_23_47_12_Pro_frame000075.jpg,3,green_apple,table_left,draft_unreviewed
images/train/WIN_20261006_23_47_12_Pro_frame000075.jpg,4,mug,table_left,draft_unreviewed
images/train/WIN_20261006_23_47_12_Pro_frame000075.jpg,5,peach,table_left,draft_unreviewed
images/train/WIN_20261006_23_47_12_Pro_frame000075.jpg,6,plate,table_left,draft_unreviewed
images/train/WIN_20261006_23_47_12_Pro_frame000076.jpg,0,apple,table_left,draft_unreviewed
images/train/WIN_20261006_23_47_12_Pro_frame000076.jpg,1,banana,table_left,draft_unreviewed
images/train/WIN_20261006_23_47_12_Pro_frame000076.jpg,2,fanta_can,table_left,draft_unreviewed
images/train/WIN_20261006_23_47_12_Pro_frame000076.jpg,3,green_apple,table_left,draft_unreviewed
images/train/WIN_20261006_23_47_12_Pro_frame000076.jpg,4,mug,table_left,draft_unreviewed
images/train/WIN_20261006_23_47_12_Pro_frame000076.jpg,5,peach,table_left,draft_unreviewed
images/train/WIN_20261006_23_47_12_Pro_frame000076.jpg,6,plate,table_left,draft_unreviewed
images/train/WIN_20261006_23_47_12_Pro_frame000077.jpg,0,apple,table_left,draft_unreviewed
images/train/WIN_20261006_23_47_12_Pro_frame000077.jpg,1,banana,table_left,draft_unreviewed
images/train/WIN_20261006_23_47_12_Pro_frame000077.jpg,2,fanta_can,table_left,draft_unreviewed
images/train/WIN_20261006_23_47_12_Pro_frame000077.jpg,3,green_apple,table_left,draft_unreviewed
images/train/WIN_20261006_23_47_12_Pro_frame000077.jpg,4,mug,table_left,draft_unreviewed
images/train/WIN_20261006_23_47_12_Pro_frame000077.jpg,5,peach,table_left,draft_unreviewed
images/train/WIN_20261006_23_47_12_Pro_frame000077.jpg,6,plate,table_left,draft_unreviewed
images/train/WIN_20261006_23_47_12_Pro_frame000078.jpg,0,apple,table_left,draft_unreviewed
images/train/WIN_20261006_23_47_12_Pro_frame000078.jpg,1,banana,table_left,draft_unreviewed
images/train/WIN_20261006_23_47_12_Pro_frame000078.jpg,2,fanta_can,table_left,draft_unreviewed
images/train/WIN_20261006_23_47_12_Pro_frame000078.jpg,3,green_apple,table_left,draft_unreviewed
images/train/WIN_20261006_23_47_12_Pro_frame000078.jpg,4,mug,table_left,draft_unreviewed
images/train/WIN_20261006_23_47_12_Pro_frame000078.jpg,5,peach,table_left,draft_unreviewed
images/train/WIN_20261006_23_47_12_Pro_frame000078.jpg,6,plate,table_left,draft_unreviewed
images/train/WIN_20261006_23_47_12_Pro_frame000079.jpg,0,apple,table_left,draft_unreviewed
images/train/WIN_20261006_23_47_12_Pro_frame000079.jpg,1,banana,table_left,draft_unreviewed
images/train/WIN_20261006_23_47_12_Pro_frame000079.jpg,2,fanta_can,table_left,draft_unreviewed
images/train/WIN_20261006_23_47_12_Pro_frame000079.jpg,3,green_apple,table_left,draft_unreviewed
images/train/WIN_20261006_23_47_12_Pro_frame000079.jpg,4,mug,table_left,draft_unreviewed
images/train/WIN_20261006_23_47_12_Pro_frame000079.jpg,5,peach,table_left,draft_unreviewed
images/train/WIN_20261006_23_47_12_Pro_frame000079.jpg,6,plate,table_left,draft_unreviewed
images/train/WIN_20261006_23_47_12_Pro_frame000080.jpg,0,apple,table_left,draft_unreviewed
images/train/WIN_20261006_23_47_12_Pro_frame000080.jpg,1,banana,table_left,draft_unreviewed
images/train/WIN_20261006_23_47_12_Pro_frame000080.jpg,2,fanta_can,table_left,draft_unreviewed
images/train/WIN_20261006_23_47_12_Pro_frame000080.jpg,3,green_apple,table_left,draft_unreviewed
images/train/WIN_20261006_23_47_12_Pro_frame000080.jpg,4,mug,table_left,draft_unreviewed
images/train/WIN_20261006_23_47_12_Pro_frame000080.jpg,5,peach,table_left,draft_unreviewed
images/train/WIN_20261006_23_47_12_Pro_frame000080.jpg,6,plate,table_left,draft_unreviewed
images/train/WIN_20261006_23_47_12_Pro_frame000081.jpg,0,apple,table_left,draft_unreviewed
images/train/WIN_20261006_23_47_12_Pro_frame000081.jpg,1,banana,table_left,draft_unreviewed
images/train/WIN_20261006_23_47_12_Pro_frame000081.jpg,2,fanta_can,table_left,draft_unreviewed
images/train/WIN_20261006_23_47_12_Pro_frame000081.jpg,3,green_apple,table_left,draft_unreviewed
images/train/WIN_20261006_23_47_12_Pro_frame000081.jpg,4,mug,table_left,draft_unreviewed
images/train/WIN_20261006_23_47_12_Pro_frame000081.jpg,5,peach,table_left,draft_unreviewed
images/train/WIN_20261006_23_47_12_Pro_frame000081.jpg,6,plate,table_left,draft_unreviewed
images/train/WIN_20261006_23_47_12_Pro_frame000082.jpg,0,apple,table_left,draft_unreviewed
images/train/WIN_20261006_23_47_12_Pro_frame000082.jpg,1,banana,table_left,draft_unreviewed
images/train/WIN_20261006_23_47_12_Pro_frame000082.jpg,2,fanta_can,table_left,draft_unreviewed
images/train/WIN_20261006_23_47_12_Pro_frame000082.jpg,3,green_apple,table_left,draft_unreviewed
images/train/WIN_20261006_23_47_12_Pro_frame000082.jpg,4,mug,table_left,draft_unreviewed
images/train/WIN_20261006_23_47_12_Pro_frame000082.jpg,5,peach,table_left,draft_unreviewed
images/train/WIN_20261006_23_47_12_Pro_frame000082.jpg,6,plate,table_left,draft_unreviewed
images/train/WIN_20261006_23_47_12_Pro_frame000083.jpg,0,apple,table_left,draft_unreviewed
images/train/WIN_20261006_23_47_12_Pro_frame000083.jpg,1,banana,table_left,draft_unreviewed
images/train/WIN_20261006_23_47_12_Pro_frame000083.jpg,2,fanta_can,table_left,draft_unreviewed
images/train/WIN_20261006_23_47_12_Pro_frame000083.jpg,3,green_apple,table_left,draft_unreviewed
images/train/WIN_20261006_23_47_12_Pro_frame000083.jpg,4,mug,table_left,draft_unreviewed
images/train/WIN_20261006_23_47_12_Pro_frame000083.jpg,5,peach,table_left,draft_unreviewed
images/train/WIN_20261006_23_47_12_Pro_frame000083.jpg,6,plate,table_left,draft_unreviewed
images/train/WIN_20261006_23_47_12_Pro_frame000084.jpg,0,apple,table_left,draft_unreviewed
images/train/WIN_20261006_23_47_12_Pro_frame000084.jpg,1,banana,table_left,draft_unreviewed
images/train/WIN_20261006_23_47_12_Pro_frame000084.jpg,2,fanta_can,table_left,draft_unreviewed
images/train/WIN_20261006_23_47_12_Pro_frame000084.jpg,3,green_apple,table_left,draft_unreviewed
images/train/WIN_20261006_23_47_12_Pro_frame000084.jpg,4,mug,table_left,draft_unreviewed
images/train/WIN_20261006_23_47_12_Pro_frame000084.jpg,5,peach,table_left,draft_unreviewed
images/train/WIN_20261006_23_47_12_Pro_frame000084.jpg,6,plate,table_left,draft_unreviewed
images/train/WIN_20261006_23_47_12_Pro_frame000085.jpg,0,apple,table_left,draft_unreviewed
images/train/WIN_20261006_23_47_12_Pro_frame000085.jpg,1,banana,table_left,draft_unreviewed
images/train/WIN_20261006_23_47_12_Pro_frame000085.jpg,2,fanta_can,table_left,draft_unreviewed
images/train/WIN_20261006_23_47_12_Pro_frame000085.jpg,3,green_apple,table_left,draft_unreviewed
images/train/WIN_20261006_23_47_12_Pro_frame000085.jpg,4,mug,table_left,draft_unreviewed
images/train/WIN_20261006_23_47_12_Pro_frame000085.jpg,5,peach,table_left,draft_unreviewed
images/train/WIN_20261006_23_47_12_Pro_frame000085.jpg,6,plate,table_left,draft_unreviewed
images/train/WIN_20261006_23_47_12_Pro_frame000086.jpg,0,apple,table_left,draft_unreviewed
images/train/WIN_20261006_23_47_12_Pro_frame000086.jpg,1,banana,table_left,draft_unreviewed
images/train/WIN_20261006_23_47_12_Pro_frame000086.jpg,2,fanta_can,table_left,draft_unreviewed
images/train/WIN_20261006_23_47_12_Pro_frame000086.jpg,3,green_apple,table_left,draft_unreviewed
images/train/WIN_20261006_23_47_12_Pro_frame000086.jpg,4,mug,table_left,draft_unreviewed
images/train/WIN_20261006_23_47_12_Pro_frame000086.jpg,5,peach,table_left,draft_unreviewed
images/train/WIN_20261006_23_47_12_Pro_frame000086.jpg,6,plate,table_left,draft_unreviewed
images/train/WIN_20261006_23_47_12_Pro_frame000087.jpg,0,apple,table_left,draft_unreviewed
images/train/WIN_20261006_23_47_12_Pro_frame000087.jpg,2,fanta_can,table_left,draft_unreviewed
images/train/WIN_20261006_23_47_12_Pro_frame000087.jpg,3,green_apple,table_left,draft_unreviewed
images/train/WIN_20261006_23_47_12_Pro_frame000087.jpg,4,mug,table_left,draft_unreviewed
images/train/WIN_20261006_23_47_12_Pro_frame000087.jpg,5,peach,table_left,draft_unreviewed
images/train/WIN_20261006_23_47_12_Pro_frame000087.jpg,6,plate,table_left,draft_unreviewed
images/train/WIN_20261006_23_47_12_Pro_frame000088.jpg,0,apple,table_left,draft_unreviewed
images/train/WIN_20261006_23_47_12_Pro_frame000088.jpg,2,fanta_can,table_left,draft_unreviewed
images/train/WIN_20261006_23_47_12_Pro_frame000088.jpg,3,green_apple,table_left,draft_unreviewed
images/train/WIN_20261006_23_47_12_Pro_frame000088.jpg,4,mug,table_left,draft_unreviewed
images/train/WIN_20261006_23_47_12_Pro_frame000088.jpg,5,peach,table_left,draft_unreviewed
images/train/WIN_20261006_23_47_12_Pro_frame000088.jpg,6,plate,table_left,draft_unreviewed
images/train/WIN_20261006_23_47_12_Pro_frame000089.jpg,0,apple,table_left,draft_unreviewed
images/train/WIN_20261006_23_47_12_Pro_frame000089.jpg,2,fanta_can,table_left,draft_unreviewed
images/train/WIN_20261006_23_47_12_Pro_frame000089.jpg,3,green_apple,table_left,draft_unreviewed
images/train/WIN_20261006_23_47_12_Pro_frame000089.jpg,4,mug,table_left,draft_unreviewed
images/train/WIN_20261006_23_47_12_Pro_frame000089.jpg,5,peach,table_left,draft_unreviewed
images/train/WIN_20261006_23_47_12_Pro_frame000089.jpg,6,plate,table_left,draft_unreviewed
images/train/WIN_20261006_23_47_12_Pro_frame000090.jpg,0,apple,table_left,draft_unreviewed
images/train/WIN_20261006_23_47_12_Pro_frame000090.jpg,2,fanta_can,table_left,draft_unreviewed
images/train/WIN_20261006_23_47_12_Pro_frame000090.jpg,3,green_apple,table_left,draft_unreviewed
images/train/WIN_20261006_23_47_12_Pro_frame000090.jpg,4,mug,table_left,draft_unreviewed
images/train/WIN_20261006_23_47_12_Pro_frame000090.jpg,5,peach,table_left,draft_unreviewed
images/train/WIN_20261006_23_47_12_Pro_frame000090.jpg,6,plate,table_left,draft_unreviewed
images/train/WIN_20261006_23_47_12_Pro_frame000091.jpg,0,apple,table_left,draft_unreviewed
images/train/WIN_20261006_23_47_12_Pro_frame000091.jpg,2,fanta_can,table_left,draft_unreviewed
images/train/WIN_20261006_23_47_12_Pro_frame000091.jpg,3,green_apple,table_left,draft_unreviewed
images/train/WIN_20261006_23_47_12_Pro_frame000091.jpg,4,mug,table_left,draft_unreviewed
images/train/WIN_20261006_23_47_12_Pro_frame000091.jpg,5,peach,table_left,draft_unreviewed
images/train/WIN_20261006_23_47_12_Pro_frame000091.jpg,6,plate,table_left,draft_unreviewed
images/train/WIN_20261006_23_47_12_Pro_frame000092.jpg,0,apple,table_left,draft_unreviewed
images/train/WIN_20261006_23_47_12_Pro_frame000092.jpg,2,fanta_can,table_left,draft_unreviewed
images/train/WIN_20261006_23_47_12_Pro_frame000092.jpg,3,green_apple,table_left,draft_unreviewed
images/train/WIN_20261006_23_47_12_Pro_frame000092.jpg,4,mug,table_left,draft_unreviewed
images/train/WIN_20261006_23_47_12_Pro_frame000092.jpg,5,peach,table_left,draft_unreviewed
images/train/WIN_20261006_23_47_12_Pro_frame000092.jpg,6,plate,table_left,draft_unreviewed
images/train/WIN_20261006_23_47_12_Pro_frame000093.jpg,0,apple,table_left,draft_unreviewed
images/train/WIN_20261006_23_47_12_Pro_frame000093.jpg,2,fanta_can,table_left,draft_unreviewed
images/train/WIN_20261006_23_47_12_Pro_frame000093.jpg,3,green_apple,table_left,draft_unreviewed
images/train/WIN_20261006_23_47_12_Pro_frame000093.jpg,4,mug,table_left,draft_unreviewed
images/train/WIN_20261006_23_47_12_Pro_frame000093.jpg,5,peach,table_left,draft_unreviewed
images/train/WIN_20261006_23_47_12_Pro_frame000093.jpg,6,plate,table_left,draft_unreviewed
images/train/WIN_20261006_23_47_12_Pro_frame000094.jpg,0,apple,table_left,draft_unreviewed
images/train/WIN_20261006_23_47_12_Pro_frame000094.jpg,2,fanta_can,table_left,draft_unreviewed
images/train/WIN_20261006_23_47_12_Pro_frame000094.jpg,3,green_apple,table_left,draft_unreviewed
images/train/WIN_20261006_23_47_12_Pro_frame000094.jpg,4,mug,table_left,draft_unreviewed
images/train/WIN_20261006_23_47_12_Pro_frame000094.jpg,5,peach,table_left,draft_unreviewed
images/train/WIN_20261006_23_47_12_Pro_frame000094.jpg,6,plate,table_left,draft_unreviewed
images/train/WIN_20261006_23_47_12_Pro_frame000095.jpg,0,apple,table_left,draft_unreviewed
images/train/WIN_20261006_23_47_12_Pro_frame000095.jpg,2,fanta_can,table_left,draft_unreviewed
images/train/WIN_20261006_23_47_12_Pro_frame000095.jpg,3,green_apple,table_left,draft_unreviewed
images/train/WIN_20261006_23_47_12_Pro_frame000095.jpg,4,mug,table_left,draft_unreviewed
images/train/WIN_20261006_23_47_12_Pro_frame000095.jpg,6,plate,table_left,draft_unreviewed
images/train/WIN_20261006_23_47_12_Pro_frame000096.jpg,0,apple,table_left,draft_unreviewed
images/train/WIN_20261006_23_47_12_Pro_frame000096.jpg,2,fanta_can,table_left,draft_unreviewed
images/train/WIN_20261006_23_47_12_Pro_frame000096.jpg,3,green_apple,table_left,draft_unreviewed
images/train/WIN_20261006_23_47_12_Pro_frame000096.jpg,4,mug,table_left,draft_unreviewed
images/train/WIN_20261006_23_47_12_Pro_frame000096.jpg,6,plate,table_left,draft_unreviewed
images/train/WIN_20261006_23_47_12_Pro_frame000097.jpg,0,apple,table_left,draft_unreviewed
images/train/WIN_20261006_23_47_12_Pro_frame000097.jpg,2,fanta_can,table_left,draft_unreviewed
images/train/WIN_20261006_23_47_12_Pro_frame000097.jpg,3,green_apple,table_left,draft_unreviewed
images/train/WIN_20261006_23_47_12_Pro_frame000097.jpg,4,mug,table_left,draft_unreviewed
images/train/WIN_20261006_23_47_12_Pro_frame000097.jpg,6,plate,table_left,draft_unreviewed
images/train/WIN_20261006_23_47_12_Pro_frame000098.jpg,0,apple,table_left,draft_unreviewed
images/train/WIN_20261006_23_47_12_Pro_frame000098.jpg,2,fanta_can,table_left,draft_unreviewed
images/train/WIN_20261006_23_47_12_Pro_frame000098.jpg,3,green_apple,table_left,draft_unreviewed
images/train/WIN_20261006_23_47_12_Pro_frame000098.jpg,4,mug,table_left,draft_unreviewed
images/train/WIN_20261006_23_47_12_Pro_frame000098.jpg,6,plate,table_left,draft_unreviewed
images/train/WIN_20261006_23_47_12_Pro_frame000099.jpg,0,apple,table_left,draft_unreviewed
images/train/WIN_20261006_23_47_12_Pro_frame000099.jpg,2,fanta_can,table_left,draft_unreviewed
images/train/WIN_20261006_23_47_12_Pro_frame000099.jpg,3,green_apple,table_left,draft_unreviewed
images/train/WIN_20261006_23_47_12_Pro_frame000099.jpg,4,mug,table_left,draft_unreviewed
images/train/WIN_20261006_23_47_12_Pro_frame000099.jpg,6,plate,table_left,draft_unreviewed
images/train/WIN_20261006_23_47_12_Pro_frame000100.jpg,0,apple,table_left,draft_unreviewed
images/train/WIN_20261006_23_47_12_Pro_frame000100.jpg,2,fanta_can,table_left,draft_unreviewed
images/train/WIN_20261006_23_47_12_Pro_frame000100.jpg,3,green_apple,table_left,draft_unreviewed
images/train/WIN_20261006_23_47_12_Pro_frame000100.jpg,4,mug,table_left,draft_unreviewed
images/train/WIN_20261006_23_47_12_Pro_frame000100.jpg,6,plate,table_left,draft_unreviewed
images/train/WIN_20261006_23_47_12_Pro_frame000101.jpg,0,apple,table_left,draft_unreviewed
images/train/WIN_20261006_23_47_12_Pro_frame000101.jpg,2,fanta_can,table_left,draft_unreviewed
images/train/WIN_20261006_23_47_12_Pro_frame000101.jpg,3,green_apple,table_left,draft_unreviewed
images/train/WIN_20261006_23_47_12_Pro_frame000101.jpg,4,mug,table_left,draft_unreviewed
images/train/WIN_20261006_23_47_12_Pro_frame000101.jpg,6,plate,table_left,draft_unreviewed
images/train/WIN_20261006_23_47_12_Pro_frame000102.jpg,0,apple,table_left,draft_unreviewed
images/train/WIN_20261006_23_47_12_Pro_frame000102.jpg,2,fanta_can,table_left,draft_unreviewed
images/train/WIN_20261006_23_47_12_Pro_frame000102.jpg,3,green_apple,table_left,draft_unreviewed
images/train/WIN_20261006_23_47_12_Pro_frame000102.jpg,4,mug,table_left,draft_unreviewed
images/train/WIN_20261006_23_47_12_Pro_frame000102.jpg,6,plate,table_left,draft_unreviewed
images/train/WIN_20261006_23_47_12_Pro_frame000103.jpg,0,apple,table_left,draft_unreviewed
images/train/WIN_20261006_23_47_12_Pro_frame000103.jpg,2,fanta_can,table_left,draft_unreviewed
images/train/WIN_20261006_23_47_12_Pro_frame000103.jpg,3,green_apple,table_left,draft_unreviewed
images/train/WIN_20261006_23_47_12_Pro_frame000103.jpg,4,mug,table_left,draft_unreviewed
images/train/WIN_20261006_23_47_12_Pro_frame000103.jpg,6,plate,table_left,draft_unreviewed
images/train/WIN_20261006_23_47_12_Pro_frame000104.jpg,0,apple,table_left,draft_unreviewed
images/train/WIN_20261006_23_47_12_Pro_frame000104.jpg,2,fanta_can,table_left,draft_unreviewed
images/train/WIN_20261006_23_47_12_Pro_frame000104.jpg,3,green_apple,table_left,draft_unreviewed
images/train/WIN_20261006_23_47_12_Pro_frame000104.jpg,4,mug,table_left,draft_unreviewed
images/train/WIN_20261006_23_47_12_Pro_frame000104.jpg,6,plate,table_left,draft_unreviewed
images/train/WIN_20261006_23_47_12_Pro_frame000105.jpg,0,apple,table_left,draft_unreviewed
images/train/WIN_20261006_23_47_12_Pro_frame000105.jpg,2,fanta_can,table_left,draft_unreviewed
images/train/WIN_20261006_23_47_12_Pro_frame000105.jpg,3,green_apple,table_left,draft_unreviewed
images/train/WIN_20261006_23_47_12_Pro_frame000105.jpg,4,mug,table_left,draft_unreviewed
images/train/WIN_20261006_23_47_12_Pro_frame000105.jpg,6,plate,table_left,draft_unreviewed
images/train/WIN_20261006_23_47_12_Pro_frame000106.jpg,0,apple,table_left,draft_unreviewed
images/train/WIN_20261006_23_47_12_Pro_frame000106.jpg,2,fanta_can,table_left,draft_unreviewed
images/train/WIN_20261006_23_47_12_Pro_frame000106.jpg,3,green_apple,table_left,draft_unreviewed
images/train/WIN_20261006_23_47_12_Pro_frame000106.jpg,4,mug,table_left,draft_unreviewed
images/train/WIN_20261006_23_47_12_Pro_frame000106.jpg,6,plate,table_left,draft_unreviewed
images/train/WIN_20261006_23_47_12_Pro_frame000107.jpg,0,apple,table_left,draft_unreviewed
images/train/WIN_20261006_23_47_12_Pro_frame000107.jpg,2,fanta_can,table_left,draft_unreviewed
images/train/WIN_20261006_23_47_12_Pro_frame000107.jpg,3,green_apple,table_left,draft_unreviewed
images/train/WIN_20261006_23_47_12_Pro_frame000107.jpg,4,mug,table_left,draft_unreviewed
images/train/WIN_20261006_23_47_12_Pro_frame000107.jpg,6,plate,table_left,draft_unreviewed
images/train/WIN_20261006_23_47_12_Pro_frame000108.jpg,0,apple,table_left,draft_unreviewed
images/train/WIN_20261006_23_47_12_Pro_frame000108.jpg,2,fanta_can,table_left,draft_unreviewed
images/train/WIN_20261006_23_47_12_Pro_frame000108.jpg,3,green_apple,table_left,draft_unreviewed
images/train/WIN_20261006_23_47_12_Pro_frame000108.jpg,4,mug,table_left,draft_unreviewed
images/train/WIN_20261006_23_47_12_Pro_frame000108.jpg,6,plate,table_left,draft_unreviewed
images/train/WIN_20261006_23_47_12_Pro_frame000109.jpg,0,apple,table_left,draft_unreviewed
images/train/WIN_20261006_23_47_12_Pro_frame000109.jpg,2,fanta_can,table_left,draft_unreviewed
images/train/WIN_20261006_23_47_12_Pro_frame000109.jpg,3,green_apple,table_left,draft_unreviewed
images/train/WIN_20261006_23_47_12_Pro_frame000109.jpg,4,mug,table_left,draft_unreviewed
images/train/WIN_20261006_23_47_12_Pro_frame000109.jpg,6,plate,table_left,draft_unreviewed
images/train/WIN_20261006_23_47_12_Pro_frame000110.jpg,0,apple,table_left,draft_unreviewed
images/train/WIN_20261006_23_47_12_Pro_frame000110.jpg,2,fanta_can,table_left,draft_unreviewed
images/train/WIN_20261006_23_47_12_Pro_frame000110.jpg,3,green_apple,table_left,draft_unreviewed
images/train/WIN_20261006_23_47_12_Pro_frame000110.jpg,4,mug,table_left,draft_unreviewed
images/train/WIN_20261006_23_47_12_Pro_frame000110.jpg,6,plate,table_left,draft_unreviewed
images/train/WIN_20261006_23_47_12_Pro_frame000111.jpg,0,apple,table_left,draft_unreviewed
images/train/WIN_20261006_23_47_12_Pro_frame000111.jpg,2,fanta_can,table_left,draft_unreviewed
images/train/WIN_20261006_23_47_12_Pro_frame000111.jpg,3,green_apple,table_left,draft_unreviewed
images/train/WIN_20261006_23_47_12_Pro_frame000111.jpg,4,mug,table_left,draft_unreviewed
images/train/WIN_20261006_23_47_12_Pro_frame000111.jpg,6,plate,table_left,draft_unreviewed
images/train/WIN_20261006_23_47_12_Pro_frame000112.jpg,0,apple,table_left,draft_unreviewed
images/train/WIN_20261006_23_47_12_Pro_frame000112.jpg,2,fanta_can,table_left,draft_unreviewed
images/train/WIN_20261006_23_47_12_Pro_frame000112.jpg,3,green_apple,table_left,draft_unreviewed
images/train/WIN_20261006_23_47_12_Pro_frame000112.jpg,4,mug,table_left,draft_unreviewed
images/train/WIN_20261006_23_47_12_Pro_frame000112.jpg,6,plate,table_left,draft_unreviewed
images/train/WIN_20261006_23_47_12_Pro_frame000113.jpg,0,apple,table_left,draft_unreviewed
images/train/WIN_20261006_23_47_12_Pro_frame000113.jpg,2,fanta_can,table_left,draft_unreviewed
images/train/WIN_20261006_23_47_12_Pro_frame000113.jpg,3,green_apple,table_left,draft_unreviewed
images/train/WIN_20261006_23_47_12_Pro_frame000113.jpg,4,mug,table_left,draft_unreviewed
images/train/WIN_20261006_23_47_12_Pro_frame000113.jpg,6,plate,table_left,draft_unreviewed
images/train/WIN_20261006_23_47_12_Pro_frame000114.jpg,0,apple,table_left,draft_unreviewed
images/train/WIN_20261006_23_47_12_Pro_frame000114.jpg,2,fanta_can,table_left,draft_unreviewed
images/train/WIN_20261006_23_47_12_Pro_frame000114.jpg,3,green_apple,table_left,draft_unreviewed
images/train/WIN_20261006_23_47_12_Pro_frame000114.jpg,4,mug,table_left,draft_unreviewed
images/train/WIN_20261006_23_47_12_Pro_frame000114.jpg,6,plate,table_left,draft_unreviewed
images/train/WIN_20261006_23_47_12_Pro_frame000115.jpg,0,apple,table_left,draft_unreviewed
images/train/WIN_20261006_23_47_12_Pro_frame000115.jpg,2,fanta_can,table_left,draft_unreviewed
images/train/WIN_20261006_23_47_12_Pro_frame000115.jpg,4,mug,table_left,draft_unreviewed
images/train/WIN_20261006_23_47_12_Pro_frame000115.jpg,6,plate,table_left,draft_unreviewed
images/train/WIN_20261006_23_47_12_Pro_frame000116.jpg,0,apple,table_left,draft_unreviewed
images/train/WIN_20261006_23_47_12_Pro_frame000116.jpg,2,fanta_can,table_left,draft_unreviewed
images/train/WIN_20261006_23_47_12_Pro_frame000116.jpg,4,mug,table_left,draft_unreviewed
images/train/WIN_20261006_23_47_12_Pro_frame000116.jpg,6,plate,table_left,draft_unreviewed
images/train/WIN_20261006_23_47_12_Pro_frame000117.jpg,0,apple,table_left,draft_unreviewed
images/train/WIN_20261006_23_47_12_Pro_frame000117.jpg,2,fanta_can,table_left,draft_unreviewed
images/train/WIN_20261006_23_47_12_Pro_frame000117.jpg,4,mug,table_left,draft_unreviewed
images/train/WIN_20261006_23_47_12_Pro_frame000117.jpg,6,plate,table_left,draft_unreviewed
images/train/WIN_20261006_23_47_12_Pro_frame000118.jpg,0,apple,table_left,draft_unreviewed
images/train/WIN_20261006_23_47_12_Pro_frame000118.jpg,2,fanta_can,table_left,draft_unreviewed
images/train/WIN_20261006_23_47_12_Pro_frame000118.jpg,4,mug,table_left,draft_unreviewed
images/train/WIN_20261006_23_47_12_Pro_frame000118.jpg,6,plate,table_left,draft_unreviewed
images/train/WIN_20261006_23_47_12_Pro_frame000119.jpg,0,apple,table_left,draft_unreviewed
images/train/WIN_20261006_23_47_12_Pro_frame000119.jpg,2,fanta_can,table_left,draft_unreviewed
images/train/WIN_20261006_23_47_12_Pro_frame000119.jpg,4,mug,table_left,draft_unreviewed
images/train/WIN_20261006_23_47_12_Pro_frame000119.jpg,6,plate,table_left,draft_unreviewed
images/train/WIN_20261006_23_47_12_Pro_frame000120.jpg,0,apple,table_left,draft_unreviewed
images/train/WIN_20261006_23_47_12_Pro_frame000120.jpg,2,fanta_can,table_left,draft_unreviewed
images/train/WIN_20261006_23_47_12_Pro_frame000120.jpg,4,mug,table_left,draft_unreviewed
images/train/WIN_20261006_23_47_12_Pro_frame000120.jpg,6,plate,table_left,draft_unreviewed
images/train/WIN_20261006_23_47_12_Pro_frame000121.jpg,0,apple,table_left,draft_unreviewed
images/train/WIN_20261006_23_47_12_Pro_frame000121.jpg,2,fanta_can,table_left,draft_unreviewed
images/train/WIN_20261006_23_47_12_Pro_frame000121.jpg,4,mug,table_left,draft_unreviewed
images/train/WIN_20261006_23_47_12_Pro_frame000121.jpg,6,plate,table_left,draft_unreviewed
images/train/WIN_20261006_23_47_12_Pro_frame000122.jpg,0,apple,table_left,draft_unreviewed
images/train/WIN_20261006_23_47_12_Pro_frame000122.jpg,2,fanta_can,table_left,draft_unreviewed
images/train/WIN_20261006_23_47_12_Pro_frame000122.jpg,4,mug,table_left,draft_unreviewed
images/train/WIN_20261006_23_47_12_Pro_frame000122.jpg,6,plate,table_left,draft_unreviewed
images/train/WIN_20261006_23_47_12_Pro_frame000123.jpg,0,apple,table_left,draft_unreviewed
images/train/WIN_20261006_23_47_12_Pro_frame000123.jpg,2,fanta_can,table_left,draft_unreviewed
images/train/WIN_20261006_23_47_12_Pro_frame000123.jpg,4,mug,table_left,draft_unreviewed
images/train/WIN_20261006_23_47_12_Pro_frame000123.jpg,6,plate,table_left,draft_unreviewed
images/train/WIN_20261006_23_47_12_Pro_frame000124.jpg,0,apple,table_left,draft_unreviewed
images/train/WIN_20261006_23_47_12_Pro_frame000124.jpg,2,fanta_can,table_left,draft_unreviewed
images/train/WIN_20261006_23_47_12_Pro_frame000124.jpg,4,mug,table_left,draft_unreviewed
images/train/WIN_20261006_23_47_12_Pro_frame000124.jpg,6,plate,table_left,draft_unreviewed
images/train/WIN_20261006_23_47_12_Pro_frame000125.jpg,0,apple,table_left,draft_unreviewed
images/train/WIN_20261006_23_47_12_Pro_frame000125.jpg,2,fanta_can,table_left,draft_unreviewed
images/train/WIN_20261006_23_47_12_Pro_frame000125.jpg,4,mug,table_left,draft_unreviewed
images/train/WIN_20261006_23_47_12_Pro_frame000125.jpg,6,plate,table_left,draft_unreviewed
images/train/WIN_20261006_23_47_12_Pro_frame000126.jpg,0,apple,table_left,draft_unreviewed
images/train/WIN_20261006_23_47_12_Pro_frame000126.jpg,2,fanta_can,table_left,draft_unreviewed
images/train/WIN_20261006_23_47_12_Pro_frame000126.jpg,4,mug,table_left,draft_unreviewed
images/train/WIN_20261006_23_47_12_Pro_frame000126.jpg,6,plate,table_left,draft_unreviewed
images/train/WIN_20261006_23_47_12_Pro_frame000127.jpg,0,apple,table_left,draft_unreviewed
images/train/WIN_20261006_23_47_12_Pro_frame000127.jpg,2,fanta_can,table_left,draft_unreviewed
images/train/WIN_20261006_23_47_12_Pro_frame000127.jpg,4,mug,table_left,draft_unreviewed
images/train/WIN_20261006_23_47_12_Pro_frame000127.jpg,6,plate,table_left,draft_unreviewed
images/train/WIN_20261006_23_47_12_Pro_frame000128.jpg,0,apple,table_left,draft_unreviewed
images/train/WIN_20261006_23_47_12_Pro_frame000128.jpg,2,fanta_can,table_left,draft_unreviewed
images/train/WIN_20261006_23_47_12_Pro_frame000128.jpg,4,mug,table_left,draft_unreviewed
images/train/WIN_20261006_23_47_12_Pro_frame000128.jpg,6,plate,table_left,draft_unreviewed
images/train/WIN_20261006_23_47_12_Pro_frame000129.jpg,0,apple,table_left,draft_unreviewed
images/train/WIN_20261006_23_47_12_Pro_frame000129.jpg,2,fanta_can,table_left,draft_unreviewed
images/train/WIN_20261006_23_47_12_Pro_frame000129.jpg,4,mug,table_left,draft_unreviewed
images/train/WIN_20261006_23_47_12_Pro_frame000129.jpg,6,plate,table_left,draft_unreviewed
images/train/WIN_20261006_23_47_12_Pro_frame000130.jpg,0,apple,table_left,draft_unreviewed
images/train/WIN_20261006_23_47_12_Pro_frame000130.jpg,2,fanta_can,table_left,draft_unreviewed
images/train/WIN_20261006_23_47_12_Pro_frame000130.jpg,4,mug,table_left,draft_unreviewed
images/train/WIN_20261006_23_47_12_Pro_frame000130.jpg,6,plate,table_left,draft_unreviewed
images/train/WIN_20261006_23_47_12_Pro_frame000131.jpg,0,apple,table_left,draft_unreviewed
images/train/WIN_20261006_23_47_12_Pro_frame000131.jpg,2,fanta_can,table_left,draft_unreviewed
images/train/WIN_20261006_23_47_12_Pro_frame000131.jpg,4,mug,table_left,draft_unreviewed
images/train/WIN_20261006_23_47_12_Pro_frame000131.jpg,6,plate,table_left,draft_unreviewed
images/train/WIN_20261006_23_47_12_Pro_frame000132.jpg,0,apple,table_left,draft_unreviewed
images/train/WIN_20261006_23_47_12_Pro_frame000132.jpg,2,fanta_can,table_left,draft_unreviewed
images/train/WIN_20261006_23_47_12_Pro_frame000132.jpg,4,mug,table_left,draft_unreviewed
images/train/WIN_20261006_23_47_12_Pro_frame000132.jpg,6,plate,table_left,draft_unreviewed
images/train/WIN_20261006_23_47_12_Pro_frame000133.jpg,0,apple,table_left,draft_unreviewed
images/train/WIN_20261006_23_47_12_Pro_frame000133.jpg,2,fanta_can,table_left,draft_unreviewed
images/train/WIN_20261006_23_47_12_Pro_frame000133.jpg,4,mug,table_left,draft_unreviewed
images/train/WIN_20261006_23_47_12_Pro_frame000133.jpg,6,plate,table_left,draft_unreviewed
images/train/WIN_20261006_23_47_12_Pro_frame000134.jpg,0,apple,table_left,draft_unreviewed
images/train/WIN_20261006_23_47_12_Pro_frame000134.jpg,2,fanta_can,table_left,draft_unreviewed
images/train/WIN_20261006_23_47_12_Pro_frame000134.jpg,4,mug,table_left,draft_unreviewed
images/train/WIN_20261006_23_47_12_Pro_frame000134.jpg,6,plate,table_left,draft_unreviewed
images/train/WIN_20261006_23_47_12_Pro_frame000135.jpg,0,apple,table_left,draft_unreviewed
images/train/WIN_20261006_23_47_12_Pro_frame000135.jpg,2,fanta_can,table_left,draft_unreviewed
images/train/WIN_20261006_23_47_12_Pro_frame000135.jpg,4,mug,table_left,draft_unreviewed
images/train/WIN_20261006_23_47_12_Pro_frame000135.jpg,6,plate,table_left,draft_unreviewed
images/train/WIN_20261006_23_47_12_Pro_frame000136.jpg,0,apple,table_left,draft_unreviewed
images/train/WIN_20261006_23_47_12_Pro_frame000136.jpg,2,fanta_can,table_left,draft_unreviewed
images/train/WIN_20261006_23_47_12_Pro_frame000136.jpg,4,mug,table_left,draft_unreviewed
images/train/WIN_20261006_23_47_12_Pro_frame000136.jpg,6,plate,table_left,draft_unreviewed
images/train/WIN_20261006_23_47_12_Pro_frame000137.jpg,0,apple,table_left,draft_unreviewed
images/train/WIN_20261006_23_47_12_Pro_frame000137.jpg,2,fanta_can,table_left,draft_unreviewed
images/train/WIN_20261006_23_47_12_Pro_frame000137.jpg,4,mug,table_left,draft_unreviewed
images/train/WIN_20261006_23_47_12_Pro_frame000137.jpg,6,plate,table_left,draft_unreviewed
images/train/WIN_20261006_23_47_12_Pro_frame000138.jpg,0,apple,table_left,draft_unreviewed
images/train/WIN_20261006_23_47_12_Pro_frame000138.jpg,2,fanta_can,table_left,draft_unreviewed
images/train/WIN_20261006_23_47_12_Pro_frame000138.jpg,4,mug,table_left,draft_unreviewed
images/train/WIN_20261006_23_47_12_Pro_frame000138.jpg,6,plate,table_left,draft_unreviewed
images/train/WIN_20261006_23_47_12_Pro_frame000139.jpg,0,apple,table_left,draft_unreviewed
images/train/WIN_20261006_23_47_12_Pro_frame000139.jpg,2,fanta_can,table_left,draft_unreviewed
images/train/WIN_20261006_23_47_12_Pro_frame000139.jpg,4,mug,table_left,draft_unreviewed
images/train/WIN_20261006_23_47_12_Pro_frame000139.jpg,6,plate,table_left,draft_unreviewed
images/train/WIN_20261006_23_47_12_Pro_frame000140.jpg,0,apple,table_left,draft_unreviewed
images/train/WIN_20261006_23_47_12_Pro_frame000140.jpg,2,fanta_can,table_left,draft_unreviewed
images/train/WIN_20261006_23_47_12_Pro_frame000140.jpg,4,mug,table_left,draft_unreviewed
images/train/WIN_20261006_23_47_12_Pro_frame000140.jpg,6,plate,table_left,draft_unreviewed
images/train/WIN_20261006_23_47_12_Pro_frame000141.jpg,0,apple,table_left,draft_unreviewed
images/train/WIN_20261006_23_47_12_Pro_frame000141.jpg,2,fanta_can,table_left,draft_unreviewed
images/train/WIN_20261006_23_47_12_Pro_frame000141.jpg,4,mug,table_left,draft_unreviewed
images/train/WIN_20261006_23_47_12_Pro_frame000141.jpg,6,plate,table_left,draft_unreviewed
images/train/WIN_20261006_23_47_12_Pro_frame000142.jpg,0,apple,table_left,draft_unreviewed
images/train/WIN_20261006_23_47_12_Pro_frame000142.jpg,2,fanta_can,table_left,draft_unreviewed
images/train/WIN_20261006_23_47_12_Pro_frame000142.jpg,4,mug,table_left,draft_unreviewed
images/train/WIN_20261006_23_47_12_Pro_frame000142.jpg,6,plate,table_left,draft_unreviewed
images/train/WIN_20261006_23_47_12_Pro_frame000143.jpg,0,apple,table_left,draft_unreviewed
images/train/WIN_20261006_23_47_12_Pro_frame000143.jpg,2,fanta_can,table_left,draft_unreviewed
images/train/WIN_20261006_23_47_12_Pro_frame000143.jpg,4,mug,table_left,draft_unreviewed
images/train/WIN_20261006_23_47_12_Pro_frame000143.jpg,6,plate,table_left,draft_unreviewed
images/train/WIN_20261006_23_47_12_Pro_frame000144.jpg,0,apple,table_left,draft_unreviewed
images/train/WIN_20261006_23_47_12_Pro_frame000144.jpg,2,fanta_can,table_left,draft_unreviewed
images/train/WIN_20261006_23_47_12_Pro_frame000144.jpg,4,mug,table_left,draft_unreviewed
images/train/WIN_20261006_23_47_12_Pro_frame000144.jpg,6,plate,table_left,draft_unreviewed
images/train/WIN_20261006_23_47_12_Pro_frame000145.jpg,0,apple,table_left,draft_unreviewed
images/train/WIN_20261006_23_47_12_Pro_frame000145.jpg,2,fanta_can,table_left,draft_unreviewed
images/train/WIN_20261006_23_47_12_Pro_frame000145.jpg,4,mug,table_left,draft_unreviewed
images/train/WIN_20261006_23_47_12_Pro_frame000145.jpg,6,plate,table_left,draft_unreviewed
images/train/WIN_20261006_23_47_12_Pro_frame000146.jpg,0,apple,table_left,draft_unreviewed
images/train/WIN_20261006_23_47_12_Pro_frame000146.jpg,2,fanta_can,table_left,draft_unreviewed
images/train/WIN_20261006_23_47_12_Pro_frame000146.jpg,4,mug,table_left,draft_unreviewed
images/train/WIN_20261006_23_47_12_Pro_frame000146.jpg,6,plate,table_left,draft_unreviewed
images/train/WIN_20261006_23_47_12_Pro_frame000147.jpg,0,apple,table_left,draft_unreviewed
images/train/WIN_20261006_23_47_12_Pro_frame000147.jpg,2,fanta_can,table_left,draft_unreviewed
images/train/WIN_20261006_23_47_12_Pro_frame000147.jpg,4,mug,table_left,draft_unreviewed
images/train/WIN_20261006_23_47_12_Pro_frame000147.jpg,6,plate,table_left,draft_unreviewed
images/train/WIN_20261006_23_47_12_Pro_frame000148.jpg,0,apple,table_left,draft_unreviewed
images/train/WIN_20261006_23_47_12_Pro_frame000148.jpg,2,fanta_can,table_left,draft_unreviewed
images/train/WIN_20261006_23_47_12_Pro_frame000148.jpg,4,mug,table_left,draft_unreviewed
images/train/WIN_20261006_23_47_12_Pro_frame000148.jpg,6,plate,table_left,draft_unreviewed
images/train/WIN_20261006_23_47_12_Pro_frame000149.jpg,0,apple,table_left,draft_unreviewed
images/train/WIN_20261006_23_47_12_Pro_frame000149.jpg,2,fanta_can,table_left,draft_unreviewed
images/train/WIN_20261006_23_47_12_Pro_frame000149.jpg,3,green_apple,table_left,draft_unreviewed
images/train/WIN_20261006_23_47_12_Pro_frame000149.jpg,4,mug,table_left,draft_unreviewed
images/train/WIN_20261006_23_47_12_Pro_frame000149.jpg,6,plate,table_left,draft_unreviewed
images/train/WIN_20261006_23_47_12_Pro_frame000150.jpg,0,apple,table_left,draft_unreviewed
images/train/WIN_20261006_23_47_12_Pro_frame000150.jpg,2,fanta_can,table_left,draft_unreviewed
images/train/WIN_20261006_23_47_12_Pro_frame000150.jpg,3,green_apple,table_left,draft_unreviewed
images/train/WIN_20261006_23_47_12_Pro_frame000150.jpg,4,mug,table_left,draft_unreviewed
images/train/WIN_20261006_23_47_12_Pro_frame000150.jpg,6,plate,table_left,draft_unreviewed
images/train/WIN_20261006_23_47_12_Pro_frame000151.jpg,0,apple,table_left,draft_unreviewed
images/train/WIN_20261006_23_47_12_Pro_frame000151.jpg,2,fanta_can,table_left,draft_unreviewed
images/train/WIN_20261006_23_47_12_Pro_frame000151.jpg,3,green_apple,table_left,draft_unreviewed
images/train/WIN_20261006_23_47_12_Pro_frame000151.jpg,4,mug,table_left,draft_unreviewed
images/train/WIN_20261006_23_47_12_Pro_frame000151.jpg,6,plate,table_left,draft_unreviewed
images/train/WIN_20261006_23_47_12_Pro_frame000152.jpg,0,apple,table_left,draft_unreviewed
images/train/WIN_20261006_23_47_12_Pro_frame000152.jpg,2,fanta_can,table_left,draft_unreviewed
images/train/WIN_20261006_23_47_12_Pro_frame000152.jpg,3,green_apple,table_left,draft_unreviewed
images/train/WIN_20261006_23_47_12_Pro_frame000152.jpg,4,mug,table_left,draft_unreviewed
images/train/WIN_20261006_23_47_12_Pro_frame000152.jpg,6,plate,table_left,draft_unreviewed
images/train/WIN_20261006_23_47_12_Pro_frame000153.jpg,0,apple,table_left,draft_unreviewed
images/train/WIN_20261006_23_47_12_Pro_frame000153.jpg,2,fanta_can,table_left,draft_unreviewed
images/train/WIN_20261006_23_47_12_Pro_frame000153.jpg,3,green_apple,table_left,draft_unreviewed
images/train/WIN_20261006_23_47_12_Pro_frame000153.jpg,4,mug,table_left,draft_unreviewed
images/train/WIN_20261006_23_47_12_Pro_frame000153.jpg,6,plate,table_left,draft_unreviewed
images/train/WIN_20261006_23_47_12_Pro_frame000154.jpg,0,apple,table_left,draft_unreviewed
images/train/WIN_20261006_23_47_12_Pro_frame000154.jpg,2,fanta_can,table_left,draft_unreviewed
images/train/WIN_20261006_23_47_12_Pro_frame000154.jpg,3,green_apple,table_left,draft_unreviewed
images/train/WIN_20261006_23_47_12_Pro_frame000154.jpg,4,mug,table_left,draft_unreviewed
images/train/WIN_20261006_23_47_12_Pro_frame000154.jpg,5,peach,table_left,draft_unreviewed
images/train/WIN_20261006_23_47_12_Pro_frame000154.jpg,6,plate,table_left,draft_unreviewed
images/train/WIN_20261006_23_47_12_Pro_frame000155.jpg,0,apple,table_left,draft_unreviewed
images/train/WIN_20261006_23_47_12_Pro_frame000155.jpg,2,fanta_can,table_left,draft_unreviewed
images/train/WIN_20261006_23_47_12_Pro_frame000155.jpg,3,green_apple,table_left,draft_unreviewed
images/train/WIN_20261006_23_47_12_Pro_frame000155.jpg,4,mug,table_left,draft_unreviewed
images/train/WIN_20261006_23_47_12_Pro_frame000155.jpg,5,peach,table_left,draft_unreviewed
images/train/WIN_20261006_23_47_12_Pro_frame000155.jpg,6,plate,table_left,draft_unreviewed
images/train/WIN_20261006_23_47_12_Pro_frame000156.jpg,0,apple,table_left,draft_unreviewed
images/train/WIN_20261006_23_47_12_Pro_frame000156.jpg,2,fanta_can,table_left,draft_unreviewed
images/train/WIN_20261006_23_47_12_Pro_frame000156.jpg,3,green_apple,table_left,draft_unreviewed
images/train/WIN_20261006_23_47_12_Pro_frame000156.jpg,4,mug,table_left,draft_unreviewed
images/train/WIN_20261006_23_47_12_Pro_frame000156.jpg,5,peach,table_left,draft_unreviewed
images/train/WIN_20261006_23_47_12_Pro_frame000156.jpg,6,plate,table_left,draft_unreviewed
images/train/WIN_20261006_23_47_12_Pro_frame000157.jpg,0,apple,table_left,draft_unreviewed
images/train/WIN_20261006_23_47_12_Pro_frame000157.jpg,2,fanta_can,table_left,draft_unreviewed
images/train/WIN_20261006_23_47_12_Pro_frame000157.jpg,3,green_apple,table_left,draft_unreviewed
images/train/WIN_20261006_23_47_12_Pro_frame000157.jpg,4,mug,table_left,draft_unreviewed
images/train/WIN_20261006_23_47_12_Pro_frame000157.jpg,5,peach,table_left,draft_unreviewed
images/train/WIN_20261006_23_47_12_Pro_frame000157.jpg,6,plate,table_left,draft_unreviewed
images/train/WIN_20261006_23_47_12_Pro_frame000158.jpg,0,apple,table_left,draft_unreviewed
images/train/WIN_20261006_23_47_12_Pro_frame000158.jpg,2,fanta_can,table_left,draft_unreviewed
images/train/WIN_20261006_23_47_12_Pro_frame000158.jpg,3,green_apple,table_left,draft_unreviewed
images/train/WIN_20261006_23_47_12_Pro_frame000158.jpg,4,mug,table_left,draft_unreviewed
images/train/WIN_20261006_23_47_12_Pro_frame000158.jpg,5,peach,table_left,draft_unreviewed
images/train/WIN_20261006_23_47_12_Pro_frame000158.jpg,6,plate,table_left,draft_unreviewed
images/train/WIN_20261006_23_47_12_Pro_frame000159.jpg,0,apple,table_left,draft_unreviewed
images/train/WIN_20261006_23_47_12_Pro_frame000159.jpg,2,fanta_can,table_left,draft_unreviewed
images/train/WIN_20261006_23_47_12_Pro_frame000159.jpg,3,green_apple,table_left,draft_unreviewed
images/train/WIN_20261006_23_47_12_Pro_frame000159.jpg,4,mug,table_left,draft_unreviewed
images/train/WIN_20261006_23_47_12_Pro_frame000159.jpg,5,peach,table_left,draft_unreviewed
images/train/WIN_20261006_23_47_12_Pro_frame000159.jpg,6,plate,table_left,draft_unreviewed
images/train/WIN_20261006_23_47_12_Pro_frame000160.jpg,0,apple,table_left,draft_unreviewed
images/train/WIN_20261006_23_47_12_Pro_frame000160.jpg,1,banana,table_left,draft_unreviewed
images/train/WIN_20261006_23_47_12_Pro_frame000160.jpg,2,fanta_can,table_left,draft_unreviewed
images/train/WIN_20261006_23_47_12_Pro_frame000160.jpg,3,green_apple,table_left,draft_unreviewed
images/train/WIN_20261006_23_47_12_Pro_frame000160.jpg,4,mug,table_left,draft_unreviewed
images/train/WIN_20261006_23_47_12_Pro_frame000160.jpg,5,peach,table_left,draft_unreviewed
images/train/WIN_20261006_23_47_12_Pro_frame000160.jpg,6,plate,table_left,draft_unreviewed
images/train/WIN_20261006_23_47_12_Pro_frame000161.jpg,0,apple,table_left,draft_unreviewed
images/train/WIN_20261006_23_47_12_Pro_frame000161.jpg,1,banana,table_left,draft_unreviewed
images/train/WIN_20261006_23_47_12_Pro_frame000161.jpg,2,fanta_can,table_left,draft_unreviewed
images/train/WIN_20261006_23_47_12_Pro_frame000161.jpg,3,green_apple,table_left,draft_unreviewed
images/train/WIN_20261006_23_47_12_Pro_frame000161.jpg,4,mug,table_left,draft_unreviewed
images/train/WIN_20261006_23_47_12_Pro_frame000161.jpg,5,peach,table_left,draft_unreviewed
images/train/WIN_20261006_23_47_12_Pro_frame000161.jpg,6,plate,table_left,draft_unreviewed
images/train/WIN_20261006_23_47_12_Pro_frame000162.jpg,0,apple,table_left,draft_unreviewed
images/train/WIN_20261006_23_47_12_Pro_frame000162.jpg,1,banana,table_left,draft_unreviewed
images/train/WIN_20261006_23_47_12_Pro_frame000162.jpg,2,fanta_can,table_left,draft_unreviewed
images/train/WIN_20261006_23_47_12_Pro_frame000162.jpg,3,green_apple,table_left,draft_unreviewed
images/train/WIN_20261006_23_47_12_Pro_frame000162.jpg,4,mug,table_left,draft_unreviewed
images/train/WIN_20261006_23_47_12_Pro_frame000162.jpg,5,peach,table_left,draft_unreviewed
images/train/WIN_20261006_23_47_12_Pro_frame000162.jpg,6,plate,table_left,draft_unreviewed
images/train/WIN_20261006_23_47_12_Pro_frame000163.jpg,0,apple,table_left,draft_unreviewed
images/train/WIN_20261006_23_47_12_Pro_frame000163.jpg,1,banana,table_left,draft_unreviewed
images/train/WIN_20261006_23_47_12_Pro_frame000163.jpg,2,fanta_can,table_left,draft_unreviewed
images/train/WIN_20261006_23_47_12_Pro_frame000163.jpg,3,green_apple,table_left,draft_unreviewed
images/train/WIN_20261006_23_47_12_Pro_frame000163.jpg,4,mug,table_left,draft_unreviewed
images/train/WIN_20261006_23_47_12_Pro_frame000163.jpg,5,peach,table_left,draft_unreviewed
images/train/WIN_20261006_23_47_12_Pro_frame000163.jpg,6,plate,table_left,draft_unreviewed
images/train/WIN_20261006_23_47_12_Pro_frame000164.jpg,0,apple,table_left,draft_unreviewed
images/train/WIN_20261006_23_47_12_Pro_frame000164.jpg,1,banana,table_left,draft_unreviewed
images/train/WIN_20261006_23_47_12_Pro_frame000164.jpg,2,fanta_can,table_left,draft_unreviewed
images/train/WIN_20261006_23_47_12_Pro_frame000164.jpg,3,green_apple,table_left,draft_unreviewed
images/train/WIN_20261006_23_47_12_Pro_frame000164.jpg,4,mug,table_left,draft_unreviewed
images/train/WIN_20261006_23_47_12_Pro_frame000164.jpg,5,peach,table_left,draft_unreviewed
images/train/WIN_20261006_23_47_12_Pro_frame000164.jpg,6,plate,table_left,draft_unreviewed
images/train/WIN_20261006_23_47_12_Pro_frame000165.jpg,0,apple,table_left,draft_unreviewed
images/train/WIN_20261006_23_47_12_Pro_frame000165.jpg,1,banana,table_left,draft_unreviewed
images/train/WIN_20261006_23_47_12_Pro_frame000165.jpg,2,fanta_can,table_left,draft_unreviewed
images/train/WIN_20261006_23_47_12_Pro_frame000165.jpg,3,green_apple,table_left,draft_unreviewed
images/train/WIN_20261006_23_47_12_Pro_frame000165.jpg,4,mug,table_left,draft_unreviewed
images/train/WIN_20261006_23_47_12_Pro_frame000165.jpg,5,peach,table_left,draft_unreviewed
images/train/WIN_20261006_23_47_12_Pro_frame000165.jpg,6,plate,table_left,draft_unreviewed
images/train/WIN_20261006_23_47_12_Pro_frame000166.jpg,0,apple,table_left,draft_unreviewed
images/train/WIN_20261006_23_47_12_Pro_frame000166.jpg,1,banana,table_left,draft_unreviewed
images/train/WIN_20261006_23_47_12_Pro_frame000166.jpg,2,fanta_can,table_left,draft_unreviewed
images/train/WIN_20261006_23_47_12_Pro_frame000166.jpg,3,green_apple,table_left,draft_unreviewed
images/train/WIN_20261006_23_47_12_Pro_frame000166.jpg,4,mug,table_left,draft_unreviewed
images/train/WIN_20261006_23_47_12_Pro_frame000166.jpg,5,peach,table_left,draft_unreviewed
images/train/WIN_20261006_23_47_12_Pro_frame000166.jpg,6,plate,table_left,draft_unreviewed
images/train/WIN_20261006_23_47_12_Pro_frame000167.jpg,0,apple,table_left,draft_unreviewed
images/train/WIN_20261006_23_47_12_Pro_frame000167.jpg,1,banana,table_left,draft_unreviewed
images/train/WIN_20261006_23_47_12_Pro_frame000167.jpg,2,fanta_can,table_left,draft_unreviewed
images/train/WIN_20261006_23_47_12_Pro_frame000167.jpg,3,green_apple,table_left,draft_unreviewed
images/train/WIN_20261006_23_47_12_Pro_frame000167.jpg,4,mug,table_left,draft_unreviewed
images/train/WIN_20261006_23_47_12_Pro_frame000167.jpg,5,peach,table_left,draft_unreviewed
images/train/WIN_20261006_23_47_12_Pro_frame000167.jpg,6,plate,table_left,draft_unreviewed
images/train/WIN_20261006_23_47_12_Pro_frame000168.jpg,0,apple,table_left,draft_unreviewed
images/train/WIN_20261006_23_47_12_Pro_frame000168.jpg,1,banana,table_left,draft_unreviewed
images/train/WIN_20261006_23_47_12_Pro_frame000168.jpg,2,fanta_can,table_left,draft_unreviewed
images/train/WIN_20261006_23_47_12_Pro_frame000168.jpg,3,green_apple,table_left,draft_unreviewed
images/train/WIN_20261006_23_47_12_Pro_frame000168.jpg,4,mug,table_left,draft_unreviewed
images/train/WIN_20261006_23_47_12_Pro_frame000168.jpg,5,peach,table_left,draft_unreviewed
images/train/WIN_20261006_23_47_12_Pro_frame000168.jpg,6,plate,table_left,draft_unreviewed
images/train/WIN_20261006_23_47_12_Pro_frame000169.jpg,0,apple,table_left,draft_unreviewed
images/train/WIN_20261006_23_47_12_Pro_frame000169.jpg,1,banana,table_left,draft_unreviewed
images/train/WIN_20261006_23_47_12_Pro_frame000169.jpg,2,fanta_can,table_left,draft_unreviewed
images/train/WIN_20261006_23_47_12_Pro_frame000169.jpg,3,green_apple,table_left,draft_unreviewed
images/train/WIN_20261006_23_47_12_Pro_frame000169.jpg,4,mug,table_left,draft_unreviewed
images/train/WIN_20261006_23_47_12_Pro_frame000169.jpg,5,peach,table_left,draft_unreviewed
images/train/WIN_20261006_23_47_12_Pro_frame000169.jpg,6,plate,table_left,draft_unreviewed
images/train/WIN_20261006_23_47_12_Pro_frame000170.jpg,0,apple,table_left,draft_unreviewed
images/train/WIN_20261006_23_47_12_Pro_frame000170.jpg,1,banana,table_left,draft_unreviewed
images/train/WIN_20261006_23_47_12_Pro_frame000170.jpg,2,fanta_can,table_left,draft_unreviewed
images/train/WIN_20261006_23_47_12_Pro_frame000170.jpg,3,green_apple,table_left,draft_unreviewed
images/train/WIN_20261006_23_47_12_Pro_frame000170.jpg,4,mug,table_left,draft_unreviewed
images/train/WIN_20261006_23_47_12_Pro_frame000170.jpg,5,peach,table_left,draft_unreviewed
images/train/WIN_20261006_23_47_12_Pro_frame000170.jpg,6,plate,table_left,draft_unreviewed
images/train/WIN_20261006_23_47_12_Pro_frame000171.jpg,0,apple,table_left,draft_unreviewed
images/train/WIN_20261006_23_47_12_Pro_frame000171.jpg,1,banana,table_left,draft_unreviewed
images/train/WIN_20261006_23_47_12_Pro_frame000171.jpg,2,fanta_can,table_left,draft_unreviewed
images/train/WIN_20261006_23_47_12_Pro_frame000171.jpg,3,green_apple,table_left,draft_unreviewed
images/train/WIN_20261006_23_47_12_Pro_frame000171.jpg,4,mug,table_left,draft_unreviewed
images/train/WIN_20261006_23_47_12_Pro_frame000171.jpg,5,peach,table_left,draft_unreviewed
images/train/WIN_20261006_23_47_12_Pro_frame000171.jpg,6,plate,table_left,draft_unreviewed
images/train/WIN_20261006_23_47_12_Pro_frame000172.jpg,0,apple,table_left,draft_unreviewed
images/train/WIN_20261006_23_47_12_Pro_frame000172.jpg,1,banana,table_left,draft_unreviewed
images/train/WIN_20261006_23_47_12_Pro_frame000172.jpg,2,fanta_can,table_left,draft_unreviewed
images/train/WIN_20261006_23_47_12_Pro_frame000172.jpg,3,green_apple,table_left,draft_unreviewed
images/train/WIN_20261006_23_47_12_Pro_frame000172.jpg,4,mug,table_left,draft_unreviewed
images/train/WIN_20261006_23_47_12_Pro_frame000172.jpg,5,peach,table_left,draft_unreviewed
images/train/WIN_20261006_23_47_12_Pro_frame000172.jpg,6,plate,table_left,draft_unreviewed
images/train/WIN_20261006_23_47_12_Pro_frame000173.jpg,0,apple,table_left,draft_unreviewed
images/train/WIN_20261006_23_47_12_Pro_frame000173.jpg,1,banana,table_left,draft_unreviewed
images/train/WIN_20261006_23_47_12_Pro_frame000173.jpg,2,fanta_can,table_left,draft_unreviewed
images/train/WIN_20261006_23_47_12_Pro_frame000173.jpg,3,green_apple,table_left,draft_unreviewed
images/train/WIN_20261006_23_47_12_Pro_frame000173.jpg,4,mug,table_left,draft_unreviewed
images/train/WIN_20261006_23_47_12_Pro_frame000173.jpg,5,peach,table_left,draft_unreviewed
images/train/WIN_20261006_23_47_12_Pro_frame000173.jpg,6,plate,table_left,draft_unreviewed
images/train/WIN_20261006_23_47_12_Pro_frame000174.jpg,0,apple,table_left,draft_unreviewed
images/train/WIN_20261006_23_47_12_Pro_frame000174.jpg,1,banana,table_left,draft_unreviewed
images/train/WIN_20261006_23_47_12_Pro_frame000174.jpg,2,fanta_can,table_left,draft_unreviewed
images/train/WIN_20261006_23_47_12_Pro_frame000174.jpg,3,green_apple,table_left,draft_unreviewed
images/train/WIN_20261006_23_47_12_Pro_frame000174.jpg,4,mug,table_left,draft_unreviewed
images/train/WIN_20261006_23_47_12_Pro_frame000174.jpg,5,peach,table_left,draft_unreviewed
images/train/WIN_20261006_23_47_12_Pro_frame000174.jpg,6,plate,table_left,draft_unreviewed
images/train/WIN_20261006_23_47_12_Pro_frame000175.jpg,0,apple,table_left,draft_unreviewed
images/train/WIN_20261006_23_47_12_Pro_frame000175.jpg,1,banana,table_left,draft_unreviewed
images/train/WIN_20261006_23_47_12_Pro_frame000175.jpg,2,fanta_can,table_left,draft_unreviewed
images/train/WIN_20261006_23_47_12_Pro_frame000175.jpg,3,green_apple,table_left,draft_unreviewed
images/train/WIN_20261006_23_47_12_Pro_frame000175.jpg,4,mug,table_left,draft_unreviewed
images/train/WIN_20261006_23_47_12_Pro_frame000175.jpg,5,peach,table_left,draft_unreviewed
images/train/WIN_20261006_23_47_12_Pro_frame000175.jpg,6,plate,table_left,draft_unreviewed
images/train/WIN_20261006_23_47_12_Pro_frame000176.jpg,0,apple,table_left,draft_unreviewed
images/train/WIN_20261006_23_47_12_Pro_frame000176.jpg,1,banana,table_left,draft_unreviewed
images/train/WIN_20261006_23_47_12_Pro_frame000176.jpg,2,fanta_can,table_left,draft_unreviewed
images/train/WIN_20261006_23_47_12_Pro_frame000176.jpg,3,green_apple,table_left,draft_unreviewed
images/train/WIN_20261006_23_47_12_Pro_frame000176.jpg,4,mug,table_left,draft_unreviewed
images/train/WIN_20261006_23_47_12_Pro_frame000176.jpg,5,peach,table_left,draft_unreviewed
images/train/WIN_20261006_23_47_12_Pro_frame000176.jpg,6,plate,table_left,draft_unreviewed
images/train/WIN_20261006_23_47_12_Pro_frame000177.jpg,0,apple,table_left,draft_unreviewed
images/train/WIN_20261006_23_47_12_Pro_frame000177.jpg,1,banana,table_left,draft_unreviewed
images/train/WIN_20261006_23_47_12_Pro_frame000177.jpg,2,fanta_can,table_left,draft_unreviewed
images/train/WIN_20261006_23_47_12_Pro_frame000177.jpg,3,green_apple,table_left,draft_unreviewed
images/train/WIN_20261006_23_47_12_Pro_frame000177.jpg,4,mug,table_left,draft_unreviewed
images/train/WIN_20261006_23_47_12_Pro_frame000177.jpg,5,peach,table_left,draft_unreviewed
images/train/WIN_20261006_23_47_12_Pro_frame000177.jpg,6,plate,table_left,draft_unreviewed
images/train/WIN_20261006_23_47_12_Pro_frame000178.jpg,0,apple,table_left,draft_unreviewed
images/train/WIN_20261006_23_47_12_Pro_frame000178.jpg,1,banana,table_left,draft_unreviewed
images/train/WIN_20261006_23_47_12_Pro_frame000178.jpg,2,fanta_can,table_left,draft_unreviewed
images/train/WIN_20261006_23_47_12_Pro_frame000178.jpg,3,green_apple,table_left,draft_unreviewed
images/train/WIN_20261006_23_47_12_Pro_frame000178.jpg,4,mug,table_left,draft_unreviewed
images/train/WIN_20261006_23_47_12_Pro_frame000178.jpg,5,peach,table_left,draft_unreviewed
images/train/WIN_20261006_23_47_12_Pro_frame000178.jpg,6,plate,table_left,draft_unreviewed
images/train/WIN_20261006_23_47_12_Pro_frame000179.jpg,0,apple,table_left,draft_unreviewed
images/train/WIN_20261006_23_47_12_Pro_frame000179.jpg,1,banana,table_left,draft_unreviewed
images/train/WIN_20261006_23_47_12_Pro_frame000179.jpg,2,fanta_can,table_left,draft_unreviewed
images/train/WIN_20261006_23_47_12_Pro_frame000179.jpg,3,green_apple,table_left,draft_unreviewed
images/train/WIN_20261006_23_47_12_Pro_frame000179.jpg,4,mug,table_left,draft_unreviewed
images/train/WIN_20261006_23_47_12_Pro_frame000179.jpg,5,peach,table_left,draft_unreviewed
images/train/WIN_20261006_23_47_12_Pro_frame000179.jpg,6,plate,table_left,draft_unreviewed
images/train/WIN_20261006_23_47_12_Pro_frame000180.jpg,0,apple,table_left,draft_unreviewed
images/train/WIN_20261006_23_47_12_Pro_frame000180.jpg,1,banana,table_left,draft_unreviewed
images/train/WIN_20261006_23_47_12_Pro_frame000180.jpg,2,fanta_can,table_left,draft_unreviewed
images/train/WIN_20261006_23_47_12_Pro_frame000180.jpg,3,green_apple,table_left,draft_unreviewed
images/train/WIN_20261006_23_47_12_Pro_frame000180.jpg,4,mug,table_left,draft_unreviewed
images/train/WIN_20261006_23_47_12_Pro_frame000180.jpg,5,peach,table_left,draft_unreviewed
images/train/WIN_20261006_23_47_12_Pro_frame000180.jpg,6,plate,table_left,draft_unreviewed
images/train/WIN_20261006_23_47_12_Pro_frame000181.jpg,0,apple,table_left,draft_unreviewed
images/train/WIN_20261006_23_47_12_Pro_frame000181.jpg,1,banana,table_left,draft_unreviewed
images/train/WIN_20261006_23_47_12_Pro_frame000181.jpg,2,fanta_can,table_left,draft_unreviewed
images/train/WIN_20261006_23_47_12_Pro_frame000181.jpg,3,green_apple,table_left,draft_unreviewed
images/train/WIN_20261006_23_47_12_Pro_frame000181.jpg,4,mug,table_left,draft_unreviewed
images/train/WIN_20261006_23_47_12_Pro_frame000181.jpg,5,peach,table_left,draft_unreviewed
images/train/WIN_20261006_23_47_12_Pro_frame000181.jpg,6,plate,table_left,draft_unreviewed
images/train/WIN_20261006_23_47_12_Pro_frame000182.jpg,0,apple,table_left,draft_unreviewed
images/train/WIN_20261006_23_47_12_Pro_frame000182.jpg,1,banana,table_left,draft_unreviewed
images/train/WIN_20261006_23_47_12_Pro_frame000182.jpg,2,fanta_can,table_left,draft_unreviewed
images/train/WIN_20261006_23_47_12_Pro_frame000182.jpg,3,green_apple,table_left,draft_unreviewed
images/train/WIN_20261006_23_47_12_Pro_frame000182.jpg,4,mug,table_left,draft_unreviewed
images/train/WIN_20261006_23_47_12_Pro_frame000182.jpg,5,peach,table_left,draft_unreviewed
images/train/WIN_20261006_23_47_12_Pro_frame000182.jpg,6,plate,table_left,draft_unreviewed
images/train/WIN_20261006_23_47_12_Pro_frame000183.jpg,0,apple,table_left,draft_unreviewed
images/train/WIN_20261006_23_47_12_Pro_frame000183.jpg,1,banana,table_left,draft_unreviewed
images/train/WIN_20261006_23_47_12_Pro_frame000183.jpg,2,fanta_can,table_left,draft_unreviewed
images/train/WIN_20261006_23_47_12_Pro_frame000183.jpg,3,green_apple,table_left,draft_unreviewed
images/train/WIN_20261006_23_47_12_Pro_frame000183.jpg,4,mug,table_left,draft_unreviewed
images/train/WIN_20261006_23_47_12_Pro_frame000183.jpg,5,peach,table_left,draft_unreviewed
images/train/WIN_20261006_23_47_12_Pro_frame000183.jpg,6,plate,table_left,draft_unreviewed
images/train/WIN_20261006_23_47_12_Pro_frame000184.jpg,0,apple,table_left,draft_unreviewed
images/train/WIN_20261006_23_47_12_Pro_frame000184.jpg,1,banana,table_left,draft_unreviewed
images/train/WIN_20261006_23_47_12_Pro_frame000184.jpg,2,fanta_can,table_left,draft_unreviewed
images/train/WIN_20261006_23_47_12_Pro_frame000184.jpg,3,green_apple,table_left,draft_unreviewed
images/train/WIN_20261006_23_47_12_Pro_frame000184.jpg,4,mug,table_left,draft_unreviewed
images/train/WIN_20261006_23_47_12_Pro_frame000184.jpg,5,peach,table_left,draft_unreviewed
images/train/WIN_20261006_23_47_12_Pro_frame000184.jpg,6,plate,table_left,draft_unreviewed
images/train/WIN_20261006_23_47_12_Pro_frame000185.jpg,0,apple,table_left,draft_unreviewed
images/train/WIN_20261006_23_47_12_Pro_frame000185.jpg,1,banana,table_left,draft_unreviewed
images/train/WIN_20261006_23_47_12_Pro_frame000185.jpg,2,fanta_can,table_left,draft_unreviewed
images/train/WIN_20261006_23_47_12_Pro_frame000185.jpg,3,green_apple,table_left,draft_unreviewed
images/train/WIN_20261006_23_47_12_Pro_frame000185.jpg,4,mug,table_left,draft_unreviewed
images/train/WIN_20261006_23_47_12_Pro_frame000185.jpg,5,peach,table_left,draft_unreviewed
images/train/WIN_20261006_23_47_12_Pro_frame000185.jpg,6,plate,table_left,draft_unreviewed
images/train/WIN_20261006_23_47_12_Pro_frame000186.jpg,0,apple,table_left,draft_unreviewed
images/train/WIN_20261006_23_47_12_Pro_frame000186.jpg,1,banana,table_left,draft_unreviewed
images/train/WIN_20261006_23_47_12_Pro_frame000186.jpg,2,fanta_can,table_left,draft_unreviewed
images/train/WIN_20261006_23_47_12_Pro_frame000186.jpg,3,green_apple,table_left,draft_unreviewed
images/train/WIN_20261006_23_47_12_Pro_frame000186.jpg,4,mug,table_left,draft_unreviewed
images/train/WIN_20261006_23_47_12_Pro_frame000186.jpg,5,peach,table_left,draft_unreviewed
images/train/WIN_20261006_23_47_12_Pro_frame000186.jpg,6,plate,table_left,draft_unreviewed
images/train/WIN_20261006_23_47_12_Pro_frame000187.jpg,0,apple,table_left,draft_unreviewed
images/train/WIN_20261006_23_47_12_Pro_frame000187.jpg,1,banana,table_left,draft_unreviewed
images/train/WIN_20261006_23_47_12_Pro_frame000187.jpg,2,fanta_can,table_left,draft_unreviewed
images/train/WIN_20261006_23_47_12_Pro_frame000187.jpg,3,green_apple,table_left,draft_unreviewed
images/train/WIN_20261006_23_47_12_Pro_frame000187.jpg,4,mug,table_left,draft_unreviewed
images/train/WIN_20261006_23_47_12_Pro_frame000187.jpg,5,peach,table_left,draft_unreviewed
images/train/WIN_20261006_23_47_12_Pro_frame000187.jpg,6,plate,table_left,draft_unreviewed
images/train/WIN_20261006_23_47_12_Pro_frame000188.jpg,0,apple,table_left,draft_unreviewed
images/train/WIN_20261006_23_47_12_Pro_frame000188.jpg,1,banana,table_left,draft_unreviewed
images/train/WIN_20261006_23_47_12_Pro_frame000188.jpg,2,fanta_can,table_left,draft_unreviewed
images/train/WIN_20261006_23_47_12_Pro_frame000188.jpg,3,green_apple,table_left,draft_unreviewed
images/train/WIN_20261006_23_47_12_Pro_frame000188.jpg,4,mug,table_left,draft_unreviewed
images/train/WIN_20261006_23_47_12_Pro_frame000188.jpg,5,peach,table_left,draft_unreviewed
images/train/WIN_20261006_23_47_12_Pro_frame000188.jpg,6,plate,table_left,draft_unreviewed
images/train/WIN_20261006_23_47_12_Pro_frame000189.jpg,0,apple,table_left,draft_unreviewed
images/train/WIN_20261006_23_47_12_Pro_frame000189.jpg,1,banana,table_left,draft_unreviewed
images/train/WIN_20261006_23_47_12_Pro_frame000189.jpg,2,fanta_can,table_left,draft_unreviewed
images/train/WIN_20261006_23_47_12_Pro_frame000189.jpg,3,green_apple,table_left,draft_unreviewed
images/train/WIN_20261006_23_47_12_Pro_frame000189.jpg,4,mug,table_left,draft_unreviewed
images/train/WIN_20261006_23_47_12_Pro_frame000189.jpg,5,peach,table_left,draft_unreviewed
images/train/WIN_20261006_23_47_12_Pro_frame000189.jpg,6,plate,table_left,draft_unreviewed
images/train/WIN_20261006_23_47_12_Pro_frame000190.jpg,0,apple,table_left,draft_unreviewed
images/train/WIN_20261006_23_47_12_Pro_frame000190.jpg,1,banana,table_left,draft_unreviewed
images/train/WIN_20261006_23_47_12_Pro_frame000190.jpg,2,fanta_can,table_left,draft_unreviewed
images/train/WIN_20261006_23_47_12_Pro_frame000190.jpg,3,green_apple,table_left,draft_unreviewed
images/train/WIN_20261006_23_47_12_Pro_frame000190.jpg,4,mug,table_left,draft_unreviewed
images/train/WIN_20261006_23_47_12_Pro_frame000190.jpg,5,peach,table_left,draft_unreviewed
images/train/WIN_20261006_23_47_12_Pro_frame000190.jpg,6,plate,table_left,draft_unreviewed
images/train/WIN_20261006_23_47_12_Pro_frame000191.jpg,0,apple,table_left,draft_unreviewed
images/train/WIN_20261006_23_47_12_Pro_frame000191.jpg,1,banana,table_left,draft_unreviewed
images/train/WIN_20261006_23_47_12_Pro_frame000191.jpg,2,fanta_can,table_left,draft_unreviewed
images/train/WIN_20261006_23_47_12_Pro_frame000191.jpg,3,green_apple,table_left,draft_unreviewed
images/train/WIN_20261006_23_47_12_Pro_frame000191.jpg,4,mug,table_left,draft_unreviewed
images/train/WIN_20261006_23_47_12_Pro_frame000191.jpg,5,peach,table_left,draft_unreviewed
images/train/WIN_20261006_23_47_12_Pro_frame000191.jpg,6,plate,table_left,draft_unreviewed
images/train/WIN_20261006_23_47_12_Pro_frame000192.jpg,0,apple,table_left,draft_unreviewed
images/train/WIN_20261006_23_47_12_Pro_frame000192.jpg,1,banana,table_left,draft_unreviewed
images/train/WIN_20261006_23_47_12_Pro_frame000192.jpg,2,fanta_can,table_left,draft_unreviewed
images/train/WIN_20261006_23_47_12_Pro_frame000192.jpg,3,green_apple,table_left,draft_unreviewed
images/train/WIN_20261006_23_47_12_Pro_frame000192.jpg,4,mug,table_left,draft_unreviewed
images/train/WIN_20261006_23_47_12_Pro_frame000192.jpg,5,peach,table_left,draft_unreviewed
images/train/WIN_20261006_23_47_12_Pro_frame000192.jpg,6,plate,table_left,draft_unreviewed
images/train/WIN_20261006_23_47_12_Pro_frame000193.jpg,0,apple,table_left,draft_unreviewed
images/train/WIN_20261006_23_47_12_Pro_frame000193.jpg,1,banana,table_left,draft_unreviewed
images/train/WIN_20261006_23_47_12_Pro_frame000193.jpg,2,fanta_can,table_left,draft_unreviewed
images/train/WIN_20261006_23_47_12_Pro_frame000193.jpg,3,green_apple,table_left,draft_unreviewed
images/train/WIN_20261006_23_47_12_Pro_frame000193.jpg,4,mug,table_left,draft_unreviewed
images/train/WIN_20261006_23_47_12_Pro_frame000193.jpg,5,peach,table_left,draft_unreviewed
images/train/WIN_20261006_23_47_12_Pro_frame000193.jpg,6,plate,table_left,draft_unreviewed
images/train/WIN_20261006_23_47_12_Pro_frame000194.jpg,0,apple,table_left,draft_unreviewed
images/train/WIN_20261006_23_47_12_Pro_frame000194.jpg,1,banana,table_left,draft_unreviewed
images/train/WIN_20261006_23_47_12_Pro_frame000194.jpg,2,fanta_can,table_left,draft_unreviewed
images/train/WIN_20261006_23_47_12_Pro_frame000194.jpg,3,green_apple,table_left,draft_unreviewed
images/train/WIN_20261006_23_47_12_Pro_frame000194.jpg,4,mug,table_left,draft_unreviewed
images/train/WIN_20261006_23_47_12_Pro_frame000194.jpg,5,peach,table_left,draft_unreviewed
images/train/WIN_20261006_23_47_12_Pro_frame000194.jpg,6,plate,table_left,draft_unreviewed
images/train/WIN_20261006_23_47_12_Pro_frame000195.jpg,0,apple,table_left,draft_unreviewed
images/train/WIN_20261006_23_47_12_Pro_frame000195.jpg,1,banana,table_left,draft_unreviewed
images/train/WIN_20261006_23_47_12_Pro_frame000195.jpg,2,fanta_can,table_left,draft_unreviewed
images/train/WIN_20261006_23_47_12_Pro_frame000195.jpg,3,green_apple,table_left,draft_unreviewed
images/train/WIN_20261006_23_47_12_Pro_frame000195.jpg,4,mug,table_left,draft_unreviewed
images/train/WIN_20261006_23_47_12_Pro_frame000195.jpg,5,peach,table_left,draft_unreviewed
images/train/WIN_20261006_23_47_12_Pro_frame000195.jpg,6,plate,table_left,draft_unreviewed
images/train/WIN_20261006_23_47_12_Pro_frame000196.jpg,0,apple,table_left,draft_unreviewed
images/train/WIN_20261006_23_47_12_Pro_frame000196.jpg,1,banana,table_left,draft_unreviewed
images/train/WIN_20261006_23_47_12_Pro_frame000196.jpg,2,fanta_can,table_left,draft_unreviewed
images/train/WIN_20261006_23_47_12_Pro_frame000196.jpg,3,green_apple,table_left,draft_unreviewed
images/train/WIN_20261006_23_47_12_Pro_frame000196.jpg,4,mug,table_left,draft_unreviewed
images/train/WIN_20261006_23_47_12_Pro_frame000196.jpg,5,peach,table_left,draft_unreviewed
images/train/WIN_20261006_23_47_12_Pro_frame000196.jpg,6,plate,table_left,draft_unreviewed
images/train/WIN_20261006_23_47_12_Pro_frame000197.jpg,0,apple,table_left,draft_unreviewed
images/train/WIN_20261006_23_47_12_Pro_frame000197.jpg,1,banana,table_left,draft_unreviewed
images/train/WIN_20261006_23_47_12_Pro_frame000197.jpg,2,fanta_can,table_left,draft_unreviewed
images/train/WIN_20261006_23_47_12_Pro_frame000197.jpg,3,green_apple,table_left,draft_unreviewed
images/train/WIN_20261006_23_47_12_Pro_frame000197.jpg,4,mug,table_left,draft_unreviewed
images/train/WIN_20261006_23_47_12_Pro_frame000197.jpg,5,peach,table_left,draft_unreviewed
images/train/WIN_20261006_23_47_12_Pro_frame000197.jpg,6,plate,table_left,draft_unreviewed
images/train/WIN_20261006_23_47_12_Pro_frame000198.jpg,0,apple,table_left,draft_unreviewed
images/train/WIN_20261006_23_47_12_Pro_frame000198.jpg,1,banana,table_left,draft_unreviewed
images/train/WIN_20261006_23_47_12_Pro_frame000198.jpg,2,fanta_can,table_left,draft_unreviewed
images/train/WIN_20261006_23_47_12_Pro_frame000198.jpg,3,green_apple,table_left,draft_unreviewed
images/train/WIN_20261006_23_47_12_Pro_frame000198.jpg,4,mug,table_left,draft_unreviewed
images/train/WIN_20261006_23_47_12_Pro_frame000198.jpg,5,peach,table_left,draft_unreviewed
images/train/WIN_20261006_23_47_12_Pro_frame000198.jpg,6,plate,table_left,draft_unreviewed
images/train/WIN_20261006_23_47_12_Pro_frame000199.jpg,0,apple,table_left,draft_unreviewed
images/train/WIN_20261006_23_47_12_Pro_frame000199.jpg,1,banana,table_left,draft_unreviewed
images/train/WIN_20261006_23_47_12_Pro_frame000199.jpg,2,fanta_can,table_left,draft_unreviewed
images/train/WIN_20261006_23_47_12_Pro_frame000199.jpg,3,green_apple,table_left,draft_unreviewed
images/train/WIN_20261006_23_47_12_Pro_frame000199.jpg,4,mug,table_left,draft_unreviewed
images/train/WIN_20261006_23_47_12_Pro_frame000199.jpg,5,peach,table_left,draft_unreviewed
images/train/WIN_20261006_23_47_12_Pro_frame000199.jpg,6,plate,table_left,draft_unreviewed
images/train/WIN_20261006_23_47_12_Pro_frame000200.jpg,0,apple,table_left,draft_unreviewed
images/train/WIN_20261006_23_47_12_Pro_frame000200.jpg,1,banana,table_left,draft_unreviewed
images/train/WIN_20261006_23_47_12_Pro_frame000200.jpg,2,fanta_can,table_left,draft_unreviewed
images/train/WIN_20261006_23_47_12_Pro_frame000200.jpg,3,green_apple,table_left,draft_unreviewed
images/train/WIN_20261006_23_47_12_Pro_frame000200.jpg,4,mug,table_left,draft_unreviewed
images/train/WIN_20261006_23_47_12_Pro_frame000200.jpg,5,peach,table_left,draft_unreviewed
images/train/WIN_20261006_23_47_12_Pro_frame000200.jpg,6,plate,table_left,draft_unreviewed
images/train/WIN_20261006_23_47_12_Pro_frame000201.jpg,0,apple,table_left,draft_unreviewed
images/train/WIN_20261006_23_47_12_Pro_frame000201.jpg,1,banana,table_left,draft_unreviewed
images/train/WIN_20261006_23_47_12_Pro_frame000201.jpg,2,fanta_can,table_left,draft_unreviewed
images/train/WIN_20261006_23_47_12_Pro_frame000201.jpg,3,green_apple,table_left,draft_unreviewed
images/train/WIN_20261006_23_47_12_Pro_frame000201.jpg,4,mug,table_left,draft_unreviewed
images/train/WIN_20261006_23_47_12_Pro_frame000201.jpg,5,peach,table_left,draft_unreviewed
images/train/WIN_20261006_23_47_12_Pro_frame000201.jpg,6,plate,table_left,draft_unreviewed
images/train/WIN_20261006_23_47_12_Pro_frame000202.jpg,0,apple,table_left,draft_unreviewed
images/train/WIN_20261006_23_47_12_Pro_frame000202.jpg,1,banana,table_left,draft_unreviewed
images/train/WIN_20261006_23_47_12_Pro_frame000202.jpg,2,fanta_can,table_left,draft_unreviewed
images/train/WIN_20261006_23_47_12_Pro_frame000202.jpg,3,green_apple,table_left,draft_unreviewed
images/train/WIN_20261006_23_47_12_Pro_frame000202.jpg,4,mug,table_left,draft_unreviewed
images/train/WIN_20261006_23_47_12_Pro_frame000202.jpg,5,peach,table_left,draft_unreviewed
images/train/WIN_20261006_23_47_12_Pro_frame000202.jpg,6,plate,table_left,draft_unreviewed
images/train/WIN_20261006_23_47_12_Pro_frame000203.jpg,0,apple,table_left,draft_unreviewed
images/train/WIN_20261006_23_47_12_Pro_frame000203.jpg,1,banana,table_left,draft_unreviewed
images/train/WIN_20261006_23_47_12_Pro_frame000203.jpg,2,fanta_can,table_left,draft_unreviewed
images/train/WIN_20261006_23_47_12_Pro_frame000203.jpg,3,green_apple,table_left,draft_unreviewed
images/train/WIN_20261006_23_47_12_Pro_frame000203.jpg,4,mug,table_left,draft_unreviewed
images/train/WIN_20261006_23_47_12_Pro_frame000203.jpg,5,peach,table_left,draft_unreviewed
images/train/WIN_20261006_23_47_12_Pro_frame000203.jpg,6,plate,table_left,draft_unreviewed
images/train/WIN_20261006_23_47_12_Pro_frame000204.jpg,0,apple,table_left,draft_unreviewed
images/train/WIN_20261006_23_47_12_Pro_frame000204.jpg,1,banana,table_left,draft_unreviewed
images/train/WIN_20261006_23_47_12_Pro_frame000204.jpg,2,fanta_can,table_left,draft_unreviewed
images/train/WIN_20261006_23_47_12_Pro_frame000204.jpg,3,green_apple,table_left,draft_unreviewed
images/train/WIN_20261006_23_47_12_Pro_frame000204.jpg,4,mug,table_left,draft_unreviewed
images/train/WIN_20261006_23_47_12_Pro_frame000204.jpg,5,peach,table_left,draft_unreviewed
images/train/WIN_20261006_23_47_12_Pro_frame000204.jpg,6,plate,table_left,draft_unreviewed
images/train/WIN_20261006_23_47_12_Pro_frame000205.jpg,0,apple,table_left,draft_unreviewed
images/train/WIN_20261006_23_47_12_Pro_frame000205.jpg,1,banana,table_left,draft_unreviewed
images/train/WIN_20261006_23_47_12_Pro_frame000205.jpg,2,fanta_can,table_left,draft_unreviewed
images/train/WIN_20261006_23_47_12_Pro_frame000205.jpg,3,green_apple,table_left,draft_unreviewed
images/train/WIN_20261006_23_47_12_Pro_frame000205.jpg,4,mug,table_left,draft_unreviewed
images/train/WIN_20261006_23_47_12_Pro_frame000205.jpg,5,peach,table_left,draft_unreviewed
images/train/WIN_20261006_23_47_12_Pro_frame000205.jpg,6,plate,table_left,draft_unreviewed
images/train/WIN_20261006_23_47_12_Pro_frame000206.jpg,0,apple,table_left,draft_unreviewed
images/train/WIN_20261006_23_47_12_Pro_frame000206.jpg,1,banana,table_left,draft_unreviewed
images/train/WIN_20261006_23_47_12_Pro_frame000206.jpg,2,fanta_can,table_left,draft_unreviewed
images/train/WIN_20261006_23_47_12_Pro_frame000206.jpg,3,green_apple,table_left,draft_unreviewed
images/train/WIN_20261006_23_47_12_Pro_frame000206.jpg,4,mug,table_left,draft_unreviewed
images/train/WIN_20261006_23_47_12_Pro_frame000206.jpg,5,peach,table_left,draft_unreviewed
images/train/WIN_20261006_23_47_12_Pro_frame000206.jpg,6,plate,table_left,draft_unreviewed
images/train/WIN_20261006_23_47_12_Pro_frame000207.jpg,0,apple,table_left,draft_unreviewed
images/train/WIN_20261006_23_47_12_Pro_frame000207.jpg,1,banana,table_left,draft_unreviewed
images/train/WIN_20261006_23_47_12_Pro_frame000207.jpg,2,fanta_can,table_left,draft_unreviewed
images/train/WIN_20261006_23_47_12_Pro_frame000207.jpg,3,green_apple,table_left,draft_unreviewed
images/train/WIN_20261006_23_47_12_Pro_frame000207.jpg,4,mug,table_left,draft_unreviewed
images/train/WIN_20261006_23_47_12_Pro_frame000207.jpg,5,peach,table_left,draft_unreviewed
images/train/WIN_20261006_23_47_12_Pro_frame000207.jpg,6,plate,table_left,draft_unreviewed
images/train/WIN_20261006_23_47_12_Pro_frame000208.jpg,0,apple,table_left,draft_unreviewed
images/train/WIN_20261006_23_47_12_Pro_frame000208.jpg,1,banana,table_left,draft_unreviewed
images/train/WIN_20261006_23_47_12_Pro_frame000208.jpg,2,fanta_can,table_left,draft_unreviewed
images/train/WIN_20261006_23_47_12_Pro_frame000208.jpg,3,green_apple,table_left,draft_unreviewed
images/train/WIN_20261006_23_47_12_Pro_frame000208.jpg,4,mug,table_left,draft_unreviewed
images/train/WIN_20261006_23_47_12_Pro_frame000208.jpg,5,peach,table_left,draft_unreviewed
images/train/WIN_20261006_23_47_12_Pro_frame000208.jpg,6,plate,table_left,draft_unreviewed
images/train/WIN_20261006_23_47_12_Pro_frame000209.jpg,0,apple,table_left,draft_unreviewed
images/train/WIN_20261006_23_47_12_Pro_frame000209.jpg,1,banana,table_left,draft_unreviewed
images/train/WIN_20261006_23_47_12_Pro_frame000209.jpg,2,fanta_can,table_left,draft_unreviewed
images/train/WIN_20261006_23_47_12_Pro_frame000209.jpg,3,green_apple,table_left,draft_unreviewed
images/train/WIN_20261006_23_47_12_Pro_frame000209.jpg,4,mug,table_left,draft_unreviewed
images/train/WIN_20261006_23_47_12_Pro_frame000209.jpg,5,peach,table_left,draft_unreviewed
images/train/WIN_20261006_23_47_12_Pro_frame000209.jpg,6,plate,table_left,draft_unreviewed
images/train/WIN_20261006_23_47_12_Pro_frame000210.jpg,0,apple,table_left,draft_unreviewed
images/train/WIN_20261006_23_47_12_Pro_frame000210.jpg,1,banana,table_left,draft_unreviewed
images/train/WIN_20261006_23_47_12_Pro_frame000210.jpg,2,fanta_can,table_left,draft_unreviewed
images/train/WIN_20261006_23_47_12_Pro_frame000210.jpg,3,green_apple,table_left,draft_unreviewed
images/train/WIN_20261006_23_47_12_Pro_frame000210.jpg,4,mug,table_left,draft_unreviewed
images/train/WIN_20261006_23_47_12_Pro_frame000210.jpg,5,peach,table_left,draft_unreviewed
images/train/WIN_20261006_23_47_12_Pro_frame000210.jpg,6,plate,table_left,draft_unreviewed
images/train/WIN_20261006_23_47_12_Pro_frame000211.jpg,0,apple,table_left,draft_unreviewed
images/train/WIN_20261006_23_47_12_Pro_frame000211.jpg,1,banana,table_left,draft_unreviewed
images/train/WIN_20261006_23_47_12_Pro_frame000211.jpg,2,fanta_can,table_left,draft_unreviewed
images/train/WIN_20261006_23_47_12_Pro_frame000211.jpg,3,green_apple,table_left,draft_unreviewed
images/train/WIN_20261006_23_47_12_Pro_frame000211.jpg,4,mug,table_left,draft_unreviewed
images/train/WIN_20261006_23_47_12_Pro_frame000211.jpg,5,peach,table_left,draft_unreviewed
images/train/WIN_20261006_23_47_12_Pro_frame000211.jpg,6,plate,table_left,draft_unreviewed
images/train/WIN_20261006_23_47_12_Pro_frame000212.jpg,0,apple,table_left,draft_unreviewed
images/train/WIN_20261006_23_47_12_Pro_frame000212.jpg,1,banana,table_left,draft_unreviewed
images/train/WIN_20261006_23_47_12_Pro_frame000212.jpg,2,fanta_can,table_left,draft_unreviewed
images/train/WIN_20261006_23_47_12_Pro_frame000212.jpg,3,green_apple,table_left,draft_unreviewed
images/train/WIN_20261006_23_47_12_Pro_frame000212.jpg,4,mug,table_left,draft_unreviewed
images/train/WIN_20261006_23_47_12_Pro_frame000212.jpg,5,peach,table_left,draft_unreviewed
images/train/WIN_20261006_23_47_12_Pro_frame000212.jpg,6,plate,table_left,draft_unreviewed
images/train/WIN_20261006_23_47_12_Pro_frame000213.jpg,0,apple,table_left,draft_unreviewed
images/train/WIN_20261006_23_47_12_Pro_frame000213.jpg,1,banana,table_left,draft_unreviewed
images/train/WIN_20261006_23_47_12_Pro_frame000213.jpg,2,fanta_can,table_left,draft_unreviewed
images/train/WIN_20261006_23_47_12_Pro_frame000213.jpg,3,green_apple,table_left,draft_unreviewed
images/train/WIN_20261006_23_47_12_Pro_frame000213.jpg,4,mug,table_left,draft_unreviewed
images/train/WIN_20261006_23_47_12_Pro_frame000213.jpg,5,peach,table_left,draft_unreviewed
images/train/WIN_20261006_23_47_12_Pro_frame000213.jpg,6,plate,table_left,draft_unreviewed
images/train/WIN_20261006_23_47_12_Pro_frame000214.jpg,0,apple,table_left,draft_unreviewed
images/train/WIN_20261006_23_47_12_Pro_frame000214.jpg,1,banana,table_left,draft_unreviewed
images/train/WIN_20261006_23_47_12_Pro_frame000214.jpg,2,fanta_can,table_left,draft_unreviewed
images/train/WIN_20261006_23_47_12_Pro_frame000214.jpg,3,green_apple,table_left,draft_unreviewed
images/train/WIN_20261006_23_47_12_Pro_frame000214.jpg,4,mug,table_left,draft_unreviewed
images/train/WIN_20261006_23_47_12_Pro_frame000214.jpg,5,peach,table_left,draft_unreviewed
images/train/WIN_20261006_23_47_12_Pro_frame000214.jpg,6,plate,table_left,draft_unreviewed
images/train/WIN_20261006_23_47_12_Pro_frame000215.jpg,0,apple,table_left,draft_unreviewed
images/train/WIN_20261006_23_47_12_Pro_frame000215.jpg,1,banana,table_left,draft_unreviewed
images/train/WIN_20261006_23_47_12_Pro_frame000215.jpg,2,fanta_can,table_left,draft_unreviewed
images/train/WIN_20261006_23_47_12_Pro_frame000215.jpg,3,green_apple,table_left,draft_unreviewed
images/train/WIN_20261006_23_47_12_Pro_frame000215.jpg,4,mug,table_left,draft_unreviewed
images/train/WIN_20261006_23_47_12_Pro_frame000215.jpg,5,peach,table_left,draft_unreviewed
images/train/WIN_20261006_23_47_12_Pro_frame000215.jpg,6,plate,table_left,draft_unreviewed
images/train/WIN_20261006_23_47_12_Pro_frame000216.jpg,0,apple,table_left,draft_unreviewed
images/train/WIN_20261006_23_47_12_Pro_frame000216.jpg,1,banana,table_left,draft_unreviewed
images/train/WIN_20261006_23_47_12_Pro_frame000216.jpg,2,fanta_can,table_left,draft_unreviewed
images/train/WIN_20261006_23_47_12_Pro_frame000216.jpg,3,green_apple,table_left,draft_unreviewed
images/train/WIN_20261006_23_47_12_Pro_frame000216.jpg,4,mug,table_left,draft_unreviewed
images/train/WIN_20261006_23_47_12_Pro_frame000216.jpg,5,peach,table_left,draft_unreviewed
images/train/WIN_20261006_23_47_12_Pro_frame000216.jpg,6,plate,table_left,draft_unreviewed
images/train/WIN_20261006_23_47_12_Pro_frame000217.jpg,0,apple,table_left,draft_unreviewed
images/train/WIN_20261006_23_47_12_Pro_frame000217.jpg,1,banana,table_left,draft_unreviewed
images/train/WIN_20261006_23_47_12_Pro_frame000217.jpg,2,fanta_can,table_left,draft_unreviewed
images/train/WIN_20261006_23_47_12_Pro_frame000217.jpg,3,green_apple,table_left,draft_unreviewed
images/train/WIN_20261006_23_47_12_Pro_frame000217.jpg,4,mug,table_left,draft_unreviewed
images/train/WIN_20261006_23_47_12_Pro_frame000217.jpg,5,peach,table_left,draft_unreviewed
images/train/WIN_20261006_23_47_12_Pro_frame000217.jpg,6,plate,table_left,draft_unreviewed
images/train/WIN_20261006_23_47_12_Pro_frame000218.jpg,0,apple,table_left,draft_unreviewed
images/train/WIN_20261006_23_47_12_Pro_frame000218.jpg,1,banana,table_left,draft_unreviewed
images/train/WIN_20261006_23_47_12_Pro_frame000218.jpg,2,fanta_can,table_left,draft_unreviewed
images/train/WIN_20261006_23_47_12_Pro_frame000218.jpg,3,green_apple,table_left,draft_unreviewed
images/train/WIN_20261006_23_47_12_Pro_frame000218.jpg,4,mug,table_left,draft_unreviewed
images/train/WIN_20261006_23_47_12_Pro_frame000218.jpg,5,peach,table_left,draft_unreviewed
images/train/WIN_20261006_23_47_12_Pro_frame000218.jpg,6,plate,table_left,draft_unreviewed
images/train/WIN_20261006_23_47_12_Pro_frame000219.jpg,0,apple,table_left,draft_unreviewed
images/train/WIN_20261006_23_47_12_Pro_frame000219.jpg,1,banana,table_left,draft_unreviewed
images/train/WIN_20261006_23_47_12_Pro_frame000219.jpg,2,fanta_can,table_left,draft_unreviewed
images/train/WIN_20261006_23_47_12_Pro_frame000219.jpg,3,green_apple,table_left,draft_unreviewed
images/train/WIN_20261006_23_47_12_Pro_frame000219.jpg,4,mug,table_left,draft_unreviewed
images/train/WIN_20261006_23_47_12_Pro_frame000219.jpg,5,peach,table_left,draft_unreviewed
images/train/WIN_20261006_23_47_12_Pro_frame000219.jpg,6,plate,table_left,draft_unreviewed
images/train/WIN_20261006_23_47_12_Pro_frame000220.jpg,0,apple,table_left,draft_unreviewed
images/train/WIN_20261006_23_47_12_Pro_frame000220.jpg,1,banana,table_left,draft_unreviewed
images/train/WIN_20261006_23_47_12_Pro_frame000220.jpg,2,fanta_can,table_left,draft_unreviewed
images/train/WIN_20261006_23_47_12_Pro_frame000220.jpg,3,green_apple,table_left,draft_unreviewed
images/train/WIN_20261006_23_47_12_Pro_frame000220.jpg,4,mug,table_left,draft_unreviewed
images/train/WIN_20261006_23_47_12_Pro_frame000220.jpg,5,peach,table_left,draft_unreviewed
images/train/WIN_20261006_23_47_12_Pro_frame000220.jpg,6,plate,table_left,draft_unreviewed
images/train/WIN_20261006_23_47_12_Pro_frame000221.jpg,0,apple,table_left,draft_unreviewed
images/train/WIN_20261006_23_47_12_Pro_frame000221.jpg,1,banana,table_left,draft_unreviewed
images/train/WIN_20261006_23_47_12_Pro_frame000221.jpg,2,fanta_can,table_left,draft_unreviewed
images/train/WIN_20261006_23_47_12_Pro_frame000221.jpg,3,green_apple,table_left,draft_unreviewed
images/train/WIN_20261006_23_47_12_Pro_frame000221.jpg,4,mug,table_left,draft_unreviewed
images/train/WIN_20261006_23_47_12_Pro_frame000221.jpg,5,peach,table_left,draft_unreviewed
images/train/WIN_20261006_23_47_12_Pro_frame000221.jpg,6,plate,table_left,draft_unreviewed
images/train/WIN_20261006_23_47_12_Pro_frame000222.jpg,0,apple,table_left,draft_unreviewed
images/train/WIN_20261006_23_47_12_Pro_frame000222.jpg,1,banana,table_left,draft_unreviewed
images/train/WIN_20261006_23_47_12_Pro_frame000222.jpg,2,fanta_can,table_left,draft_unreviewed
images/train/WIN_20261006_23_47_12_Pro_frame000222.jpg,3,green_apple,table_left,draft_unreviewed
images/train/WIN_20261006_23_47_12_Pro_frame000222.jpg,4,mug,table_left,draft_unreviewed
images/train/WIN_20261006_23_47_12_Pro_frame000222.jpg,5,peach,table_left,draft_unreviewed
images/train/WIN_20261006_23_47_12_Pro_frame000222.jpg,6,plate,table_left,draft_unreviewed
images/train/WIN_20261006_23_47_12_Pro_frame000223.jpg,0,apple,table_left,draft_unreviewed
images/train/WIN_20261006_23_47_12_Pro_frame000223.jpg,1,banana,table_left,draft_unreviewed
images/train/WIN_20261006_23_47_12_Pro_frame000223.jpg,2,fanta_can,table_left,draft_unreviewed
images/train/WIN_20261006_23_47_12_Pro_frame000223.jpg,3,green_apple,table_left,draft_unreviewed
images/train/WIN_20261006_23_47_12_Pro_frame000223.jpg,4,mug,table_left,draft_unreviewed
images/train/WIN_20261006_23_47_12_Pro_frame000223.jpg,5,peach,table_left,draft_unreviewed
images/train/WIN_20261006_23_47_12_Pro_frame000223.jpg,6,plate,table_left,draft_unreviewed
images/train/WIN_20261006_23_47_12_Pro_frame000224.jpg,0,apple,table_left,draft_unreviewed
images/train/WIN_20261006_23_47_12_Pro_frame000224.jpg,1,banana,table_left,draft_unreviewed
images/train/WIN_20261006_23_47_12_Pro_frame000224.jpg,2,fanta_can,table_left,draft_unreviewed
images/train/WIN_20261006_23_47_12_Pro_frame000224.jpg,3,green_apple,table_left,draft_unreviewed
images/train/WIN_20261006_23_47_12_Pro_frame000224.jpg,4,mug,table_left,draft_unreviewed
images/train/WIN_20261006_23_47_12_Pro_frame000224.jpg,5,peach,table_left,draft_unreviewed
images/train/WIN_20261006_23_47_12_Pro_frame000224.jpg,6,plate,table_left,draft_unreviewed
images/train/WIN_20261006_23_47_12_Pro_frame000225.jpg,0,apple,table_left,draft_unreviewed
images/train/WIN_20261006_23_47_12_Pro_frame000225.jpg,1,banana,table_left,draft_unreviewed
images/train/WIN_20261006_23_47_12_Pro_frame000225.jpg,2,fanta_can,table_left,draft_unreviewed
images/train/WIN_20261006_23_47_12_Pro_frame000225.jpg,3,green_apple,table_left,draft_unreviewed
images/train/WIN_20261006_23_47_12_Pro_frame000225.jpg,4,mug,table_left,draft_unreviewed
images/train/WIN_20261006_23_47_12_Pro_frame000225.jpg,5,peach,table_left,draft_unreviewed
images/train/WIN_20261006_23_47_12_Pro_frame000225.jpg,6,plate,table_left,draft_unreviewed
images/train/WIN_20261006_23_47_12_Pro_frame000226.jpg,0,apple,table_left,draft_unreviewed
images/train/WIN_20261006_23_47_12_Pro_frame000226.jpg,1,banana,table_left,draft_unreviewed
images/train/WIN_20261006_23_47_12_Pro_frame000226.jpg,2,fanta_can,table_left,draft_unreviewed
images/train/WIN_20261006_23_47_12_Pro_frame000226.jpg,3,green_apple,table_left,draft_unreviewed
images/train/WIN_20261006_23_47_12_Pro_frame000226.jpg,4,mug,table_left,draft_unreviewed
images/train/WIN_20261006_23_47_12_Pro_frame000226.jpg,5,peach,table_left,draft_unreviewed
images/train/WIN_20261006_23_47_12_Pro_frame000226.jpg,6,plate,table_left,draft_unreviewed
images/train/WIN_20261006_23_47_12_Pro_frame000227.jpg,0,apple,table_left,draft_unreviewed
images/train/WIN_20261006_23_47_12_Pro_frame000227.jpg,1,banana,table_left,draft_unreviewed
images/train/WIN_20261006_23_47_12_Pro_frame000227.jpg,2,fanta_can,table_left,draft_unreviewed
images/train/WIN_20261006_23_47_12_Pro_frame000227.jpg,3,green_apple,table_left,draft_unreviewed
images/train/WIN_20261006_23_47_12_Pro_frame000227.jpg,4,mug,table_left,draft_unreviewed
images/train/WIN_20261006_23_47_12_Pro_frame000227.jpg,5,peach,table_left,draft_unreviewed
images/train/WIN_20261006_23_47_12_Pro_frame000227.jpg,6,plate,table_left,draft_unreviewed
images/train/WIN_20261006_23_47_12_Pro_frame000228.jpg,0,apple,table_left,draft_unreviewed
images/train/WIN_20261006_23_47_12_Pro_frame000228.jpg,1,banana,table_left,draft_unreviewed
images/train/WIN_20261006_23_47_12_Pro_frame000228.jpg,2,fanta_can,table_left,draft_unreviewed
images/train/WIN_20261006_23_47_12_Pro_frame000228.jpg,3,green_apple,table_left,draft_unreviewed
images/train/WIN_20261006_23_47_12_Pro_frame000228.jpg,4,mug,table_left,draft_unreviewed
images/train/WIN_20261006_23_47_12_Pro_frame000228.jpg,5,peach,table_left,draft_unreviewed
images/train/WIN_20261006_23_47_12_Pro_frame000228.jpg,6,plate,table_left,draft_unreviewed
images/train/WIN_20261006_23_47_12_Pro_frame000229.jpg,0,apple,table_left,draft_unreviewed
images/train/WIN_20261006_23_47_12_Pro_frame000229.jpg,1,banana,table_left,draft_unreviewed
images/train/WIN_20261006_23_47_12_Pro_frame000229.jpg,2,fanta_can,table_left,draft_unreviewed
images/train/WIN_20261006_23_47_12_Pro_frame000229.jpg,3,green_apple,table_left,draft_unreviewed
images/train/WIN_20261006_23_47_12_Pro_frame000229.jpg,4,mug,table_left,draft_unreviewed
images/train/WIN_20261006_23_47_12_Pro_frame000229.jpg,5,peach,table_left,draft_unreviewed
images/train/WIN_20261006_23_47_12_Pro_frame000229.jpg,6,plate,table_left,draft_unreviewed
images/train/WIN_20261006_23_47_12_Pro_frame000230.jpg,0,apple,table_left,draft_unreviewed
images/train/WIN_20261006_23_47_12_Pro_frame000230.jpg,1,banana,table_left,draft_unreviewed
images/train/WIN_20261006_23_47_12_Pro_frame000230.jpg,2,fanta_can,table_left,draft_unreviewed
images/train/WIN_20261006_23_47_12_Pro_frame000230.jpg,3,green_apple,table_left,draft_unreviewed
images/train/WIN_20261006_23_47_12_Pro_frame000230.jpg,4,mug,table_left,draft_unreviewed
images/train/WIN_20261006_23_47_12_Pro_frame000230.jpg,5,peach,table_left,draft_unreviewed
images/train/WIN_20261006_23_47_12_Pro_frame000230.jpg,6,plate,table_left,draft_unreviewed
images/train/WIN_20261006_23_47_12_Pro_frame000231.jpg,0,apple,table_left,draft_unreviewed
images/train/WIN_20261006_23_47_12_Pro_frame000231.jpg,1,banana,table_left,draft_unreviewed
images/train/WIN_20261006_23_47_12_Pro_frame000231.jpg,2,fanta_can,table_left,draft_unreviewed
images/train/WIN_20261006_23_47_12_Pro_frame000231.jpg,3,green_apple,table_left,draft_unreviewed
images/train/WIN_20261006_23_47_12_Pro_frame000231.jpg,4,mug,table_left,draft_unreviewed
images/train/WIN_20261006_23_47_12_Pro_frame000231.jpg,5,peach,table_left,draft_unreviewed
images/train/WIN_20261006_23_47_12_Pro_frame000231.jpg,6,plate,table_left,draft_unreviewed
images/train/WIN_20261006_23_47_12_Pro_frame000232.jpg,0,apple,table_left,draft_unreviewed
images/train/WIN_20261006_23_47_12_Pro_frame000232.jpg,1,banana,table_left,draft_unreviewed
images/train/WIN_20261006_23_47_12_Pro_frame000232.jpg,2,fanta_can,table_left,draft_unreviewed
images/train/WIN_20261006_23_47_12_Pro_frame000232.jpg,3,green_apple,table_left,draft_unreviewed
images/train/WIN_20261006_23_47_12_Pro_frame000232.jpg,4,mug,table_left,draft_unreviewed
images/train/WIN_20261006_23_47_12_Pro_frame000232.jpg,5,peach,table_left,draft_unreviewed
images/train/WIN_20261006_23_47_12_Pro_frame000232.jpg,6,plate,table_left,draft_unreviewed
images/train/WIN_20261006_23_47_12_Pro_frame000233.jpg,0,apple,table_left,draft_unreviewed
images/train/WIN_20261006_23_47_12_Pro_frame000233.jpg,1,banana,table_left,draft_unreviewed
images/train/WIN_20261006_23_47_12_Pro_frame000233.jpg,2,fanta_can,table_left,draft_unreviewed
images/train/WIN_20261006_23_47_12_Pro_frame000233.jpg,3,green_apple,table_left,draft_unreviewed
images/train/WIN_20261006_23_47_12_Pro_frame000233.jpg,4,mug,table_left,draft_unreviewed
images/train/WIN_20261006_23_47_12_Pro_frame000233.jpg,5,peach,table_left,draft_unreviewed
images/train/WIN_20261006_23_47_12_Pro_frame000233.jpg,6,plate,table_left,draft_unreviewed
images/train/WIN_20261006_23_47_12_Pro_frame000234.jpg,0,apple,table_left,draft_unreviewed
images/train/WIN_20261006_23_47_12_Pro_frame000234.jpg,1,banana,table_left,draft_unreviewed
images/train/WIN_20261006_23_47_12_Pro_frame000234.jpg,2,fanta_can,table_left,draft_unreviewed
images/train/WIN_20261006_23_47_12_Pro_frame000234.jpg,3,green_apple,table_left,draft_unreviewed
images/train/WIN_20261006_23_47_12_Pro_frame000234.jpg,4,mug,table_left,draft_unreviewed
images/train/WIN_20261006_23_47_12_Pro_frame000234.jpg,5,peach,table_left,draft_unreviewed
images/train/WIN_20261006_23_47_12_Pro_frame000234.jpg,6,plate,table_left,draft_unreviewed
images/train/WIN_20261006_23_47_12_Pro_frame000235.jpg,0,apple,table_left,draft_unreviewed
images/train/WIN_20261006_23_47_12_Pro_frame000235.jpg,1,banana,table_left,draft_unreviewed
images/train/WIN_20261006_23_47_12_Pro_frame000235.jpg,2,fanta_can,table_left,draft_unreviewed
images/train/WIN_20261006_23_47_12_Pro_frame000235.jpg,3,green_apple,table_left,draft_unreviewed
images/train/WIN_20261006_23_47_12_Pro_frame000235.jpg,4,mug,table_left,draft_unreviewed
images/train/WIN_20261006_23_47_12_Pro_frame000235.jpg,5,peach,table_left,draft_unreviewed
images/train/WIN_20261006_23_47_12_Pro_frame000235.jpg,6,plate,table_left,draft_unreviewed
images/train/WIN_20261006_23_47_12_Pro_frame000236.jpg,0,apple,table_left,draft_unreviewed
images/train/WIN_20261006_23_47_12_Pro_frame000236.jpg,1,banana,table_left,draft_unreviewed
images/train/WIN_20261006_23_47_12_Pro_frame000236.jpg,2,fanta_can,table_left,draft_unreviewed
images/train/WIN_20261006_23_47_12_Pro_frame000236.jpg,3,green_apple,table_left,draft_unreviewed
images/train/WIN_20261006_23_47_12_Pro_frame000236.jpg,4,mug,table_left,draft_unreviewed
images/train/WIN_20261006_23_47_12_Pro_frame000236.jpg,5,peach,table_left,draft_unreviewed
images/train/WIN_20261006_23_47_12_Pro_frame000236.jpg,6,plate,table_left,draft_unreviewed
images/train/WIN_20261006_23_47_12_Pro_frame000237.jpg,0,apple,table_left,draft_unreviewed
images/train/WIN_20261006_23_47_12_Pro_frame000237.jpg,1,banana,table_left,draft_unreviewed
images/train/WIN_20261006_23_47_12_Pro_frame000237.jpg,2,fanta_can,table_left,draft_unreviewed
images/train/WIN_20261006_23_47_12_Pro_frame000237.jpg,3,green_apple,table_left,draft_unreviewed
images/train/WIN_20261006_23_47_12_Pro_frame000237.jpg,4,mug,table_left,draft_unreviewed
images/train/WIN_20261006_23_47_12_Pro_frame000237.jpg,5,peach,table_left,draft_unreviewed
images/train/WIN_20261006_23_47_12_Pro_frame000237.jpg,6,plate,table_left,draft_unreviewed
images/train/WIN_20261006_23_47_12_Pro_frame000238.jpg,0,apple,table_left,draft_unreviewed
images/train/WIN_20261006_23_47_12_Pro_frame000238.jpg,1,banana,table_left,draft_unreviewed
images/train/WIN_20261006_23_47_12_Pro_frame000238.jpg,2,fanta_can,table_left,draft_unreviewed
images/train/WIN_20261006_23_47_12_Pro_frame000238.jpg,3,green_apple,table_left,draft_unreviewed
images/train/WIN_20261006_23_47_12_Pro_frame000238.jpg,4,mug,table_left,draft_unreviewed
images/train/WIN_20261006_23_47_12_Pro_frame000238.jpg,5,peach,table_left,draft_unreviewed
images/train/WIN_20261006_23_47_12_Pro_frame000238.jpg,6,plate,table_left,draft_unreviewed
images/train/WIN_20261006_23_47_12_Pro_frame000239.jpg,0,apple,table_left,draft_unreviewed
images/train/WIN_20261006_23_47_12_Pro_frame000239.jpg,1,banana,table_left,draft_unreviewed
images/train/WIN_20261006_23_47_12_Pro_frame000239.jpg,2,fanta_can,table_left,draft_unreviewed
images/train/WIN_20261006_23_47_12_Pro_frame000239.jpg,3,green_apple,table_left,draft_unreviewed
images/train/WIN_20261006_23_47_12_Pro_frame000239.jpg,4,mug,table_left,draft_unreviewed
images/train/WIN_20261006_23_47_12_Pro_frame000239.jpg,5,peach,table_left,draft_unreviewed
images/train/WIN_20261006_23_47_12_Pro_frame000239.jpg,6,plate,table_left,draft_unreviewed
images/train/WIN_20261006_23_47_12_Pro_frame000240.jpg,0,apple,table_left,draft_unreviewed
images/train/WIN_20261006_23_47_12_Pro_frame000240.jpg,1,banana,table_left,draft_unreviewed
images/train/WIN_20261006_23_47_12_Pro_frame000240.jpg,2,fanta_can,table_left,draft_unreviewed
images/train/WIN_20261006_23_47_12_Pro_frame000240.jpg,3,green_apple,table_left,draft_unreviewed
images/train/WIN_20261006_23_47_12_Pro_frame000240.jpg,4,mug,table_left,draft_unreviewed
images/train/WIN_20261006_23_47_12_Pro_frame000240.jpg,5,peach,table_left,draft_unreviewed
images/train/WIN_20261006_23_47_12_Pro_frame000240.jpg,6,plate,table_left,draft_unreviewed
images/train/WIN_20261006_23_47_12_Pro_frame000241.jpg,0,apple,table_left,draft_unreviewed
images/train/WIN_20261006_23_47_12_Pro_frame000241.jpg,1,banana,table_left,draft_unreviewed
images/train/WIN_20261006_23_47_12_Pro_frame000241.jpg,2,fanta_can,table_left,draft_unreviewed
images/train/WIN_20261006_23_47_12_Pro_frame000241.jpg,3,green_apple,table_left,draft_unreviewed
images/train/WIN_20261006_23_47_12_Pro_frame000241.jpg,4,mug,table_left,draft_unreviewed
images/train/WIN_20261006_23_47_12_Pro_frame000241.jpg,5,peach,table_left,draft_unreviewed
images/train/WIN_20261006_23_47_12_Pro_frame000241.jpg,6,plate,table_left,draft_unreviewed
images/train/WIN_20261006_23_47_12_Pro_frame000242.jpg,0,apple,table_left,draft_unreviewed
images/train/WIN_20261006_23_47_12_Pro_frame000242.jpg,1,banana,table_left,draft_unreviewed
images/train/WIN_20261006_23_47_12_Pro_frame000242.jpg,2,fanta_can,table_left,draft_unreviewed
images/train/WIN_20261006_23_47_12_Pro_frame000242.jpg,3,green_apple,table_left,draft_unreviewed
images/train/WIN_20261006_23_47_12_Pro_frame000242.jpg,4,mug,table_left,draft_unreviewed
images/train/WIN_20261006_23_47_12_Pro_frame000242.jpg,5,peach,table_left,draft_unreviewed
images/train/WIN_20261006_23_47_12_Pro_frame000242.jpg,6,plate,table_left,draft_unreviewed
images/train/WIN_20261006_23_47_12_Pro_frame000243.jpg,0,apple,table_left,draft_unreviewed
images/train/WIN_20261006_23_47_12_Pro_frame000243.jpg,1,banana,table_left,draft_unreviewed
images/train/WIN_20261006_23_47_12_Pro_frame000243.jpg,2,fanta_can,table_left,draft_unreviewed
images/train/WIN_20261006_23_47_12_Pro_frame000243.jpg,3,green_apple,table_left,draft_unreviewed
images/train/WIN_20261006_23_47_12_Pro_frame000243.jpg,4,mug,table_left,draft_unreviewed
images/train/WIN_20261006_23_47_12_Pro_frame000243.jpg,5,peach,table_left,draft_unreviewed
images/train/WIN_20261006_23_47_12_Pro_frame000243.jpg,6,plate,table_left,draft_unreviewed
images/train/WIN_20261006_23_47_12_Pro_frame000244.jpg,0,apple,table_left,draft_unreviewed
images/train/WIN_20261006_23_47_12_Pro_frame000244.jpg,1,banana,table_left,draft_unreviewed
images/train/WIN_20261006_23_47_12_Pro_frame000244.jpg,2,fanta_can,table_left,draft_unreviewed
images/train/WIN_20261006_23_47_12_Pro_frame000244.jpg,3,green_apple,table_left,draft_unreviewed
images/train/WIN_20261006_23_47_12_Pro_frame000244.jpg,4,mug,table_left,draft_unreviewed
images/train/WIN_20261006_23_47_12_Pro_frame000244.jpg,5,peach,table_left,draft_unreviewed
images/train/WIN_20261006_23_47_12_Pro_frame000244.jpg,6,plate,table_left,draft_unreviewed
images/train/WIN_20261006_23_47_12_Pro_frame000245.jpg,0,apple,table_left,draft_unreviewed
images/train/WIN_20261006_23_47_12_Pro_frame000245.jpg,1,banana,table_left,draft_unreviewed
images/train/WIN_20261006_23_47_12_Pro_frame000245.jpg,2,fanta_can,table_left,draft_unreviewed
images/train/WIN_20261006_23_47_12_Pro_frame000245.jpg,3,green_apple,table_left,draft_unreviewed
images/train/WIN_20261006_23_47_12_Pro_frame000245.jpg,4,mug,table_left,draft_unreviewed
images/train/WIN_20261006_23_47_12_Pro_frame000245.jpg,5,peach,table_left,draft_unreviewed
images/train/WIN_20261006_23_47_12_Pro_frame000245.jpg,6,plate,table_left,draft_unreviewed
images/train/WIN_20261006_23_47_12_Pro_frame000246.jpg,0,apple,table_left,draft_unreviewed
images/train/WIN_20261006_23_47_12_Pro_frame000246.jpg,1,banana,table_left,draft_unreviewed
images/train/WIN_20261006_23_47_12_Pro_frame000246.jpg,2,fanta_can,table_left,draft_unreviewed
images/train/WIN_20261006_23_47_12_Pro_frame000246.jpg,3,green_apple,table_left,draft_unreviewed
images/train/WIN_20261006_23_47_12_Pro_frame000246.jpg,4,mug,table_left,draft_unreviewed
images/train/WIN_20261006_23_47_12_Pro_frame000246.jpg,5,peach,table_left,draft_unreviewed
images/train/WIN_20261006_23_47_12_Pro_frame000246.jpg,6,plate,table_left,draft_unreviewed
images/train/WIN_20261006_23_47_12_Pro_frame000247.jpg,0,apple,table_left,draft_unreviewed
images/train/WIN_20261006_23_47_12_Pro_frame000247.jpg,1,banana,table_left,draft_unreviewed
images/train/WIN_20261006_23_47_12_Pro_frame000247.jpg,2,fanta_can,table_left,draft_unreviewed
images/train/WIN_20261006_23_47_12_Pro_frame000247.jpg,3,green_apple,table_left,draft_unreviewed
images/train/WIN_20261006_23_47_12_Pro_frame000247.jpg,4,mug,table_left,draft_unreviewed
images/train/WIN_20261006_23_47_12_Pro_frame000247.jpg,5,peach,table_left,draft_unreviewed
images/train/WIN_20261006_23_47_12_Pro_frame000247.jpg,6,plate,table_left,draft_unreviewed
images/train/WIN_20261006_23_47_12_Pro_frame000248.jpg,0,apple,table_left,draft_unreviewed
images/train/WIN_20261006_23_47_12_Pro_frame000248.jpg,1,banana,table_left,draft_unreviewed
images/train/WIN_20261006_23_47_12_Pro_frame000248.jpg,2,fanta_can,table_left,draft_unreviewed
images/train/WIN_20261006_23_47_12_Pro_frame000248.jpg,3,green_apple,table_left,draft_unreviewed
images/train/WIN_20261006_23_47_12_Pro_frame000248.jpg,4,mug,table_left,draft_unreviewed
images/train/WIN_20261006_23_47_12_Pro_frame000248.jpg,5,peach,table_left,draft_unreviewed
images/train/WIN_20261006_23_47_12_Pro_frame000248.jpg,6,plate,table_left,draft_unreviewed
images/train/WIN_20261006_23_47_12_Pro_frame000249.jpg,0,apple,table_left,draft_unreviewed
images/train/WIN_20261006_23_47_12_Pro_frame000249.jpg,1,banana,table_left,draft_unreviewed
images/train/WIN_20261006_23_47_12_Pro_frame000249.jpg,2,fanta_can,table_left,draft_unreviewed
images/train/WIN_20261006_23_47_12_Pro_frame000249.jpg,3,green_apple,table_left,draft_unreviewed
images/train/WIN_20261006_23_47_12_Pro_frame000249.jpg,4,mug,table_left,draft_unreviewed
images/train/WIN_20261006_23_47_12_Pro_frame000249.jpg,5,peach,table_left,draft_unreviewed
images/train/WIN_20261006_23_47_12_Pro_frame000249.jpg,6,plate,table_left,draft_unreviewed
images/train/WIN_20261006_23_47_12_Pro_frame000250.jpg,0,apple,table_left,draft_unreviewed
images/train/WIN_20261006_23_47_12_Pro_frame000250.jpg,1,banana,table_left,draft_unreviewed
images/train/WIN_20261006_23_47_12_Pro_frame000250.jpg,2,fanta_can,table_left,draft_unreviewed
images/train/WIN_20261006_23_47_12_Pro_frame000250.jpg,3,green_apple,table_left,draft_unreviewed
images/train/WIN_20261006_23_47_12_Pro_frame000250.jpg,4,mug,table_left,draft_unreviewed
images/train/WIN_20261006_23_47_12_Pro_frame000250.jpg,5,peach,table_left,draft_unreviewed
images/train/WIN_20261006_23_47_12_Pro_frame000250.jpg,6,plate,table_left,draft_unreviewed
images/train/WIN_20261006_23_47_12_Pro_frame000251.jpg,0,apple,table_left,draft_unreviewed
images/train/WIN_20261006_23_47_12_Pro_frame000251.jpg,1,banana,table_left,draft_unreviewed
images/train/WIN_20261006_23_47_12_Pro_frame000251.jpg,2,fanta_can,table_left,draft_unreviewed
images/train/WIN_20261006_23_47_12_Pro_frame000251.jpg,3,green_apple,table_left,draft_unreviewed
images/train/WIN_20261006_23_47_12_Pro_frame000251.jpg,4,mug,table_left,draft_unreviewed
images/train/WIN_20261006_23_47_12_Pro_frame000251.jpg,5,peach,table_left,draft_unreviewed
images/train/WIN_20261006_23_47_12_Pro_frame000251.jpg,6,plate,table_left,draft_unreviewed
images/train/WIN_20261006_23_47_12_Pro_frame000252.jpg,0,apple,table_left,draft_unreviewed
images/train/WIN_20261006_23_47_12_Pro_frame000252.jpg,1,banana,table_left,draft_unreviewed
images/train/WIN_20261006_23_47_12_Pro_frame000252.jpg,2,fanta_can,table_left,draft_unreviewed
images/train/WIN_20261006_23_47_12_Pro_frame000252.jpg,3,green_apple,table_left,draft_unreviewed
images/train/WIN_20261006_23_47_12_Pro_frame000252.jpg,4,mug,table_left,draft_unreviewed
images/train/WIN_20261006_23_47_12_Pro_frame000252.jpg,5,peach,table_left,draft_unreviewed
images/train/WIN_20261006_23_47_12_Pro_frame000252.jpg,6,plate,table_left,draft_unreviewed
images/train/WIN_20261006_23_47_12_Pro_frame000253.jpg,0,apple,table_left,draft_unreviewed
images/train/WIN_20261006_23_47_12_Pro_frame000253.jpg,1,banana,table_left,draft_unreviewed
images/train/WIN_20261006_23_47_12_Pro_frame000253.jpg,2,fanta_can,table_left,draft_unreviewed
images/train/WIN_20261006_23_47_12_Pro_frame000253.jpg,3,green_apple,table_left,draft_unreviewed
images/train/WIN_20261006_23_47_12_Pro_frame000253.jpg,4,mug,table_left,draft_unreviewed
images/train/WIN_20261006_23_47_12_Pro_frame000253.jpg,5,peach,table_left,draft_unreviewed
images/train/WIN_20261006_23_47_12_Pro_frame000253.jpg,6,plate,table_left,draft_unreviewed
images/train/WIN_20261006_23_47_12_Pro_frame000254.jpg,0,apple,table_left,draft_unreviewed
images/train/WIN_20261006_23_47_12_Pro_frame000254.jpg,1,banana,table_left,draft_unreviewed
images/train/WIN_20261006_23_47_12_Pro_frame000254.jpg,2,fanta_can,table_left,draft_unreviewed
images/train/WIN_20261006_23_47_12_Pro_frame000254.jpg,3,green_apple,table_left,draft_unreviewed
images/train/WIN_20261006_23_47_12_Pro_frame000254.jpg,4,mug,table_left,draft_unreviewed
images/train/WIN_20261006_23_47_12_Pro_frame000254.jpg,5,peach,table_left,draft_unreviewed
images/train/WIN_20261006_23_47_12_Pro_frame000254.jpg,6,plate,table_left,draft_unreviewed
images/train/WIN_20261006_23_47_12_Pro_frame000255.jpg,0,apple,table_left,draft_unreviewed
images/train/WIN_20261006_23_47_12_Pro_frame000255.jpg,1,banana,table_left,draft_unreviewed
images/train/WIN_20261006_23_47_12_Pro_frame000255.jpg,2,fanta_can,table_left,draft_unreviewed
images/train/WIN_20261006_23_47_12_Pro_frame000255.jpg,3,green_apple,table_left,draft_unreviewed
images/train/WIN_20261006_23_47_12_Pro_frame000255.jpg,4,mug,table_left,draft_unreviewed
images/train/WIN_20261006_23_47_12_Pro_frame000255.jpg,5,peach,table_left,draft_unreviewed
images/train/WIN_20261006_23_47_12_Pro_frame000255.jpg,6,plate,table_left,draft_unreviewed
images/train/WIN_20261006_23_47_12_Pro_frame000256.jpg,0,apple,table_left,draft_unreviewed
images/train/WIN_20261006_23_47_12_Pro_frame000256.jpg,1,banana,table_left,draft_unreviewed
images/train/WIN_20261006_23_47_12_Pro_frame000256.jpg,2,fanta_can,table_left,draft_unreviewed
images/train/WIN_20261006_23_47_12_Pro_frame000256.jpg,3,green_apple,table_left,draft_unreviewed
images/train/WIN_20261006_23_47_12_Pro_frame000256.jpg,4,mug,table_left,draft_unreviewed
images/train/WIN_20261006_23_47_12_Pro_frame000256.jpg,5,peach,table_left,draft_unreviewed
images/train/WIN_20261006_23_47_12_Pro_frame000256.jpg,6,plate,table_left,draft_unreviewed
images/train/WIN_20261006_23_47_12_Pro_frame000257.jpg,0,apple,table_left,draft_unreviewed
images/train/WIN_20261006_23_47_12_Pro_frame000257.jpg,1,banana,table_left,draft_unreviewed
images/train/WIN_20261006_23_47_12_Pro_frame000257.jpg,2,fanta_can,table_left,draft_unreviewed
images/train/WIN_20261006_23_47_12_Pro_frame000257.jpg,3,green_apple,table_left,draft_unreviewed
images/train/WIN_20261006_23_47_12_Pro_frame000257.jpg,4,mug,table_left,draft_unreviewed
images/train/WIN_20261006_23_47_12_Pro_frame000257.jpg,5,peach,table_left,draft_unreviewed
images/train/WIN_20261006_23_47_12_Pro_frame000257.jpg,6,plate,table_left,draft_unreviewed
images/train/WIN_20261006_23_47_12_Pro_frame000258.jpg,0,apple,table_left,draft_unreviewed
images/train/WIN_20261006_23_47_12_Pro_frame000258.jpg,1,banana,table_left,draft_unreviewed
images/train/WIN_20261006_23_47_12_Pro_frame000258.jpg,2,fanta_can,table_left,draft_unreviewed
images/train/WIN_20261006_23_47_12_Pro_frame000258.jpg,3,green_apple,table_left,draft_unreviewed
images/train/WIN_20261006_23_47_12_Pro_frame000258.jpg,4,mug,table_left,draft_unreviewed
images/train/WIN_20261006_23_47_12_Pro_frame000258.jpg,5,peach,table_left,draft_unreviewed
images/train/WIN_20261006_23_47_12_Pro_frame000258.jpg,6,plate,table_left,draft_unreviewed
images/train/WIN_20261006_23_47_12_Pro_frame000259.jpg,0,apple,table_left,draft_unreviewed
images/train/WIN_20261006_23_47_12_Pro_frame000259.jpg,1,banana,table_left,draft_unreviewed
images/train/WIN_20261006_23_47_12_Pro_frame000259.jpg,2,fanta_can,table_left,draft_unreviewed
images/train/WIN_20261006_23_47_12_Pro_frame000259.jpg,3,green_apple,table_left,draft_unreviewed
images/train/WIN_20261006_23_47_12_Pro_frame000259.jpg,4,mug,table_left,draft_unreviewed
images/train/WIN_20261006_23_47_12_Pro_frame000259.jpg,5,peach,table_left,draft_unreviewed
images/train/WIN_20261006_23_47_12_Pro_frame000259.jpg,6,plate,table_left,draft_unreviewed
images/train/WIN_20261006_23_47_12_Pro_frame000260.jpg,0,apple,table_left,draft_unreviewed
images/train/WIN_20261006_23_47_12_Pro_frame000260.jpg,1,banana,table_left,draft_unreviewed
images/train/WIN_20261006_23_47_12_Pro_frame000260.jpg,2,fanta_can,table_left,draft_unreviewed
images/train/WIN_20261006_23_47_12_Pro_frame000260.jpg,3,green_apple,table_left,draft_unreviewed
images/train/WIN_20261006_23_47_12_Pro_frame000260.jpg,4,mug,table_left,draft_unreviewed
images/train/WIN_20261006_23_47_12_Pro_frame000260.jpg,5,peach,table_left,draft_unreviewed
images/train/WIN_20261006_23_47_12_Pro_frame000260.jpg,6,plate,table_left,draft_unreviewed
images/train/WIN_20261006_23_47_12_Pro_frame000261.jpg,0,apple,table_left,draft_unreviewed
images/train/WIN_20261006_23_47_12_Pro_frame000261.jpg,1,banana,table_left,draft_unreviewed
images/train/WIN_20261006_23_47_12_Pro_frame000261.jpg,2,fanta_can,table_left,draft_unreviewed
images/train/WIN_20261006_23_47_12_Pro_frame000261.jpg,3,green_apple,table_left,draft_unreviewed
images/train/WIN_20261006_23_47_12_Pro_frame000261.jpg,4,mug,table_left,draft_unreviewed
images/train/WIN_20261006_23_47_12_Pro_frame000261.jpg,5,peach,table_left,draft_unreviewed
images/train/WIN_20261006_23_47_12_Pro_frame000261.jpg,6,plate,table_left,draft_unreviewed
images/train/WIN_20261006_23_47_12_Pro_frame000262.jpg,0,apple,table_left,draft_unreviewed
images/train/WIN_20261006_23_47_12_Pro_frame000262.jpg,1,banana,table_left,draft_unreviewed
images/train/WIN_20261006_23_47_12_Pro_frame000262.jpg,2,fanta_can,table_left,draft_unreviewed
images/train/WIN_20261006_23_47_12_Pro_frame000262.jpg,3,green_apple,table_left,draft_unreviewed
images/train/WIN_20261006_23_47_12_Pro_frame000262.jpg,4,mug,table_left,draft_unreviewed
images/train/WIN_20261006_23_47_12_Pro_frame000262.jpg,5,peach,table_left,draft_unreviewed
images/train/WIN_20261006_23_47_12_Pro_frame000262.jpg,6,plate,table_left,draft_unreviewed
images/train/WIN_20261006_23_47_12_Pro_frame000263.jpg,0,apple,table_left,draft_unreviewed
images/train/WIN_20261006_23_47_12_Pro_frame000263.jpg,1,banana,table_left,draft_unreviewed
images/train/WIN_20261006_23_47_12_Pro_frame000263.jpg,2,fanta_can,table_left,draft_unreviewed
images/train/WIN_20261006_23_47_12_Pro_frame000263.jpg,3,green_apple,table_left,draft_unreviewed
images/train/WIN_20261006_23_47_12_Pro_frame000263.jpg,4,mug,table_left,draft_unreviewed
images/train/WIN_20261006_23_47_12_Pro_frame000263.jpg,5,peach,table_left,draft_unreviewed
images/train/WIN_20261006_23_47_12_Pro_frame000263.jpg,6,plate,table_left,draft_unreviewed
images/train/WIN_20261006_23_47_12_Pro_frame000264.jpg,0,apple,table_left,draft_unreviewed
images/train/WIN_20261006_23_47_12_Pro_frame000264.jpg,1,banana,table_left,draft_unreviewed
images/train/WIN_20261006_23_47_12_Pro_frame000264.jpg,2,fanta_can,table_left,draft_unreviewed
images/train/WIN_20261006_23_47_12_Pro_frame000264.jpg,3,green_apple,table_left,draft_unreviewed
images/train/WIN_20261006_23_47_12_Pro_frame000264.jpg,4,mug,table_left,draft_unreviewed
images/train/WIN_20261006_23_47_12_Pro_frame000264.jpg,5,peach,table_left,draft_unreviewed
images/train/WIN_20261006_23_47_12_Pro_frame000264.jpg,6,plate,table_left,draft_unreviewed
images/train/WIN_20261006_23_47_12_Pro_frame000265.jpg,0,apple,table_left,draft_unreviewed
images/train/WIN_20261006_23_47_12_Pro_frame000265.jpg,1,banana,table_left,draft_unreviewed
images/train/WIN_20261006_23_47_12_Pro_frame000265.jpg,2,fanta_can,table_left,draft_unreviewed
images/train/WIN_20261006_23_47_12_Pro_frame000265.jpg,3,green_apple,table_left,draft_unreviewed
images/train/WIN_20261006_23_47_12_Pro_frame000265.jpg,4,mug,table_left,draft_unreviewed
images/train/WIN_20261006_23_47_12_Pro_frame000265.jpg,5,peach,table_left,draft_unreviewed
images/train/WIN_20261006_23_47_12_Pro_frame000265.jpg,6,plate,table_left,draft_unreviewed
images/train/WIN_20261006_23_47_12_Pro_frame000266.jpg,0,apple,table_left,draft_unreviewed
images/train/WIN_20261006_23_47_12_Pro_frame000266.jpg,1,banana,table_left,draft_unreviewed
images/train/WIN_20261006_23_47_12_Pro_frame000266.jpg,2,fanta_can,table_left,draft_unreviewed
images/train/WIN_20261006_23_47_12_Pro_frame000266.jpg,3,green_apple,table_left,draft_unreviewed
images/train/WIN_20261006_23_47_12_Pro_frame000266.jpg,4,mug,table_left,draft_unreviewed
images/train/WIN_20261006_23_47_12_Pro_frame000266.jpg,5,peach,table_left,draft_unreviewed
images/train/WIN_20261006_23_47_12_Pro_frame000266.jpg,6,plate,table_left,draft_unreviewed
images/train/WIN_20261006_23_47_12_Pro_frame000267.jpg,0,apple,table_left,draft_unreviewed
images/train/WIN_20261006_23_47_12_Pro_frame000267.jpg,1,banana,table_left,draft_unreviewed
images/train/WIN_20261006_23_47_12_Pro_frame000267.jpg,2,fanta_can,table_left,draft_unreviewed
images/train/WIN_20261006_23_47_12_Pro_frame000267.jpg,3,green_apple,table_left,draft_unreviewed
images/train/WIN_20261006_23_47_12_Pro_frame000267.jpg,4,mug,table_left,draft_unreviewed
images/train/WIN_20261006_23_47_12_Pro_frame000267.jpg,5,peach,table_left,draft_unreviewed
images/train/WIN_20261006_23_47_12_Pro_frame000267.jpg,6,plate,table_left,draft_unreviewed
images/train/WIN_20261006_23_47_12_Pro_frame000268.jpg,0,apple,table_left,draft_unreviewed
images/train/WIN_20261006_23_47_12_Pro_frame000268.jpg,1,banana,table_left,draft_unreviewed
images/train/WIN_20261006_23_47_12_Pro_frame000268.jpg,2,fanta_can,table_left,draft_unreviewed
images/train/WIN_20261006_23_47_12_Pro_frame000268.jpg,3,green_apple,table_left,draft_unreviewed
images/train/WIN_20261006_23_47_12_Pro_frame000268.jpg,4,mug,table_left,draft_unreviewed
images/train/WIN_20261006_23_47_12_Pro_frame000268.jpg,5,peach,table_left,draft_unreviewed
images/train/WIN_20261006_23_47_12_Pro_frame000268.jpg,6,plate,table_left,draft_unreviewed
images/train/WIN_20261006_23_47_12_Pro_frame000269.jpg,0,apple,table_left,draft_unreviewed
images/train/WIN_20261006_23_47_12_Pro_frame000269.jpg,1,banana,table_left,draft_unreviewed
images/train/WIN_20261006_23_47_12_Pro_frame000269.jpg,2,fanta_can,table_left,draft_unreviewed
images/train/WIN_20261006_23_47_12_Pro_frame000269.jpg,3,green_apple,table_left,draft_unreviewed
images/train/WIN_20261006_23_47_12_Pro_frame000269.jpg,4,mug,table_left,draft_unreviewed
images/train/WIN_20261006_23_47_12_Pro_frame000269.jpg,5,peach,table_left,draft_unreviewed
images/train/WIN_20261006_23_47_12_Pro_frame000269.jpg,6,plate,table_left,draft_unreviewed
images/train/WIN_20261006_23_47_12_Pro_frame000270.jpg,0,apple,table_left,draft_unreviewed
images/train/WIN_20261006_23_47_12_Pro_frame000270.jpg,1,banana,table_left,draft_unreviewed
images/train/WIN_20261006_23_47_12_Pro_frame000270.jpg,2,fanta_can,table_left,draft_unreviewed
images/train/WIN_20261006_23_47_12_Pro_frame000270.jpg,3,green_apple,table_left,draft_unreviewed
images/train/WIN_20261006_23_47_12_Pro_frame000270.jpg,4,mug,table_left,draft_unreviewed
images/train/WIN_20261006_23_47_12_Pro_frame000270.jpg,5,peach,table_left,draft_unreviewed
images/train/WIN_20261006_23_47_12_Pro_frame000270.jpg,6,plate,table_left,draft_unreviewed
images/train/WIN_20261006_23_47_12_Pro_frame000271.jpg,0,apple,table_left,draft_unreviewed
images/train/WIN_20261006_23_47_12_Pro_frame000271.jpg,1,banana,table_left,draft_unreviewed
images/train/WIN_20261006_23_47_12_Pro_frame000271.jpg,2,fanta_can,table_left,draft_unreviewed
images/train/WIN_20261006_23_47_12_Pro_frame000271.jpg,3,green_apple,table_left,draft_unreviewed
images/train/WIN_20261006_23_47_12_Pro_frame000271.jpg,4,mug,table_left,draft_unreviewed
images/train/WIN_20261006_23_47_12_Pro_frame000271.jpg,5,peach,table_left,draft_unreviewed
images/train/WIN_20261006_23_47_12_Pro_frame000271.jpg,6,plate,table_left,draft_unreviewed
images/train/WIN_20261006_23_47_12_Pro_frame000272.jpg,0,apple,table_left,draft_unreviewed
images/train/WIN_20261006_23_47_12_Pro_frame000272.jpg,1,banana,table_left,draft_unreviewed
images/train/WIN_20261006_23_47_12_Pro_frame000272.jpg,2,fanta_can,table_left,draft_unreviewed
images/train/WIN_20261006_23_47_12_Pro_frame000272.jpg,3,green_apple,table_left,draft_unreviewed
images/train/WIN_20261006_23_47_12_Pro_frame000272.jpg,4,mug,table_left,draft_unreviewed
images/train/WIN_20261006_23_47_12_Pro_frame000272.jpg,5,peach,table_left,draft_unreviewed
images/train/WIN_20261006_23_47_12_Pro_frame000272.jpg,6,plate,table_left,draft_unreviewed
images/train/WIN_20261006_23_47_12_Pro_frame000273.jpg,0,apple,table_left,draft_unreviewed
images/train/WIN_20261006_23_47_12_Pro_frame000273.jpg,1,banana,table_left,draft_unreviewed
images/train/WIN_20261006_23_47_12_Pro_frame000273.jpg,2,fanta_can,table_left,draft_unreviewed
images/train/WIN_20261006_23_47_12_Pro_frame000273.jpg,3,green_apple,table_left,draft_unreviewed
images/train/WIN_20261006_23_47_12_Pro_frame000273.jpg,4,mug,table_left,draft_unreviewed
images/train/WIN_20261006_23_47_12_Pro_frame000273.jpg,5,peach,table_left,draft_unreviewed
images/train/WIN_20261006_23_47_12_Pro_frame000273.jpg,6,plate,table_left,draft_unreviewed
images/train/WIN_20261006_23_47_12_Pro_frame000274.jpg,0,apple,table_left,draft_unreviewed
images/train/WIN_20261006_23_47_12_Pro_frame000274.jpg,1,banana,table_left,draft_unreviewed
images/train/WIN_20261006_23_47_12_Pro_frame000274.jpg,2,fanta_can,table_left,draft_unreviewed
images/train/WIN_20261006_23_47_12_Pro_frame000274.jpg,3,green_apple,table_left,draft_unreviewed
images/train/WIN_20261006_23_47_12_Pro_frame000274.jpg,4,mug,table_left,draft_unreviewed
images/train/WIN_20261006_23_47_12_Pro_frame000274.jpg,5,peach,table_left,draft_unreviewed
images/train/WIN_20261006_23_47_12_Pro_frame000274.jpg,6,plate,table_left,draft_unreviewed
images/train/WIN_20261006_23_47_12_Pro_frame000275.jpg,0,apple,table_left,draft_unreviewed
images/train/WIN_20261006_23_47_12_Pro_frame000275.jpg,1,banana,table_left,draft_unreviewed
images/train/WIN_20261006_23_47_12_Pro_frame000275.jpg,2,fanta_can,table_left,draft_unreviewed
images/train/WIN_20261006_23_47_12_Pro_frame000275.jpg,3,green_apple,table_left,draft_unreviewed
images/train/WIN_20261006_23_47_12_Pro_frame000275.jpg,4,mug,table_left,draft_unreviewed
images/train/WIN_20261006_23_47_12_Pro_frame000275.jpg,5,peach,table_left,draft_unreviewed
images/train/WIN_20261006_23_47_12_Pro_frame000275.jpg,6,plate,table_left,draft_unreviewed
images/train/WIN_20261006_23_47_12_Pro_frame000276.jpg,0,apple,table_left,draft_unreviewed
images/train/WIN_20261006_23_47_12_Pro_frame000276.jpg,1,banana,table_left,draft_unreviewed
images/train/WIN_20261006_23_47_12_Pro_frame000276.jpg,2,fanta_can,table_left,draft_unreviewed
images/train/WIN_20261006_23_47_12_Pro_frame000276.jpg,3,green_apple,table_left,draft_unreviewed
images/train/WIN_20261006_23_47_12_Pro_frame000276.jpg,4,mug,table_left,draft_unreviewed
images/train/WIN_20261006_23_47_12_Pro_frame000276.jpg,5,peach,table_left,draft_unreviewed
images/train/WIN_20261006_23_47_12_Pro_frame000276.jpg,6,plate,table_left,draft_unreviewed
images/train/WIN_20261006_23_47_12_Pro_frame000277.jpg,0,apple,table_left,draft_unreviewed
images/train/WIN_20261006_23_47_12_Pro_frame000277.jpg,1,banana,table_left,draft_unreviewed
images/train/WIN_20261006_23_47_12_Pro_frame000277.jpg,2,fanta_can,table_left,draft_unreviewed
images/train/WIN_20261006_23_47_12_Pro_frame000277.jpg,3,green_apple,table_left,draft_unreviewed
images/train/WIN_20261006_23_47_12_Pro_frame000277.jpg,4,mug,table_left,draft_unreviewed
images/train/WIN_20261006_23_47_12_Pro_frame000277.jpg,5,peach,table_left,draft_unreviewed
images/train/WIN_20261006_23_47_12_Pro_frame000277.jpg,6,plate,table_left,draft_unreviewed
images/train/WIN_20261006_23_47_12_Pro_frame000278.jpg,0,apple,table_left,draft_unreviewed
images/train/WIN_20261006_23_47_12_Pro_frame000278.jpg,1,banana,table_left,draft_unreviewed
images/train/WIN_20261006_23_47_12_Pro_frame000278.jpg,2,fanta_can,table_left,draft_unreviewed
images/train/WIN_20261006_23_47_12_Pro_frame000278.jpg,3,green_apple,table_left,draft_unreviewed
images/train/WIN_20261006_23_47_12_Pro_frame000278.jpg,4,mug,table_left,draft_unreviewed
images/train/WIN_20261006_23_47_12_Pro_frame000278.jpg,5,peach,table_left,draft_unreviewed
images/train/WIN_20261006_23_47_12_Pro_frame000278.jpg,6,plate,table_left,draft_unreviewed
images/train/WIN_20261006_23_47_12_Pro_frame000279.jpg,0,apple,table_left,draft_unreviewed
images/train/WIN_20261006_23_47_12_Pro_frame000279.jpg,1,banana,table_left,draft_unreviewed
images/train/WIN_20261006_23_47_12_Pro_frame000279.jpg,2,fanta_can,table_left,draft_unreviewed
images/train/WIN_20261006_23_47_12_Pro_frame000279.jpg,3,green_apple,table_left,draft_unreviewed
images/train/WIN_20261006_23_47_12_Pro_frame000279.jpg,4,mug,table_left,draft_unreviewed
images/train/WIN_20261006_23_47_12_Pro_frame000279.jpg,5,peach,table_left,draft_unreviewed
images/train/WIN_20261006_23_47_12_Pro_frame000279.jpg,6,plate,table_left,draft_unreviewed
images/train/WIN_20261006_23_47_12_Pro_frame000280.jpg,0,apple,table_left,draft_unreviewed
images/train/WIN_20261006_23_47_12_Pro_frame000280.jpg,1,banana,table_left,draft_unreviewed
images/train/WIN_20261006_23_47_12_Pro_frame000280.jpg,2,fanta_can,table_left,draft_unreviewed
images/train/WIN_20261006_23_47_12_Pro_frame000280.jpg,3,green_apple,table_left,draft_unreviewed
images/train/WIN_20261006_23_47_12_Pro_frame000280.jpg,4,mug,table_left,draft_unreviewed
images/train/WIN_20261006_23_47_12_Pro_frame000280.jpg,5,peach,table_left,draft_unreviewed
images/train/WIN_20261006_23_47_12_Pro_frame000280.jpg,6,plate,table_left,draft_unreviewed
images/train/WIN_20261006_23_47_12_Pro_frame000281.jpg,0,apple,table_left,draft_unreviewed
images/train/WIN_20261006_23_47_12_Pro_frame000281.jpg,1,banana,table_left,draft_unreviewed
images/train/WIN_20261006_23_47_12_Pro_frame000281.jpg,2,fanta_can,table_left,draft_unreviewed
images/train/WIN_20261006_23_47_12_Pro_frame000281.jpg,3,green_apple,table_left,draft_unreviewed
images/train/WIN_20261006_23_47_12_Pro_frame000281.jpg,4,mug,table_left,draft_unreviewed
images/train/WIN_20261006_23_47_12_Pro_frame000281.jpg,5,peach,table_left,draft_unreviewed
images/train/WIN_20261006_23_47_12_Pro_frame000281.jpg,6,plate,table_left,draft_unreviewed
images/train/WIN_20261006_23_47_12_Pro_frame000282.jpg,0,apple,table_left,draft_unreviewed
images/train/WIN_20261006_23_47_12_Pro_frame000282.jpg,1,banana,table_left,draft_unreviewed
images/train/WIN_20261006_23_47_12_Pro_frame000282.jpg,2,fanta_can,table_left,draft_unreviewed
images/train/WIN_20261006_23_47_12_Pro_frame000282.jpg,3,green_apple,table_left,draft_unreviewed
images/train/WIN_20261006_23_47_12_Pro_frame000282.jpg,4,mug,table_left,draft_unreviewed
images/train/WIN_20261006_23_47_12_Pro_frame000282.jpg,5,peach,table_left,draft_unreviewed
images/train/WIN_20261006_23_47_12_Pro_frame000282.jpg,6,plate,table_left,draft_unreviewed
images/train/WIN_20261006_23_47_12_Pro_frame000283.jpg,0,apple,table_left,draft_unreviewed
images/train/WIN_20261006_23_47_12_Pro_frame000283.jpg,1,banana,table_left,draft_unreviewed
images/train/WIN_20261006_23_47_12_Pro_frame000283.jpg,2,fanta_can,table_left,draft_unreviewed
images/train/WIN_20261006_23_47_12_Pro_frame000283.jpg,3,green_apple,table_left,draft_unreviewed
images/train/WIN_20261006_23_47_12_Pro_frame000283.jpg,4,mug,table_left,draft_unreviewed
images/train/WIN_20261006_23_47_12_Pro_frame000283.jpg,5,peach,table_left,draft_unreviewed
images/train/WIN_20261006_23_47_12_Pro_frame000283.jpg,6,plate,table_left,draft_unreviewed
images/train/WIN_20261006_23_47_12_Pro_frame000284.jpg,0,apple,table_left,draft_unreviewed
images/train/WIN_20261006_23_47_12_Pro_frame000284.jpg,1,banana,table_left,draft_unreviewed
images/train/WIN_20261006_23_47_12_Pro_frame000284.jpg,2,fanta_can,table_left,draft_unreviewed
images/train/WIN_20261006_23_47_12_Pro_frame000284.jpg,3,green_apple,table_left,draft_unreviewed
images/train/WIN_20261006_23_47_12_Pro_frame000284.jpg,4,mug,table_left,draft_unreviewed
images/train/WIN_20261006_23_47_12_Pro_frame000284.jpg,5,peach,table_left,draft_unreviewed
images/train/WIN_20261006_23_47_12_Pro_frame000284.jpg,6,plate,table_left,draft_unreviewed
images/train/WIN_20261006_23_47_12_Pro_frame000285.jpg,0,apple,table_left,draft_unreviewed
images/train/WIN_20261006_23_47_12_Pro_frame000285.jpg,1,banana,table_left,draft_unreviewed
images/train/WIN_20261006_23_47_12_Pro_frame000285.jpg,2,fanta_can,table_left,draft_unreviewed
images/train/WIN_20261006_23_47_12_Pro_frame000285.jpg,3,green_apple,table_left,draft_unreviewed
images/train/WIN_20261006_23_47_12_Pro_frame000285.jpg,4,mug,table_left,draft_unreviewed
images/train/WIN_20261006_23_47_12_Pro_frame000285.jpg,5,peach,table_left,draft_unreviewed
images/train/WIN_20261006_23_47_12_Pro_frame000285.jpg,6,plate,table_left,draft_unreviewed
images/train/WIN_20261006_23_47_12_Pro_frame000286.jpg,0,apple,table_left,draft_unreviewed
images/train/WIN_20261006_23_47_12_Pro_frame000286.jpg,1,banana,table_left,draft_unreviewed
images/train/WIN_20261006_23_47_12_Pro_frame000286.jpg,2,fanta_can,table_left,draft_unreviewed
images/train/WIN_20261006_23_47_12_Pro_frame000286.jpg,3,green_apple,table_left,draft_unreviewed
images/train/WIN_20261006_23_47_12_Pro_frame000286.jpg,4,mug,table_left,draft_unreviewed
images/train/WIN_20261006_23_47_12_Pro_frame000286.jpg,5,peach,table_left,draft_unreviewed
images/train/WIN_20261006_23_47_12_Pro_frame000286.jpg,6,plate,table_left,draft_unreviewed
images/train/WIN_20261006_23_47_12_Pro_frame000287.jpg,0,apple,table_left,draft_unreviewed
images/train/WIN_20261006_23_47_12_Pro_frame000287.jpg,1,banana,table_left,draft_unreviewed
images/train/WIN_20261006_23_47_12_Pro_frame000287.jpg,2,fanta_can,table_left,draft_unreviewed
images/train/WIN_20261006_23_47_12_Pro_frame000287.jpg,3,green_apple,table_left,draft_unreviewed
images/train/WIN_20261006_23_47_12_Pro_frame000287.jpg,4,mug,table_left,draft_unreviewed
images/train/WIN_20261006_23_47_12_Pro_frame000287.jpg,5,peach,table_left,draft_unreviewed
images/train/WIN_20261006_23_47_12_Pro_frame000287.jpg,6,plate,table_left,draft_unreviewed
images/train/WIN_20261006_23_47_12_Pro_frame000288.jpg,0,apple,table_left,draft_unreviewed
images/train/WIN_20261006_23_47_12_Pro_frame000288.jpg,1,banana,table_left,draft_unreviewed
images/train/WIN_20261006_23_47_12_Pro_frame000288.jpg,2,fanta_can,table_left,draft_unreviewed
images/train/WIN_20261006_23_47_12_Pro_frame000288.jpg,3,green_apple,table_left,draft_unreviewed
images/train/WIN_20261006_23_47_12_Pro_frame000288.jpg,4,mug,table_left,draft_unreviewed
images/train/WIN_20261006_23_47_12_Pro_frame000288.jpg,5,peach,table_left,draft_unreviewed
images/train/WIN_20261006_23_47_12_Pro_frame000288.jpg,6,plate,table_left,draft_unreviewed
images/train/WIN_20261006_23_47_12_Pro_frame000289.jpg,0,apple,table_left,draft_unreviewed
images/train/WIN_20261006_23_47_12_Pro_frame000289.jpg,1,banana,table_left,draft_unreviewed
images/train/WIN_20261006_23_47_12_Pro_frame000289.jpg,2,fanta_can,table_left,draft_unreviewed
images/train/WIN_20261006_23_47_12_Pro_frame000289.jpg,3,green_apple,table_left,draft_unreviewed
images/train/WIN_20261006_23_47_12_Pro_frame000289.jpg,4,mug,table_left,draft_unreviewed
images/train/WIN_20261006_23_47_12_Pro_frame000289.jpg,5,peach,table_left,draft_unreviewed
images/train/WIN_20261006_23_47_12_Pro_frame000289.jpg,6,plate,table_left,draft_unreviewed
images/train/WIN_20261006_23_47_12_Pro_frame000290.jpg,0,apple,table_left,draft_unreviewed
images/train/WIN_20261006_23_47_12_Pro_frame000290.jpg,1,banana,table_left,draft_unreviewed
images/train/WIN_20261006_23_47_12_Pro_frame000290.jpg,2,fanta_can,table_left,draft_unreviewed
images/train/WIN_20261006_23_47_12_Pro_frame000290.jpg,3,green_apple,table_left,draft_unreviewed
images/train/WIN_20261006_23_47_12_Pro_frame000290.jpg,4,mug,table_left,draft_unreviewed
images/train/WIN_20261006_23_47_12_Pro_frame000290.jpg,5,peach,table_left,draft_unreviewed
images/train/WIN_20261006_23_47_12_Pro_frame000290.jpg,6,plate,table_left,draft_unreviewed
images/train/WIN_20261006_23_47_12_Pro_frame000291.jpg,0,apple,table_left,draft_unreviewed
images/train/WIN_20261006_23_47_12_Pro_frame000291.jpg,1,banana,table_left,draft_unreviewed
images/train/WIN_20261006_23_47_12_Pro_frame000291.jpg,2,fanta_can,table_left,draft_unreviewed
images/train/WIN_20261006_23_47_12_Pro_frame000291.jpg,3,green_apple,table_left,draft_unreviewed
images/train/WIN_20261006_23_47_12_Pro_frame000291.jpg,4,mug,table_left,draft_unreviewed
images/train/WIN_20261006_23_47_12_Pro_frame000291.jpg,5,peach,table_left,draft_unreviewed
images/train/WIN_20261006_23_47_12_Pro_frame000291.jpg,6,plate,table_left,draft_unreviewed
images/train/WIN_20261006_23_47_12_Pro_frame000292.jpg,0,apple,table_left,draft_unreviewed
images/train/WIN_20261006_23_47_12_Pro_frame000292.jpg,1,banana,table_left,draft_unreviewed
images/train/WIN_20261006_23_47_12_Pro_frame000292.jpg,2,fanta_can,table_left,draft_unreviewed
images/train/WIN_20261006_23_47_12_Pro_frame000292.jpg,3,green_apple,table_left,draft_unreviewed
images/train/WIN_20261006_23_47_12_Pro_frame000292.jpg,4,mug,table_left,draft_unreviewed
images/train/WIN_20261006_23_47_12_Pro_frame000292.jpg,5,peach,table_left,draft_unreviewed
images/train/WIN_20261006_23_47_12_Pro_frame000292.jpg,6,plate,table_left,draft_unreviewed
images/train/WIN_20261006_23_47_12_Pro_frame000293.jpg,0,apple,table_left,draft_unreviewed
images/train/WIN_20261006_23_47_12_Pro_frame000293.jpg,1,banana,table_left,draft_unreviewed
images/train/WIN_20261006_23_47_12_Pro_frame000293.jpg,2,fanta_can,table_left,draft_unreviewed
images/train/WIN_20261006_23_47_12_Pro_frame000293.jpg,3,green_apple,table_left,draft_unreviewed
images/train/WIN_20261006_23_47_12_Pro_frame000293.jpg,4,mug,table_left,draft_unreviewed
images/train/WIN_20261006_23_47_12_Pro_frame000293.jpg,5,peach,table_left,draft_unreviewed
images/train/WIN_20261006_23_47_12_Pro_frame000293.jpg,6,plate,table_left,draft_unreviewed
images/train/WIN_20261006_23_47_12_Pro_frame000294.jpg,0,apple,table_left,draft_unreviewed
images/train/WIN_20261006_23_47_12_Pro_frame000294.jpg,1,banana,table_left,draft_unreviewed
images/train/WIN_20261006_23_47_12_Pro_frame000294.jpg,2,fanta_can,table_left,draft_unreviewed
images/train/WIN_20261006_23_47_12_Pro_frame000294.jpg,3,green_apple,table_left,draft_unreviewed
images/train/WIN_20261006_23_47_12_Pro_frame000294.jpg,4,mug,table_left,draft_unreviewed
images/train/WIN_20261006_23_47_12_Pro_frame000294.jpg,5,peach,table_left,draft_unreviewed
images/train/WIN_20261006_23_47_12_Pro_frame000294.jpg,6,plate,table_left,draft_unreviewed
images/train/WIN_20261006_23_47_12_Pro_frame000295.jpg,0,apple,table_left,draft_unreviewed
images/train/WIN_20261006_23_47_12_Pro_frame000295.jpg,1,banana,table_left,draft_unreviewed
images/train/WIN_20261006_23_47_12_Pro_frame000295.jpg,2,fanta_can,table_left,draft_unreviewed
images/train/WIN_20261006_23_47_12_Pro_frame000295.jpg,3,green_apple,table_left,draft_unreviewed
images/train/WIN_20261006_23_47_12_Pro_frame000295.jpg,4,mug,table_left,draft_unreviewed
images/train/WIN_20261006_23_47_12_Pro_frame000295.jpg,5,peach,table_left,draft_unreviewed
images/train/WIN_20261006_23_47_12_Pro_frame000295.jpg,6,plate,table_left,draft_unreviewed
images/train/WIN_20261006_23_47_12_Pro_frame000296.jpg,0,apple,table_left,draft_unreviewed
images/train/WIN_20261006_23_47_12_Pro_frame000296.jpg,1,banana,table_left,draft_unreviewed
images/train/WIN_20261006_23_47_12_Pro_frame000296.jpg,2,fanta_can,table_left,draft_unreviewed
images/train/WIN_20261006_23_47_12_Pro_frame000296.jpg,3,green_apple,table_left,draft_unreviewed
images/train/WIN_20261006_23_47_12_Pro_frame000296.jpg,4,mug,table_left,draft_unreviewed
images/train/WIN_20261006_23_47_12_Pro_frame000296.jpg,5,peach,table_left,draft_unreviewed
images/train/WIN_20261006_23_47_12_Pro_frame000296.jpg,6,plate,table_left,draft_unreviewed
images/train/WIN_20261006_23_47_12_Pro_frame000297.jpg,0,apple,table_left,draft_unreviewed
images/train/WIN_20261006_23_47_12_Pro_frame000297.jpg,1,banana,table_left,draft_unreviewed
images/train/WIN_20261006_23_47_12_Pro_frame000297.jpg,2,fanta_can,table_left,draft_unreviewed
images/train/WIN_20261006_23_47_12_Pro_frame000297.jpg,3,green_apple,table_left,draft_unreviewed
images/train/WIN_20261006_23_47_12_Pro_frame000297.jpg,4,mug,table_left,draft_unreviewed
images/train/WIN_20261006_23_47_12_Pro_frame000297.jpg,5,peach,table_left,draft_unreviewed
images/train/WIN_20261006_23_47_12_Pro_frame000297.jpg,6,plate,table_left,draft_unreviewed
images/train/WIN_20261006_23_47_12_Pro_frame000298.jpg,0,apple,table_left,draft_unreviewed
images/train/WIN_20261006_23_47_12_Pro_frame000298.jpg,1,banana,table_left,draft_unreviewed
images/train/WIN_20261006_23_47_12_Pro_frame000298.jpg,2,fanta_can,table_left,draft_unreviewed
images/train/WIN_20261006_23_47_12_Pro_frame000298.jpg,3,green_apple,table_left,draft_unreviewed
images/train/WIN_20261006_23_47_12_Pro_frame000298.jpg,4,mug,table_left,draft_unreviewed
images/train/WIN_20261006_23_47_12_Pro_frame000298.jpg,5,peach,table_left,draft_unreviewed
images/train/WIN_20261006_23_47_12_Pro_frame000298.jpg,6,plate,table_left,draft_unreviewed
images/train/WIN_20261006_23_47_12_Pro_frame000299.jpg,0,apple,table_left,draft_unreviewed
images/train/WIN_20261006_23_47_12_Pro_frame000299.jpg,1,banana,table_left,draft_unreviewed
images/train/WIN_20261006_23_47_12_Pro_frame000299.jpg,2,fanta_can,table_left,draft_unreviewed
images/train/WIN_20261006_23_47_12_Pro_frame000299.jpg,3,green_apple,table_left,draft_unreviewed
images/train/WIN_20261006_23_47_12_Pro_frame000299.jpg,4,mug,table_left,draft_unreviewed
images/train/WIN_20261006_23_47_12_Pro_frame000299.jpg,5,peach,table_left,draft_unreviewed
images/train/WIN_20261006_23_47_12_Pro_frame000299.jpg,6,plate,table_left,draft_unreviewed
images/train/WIN_20261006_23_47_12_Pro_frame000300.jpg,0,apple,table_left,draft_unreviewed
images/train/WIN_20261006_23_47_12_Pro_frame000300.jpg,1,banana,table_left,draft_unreviewed
images/train/WIN_20261006_23_47_12_Pro_frame000300.jpg,2,fanta_can,table_left,draft_unreviewed
images/train/WIN_20261006_23_47_12_Pro_frame000300.jpg,3,green_apple,table_left,draft_unreviewed
images/train/WIN_20261006_23_47_12_Pro_frame000300.jpg,4,mug,table_left,draft_unreviewed
images/train/WIN_20261006_23_47_12_Pro_frame000300.jpg,5,peach,table_left,draft_unreviewed
images/train/WIN_20261006_23_47_12_Pro_frame000300.jpg,6,plate,table_left,draft_unreviewed
images/train/WIN_20261006_23_47_12_Pro_frame000301.jpg,0,apple,table_left,draft_unreviewed
images/train/WIN_20261006_23_47_12_Pro_frame000301.jpg,1,banana,table_left,draft_unreviewed
images/train/WIN_20261006_23_47_12_Pro_frame000301.jpg,2,fanta_can,table_left,draft_unreviewed
images/train/WIN_20261006_23_47_12_Pro_frame000301.jpg,3,green_apple,table_left,draft_unreviewed
images/train/WIN_20261006_23_47_12_Pro_frame000301.jpg,4,mug,table_left,draft_unreviewed
images/train/WIN_20261006_23_47_12_Pro_frame000301.jpg,5,peach,table_left,draft_unreviewed
images/train/WIN_20261006_23_47_12_Pro_frame000301.jpg,6,plate,table_left,draft_unreviewed
images/train/WIN_20261006_23_47_12_Pro_frame000302.jpg,0,apple,table_left,draft_unreviewed
images/train/WIN_20261006_23_47_12_Pro_frame000302.jpg,1,banana,table_left,draft_unreviewed
images/train/WIN_20261006_23_47_12_Pro_frame000302.jpg,2,fanta_can,table_left,draft_unreviewed
images/train/WIN_20261006_23_47_12_Pro_frame000302.jpg,3,green_apple,table_left,draft_unreviewed
images/train/WIN_20261006_23_47_12_Pro_frame000302.jpg,4,mug,table_left,draft_unreviewed
images/train/WIN_20261006_23_47_12_Pro_frame000302.jpg,5,peach,table_left,draft_unreviewed
images/train/WIN_20261006_23_47_12_Pro_frame000302.jpg,6,plate,table_left,draft_unreviewed
images/train/WIN_20261006_23_47_12_Pro_frame000303.jpg,0,apple,table_left,draft_unreviewed
images/train/WIN_20261006_23_47_12_Pro_frame000303.jpg,1,banana,table_left,draft_unreviewed
images/train/WIN_20261006_23_47_12_Pro_frame000303.jpg,2,fanta_can,table_left,draft_unreviewed
images/train/WIN_20261006_23_47_12_Pro_frame000303.jpg,3,green_apple,table_left,draft_unreviewed
images/train/WIN_20261006_23_47_12_Pro_frame000303.jpg,4,mug,table_left,draft_unreviewed
images/train/WIN_20261006_23_47_12_Pro_frame000303.jpg,5,peach,table_left,draft_unreviewed
images/train/WIN_20261006_23_47_12_Pro_frame000303.jpg,6,plate,table_left,draft_unreviewed
images/train/WIN_20261006_23_47_12_Pro_frame000304.jpg,0,apple,table_left,draft_unreviewed
images/train/WIN_20261006_23_47_12_Pro_frame000304.jpg,1,banana,table_left,draft_unreviewed
images/train/WIN_20261006_23_47_12_Pro_frame000304.jpg,2,fanta_can,table_left,draft_unreviewed
images/train/WIN_20261006_23_47_12_Pro_frame000304.jpg,3,green_apple,table_left,draft_unreviewed
images/train/WIN_20261006_23_47_12_Pro_frame000304.jpg,4,mug,table_left,draft_unreviewed
images/train/WIN_20261006_23_47_12_Pro_frame000304.jpg,5,peach,table_left,draft_unreviewed
images/train/WIN_20261006_23_47_12_Pro_frame000304.jpg,6,plate,table_left,draft_unreviewed
images/train/WIN_20261006_23_47_12_Pro_frame000305.jpg,0,apple,table_left,draft_unreviewed
images/train/WIN_20261006_23_47_12_Pro_frame000305.jpg,1,banana,table_left,draft_unreviewed
images/train/WIN_20261006_23_47_12_Pro_frame000305.jpg,2,fanta_can,table_left,draft_unreviewed
images/train/WIN_20261006_23_47_12_Pro_frame000305.jpg,3,green_apple,table_left,draft_unreviewed
images/train/WIN_20261006_23_47_12_Pro_frame000305.jpg,4,mug,table_left,draft_unreviewed
images/train/WIN_20261006_23_47_12_Pro_frame000305.jpg,5,peach,table_left,draft_unreviewed
images/train/WIN_20261006_23_47_12_Pro_frame000305.jpg,6,plate,table_left,draft_unreviewed
images/train/WIN_20261006_23_47_12_Pro_frame000306.jpg,0,apple,table_left,draft_unreviewed
images/train/WIN_20261006_23_47_12_Pro_frame000306.jpg,1,banana,table_left,draft_unreviewed
images/train/WIN_20261006_23_47_12_Pro_frame000306.jpg,2,fanta_can,table_left,draft_unreviewed
images/train/WIN_20261006_23_47_12_Pro_frame000306.jpg,3,green_apple,table_left,draft_unreviewed
images/train/WIN_20261006_23_47_12_Pro_frame000306.jpg,4,mug,table_left,draft_unreviewed
images/train/WIN_20261006_23_47_12_Pro_frame000306.jpg,5,peach,table_left,draft_unreviewed
images/train/WIN_20261006_23_47_12_Pro_frame000306.jpg,6,plate,table_left,draft_unreviewed
images/train/WIN_20261006_23_47_12_Pro_frame000307.jpg,0,apple,table_left,draft_unreviewed
images/train/WIN_20261006_23_47_12_Pro_frame000307.jpg,1,banana,table_left,draft_unreviewed
images/train/WIN_20261006_23_47_12_Pro_frame000307.jpg,2,fanta_can,table_left,draft_unreviewed
images/train/WIN_20261006_23_47_12_Pro_frame000307.jpg,3,green_apple,table_left,draft_unreviewed
images/train/WIN_20261006_23_47_12_Pro_frame000307.jpg,4,mug,table_left,draft_unreviewed
images/train/WIN_20261006_23_47_12_Pro_frame000307.jpg,5,peach,table_left,draft_unreviewed
images/train/WIN_20261006_23_47_12_Pro_frame000307.jpg,6,plate,table_left,draft_unreviewed
images/train/WIN_20261006_23_47_12_Pro_frame000308.jpg,0,apple,table_left,draft_unreviewed
images/train/WIN_20261006_23_47_12_Pro_frame000308.jpg,1,banana,table_left,draft_unreviewed
images/train/WIN_20261006_23_47_12_Pro_frame000308.jpg,2,fanta_can,table_left,draft_unreviewed
images/train/WIN_20261006_23_47_12_Pro_frame000308.jpg,3,green_apple,table_left,draft_unreviewed
images/train/WIN_20261006_23_47_12_Pro_frame000308.jpg,4,mug,table_left,draft_unreviewed
images/train/WIN_20261006_23_47_12_Pro_frame000308.jpg,5,peach,table_left,draft_unreviewed
images/train/WIN_20261006_23_47_12_Pro_frame000308.jpg,6,plate,table_left,draft_unreviewed
images/train/WIN_20261006_23_47_12_Pro_frame000309.jpg,0,apple,table_left,draft_unreviewed
images/train/WIN_20261006_23_47_12_Pro_frame000309.jpg,1,banana,table_left,draft_unreviewed
images/train/WIN_20261006_23_47_12_Pro_frame000309.jpg,2,fanta_can,table_left,draft_unreviewed
images/train/WIN_20261006_23_47_12_Pro_frame000309.jpg,3,green_apple,table_left,draft_unreviewed
images/train/WIN_20261006_23_47_12_Pro_frame000309.jpg,4,mug,table_left,draft_unreviewed
images/train/WIN_20261006_23_47_12_Pro_frame000309.jpg,5,peach,table_left,draft_unreviewed
images/train/WIN_20261006_23_47_12_Pro_frame000309.jpg,6,plate,table_left,draft_unreviewed
images/train/WIN_20261006_23_47_12_Pro_frame000310.jpg,0,apple,table_left,draft_unreviewed
images/train/WIN_20261006_23_47_12_Pro_frame000310.jpg,1,banana,table_left,draft_unreviewed
images/train/WIN_20261006_23_47_12_Pro_frame000310.jpg,2,fanta_can,table_left,draft_unreviewed
images/train/WIN_20261006_23_47_12_Pro_frame000310.jpg,3,green_apple,table_left,draft_unreviewed
images/train/WIN_20261006_23_47_12_Pro_frame000310.jpg,4,mug,table_left,draft_unreviewed
images/train/WIN_20261006_23_47_12_Pro_frame000310.jpg,5,peach,table_left,draft_unreviewed
images/train/WIN_20261006_23_47_12_Pro_frame000310.jpg,6,plate,table_left,draft_unreviewed
images/train/WIN_20261006_23_47_12_Pro_frame000311.jpg,0,apple,table_left,draft_unreviewed
images/train/WIN_20261006_23_47_12_Pro_frame000311.jpg,1,banana,table_left,draft_unreviewed
images/train/WIN_20261006_23_47_12_Pro_frame000311.jpg,2,fanta_can,table_left,draft_unreviewed
images/train/WIN_20261006_23_47_12_Pro_frame000311.jpg,3,green_apple,table_left,draft_unreviewed
images/train/WIN_20261006_23_47_12_Pro_frame000311.jpg,4,mug,table_left,draft_unreviewed
images/train/WIN_20261006_23_47_12_Pro_frame000311.jpg,5,peach,table_left,draft_unreviewed
images/train/WIN_20261006_23_47_12_Pro_frame000311.jpg,6,plate,table_left,draft_unreviewed
images/train/WIN_20261006_23_47_12_Pro_frame000312.jpg,0,apple,table_left,draft_unreviewed
images/train/WIN_20261006_23_47_12_Pro_frame000312.jpg,1,banana,table_left,draft_unreviewed
images/train/WIN_20261006_23_47_12_Pro_frame000312.jpg,2,fanta_can,table_left,draft_unreviewed
images/train/WIN_20261006_23_47_12_Pro_frame000312.jpg,3,green_apple,table_left,draft_unreviewed
images/train/WIN_20261006_23_47_12_Pro_frame000312.jpg,4,mug,table_left,draft_unreviewed
images/train/WIN_20261006_23_47_12_Pro_frame000312.jpg,5,peach,table_left,draft_unreviewed
images/train/WIN_20261006_23_47_12_Pro_frame000312.jpg,6,plate,table_left,draft_unreviewed
images/train/WIN_20261006_23_47_12_Pro_frame000313.jpg,0,apple,table_left,draft_unreviewed
images/train/WIN_20261006_23_47_12_Pro_frame000313.jpg,1,banana,table_left,draft_unreviewed
images/train/WIN_20261006_23_47_12_Pro_frame000313.jpg,2,fanta_can,table_left,draft_unreviewed
images/train/WIN_20261006_23_47_12_Pro_frame000313.jpg,3,green_apple,table_left,draft_unreviewed
images/train/WIN_20261006_23_47_12_Pro_frame000313.jpg,4,mug,table_left,draft_unreviewed
images/train/WIN_20261006_23_47_12_Pro_frame000313.jpg,5,peach,table_left,draft_unreviewed
images/train/WIN_20261006_23_47_12_Pro_frame000313.jpg,6,plate,table_left,draft_unreviewed
images/train/WIN_20261006_23_47_12_Pro_frame000314.jpg,0,apple,table_left,draft_unreviewed
images/train/WIN_20261006_23_47_12_Pro_frame000314.jpg,1,banana,table_left,draft_unreviewed
images/train/WIN_20261006_23_47_12_Pro_frame000314.jpg,2,fanta_can,table_left,draft_unreviewed
images/train/WIN_20261006_23_47_12_Pro_frame000314.jpg,3,green_apple,table_left,draft_unreviewed
images/train/WIN_20261006_23_47_12_Pro_frame000314.jpg,4,mug,table_left,draft_unreviewed
images/train/WIN_20261006_23_47_12_Pro_frame000314.jpg,5,peach,table_left,draft_unreviewed
images/train/WIN_20261006_23_47_12_Pro_frame000314.jpg,6,plate,table_left,draft_unreviewed
images/train/WIN_20261006_23_47_12_Pro_frame000315.jpg,0,apple,table_left,draft_unreviewed
images/train/WIN_20261006_23_47_12_Pro_frame000315.jpg,1,banana,table_left,draft_unreviewed
images/train/WIN_20261006_23_47_12_Pro_frame000315.jpg,2,fanta_can,table_left,draft_unreviewed
images/train/WIN_20261006_23_47_12_Pro_frame000315.jpg,3,green_apple,table_left,draft_unreviewed
images/train/WIN_20261006_23_47_12_Pro_frame000315.jpg,4,mug,table_left,draft_unreviewed
images/train/WIN_20261006_23_47_12_Pro_frame000315.jpg,5,peach,table_left,draft_unreviewed
images/train/WIN_20261006_23_47_12_Pro_frame000315.jpg,6,plate,table_left,draft_unreviewed
images/train/WIN_20261006_23_47_12_Pro_frame000316.jpg,0,apple,table_left,draft_unreviewed
images/train/WIN_20261006_23_47_12_Pro_frame000316.jpg,1,banana,table_left,draft_unreviewed
images/train/WIN_20261006_23_47_12_Pro_frame000316.jpg,2,fanta_can,table_left,draft_unreviewed
images/train/WIN_20261006_23_47_12_Pro_frame000316.jpg,3,green_apple,table_left,draft_unreviewed
images/train/WIN_20261006_23_47_12_Pro_frame000316.jpg,4,mug,table_left,draft_unreviewed
images/train/WIN_20261006_23_47_12_Pro_frame000316.jpg,5,peach,table_left,draft_unreviewed
images/train/WIN_20261006_23_47_12_Pro_frame000316.jpg,6,plate,table_left,draft_unreviewed
images/train/WIN_20261006_23_47_12_Pro_frame000317.jpg,0,apple,table_left,draft_unreviewed
images/train/WIN_20261006_23_47_12_Pro_frame000317.jpg,1,banana,table_left,draft_unreviewed
images/train/WIN_20261006_23_47_12_Pro_frame000317.jpg,2,fanta_can,table_left,draft_unreviewed
images/train/WIN_20261006_23_47_12_Pro_frame000317.jpg,3,green_apple,table_left,draft_unreviewed
images/train/WIN_20261006_23_47_12_Pro_frame000317.jpg,4,mug,table_left,draft_unreviewed
images/train/WIN_20261006_23_47_12_Pro_frame000317.jpg,5,peach,table_left,draft_unreviewed
images/train/WIN_20261006_23_47_12_Pro_frame000317.jpg,6,plate,table_left,draft_unreviewed
images/train/WIN_20261006_23_47_12_Pro_frame000318.jpg,0,apple,table_left,draft_unreviewed
images/train/WIN_20261006_23_47_12_Pro_frame000318.jpg,1,banana,table_left,draft_unreviewed
images/train/WIN_20261006_23_47_12_Pro_frame000318.jpg,2,fanta_can,table_left,draft_unreviewed
images/train/WIN_20261006_23_47_12_Pro_frame000318.jpg,3,green_apple,table_left,draft_unreviewed
images/train/WIN_20261006_23_47_12_Pro_frame000318.jpg,4,mug,table_left,draft_unreviewed
images/train/WIN_20261006_23_47_12_Pro_frame000318.jpg,5,peach,table_left,draft_unreviewed
images/train/WIN_20261006_23_47_12_Pro_frame000318.jpg,6,plate,table_left,draft_unreviewed
images/train/WIN_20261006_23_47_12_Pro_frame000319.jpg,0,apple,table_left,draft_unreviewed
images/train/WIN_20261006_23_47_12_Pro_frame000319.jpg,1,banana,table_left,draft_unreviewed
images/train/WIN_20261006_23_47_12_Pro_frame000319.jpg,2,fanta_can,table_left,draft_unreviewed
images/train/WIN_20261006_23_47_12_Pro_frame000319.jpg,3,green_apple,table_left,draft_unreviewed
images/train/WIN_20261006_23_47_12_Pro_frame000319.jpg,4,mug,table_left,draft_unreviewed
images/train/WIN_20261006_23_47_12_Pro_frame000319.jpg,5,peach,table_left,draft_unreviewed
images/train/WIN_20261006_23_47_12_Pro_frame000319.jpg,6,plate,table_left,draft_unreviewed
images/train/WIN_20261006_23_47_12_Pro_frame000320.jpg,0,apple,table_left,draft_unreviewed
images/train/WIN_20261006_23_47_12_Pro_frame000320.jpg,1,banana,table_left,draft_unreviewed
images/train/WIN_20261006_23_47_12_Pro_frame000320.jpg,2,fanta_can,table_left,draft_unreviewed
images/train/WIN_20261006_23_47_12_Pro_frame000320.jpg,3,green_apple,table_left,draft_unreviewed
images/train/WIN_20261006_23_47_12_Pro_frame000320.jpg,4,mug,table_left,draft_unreviewed
images/train/WIN_20261006_23_47_12_Pro_frame000320.jpg,5,peach,table_left,draft_unreviewed
images/train/WIN_20261006_23_47_12_Pro_frame000320.jpg,6,plate,table_left,draft_unreviewed
images/train/WIN_20261006_23_47_12_Pro_frame000321.jpg,0,apple,table_left,draft_unreviewed
images/train/WIN_20261006_23_47_12_Pro_frame000321.jpg,1,banana,table_left,draft_unreviewed
images/train/WIN_20261006_23_47_12_Pro_frame000321.jpg,2,fanta_can,table_left,draft_unreviewed
images/train/WIN_20261006_23_47_12_Pro_frame000321.jpg,3,green_apple,table_left,draft_unreviewed
images/train/WIN_20261006_23_47_12_Pro_frame000321.jpg,4,mug,table_left,draft_unreviewed
images/train/WIN_20261006_23_47_12_Pro_frame000321.jpg,5,peach,table_left,draft_unreviewed
images/train/WIN_20261006_23_47_12_Pro_frame000321.jpg,6,plate,table_left,draft_unreviewed
images/train/WIN_20261006_23_47_12_Pro_frame000322.jpg,0,apple,table_left,draft_unreviewed
images/train/WIN_20261006_23_47_12_Pro_frame000322.jpg,1,banana,table_left,draft_unreviewed
images/train/WIN_20261006_23_47_12_Pro_frame000322.jpg,2,fanta_can,table_left,draft_unreviewed
images/train/WIN_20261006_23_47_12_Pro_frame000322.jpg,3,green_apple,table_left,draft_unreviewed
images/train/WIN_20261006_23_47_12_Pro_frame000322.jpg,4,mug,table_left,draft_unreviewed
images/train/WIN_20261006_23_47_12_Pro_frame000322.jpg,5,peach,table_left,draft_unreviewed
images/train/WIN_20261006_23_47_12_Pro_frame000322.jpg,6,plate,table_left,draft_unreviewed
images/train/WIN_20261006_23_47_12_Pro_frame000323.jpg,0,apple,table_left,draft_unreviewed
images/train/WIN_20261006_23_47_12_Pro_frame000323.jpg,1,banana,table_left,draft_unreviewed
images/train/WIN_20261006_23_47_12_Pro_frame000323.jpg,2,fanta_can,table_left,draft_unreviewed
images/train/WIN_20261006_23_47_12_Pro_frame000323.jpg,3,green_apple,table_left,draft_unreviewed
images/train/WIN_20261006_23_47_12_Pro_frame000323.jpg,4,mug,table_left,draft_unreviewed
images/train/WIN_20261006_23_47_12_Pro_frame000323.jpg,5,peach,table_left,draft_unreviewed
images/train/WIN_20261006_23_47_12_Pro_frame000323.jpg,6,plate,table_left,draft_unreviewed
images/train/WIN_20261006_23_47_12_Pro_frame000324.jpg,0,apple,table_left,draft_unreviewed
images/train/WIN_20261006_23_47_12_Pro_frame000324.jpg,1,banana,table_left,draft_unreviewed
images/train/WIN_20261006_23_47_12_Pro_frame000324.jpg,2,fanta_can,table_left,draft_unreviewed
images/train/WIN_20261006_23_47_12_Pro_frame000324.jpg,3,green_apple,table_left,draft_unreviewed
images/train/WIN_20261006_23_47_12_Pro_frame000324.jpg,4,mug,table_left,draft_unreviewed
images/train/WIN_20261006_23_47_12_Pro_frame000324.jpg,5,peach,table_left,draft_unreviewed
images/train/WIN_20261006_23_47_12_Pro_frame000324.jpg,6,plate,table_left,draft_unreviewed
images/train/WIN_20261006_23_47_12_Pro_frame000325.jpg,0,apple,table_left,draft_unreviewed
images/train/WIN_20261006_23_47_12_Pro_frame000325.jpg,1,banana,table_left,draft_unreviewed
images/train/WIN_20261006_23_47_12_Pro_frame000325.jpg,2,fanta_can,table_left,draft_unreviewed
images/train/WIN_20261006_23_47_12_Pro_frame000325.jpg,3,green_apple,table_left,draft_unreviewed
images/train/WIN_20261006_23_47_12_Pro_frame000325.jpg,4,mug,table_left,draft_unreviewed
images/train/WIN_20261006_23_47_12_Pro_frame000325.jpg,5,peach,table_left,draft_unreviewed
images/train/WIN_20261006_23_47_12_Pro_frame000325.jpg,6,plate,table_left,draft_unreviewed
images/train/WIN_20261006_23_47_12_Pro_frame000326.jpg,0,apple,table_left,draft_unreviewed
images/train/WIN_20261006_23_47_12_Pro_frame000326.jpg,1,banana,table_left,draft_unreviewed
images/train/WIN_20261006_23_47_12_Pro_frame000326.jpg,2,fanta_can,table_left,draft_unreviewed
images/train/WIN_20261006_23_47_12_Pro_frame000326.jpg,3,green_apple,table_left,draft_unreviewed
images/train/WIN_20261006_23_47_12_Pro_frame000326.jpg,4,mug,table_left,draft_unreviewed
images/train/WIN_20261006_23_47_12_Pro_frame000326.jpg,5,peach,table_left,draft_unreviewed
images/train/WIN_20261006_23_47_12_Pro_frame000326.jpg,6,plate,table_left,draft_unreviewed
images/train/WIN_20261006_23_47_12_Pro_frame000327.jpg,0,apple,table_left,draft_unreviewed
images/train/WIN_20261006_23_47_12_Pro_frame000327.jpg,1,banana,table_left,draft_unreviewed
images/train/WIN_20261006_23_47_12_Pro_frame000327.jpg,2,fanta_can,table_left,draft_unreviewed
images/train/WIN_20261006_23_47_12_Pro_frame000327.jpg,3,green_apple,table_left,draft_unreviewed
images/train/WIN_20261006_23_47_12_Pro_frame000327.jpg,4,mug,table_left,draft_unreviewed
images/train/WIN_20261006_23_47_12_Pro_frame000327.jpg,5,peach,table_left,draft_unreviewed
images/train/WIN_20261006_23_47_12_Pro_frame000327.jpg,6,plate,table_left,draft_unreviewed
images/train/WIN_20261006_23_47_12_Pro_frame000328.jpg,0,apple,table_left,draft_unreviewed
images/train/WIN_20261006_23_47_12_Pro_frame000328.jpg,1,banana,table_left,draft_unreviewed
images/train/WIN_20261006_23_47_12_Pro_frame000328.jpg,2,fanta_can,table_left,draft_unreviewed
images/train/WIN_20261006_23_47_12_Pro_frame000328.jpg,3,green_apple,table_left,draft_unreviewed
images/train/WIN_20261006_23_47_12_Pro_frame000328.jpg,4,mug,table_left,draft_unreviewed
images/train/WIN_20261006_23_47_12_Pro_frame000328.jpg,5,peach,table_left,draft_unreviewed
images/train/WIN_20261006_23_47_12_Pro_frame000328.jpg,6,plate,table_left,draft_unreviewed
images/train/WIN_20261006_23_47_12_Pro_frame000329.jpg,0,apple,table_left,draft_unreviewed
images/train/WIN_20261006_23_47_12_Pro_frame000329.jpg,1,banana,table_left,draft_unreviewed
images/train/WIN_20261006_23_47_12_Pro_frame000329.jpg,2,fanta_can,table_left,draft_unreviewed
images/train/WIN_20261006_23_47_12_Pro_frame000329.jpg,3,green_apple,table_left,draft_unreviewed
images/train/WIN_20261006_23_47_12_Pro_frame000329.jpg,4,mug,table_left,draft_unreviewed
images/train/WIN_20261006_23_47_12_Pro_frame000329.jpg,5,peach,table_left,draft_unreviewed
images/train/WIN_20261006_23_47_12_Pro_frame000329.jpg,6,plate,table_left,draft_unreviewed
images/train/WIN_20261006_23_47_12_Pro_frame000330.jpg,0,apple,table_left,draft_unreviewed
images/train/WIN_20261006_23_47_12_Pro_frame000330.jpg,1,banana,table_left,draft_unreviewed
images/train/WIN_20261006_23_47_12_Pro_frame000330.jpg,2,fanta_can,table_left,draft_unreviewed
images/train/WIN_20261006_23_47_12_Pro_frame000330.jpg,3,green_apple,table_left,draft_unreviewed
images/train/WIN_20261006_23_47_12_Pro_frame000330.jpg,4,mug,table_left,draft_unreviewed
images/train/WIN_20261006_23_47_12_Pro_frame000330.jpg,5,peach,table_left,draft_unreviewed
images/train/WIN_20261006_23_47_12_Pro_frame000330.jpg,6,plate,table_left,draft_unreviewed
images/train/WIN_20261006_23_47_12_Pro_frame000331.jpg,0,apple,table_left,draft_unreviewed
images/train/WIN_20261006_23_47_12_Pro_frame000331.jpg,1,banana,table_left,draft_unreviewed
images/train/WIN_20261006_23_47_12_Pro_frame000331.jpg,2,fanta_can,table_left,draft_unreviewed
images/train/WIN_20261006_23_47_12_Pro_frame000331.jpg,3,green_apple,table_left,draft_unreviewed
images/train/WIN_20261006_23_47_12_Pro_frame000331.jpg,4,mug,table_left,draft_unreviewed
images/train/WIN_20261006_23_47_12_Pro_frame000331.jpg,5,peach,table_left,draft_unreviewed
images/train/WIN_20261006_23_47_12_Pro_frame000331.jpg,6,plate,table_left,draft_unreviewed
images/train/WIN_20261006_23_47_12_Pro_frame000332.jpg,0,apple,table_left,draft_unreviewed
images/train/WIN_20261006_23_47_12_Pro_frame000332.jpg,1,banana,table_left,draft_unreviewed
images/train/WIN_20261006_23_47_12_Pro_frame000332.jpg,2,fanta_can,table_left,draft_unreviewed
images/train/WIN_20261006_23_47_12_Pro_frame000332.jpg,3,green_apple,table_left,draft_unreviewed
images/train/WIN_20261006_23_47_12_Pro_frame000332.jpg,4,mug,table_left,draft_unreviewed
images/train/WIN_20261006_23_47_12_Pro_frame000332.jpg,5,peach,table_left,draft_unreviewed
images/train/WIN_20261006_23_47_12_Pro_frame000332.jpg,6,plate,table_left,draft_unreviewed
images/train/WIN_20261006_23_47_12_Pro_frame000333.jpg,0,apple,table_left,draft_unreviewed
images/train/WIN_20261006_23_47_12_Pro_frame000333.jpg,1,banana,table_left,draft_unreviewed
images/train/WIN_20261006_23_47_12_Pro_frame000333.jpg,2,fanta_can,table_left,draft_unreviewed
images/train/WIN_20261006_23_47_12_Pro_frame000333.jpg,3,green_apple,table_left,draft_unreviewed
images/train/WIN_20261006_23_47_12_Pro_frame000333.jpg,4,mug,table_left,draft_unreviewed
images/train/WIN_20261006_23_47_12_Pro_frame000333.jpg,5,peach,table_left,draft_unreviewed
images/train/WIN_20261006_23_47_12_Pro_frame000333.jpg,6,plate,table_left,draft_unreviewed
images/train/WIN_20261006_23_47_12_Pro_frame000334.jpg,0,apple,table_left,draft_unreviewed
images/train/WIN_20261006_23_47_12_Pro_frame000334.jpg,1,banana,table_left,draft_unreviewed
images/train/WIN_20261006_23_47_12_Pro_frame000334.jpg,2,fanta_can,table_left,draft_unreviewed
images/train/WIN_20261006_23_47_12_Pro_frame000334.jpg,3,green_apple,table_left,draft_unreviewed
images/train/WIN_20261006_23_47_12_Pro_frame000334.jpg,4,mug,table_left,draft_unreviewed
images/train/WIN_20261006_23_47_12_Pro_frame000334.jpg,5,peach,table_left,draft_unreviewed
images/train/WIN_20261006_23_47_12_Pro_frame000334.jpg,6,plate,table_left,draft_unreviewed
images/train/WIN_20261006_23_48_36_Pro_frame000000.jpg,1,banana,table_right,draft_unreviewed
images/train/WIN_20261006_23_48_36_Pro_frame000000.jpg,2,fanta_can,table_left,draft_unreviewed
images/train/WIN_20261006_23_48_36_Pro_frame000000.jpg,3,green_apple,table_right,draft_unreviewed
images/train/WIN_20261006_23_48_36_Pro_frame000000.jpg,4,mug,table_left,draft_unreviewed
images/train/WIN_20261006_23_48_36_Pro_frame000000.jpg,5,peach,table_right,draft_unreviewed
images/train/WIN_20261006_23_48_36_Pro_frame000001.jpg,1,banana,table_right,draft_unreviewed
images/train/WIN_20261006_23_48_36_Pro_frame000001.jpg,2,fanta_can,table_left,draft_unreviewed
images/train/WIN_20261006_23_48_36_Pro_frame000001.jpg,3,green_apple,table_right,draft_unreviewed
images/train/WIN_20261006_23_48_36_Pro_frame000001.jpg,4,mug,table_left,draft_unreviewed
images/train/WIN_20261006_23_48_36_Pro_frame000001.jpg,5,peach,table_right,draft_unreviewed
images/train/WIN_20261006_23_48_36_Pro_frame000002.jpg,1,banana,table_right,draft_unreviewed
images/train/WIN_20261006_23_48_36_Pro_frame000002.jpg,2,fanta_can,table_left,draft_unreviewed
images/train/WIN_20261006_23_48_36_Pro_frame000002.jpg,3,green_apple,table_right,draft_unreviewed
images/train/WIN_20261006_23_48_36_Pro_frame000002.jpg,4,mug,table_left,draft_unreviewed
images/train/WIN_20261006_23_48_36_Pro_frame000002.jpg,5,peach,table_right,draft_unreviewed
images/train/WIN_20261006_23_48_36_Pro_frame000003.jpg,1,banana,table_right,draft_unreviewed
images/train/WIN_20261006_23_48_36_Pro_frame000003.jpg,2,fanta_can,table_left,draft_unreviewed
images/train/WIN_20261006_23_48_36_Pro_frame000003.jpg,3,green_apple,table_right,draft_unreviewed
images/train/WIN_20261006_23_48_36_Pro_frame000003.jpg,4,mug,table_left,draft_unreviewed
images/train/WIN_20261006_23_48_36_Pro_frame000003.jpg,5,peach,table_right,draft_unreviewed
images/train/WIN_20261006_23_48_36_Pro_frame000004.jpg,1,banana,table_right,draft_unreviewed
images/train/WIN_20261006_23_48_36_Pro_frame000004.jpg,2,fanta_can,table_left,draft_unreviewed
images/train/WIN_20261006_23_48_36_Pro_frame000004.jpg,3,green_apple,table_right,draft_unreviewed
images/train/WIN_20261006_23_48_36_Pro_frame000004.jpg,4,mug,table_left,draft_unreviewed
images/train/WIN_20261006_23_48_36_Pro_frame000004.jpg,5,peach,table_right,draft_unreviewed
images/train/WIN_20261006_23_48_36_Pro_frame000005.jpg,1,banana,table_right,draft_unreviewed
images/train/WIN_20261006_23_48_36_Pro_frame000005.jpg,2,fanta_can,table_left,draft_unreviewed
images/train/WIN_20261006_23_48_36_Pro_frame000005.jpg,3,green_apple,table_right,draft_unreviewed
images/train/WIN_20261006_23_48_36_Pro_frame000005.jpg,4,mug,table_left,draft_unreviewed
images/train/WIN_20261006_23_48_36_Pro_frame000005.jpg,5,peach,table_right,draft_unreviewed
images/train/WIN_20261006_23_48_36_Pro_frame000006.jpg,1,banana,table_right,draft_unreviewed
images/train/WIN_20261006_23_48_36_Pro_frame000006.jpg,2,fanta_can,table_left,draft_unreviewed
images/train/WIN_20261006_23_48_36_Pro_frame000006.jpg,3,green_apple,table_right,draft_unreviewed
images/train/WIN_20261006_23_48_36_Pro_frame000006.jpg,4,mug,table_left,draft_unreviewed
images/train/WIN_20261006_23_48_36_Pro_frame000006.jpg,5,peach,table_right,draft_unreviewed
images/train/WIN_20261006_23_48_36_Pro_frame000007.jpg,1,banana,table_right,draft_unreviewed
images/train/WIN_20261006_23_48_36_Pro_frame000007.jpg,2,fanta_can,table_left,draft_unreviewed
images/train/WIN_20261006_23_48_36_Pro_frame000007.jpg,3,green_apple,table_right,draft_unreviewed
images/train/WIN_20261006_23_48_36_Pro_frame000007.jpg,4,mug,table_left,draft_unreviewed
images/train/WIN_20261006_23_48_36_Pro_frame000007.jpg,5,peach,table_right,draft_unreviewed
images/train/WIN_20261006_23_48_36_Pro_frame000008.jpg,1,banana,table_right,draft_unreviewed
images/train/WIN_20261006_23_48_36_Pro_frame000008.jpg,2,fanta_can,table_left,draft_unreviewed
images/train/WIN_20261006_23_48_36_Pro_frame000008.jpg,3,green_apple,table_right,draft_unreviewed
images/train/WIN_20261006_23_48_36_Pro_frame000008.jpg,4,mug,table_left,draft_unreviewed
images/train/WIN_20261006_23_48_36_Pro_frame000008.jpg,5,peach,table_right,draft_unreviewed
images/train/WIN_20261006_23_48_36_Pro_frame000009.jpg,1,banana,table_right,draft_unreviewed
images/train/WIN_20261006_23_48_36_Pro_frame000009.jpg,2,fanta_can,table_left,draft_unreviewed
images/train/WIN_20261006_23_48_36_Pro_frame000009.jpg,3,green_apple,table_right,draft_unreviewed
images/train/WIN_20261006_23_48_36_Pro_frame000009.jpg,4,mug,table_left,draft_unreviewed
images/train/WIN_20261006_23_48_36_Pro_frame000009.jpg,5,peach,table_right,draft_unreviewed
images/train/WIN_20261006_23_48_36_Pro_frame000010.jpg,1,banana,table_right,draft_unreviewed
images/train/WIN_20261006_23_48_36_Pro_frame000010.jpg,2,fanta_can,table_left,draft_unreviewed
images/train/WIN_20261006_23_48_36_Pro_frame000010.jpg,3,green_apple,table_right,draft_unreviewed
images/train/WIN_20261006_23_48_36_Pro_frame000010.jpg,4,mug,table_left,draft_unreviewed
images/train/WIN_20261006_23_48_36_Pro_frame000010.jpg,5,peach,table_right,draft_unreviewed
images/train/WIN_20261006_23_48_36_Pro_frame000011.jpg,1,banana,table_right,draft_unreviewed
images/train/WIN_20261006_23_48_36_Pro_frame000011.jpg,2,fanta_can,table_left,draft_unreviewed
images/train/WIN_20261006_23_48_36_Pro_frame000011.jpg,3,green_apple,table_right,draft_unreviewed
images/train/WIN_20261006_23_48_36_Pro_frame000011.jpg,4,mug,table_left,draft_unreviewed
images/train/WIN_20261006_23_48_36_Pro_frame000011.jpg,5,peach,table_right,draft_unreviewed
images/train/WIN_20261006_23_48_36_Pro_frame000012.jpg,1,banana,table_right,draft_unreviewed
images/train/WIN_20261006_23_48_36_Pro_frame000012.jpg,2,fanta_can,table_left,draft_unreviewed
images/train/WIN_20261006_23_48_36_Pro_frame000012.jpg,3,green_apple,table_right,draft_unreviewed
images/train/WIN_20261006_23_48_36_Pro_frame000012.jpg,4,mug,table_left,draft_unreviewed
images/train/WIN_20261006_23_48_36_Pro_frame000012.jpg,5,peach,table_right,draft_unreviewed
images/train/WIN_20261006_23_48_36_Pro_frame000013.jpg,1,banana,table_right,draft_unreviewed
images/train/WIN_20261006_23_48_36_Pro_frame000013.jpg,2,fanta_can,table_left,draft_unreviewed
images/train/WIN_20261006_23_48_36_Pro_frame000013.jpg,3,green_apple,table_right,draft_unreviewed
images/train/WIN_20261006_23_48_36_Pro_frame000013.jpg,4,mug,table_left,draft_unreviewed
images/train/WIN_20261006_23_48_36_Pro_frame000013.jpg,5,peach,table_right,draft_unreviewed
images/train/WIN_20261006_23_48_36_Pro_frame000014.jpg,1,banana,table_right,draft_unreviewed
images/train/WIN_20261006_23_48_36_Pro_frame000014.jpg,2,fanta_can,table_left,draft_unreviewed
images/train/WIN_20261006_23_48_36_Pro_frame000014.jpg,3,green_apple,table_right,draft_unreviewed
images/train/WIN_20261006_23_48_36_Pro_frame000014.jpg,4,mug,table_left,draft_unreviewed
images/train/WIN_20261006_23_48_36_Pro_frame000014.jpg,5,peach,table_right,draft_unreviewed
images/train/WIN_20261006_23_48_36_Pro_frame000015.jpg,1,banana,table_right,draft_unreviewed
images/train/WIN_20261006_23_48_36_Pro_frame000015.jpg,2,fanta_can,table_left,draft_unreviewed
images/train/WIN_20261006_23_48_36_Pro_frame000015.jpg,3,green_apple,table_right,draft_unreviewed
images/train/WIN_20261006_23_48_36_Pro_frame000015.jpg,4,mug,table_left,draft_unreviewed
images/train/WIN_20261006_23_48_36_Pro_frame000015.jpg,5,peach,table_right,draft_unreviewed
images/train/WIN_20261006_23_48_36_Pro_frame000016.jpg,1,banana,table_right,draft_unreviewed
images/train/WIN_20261006_23_48_36_Pro_frame000016.jpg,2,fanta_can,table_left,draft_unreviewed
images/train/WIN_20261006_23_48_36_Pro_frame000016.jpg,3,green_apple,table_right,draft_unreviewed
images/train/WIN_20261006_23_48_36_Pro_frame000016.jpg,4,mug,table_left,draft_unreviewed
images/train/WIN_20261006_23_48_36_Pro_frame000016.jpg,5,peach,table_right,draft_unreviewed
images/train/WIN_20261006_23_48_36_Pro_frame000017.jpg,1,banana,table_right,draft_unreviewed
images/train/WIN_20261006_23_48_36_Pro_frame000017.jpg,2,fanta_can,table_left,draft_unreviewed
images/train/WIN_20261006_23_48_36_Pro_frame000017.jpg,3,green_apple,table_right,draft_unreviewed
images/train/WIN_20261006_23_48_36_Pro_frame000017.jpg,4,mug,table_left,draft_unreviewed
images/train/WIN_20261006_23_48_36_Pro_frame000017.jpg,5,peach,table_right,draft_unreviewed
images/train/WIN_20261006_23_48_36_Pro_frame000018.jpg,1,banana,table_right,draft_unreviewed
images/train/WIN_20261006_23_48_36_Pro_frame000018.jpg,2,fanta_can,table_left,draft_unreviewed
images/train/WIN_20261006_23_48_36_Pro_frame000018.jpg,3,green_apple,table_right,draft_unreviewed
images/train/WIN_20261006_23_48_36_Pro_frame000018.jpg,4,mug,table_left,draft_unreviewed
images/train/WIN_20261006_23_48_36_Pro_frame000018.jpg,5,peach,table_right,draft_unreviewed
images/train/WIN_20261006_23_48_36_Pro_frame000019.jpg,1,banana,table_right,draft_unreviewed
images/train/WIN_20261006_23_48_36_Pro_frame000019.jpg,2,fanta_can,table_left,draft_unreviewed
images/train/WIN_20261006_23_48_36_Pro_frame000019.jpg,3,green_apple,table_right,draft_unreviewed
images/train/WIN_20261006_23_48_36_Pro_frame000019.jpg,4,mug,table_left,draft_unreviewed
images/train/WIN_20261006_23_48_36_Pro_frame000019.jpg,5,peach,table_right,draft_unreviewed
images/train/WIN_20261006_23_48_36_Pro_frame000020.jpg,1,banana,table_right,draft_unreviewed
images/train/WIN_20261006_23_48_36_Pro_frame000020.jpg,2,fanta_can,table_left,draft_unreviewed
images/train/WIN_20261006_23_48_36_Pro_frame000020.jpg,3,green_apple,table_right,draft_unreviewed
images/train/WIN_20261006_23_48_36_Pro_frame000020.jpg,4,mug,table_left,draft_unreviewed
images/train/WIN_20261006_23_48_36_Pro_frame000020.jpg,5,peach,table_right,draft_unreviewed
images/train/WIN_20261006_23_48_36_Pro_frame000021.jpg,1,banana,table_right,draft_unreviewed
images/train/WIN_20261006_23_48_36_Pro_frame000021.jpg,2,fanta_can,table_left,draft_unreviewed
images/train/WIN_20261006_23_48_36_Pro_frame000021.jpg,3,green_apple,table_right,draft_unreviewed
images/train/WIN_20261006_23_48_36_Pro_frame000021.jpg,4,mug,table_left,draft_unreviewed
images/train/WIN_20261006_23_48_36_Pro_frame000021.jpg,5,peach,table_right,draft_unreviewed
images/train/WIN_20261006_23_48_36_Pro_frame000022.jpg,1,banana,table_right,draft_unreviewed
images/train/WIN_20261006_23_48_36_Pro_frame000022.jpg,2,fanta_can,table_left,draft_unreviewed
images/train/WIN_20261006_23_48_36_Pro_frame000022.jpg,3,green_apple,table_right,draft_unreviewed
images/train/WIN_20261006_23_48_36_Pro_frame000022.jpg,4,mug,table_left,draft_unreviewed
images/train/WIN_20261006_23_48_36_Pro_frame000022.jpg,5,peach,table_right,draft_unreviewed
images/train/WIN_20261006_23_48_36_Pro_frame000023.jpg,1,banana,table_right,draft_unreviewed
images/train/WIN_20261006_23_48_36_Pro_frame000023.jpg,2,fanta_can,table_left,draft_unreviewed
images/train/WIN_20261006_23_48_36_Pro_frame000023.jpg,3,green_apple,table_right,draft_unreviewed
images/train/WIN_20261006_23_48_36_Pro_frame000023.jpg,4,mug,table_left,draft_unreviewed
images/train/WIN_20261006_23_48_36_Pro_frame000023.jpg,5,peach,table_right,draft_unreviewed
images/train/WIN_20261006_23_48_36_Pro_frame000024.jpg,1,banana,table_right,draft_unreviewed
images/train/WIN_20261006_23_48_36_Pro_frame000024.jpg,2,fanta_can,table_left,draft_unreviewed
images/train/WIN_20261006_23_48_36_Pro_frame000024.jpg,3,green_apple,table_right,draft_unreviewed
images/train/WIN_20261006_23_48_36_Pro_frame000024.jpg,4,mug,table_left,draft_unreviewed
images/train/WIN_20261006_23_48_36_Pro_frame000024.jpg,5,peach,table_right,draft_unreviewed
images/train/WIN_20261006_23_48_36_Pro_frame000025.jpg,1,banana,table_right,draft_unreviewed
images/train/WIN_20261006_23_48_36_Pro_frame000025.jpg,2,fanta_can,table_left,draft_unreviewed
images/train/WIN_20261006_23_48_36_Pro_frame000025.jpg,3,green_apple,table_right,draft_unreviewed
images/train/WIN_20261006_23_48_36_Pro_frame000025.jpg,4,mug,table_left,draft_unreviewed
images/train/WIN_20261006_23_48_36_Pro_frame000025.jpg,5,peach,table_right,draft_unreviewed
images/train/WIN_20261006_23_48_36_Pro_frame000026.jpg,1,banana,table_right,draft_unreviewed
images/train/WIN_20261006_23_48_36_Pro_frame000026.jpg,2,fanta_can,table_left,draft_unreviewed
images/train/WIN_20261006_23_48_36_Pro_frame000026.jpg,3,green_apple,table_right,draft_unreviewed
images/train/WIN_20261006_23_48_36_Pro_frame000026.jpg,4,mug,table_left,draft_unreviewed
images/train/WIN_20261006_23_48_36_Pro_frame000026.jpg,5,peach,table_right,draft_unreviewed
images/train/WIN_20261006_23_48_36_Pro_frame000027.jpg,1,banana,table_right,draft_unreviewed
images/train/WIN_20261006_23_48_36_Pro_frame000027.jpg,2,fanta_can,table_left,draft_unreviewed
images/train/WIN_20261006_23_48_36_Pro_frame000027.jpg,3,green_apple,table_right,draft_unreviewed
images/train/WIN_20261006_23_48_36_Pro_frame000027.jpg,4,mug,table_left,draft_unreviewed
images/train/WIN_20261006_23_48_36_Pro_frame000027.jpg,5,peach,table_right,draft_unreviewed
images/train/WIN_20261006_23_48_36_Pro_frame000028.jpg,1,banana,table_right,draft_unreviewed
images/train/WIN_20261006_23_48_36_Pro_frame000028.jpg,2,fanta_can,table_left,draft_unreviewed
images/train/WIN_20261006_23_48_36_Pro_frame000028.jpg,3,green_apple,table_right,draft_unreviewed
images/train/WIN_20261006_23_48_36_Pro_frame000028.jpg,4,mug,table_left,draft_unreviewed
images/train/WIN_20261006_23_48_36_Pro_frame000028.jpg,5,peach,table_right,draft_unreviewed
images/train/WIN_20261006_23_48_36_Pro_frame000029.jpg,1,banana,table_right,draft_unreviewed
images/train/WIN_20261006_23_48_36_Pro_frame000029.jpg,2,fanta_can,table_left,draft_unreviewed
images/train/WIN_20261006_23_48_36_Pro_frame000029.jpg,3,green_apple,table_right,draft_unreviewed
images/train/WIN_20261006_23_48_36_Pro_frame000029.jpg,4,mug,table_left,draft_unreviewed
images/train/WIN_20261006_23_48_36_Pro_frame000029.jpg,5,peach,table_right,draft_unreviewed
images/train/WIN_20261006_23_48_36_Pro_frame000030.jpg,1,banana,table_right,draft_unreviewed
images/train/WIN_20261006_23_48_36_Pro_frame000030.jpg,2,fanta_can,table_left,draft_unreviewed
images/train/WIN_20261006_23_48_36_Pro_frame000030.jpg,3,green_apple,table_right,draft_unreviewed
images/train/WIN_20261006_23_48_36_Pro_frame000030.jpg,4,mug,table_left,draft_unreviewed
images/train/WIN_20261006_23_48_36_Pro_frame000030.jpg,5,peach,table_right,draft_unreviewed
images/train/WIN_20261006_23_48_36_Pro_frame000031.jpg,1,banana,table_right,draft_unreviewed
images/train/WIN_20261006_23_48_36_Pro_frame000031.jpg,2,fanta_can,table_left,draft_unreviewed
images/train/WIN_20261006_23_48_36_Pro_frame000031.jpg,3,green_apple,table_right,draft_unreviewed
images/train/WIN_20261006_23_48_36_Pro_frame000031.jpg,4,mug,table_left,draft_unreviewed
images/train/WIN_20261006_23_48_36_Pro_frame000031.jpg,5,peach,table_right,draft_unreviewed
images/train/WIN_20261006_23_48_36_Pro_frame000032.jpg,1,banana,table_right,draft_unreviewed
images/train/WIN_20261006_23_48_36_Pro_frame000032.jpg,2,fanta_can,table_left,draft_unreviewed
images/train/WIN_20261006_23_48_36_Pro_frame000032.jpg,3,green_apple,table_right,draft_unreviewed
images/train/WIN_20261006_23_48_36_Pro_frame000032.jpg,4,mug,table_left,draft_unreviewed
images/train/WIN_20261006_23_48_36_Pro_frame000032.jpg,5,peach,table_right,draft_unreviewed
images/train/WIN_20261006_23_48_36_Pro_frame000033.jpg,1,banana,table_right,draft_unreviewed
images/train/WIN_20261006_23_48_36_Pro_frame000033.jpg,2,fanta_can,table_left,draft_unreviewed
images/train/WIN_20261006_23_48_36_Pro_frame000033.jpg,3,green_apple,table_right,draft_unreviewed
images/train/WIN_20261006_23_48_36_Pro_frame000033.jpg,4,mug,table_left,draft_unreviewed
images/train/WIN_20261006_23_48_36_Pro_frame000033.jpg,5,peach,table_right,draft_unreviewed
images/train/WIN_20261006_23_48_36_Pro_frame000034.jpg,1,banana,table_right,draft_unreviewed
images/train/WIN_20261006_23_48_36_Pro_frame000034.jpg,2,fanta_can,table_left,draft_unreviewed
images/train/WIN_20261006_23_48_36_Pro_frame000034.jpg,3,green_apple,table_right,draft_unreviewed
images/train/WIN_20261006_23_48_36_Pro_frame000034.jpg,4,mug,table_left,draft_unreviewed
images/train/WIN_20261006_23_48_36_Pro_frame000034.jpg,5,peach,table_right,draft_unreviewed
images/train/WIN_20261006_23_48_36_Pro_frame000035.jpg,1,banana,table_right,draft_unreviewed
images/train/WIN_20261006_23_48_36_Pro_frame000035.jpg,2,fanta_can,table_left,draft_unreviewed
images/train/WIN_20261006_23_48_36_Pro_frame000035.jpg,3,green_apple,table_right,draft_unreviewed
images/train/WIN_20261006_23_48_36_Pro_frame000035.jpg,4,mug,table_left,draft_unreviewed
images/train/WIN_20261006_23_48_36_Pro_frame000035.jpg,5,peach,table_right,draft_unreviewed
images/train/WIN_20261006_23_48_36_Pro_frame000036.jpg,1,banana,table_right,draft_unreviewed
images/train/WIN_20261006_23_48_36_Pro_frame000036.jpg,2,fanta_can,table_left,draft_unreviewed
images/train/WIN_20261006_23_48_36_Pro_frame000036.jpg,3,green_apple,table_right,draft_unreviewed
images/train/WIN_20261006_23_48_36_Pro_frame000036.jpg,4,mug,table_left,draft_unreviewed
images/train/WIN_20261006_23_48_36_Pro_frame000036.jpg,5,peach,table_right,draft_unreviewed
images/train/WIN_20261006_23_48_36_Pro_frame000037.jpg,1,banana,table_right,draft_unreviewed
images/train/WIN_20261006_23_48_36_Pro_frame000037.jpg,2,fanta_can,table_left,draft_unreviewed
images/train/WIN_20261006_23_48_36_Pro_frame000037.jpg,3,green_apple,table_right,draft_unreviewed
images/train/WIN_20261006_23_48_36_Pro_frame000037.jpg,4,mug,table_left,draft_unreviewed
images/train/WIN_20261006_23_48_36_Pro_frame000037.jpg,5,peach,table_right,draft_unreviewed
images/train/WIN_20261006_23_48_36_Pro_frame000038.jpg,1,banana,table_right,draft_unreviewed
images/train/WIN_20261006_23_48_36_Pro_frame000038.jpg,2,fanta_can,table_left,draft_unreviewed
images/train/WIN_20261006_23_48_36_Pro_frame000038.jpg,3,green_apple,table_right,draft_unreviewed
images/train/WIN_20261006_23_48_36_Pro_frame000038.jpg,4,mug,table_left,draft_unreviewed
images/train/WIN_20261006_23_48_36_Pro_frame000038.jpg,5,peach,table_right,draft_unreviewed
images/train/WIN_20261006_23_48_36_Pro_frame000039.jpg,1,banana,table_right,draft_unreviewed
images/train/WIN_20261006_23_48_36_Pro_frame000039.jpg,2,fanta_can,table_left,draft_unreviewed
images/train/WIN_20261006_23_48_36_Pro_frame000039.jpg,3,green_apple,table_right,draft_unreviewed
images/train/WIN_20261006_23_48_36_Pro_frame000039.jpg,4,mug,table_left,draft_unreviewed
images/train/WIN_20261006_23_48_36_Pro_frame000039.jpg,5,peach,table_right,draft_unreviewed
images/train/WIN_20261006_23_48_36_Pro_frame000040.jpg,1,banana,table_right,draft_unreviewed
images/train/WIN_20261006_23_48_36_Pro_frame000040.jpg,2,fanta_can,table_left,draft_unreviewed
images/train/WIN_20261006_23_48_36_Pro_frame000040.jpg,3,green_apple,table_right,draft_unreviewed
images/train/WIN_20261006_23_48_36_Pro_frame000040.jpg,4,mug,table_left,draft_unreviewed
images/train/WIN_20261006_23_48_36_Pro_frame000040.jpg,5,peach,table_right,draft_unreviewed
images/train/WIN_20261006_23_48_36_Pro_frame000041.jpg,1,banana,table_right,draft_unreviewed
images/train/WIN_20261006_23_48_36_Pro_frame000041.jpg,2,fanta_can,table_left,draft_unreviewed
images/train/WIN_20261006_23_48_36_Pro_frame000041.jpg,3,green_apple,table_right,draft_unreviewed
images/train/WIN_20261006_23_48_36_Pro_frame000041.jpg,4,mug,table_left,draft_unreviewed
images/train/WIN_20261006_23_48_36_Pro_frame000041.jpg,5,peach,table_right,draft_unreviewed
images/train/WIN_20261006_23_48_36_Pro_frame000042.jpg,1,banana,table_right,draft_unreviewed
images/train/WIN_20261006_23_48_36_Pro_frame000042.jpg,2,fanta_can,table_left,draft_unreviewed
images/train/WIN_20261006_23_48_36_Pro_frame000042.jpg,3,green_apple,table_right,draft_unreviewed
images/train/WIN_20261006_23_48_36_Pro_frame000042.jpg,4,mug,table_left,draft_unreviewed
images/train/WIN_20261006_23_48_36_Pro_frame000042.jpg,5,peach,table_right,draft_unreviewed
images/train/WIN_20261006_23_48_36_Pro_frame000043.jpg,1,banana,table_right,draft_unreviewed
images/train/WIN_20261006_23_48_36_Pro_frame000043.jpg,2,fanta_can,table_left,draft_unreviewed
images/train/WIN_20261006_23_48_36_Pro_frame000043.jpg,3,green_apple,table_right,draft_unreviewed
images/train/WIN_20261006_23_48_36_Pro_frame000043.jpg,4,mug,table_left,draft_unreviewed
images/train/WIN_20261006_23_48_36_Pro_frame000043.jpg,5,peach,table_right,draft_unreviewed
images/train/WIN_20261006_23_48_36_Pro_frame000044.jpg,1,banana,table_right,draft_unreviewed
images/train/WIN_20261006_23_48_36_Pro_frame000044.jpg,2,fanta_can,table_left,draft_unreviewed
images/train/WIN_20261006_23_48_36_Pro_frame000044.jpg,3,green_apple,table_right,draft_unreviewed
images/train/WIN_20261006_23_48_36_Pro_frame000044.jpg,4,mug,table_left,draft_unreviewed
images/train/WIN_20261006_23_48_36_Pro_frame000044.jpg,5,peach,table_right,draft_unreviewed
images/train/WIN_20261006_23_48_36_Pro_frame000045.jpg,1,banana,table_right,draft_unreviewed
images/train/WIN_20261006_23_48_36_Pro_frame000045.jpg,2,fanta_can,table_left,draft_unreviewed
images/train/WIN_20261006_23_48_36_Pro_frame000045.jpg,3,green_apple,table_right,draft_unreviewed
images/train/WIN_20261006_23_48_36_Pro_frame000045.jpg,4,mug,table_left,draft_unreviewed
images/train/WIN_20261006_23_48_36_Pro_frame000045.jpg,5,peach,table_right,draft_unreviewed
images/train/WIN_20261006_23_48_36_Pro_frame000046.jpg,1,banana,table_right,draft_unreviewed
images/train/WIN_20261006_23_48_36_Pro_frame000046.jpg,2,fanta_can,table_left,draft_unreviewed
images/train/WIN_20261006_23_48_36_Pro_frame000046.jpg,3,green_apple,table_right,draft_unreviewed
images/train/WIN_20261006_23_48_36_Pro_frame000046.jpg,4,mug,table_left,draft_unreviewed
images/train/WIN_20261006_23_48_36_Pro_frame000046.jpg,5,peach,table_right,draft_unreviewed
images/train/WIN_20261006_23_48_36_Pro_frame000047.jpg,1,banana,table_right,draft_unreviewed
images/train/WIN_20261006_23_48_36_Pro_frame000047.jpg,2,fanta_can,table_left,draft_unreviewed
images/train/WIN_20261006_23_48_36_Pro_frame000047.jpg,3,green_apple,table_right,draft_unreviewed
images/train/WIN_20261006_23_48_36_Pro_frame000047.jpg,4,mug,table_left,draft_unreviewed
images/train/WIN_20261006_23_48_36_Pro_frame000047.jpg,5,peach,table_right,draft_unreviewed
images/train/WIN_20261006_23_48_36_Pro_frame000048.jpg,1,banana,table_right,draft_unreviewed
images/train/WIN_20261006_23_48_36_Pro_frame000048.jpg,2,fanta_can,table_left,draft_unreviewed
images/train/WIN_20261006_23_48_36_Pro_frame000048.jpg,3,green_apple,table_right,draft_unreviewed
images/train/WIN_20261006_23_48_36_Pro_frame000048.jpg,4,mug,table_left,draft_unreviewed
images/train/WIN_20261006_23_48_36_Pro_frame000048.jpg,5,peach,table_right,draft_unreviewed
images/train/WIN_20261006_23_48_36_Pro_frame000049.jpg,1,banana,table_right,draft_unreviewed
images/train/WIN_20261006_23_48_36_Pro_frame000049.jpg,2,fanta_can,table_left,draft_unreviewed
images/train/WIN_20261006_23_48_36_Pro_frame000049.jpg,3,green_apple,table_right,draft_unreviewed
images/train/WIN_20261006_23_48_36_Pro_frame000049.jpg,4,mug,table_left,draft_unreviewed
images/train/WIN_20261006_23_48_36_Pro_frame000049.jpg,5,peach,table_right,draft_unreviewed
images/train/WIN_20261006_23_48_36_Pro_frame000050.jpg,1,banana,table_right,draft_unreviewed
images/train/WIN_20261006_23_48_36_Pro_frame000050.jpg,2,fanta_can,table_left,draft_unreviewed
images/train/WIN_20261006_23_48_36_Pro_frame000050.jpg,3,green_apple,table_right,draft_unreviewed
images/train/WIN_20261006_23_48_36_Pro_frame000050.jpg,4,mug,table_left,draft_unreviewed
images/train/WIN_20261006_23_48_36_Pro_frame000050.jpg,5,peach,table_right,draft_unreviewed
images/train/WIN_20261006_23_48_36_Pro_frame000051.jpg,1,banana,table_right,draft_unreviewed
images/train/WIN_20261006_23_48_36_Pro_frame000051.jpg,2,fanta_can,table_left,draft_unreviewed
images/train/WIN_20261006_23_48_36_Pro_frame000051.jpg,3,green_apple,table_right,draft_unreviewed
images/train/WIN_20261006_23_48_36_Pro_frame000051.jpg,4,mug,table_left,draft_unreviewed
images/train/WIN_20261006_23_48_36_Pro_frame000051.jpg,5,peach,table_right,draft_unreviewed
images/train/WIN_20261006_23_48_36_Pro_frame000052.jpg,1,banana,table_right,draft_unreviewed
images/train/WIN_20261006_23_48_36_Pro_frame000052.jpg,2,fanta_can,table_left,draft_unreviewed
images/train/WIN_20261006_23_48_36_Pro_frame000052.jpg,3,green_apple,table_right,draft_unreviewed
images/train/WIN_20261006_23_48_36_Pro_frame000052.jpg,4,mug,table_left,draft_unreviewed
images/train/WIN_20261006_23_48_36_Pro_frame000052.jpg,5,peach,table_right,draft_unreviewed
images/train/WIN_20261006_23_48_36_Pro_frame000053.jpg,1,banana,table_right,draft_unreviewed
images/train/WIN_20261006_23_48_36_Pro_frame000053.jpg,2,fanta_can,table_left,draft_unreviewed
images/train/WIN_20261006_23_48_36_Pro_frame000053.jpg,3,green_apple,table_right,draft_unreviewed
images/train/WIN_20261006_23_48_36_Pro_frame000053.jpg,4,mug,table_left,draft_unreviewed
images/train/WIN_20261006_23_48_36_Pro_frame000053.jpg,5,peach,table_right,draft_unreviewed
images/train/WIN_20261006_23_48_36_Pro_frame000054.jpg,1,banana,table_right,draft_unreviewed
images/train/WIN_20261006_23_48_36_Pro_frame000054.jpg,2,fanta_can,table_left,draft_unreviewed
images/train/WIN_20261006_23_48_36_Pro_frame000054.jpg,3,green_apple,table_right,draft_unreviewed
images/train/WIN_20261006_23_48_36_Pro_frame000054.jpg,4,mug,table_left,draft_unreviewed
images/train/WIN_20261006_23_48_36_Pro_frame000054.jpg,5,peach,table_right,draft_unreviewed
images/train/WIN_20261006_23_48_36_Pro_frame000055.jpg,1,banana,table_right,draft_unreviewed
images/train/WIN_20261006_23_48_36_Pro_frame000055.jpg,2,fanta_can,table_left,draft_unreviewed
images/train/WIN_20261006_23_48_36_Pro_frame000055.jpg,3,green_apple,table_right,draft_unreviewed
images/train/WIN_20261006_23_48_36_Pro_frame000055.jpg,4,mug,table_left,draft_unreviewed
images/train/WIN_20261006_23_48_36_Pro_frame000055.jpg,5,peach,table_right,draft_unreviewed
images/train/WIN_20261006_23_48_36_Pro_frame000056.jpg,1,banana,table_right,draft_unreviewed
images/train/WIN_20261006_23_48_36_Pro_frame000056.jpg,2,fanta_can,table_left,draft_unreviewed
images/train/WIN_20261006_23_48_36_Pro_frame000056.jpg,3,green_apple,table_right,draft_unreviewed
images/train/WIN_20261006_23_48_36_Pro_frame000056.jpg,4,mug,table_left,draft_unreviewed
images/train/WIN_20261006_23_48_36_Pro_frame000056.jpg,5,peach,table_right,draft_unreviewed
images/train/WIN_20261006_23_48_36_Pro_frame000057.jpg,1,banana,table_right,draft_unreviewed
images/train/WIN_20261006_23_48_36_Pro_frame000057.jpg,2,fanta_can,table_left,draft_unreviewed
images/train/WIN_20261006_23_48_36_Pro_frame000057.jpg,3,green_apple,table_right,draft_unreviewed
images/train/WIN_20261006_23_48_36_Pro_frame000057.jpg,4,mug,table_left,draft_unreviewed
images/train/WIN_20261006_23_48_36_Pro_frame000057.jpg,5,peach,table_right,draft_unreviewed
images/train/WIN_20261006_23_48_36_Pro_frame000058.jpg,1,banana,table_right,draft_unreviewed
images/train/WIN_20261006_23_48_36_Pro_frame000058.jpg,2,fanta_can,table_left,draft_unreviewed
images/train/WIN_20261006_23_48_36_Pro_frame000058.jpg,3,green_apple,table_right,draft_unreviewed
images/train/WIN_20261006_23_48_36_Pro_frame000058.jpg,4,mug,table_left,draft_unreviewed
images/train/WIN_20261006_23_48_36_Pro_frame000058.jpg,5,peach,table_right,draft_unreviewed
images/train/WIN_20261006_23_48_36_Pro_frame000059.jpg,1,banana,table_right,draft_unreviewed
images/train/WIN_20261006_23_48_36_Pro_frame000059.jpg,2,fanta_can,table_left,draft_unreviewed
images/train/WIN_20261006_23_48_36_Pro_frame000059.jpg,3,green_apple,table_right,draft_unreviewed
images/train/WIN_20261006_23_48_36_Pro_frame000059.jpg,4,mug,table_left,draft_unreviewed
images/train/WIN_20261006_23_48_36_Pro_frame000059.jpg,5,peach,table_right,draft_unreviewed
images/train/WIN_20261006_23_48_36_Pro_frame000060.jpg,1,banana,table_right,draft_unreviewed
images/train/WIN_20261006_23_48_36_Pro_frame000060.jpg,2,fanta_can,table_left,draft_unreviewed
images/train/WIN_20261006_23_48_36_Pro_frame000060.jpg,3,green_apple,table_right,draft_unreviewed
images/train/WIN_20261006_23_48_36_Pro_frame000060.jpg,4,mug,table_left,draft_unreviewed
images/train/WIN_20261006_23_48_36_Pro_frame000060.jpg,5,peach,table_right,draft_unreviewed
images/train/WIN_20261006_23_48_36_Pro_frame000061.jpg,1,banana,table_right,draft_unreviewed
images/train/WIN_20261006_23_48_36_Pro_frame000061.jpg,2,fanta_can,table_left,draft_unreviewed
images/train/WIN_20261006_23_48_36_Pro_frame000061.jpg,3,green_apple,table_right,draft_unreviewed
images/train/WIN_20261006_23_48_36_Pro_frame000061.jpg,4,mug,table_left,draft_unreviewed
images/train/WIN_20261006_23_48_36_Pro_frame000061.jpg,5,peach,table_right,draft_unreviewed
images/train/WIN_20261006_23_48_36_Pro_frame000062.jpg,1,banana,table_right,draft_unreviewed
images/train/WIN_20261006_23_48_36_Pro_frame000062.jpg,2,fanta_can,table_left,draft_unreviewed
images/train/WIN_20261006_23_48_36_Pro_frame000062.jpg,3,green_apple,table_right,draft_unreviewed
images/train/WIN_20261006_23_48_36_Pro_frame000062.jpg,4,mug,table_left,draft_unreviewed
images/train/WIN_20261006_23_48_36_Pro_frame000062.jpg,5,peach,table_right,draft_unreviewed
images/train/WIN_20261006_23_48_36_Pro_frame000063.jpg,1,banana,table_right,draft_unreviewed
images/train/WIN_20261006_23_48_36_Pro_frame000063.jpg,2,fanta_can,table_left,draft_unreviewed
images/train/WIN_20261006_23_48_36_Pro_frame000063.jpg,3,green_apple,table_right,draft_unreviewed
images/train/WIN_20261006_23_48_36_Pro_frame000063.jpg,4,mug,table_left,draft_unreviewed
images/train/WIN_20261006_23_48_36_Pro_frame000063.jpg,5,peach,table_right,draft_unreviewed
images/train/WIN_20261006_23_48_36_Pro_frame000064.jpg,1,banana,table_right,draft_unreviewed
images/train/WIN_20261006_23_48_36_Pro_frame000064.jpg,2,fanta_can,table_left,draft_unreviewed
images/train/WIN_20261006_23_48_36_Pro_frame000064.jpg,3,green_apple,table_right,draft_unreviewed
images/train/WIN_20261006_23_48_36_Pro_frame000064.jpg,4,mug,table_left,draft_unreviewed
images/train/WIN_20261006_23_48_36_Pro_frame000064.jpg,5,peach,table_right,draft_unreviewed
images/train/WIN_20261006_23_48_36_Pro_frame000065.jpg,1,banana,table_right,draft_unreviewed
images/train/WIN_20261006_23_48_36_Pro_frame000065.jpg,2,fanta_can,table_left,draft_unreviewed
images/train/WIN_20261006_23_48_36_Pro_frame000065.jpg,3,green_apple,table_right,draft_unreviewed
images/train/WIN_20261006_23_48_36_Pro_frame000065.jpg,4,mug,table_left,draft_unreviewed
images/train/WIN_20261006_23_48_36_Pro_frame000065.jpg,5,peach,table_right,draft_unreviewed
images/train/WIN_20261006_23_48_36_Pro_frame000066.jpg,1,banana,table_right,draft_unreviewed
images/train/WIN_20261006_23_48_36_Pro_frame000066.jpg,2,fanta_can,table_left,draft_unreviewed
images/train/WIN_20261006_23_48_36_Pro_frame000066.jpg,3,green_apple,table_right,draft_unreviewed
images/train/WIN_20261006_23_48_36_Pro_frame000066.jpg,4,mug,table_left,draft_unreviewed
images/train/WIN_20261006_23_48_36_Pro_frame000066.jpg,5,peach,table_right,draft_unreviewed
images/train/WIN_20261006_23_48_36_Pro_frame000067.jpg,1,banana,table_right,draft_unreviewed
images/train/WIN_20261006_23_48_36_Pro_frame000067.jpg,2,fanta_can,table_left,draft_unreviewed
images/train/WIN_20261006_23_48_36_Pro_frame000067.jpg,3,green_apple,table_right,draft_unreviewed
images/train/WIN_20261006_23_48_36_Pro_frame000067.jpg,4,mug,table_left,draft_unreviewed
images/train/WIN_20261006_23_48_36_Pro_frame000067.jpg,5,peach,table_right,draft_unreviewed
images/train/WIN_20261006_23_48_36_Pro_frame000068.jpg,1,banana,table_right,draft_unreviewed
images/train/WIN_20261006_23_48_36_Pro_frame000068.jpg,2,fanta_can,table_left,draft_unreviewed
images/train/WIN_20261006_23_48_36_Pro_frame000068.jpg,3,green_apple,table_right,draft_unreviewed
images/train/WIN_20261006_23_48_36_Pro_frame000068.jpg,4,mug,table_left,draft_unreviewed
images/train/WIN_20261006_23_48_36_Pro_frame000068.jpg,5,peach,table_right,draft_unreviewed
images/train/WIN_20261006_23_48_36_Pro_frame000069.jpg,1,banana,table_right,draft_unreviewed
images/train/WIN_20261006_23_48_36_Pro_frame000069.jpg,2,fanta_can,table_left,draft_unreviewed
images/train/WIN_20261006_23_48_36_Pro_frame000069.jpg,3,green_apple,table_right,draft_unreviewed
images/train/WIN_20261006_23_48_36_Pro_frame000069.jpg,4,mug,table_left,draft_unreviewed
images/train/WIN_20261006_23_48_36_Pro_frame000069.jpg,5,peach,table_right,draft_unreviewed
images/train/WIN_20261006_23_48_36_Pro_frame000070.jpg,1,banana,table_right,draft_unreviewed
images/train/WIN_20261006_23_48_36_Pro_frame000070.jpg,2,fanta_can,table_left,draft_unreviewed
images/train/WIN_20261006_23_48_36_Pro_frame000070.jpg,3,green_apple,table_right,draft_unreviewed
images/train/WIN_20261006_23_48_36_Pro_frame000070.jpg,4,mug,table_left,draft_unreviewed
images/train/WIN_20261006_23_48_36_Pro_frame000070.jpg,5,peach,table_right,draft_unreviewed
images/train/WIN_20261006_23_48_36_Pro_frame000071.jpg,1,banana,table_right,draft_unreviewed
images/train/WIN_20261006_23_48_36_Pro_frame000071.jpg,2,fanta_can,table_left,draft_unreviewed
images/train/WIN_20261006_23_48_36_Pro_frame000071.jpg,3,green_apple,table_right,draft_unreviewed
images/train/WIN_20261006_23_48_36_Pro_frame000071.jpg,4,mug,table_left,draft_unreviewed
images/train/WIN_20261006_23_48_36_Pro_frame000071.jpg,5,peach,table_right,draft_unreviewed
images/train/WIN_20261006_23_48_36_Pro_frame000072.jpg,1,banana,table_right,draft_unreviewed
images/train/WIN_20261006_23_48_36_Pro_frame000072.jpg,2,fanta_can,table_left,draft_unreviewed
images/train/WIN_20261006_23_48_36_Pro_frame000072.jpg,3,green_apple,table_right,draft_unreviewed
images/train/WIN_20261006_23_48_36_Pro_frame000072.jpg,4,mug,table_left,draft_unreviewed
images/train/WIN_20261006_23_48_36_Pro_frame000072.jpg,5,peach,table_right,draft_unreviewed
images/train/WIN_20261006_23_48_36_Pro_frame000073.jpg,1,banana,table_right,draft_unreviewed
images/train/WIN_20261006_23_48_36_Pro_frame000073.jpg,2,fanta_can,table_left,draft_unreviewed
images/train/WIN_20261006_23_48_36_Pro_frame000073.jpg,3,green_apple,table_right,draft_unreviewed
images/train/WIN_20261006_23_48_36_Pro_frame000073.jpg,4,mug,table_left,draft_unreviewed
images/train/WIN_20261006_23_48_36_Pro_frame000073.jpg,5,peach,table_right,draft_unreviewed
images/train/WIN_20261006_23_48_36_Pro_frame000074.jpg,1,banana,table_right,draft_unreviewed
images/train/WIN_20261006_23_48_36_Pro_frame000074.jpg,2,fanta_can,table_left,draft_unreviewed
images/train/WIN_20261006_23_48_36_Pro_frame000074.jpg,3,green_apple,table_right,draft_unreviewed
images/train/WIN_20261006_23_48_36_Pro_frame000074.jpg,4,mug,table_left,draft_unreviewed
images/train/WIN_20261006_23_48_36_Pro_frame000074.jpg,5,peach,table_right,draft_unreviewed
images/train/WIN_20261006_23_48_36_Pro_frame000075.jpg,1,banana,table_right,draft_unreviewed
images/train/WIN_20261006_23_48_36_Pro_frame000075.jpg,2,fanta_can,table_left,draft_unreviewed
images/train/WIN_20261006_23_48_36_Pro_frame000075.jpg,3,green_apple,table_right,draft_unreviewed
images/train/WIN_20261006_23_48_36_Pro_frame000075.jpg,4,mug,table_left,draft_unreviewed
images/train/WIN_20261006_23_48_36_Pro_frame000075.jpg,5,peach,table_right,draft_unreviewed
images/train/WIN_20261006_23_48_36_Pro_frame000076.jpg,1,banana,table_right,draft_unreviewed
images/train/WIN_20261006_23_48_36_Pro_frame000076.jpg,2,fanta_can,table_left,draft_unreviewed
images/train/WIN_20261006_23_48_36_Pro_frame000076.jpg,3,green_apple,table_right,draft_unreviewed
images/train/WIN_20261006_23_48_36_Pro_frame000076.jpg,4,mug,table_left,draft_unreviewed
images/train/WIN_20261006_23_48_36_Pro_frame000076.jpg,5,peach,table_right,draft_unreviewed
images/train/WIN_20261006_23_48_36_Pro_frame000077.jpg,1,banana,table_right,draft_unreviewed
images/train/WIN_20261006_23_48_36_Pro_frame000077.jpg,2,fanta_can,table_left,draft_unreviewed
images/train/WIN_20261006_23_48_36_Pro_frame000077.jpg,3,green_apple,table_right,draft_unreviewed
images/train/WIN_20261006_23_48_36_Pro_frame000077.jpg,4,mug,table_left,draft_unreviewed
images/train/WIN_20261006_23_48_36_Pro_frame000077.jpg,5,peach,table_right,draft_unreviewed
images/train/WIN_20261006_23_48_36_Pro_frame000078.jpg,1,banana,table_right,draft_unreviewed
images/train/WIN_20261006_23_48_36_Pro_frame000078.jpg,2,fanta_can,table_left,draft_unreviewed
images/train/WIN_20261006_23_48_36_Pro_frame000078.jpg,3,green_apple,table_right,draft_unreviewed
images/train/WIN_20261006_23_48_36_Pro_frame000078.jpg,4,mug,table_left,draft_unreviewed
images/train/WIN_20261006_23_48_36_Pro_frame000078.jpg,5,peach,table_right,draft_unreviewed
images/train/WIN_20261006_23_48_36_Pro_frame000078.jpg,6,plate,table_left,draft_unreviewed
images/train/WIN_20261006_23_48_36_Pro_frame000079.jpg,1,banana,table_right,draft_unreviewed
images/train/WIN_20261006_23_48_36_Pro_frame000079.jpg,2,fanta_can,table_left,draft_unreviewed
images/train/WIN_20261006_23_48_36_Pro_frame000079.jpg,3,green_apple,table_right,draft_unreviewed
images/train/WIN_20261006_23_48_36_Pro_frame000079.jpg,4,mug,table_left,draft_unreviewed
images/train/WIN_20261006_23_48_36_Pro_frame000079.jpg,5,peach,table_right,draft_unreviewed
images/train/WIN_20261006_23_48_36_Pro_frame000079.jpg,6,plate,table_left,draft_unreviewed
images/train/WIN_20261006_23_48_36_Pro_frame000080.jpg,1,banana,table_right,draft_unreviewed
images/train/WIN_20261006_23_48_36_Pro_frame000080.jpg,2,fanta_can,table_left,draft_unreviewed
images/train/WIN_20261006_23_48_36_Pro_frame000080.jpg,3,green_apple,table_right,draft_unreviewed
images/train/WIN_20261006_23_48_36_Pro_frame000080.jpg,4,mug,table_left,draft_unreviewed
images/train/WIN_20261006_23_48_36_Pro_frame000080.jpg,5,peach,table_right,draft_unreviewed
images/train/WIN_20261006_23_48_36_Pro_frame000080.jpg,6,plate,table_left,draft_unreviewed
images/train/WIN_20261006_23_48_36_Pro_frame000081.jpg,1,banana,table_right,draft_unreviewed
images/train/WIN_20261006_23_48_36_Pro_frame000081.jpg,2,fanta_can,table_left,draft_unreviewed
images/train/WIN_20261006_23_48_36_Pro_frame000081.jpg,3,green_apple,table_right,draft_unreviewed
images/train/WIN_20261006_23_48_36_Pro_frame000081.jpg,4,mug,table_left,draft_unreviewed
images/train/WIN_20261006_23_48_36_Pro_frame000081.jpg,5,peach,table_right,draft_unreviewed
images/train/WIN_20261006_23_48_36_Pro_frame000081.jpg,6,plate,table_left,draft_unreviewed
images/train/WIN_20261006_23_48_36_Pro_frame000082.jpg,1,banana,table_right,draft_unreviewed
images/train/WIN_20261006_23_48_36_Pro_frame000082.jpg,2,fanta_can,table_left,draft_unreviewed
images/train/WIN_20261006_23_48_36_Pro_frame000082.jpg,3,green_apple,table_right,draft_unreviewed
images/train/WIN_20261006_23_48_36_Pro_frame000082.jpg,4,mug,table_left,draft_unreviewed
images/train/WIN_20261006_23_48_36_Pro_frame000082.jpg,5,peach,table_right,draft_unreviewed
images/train/WIN_20261006_23_48_36_Pro_frame000082.jpg,6,plate,table_left,draft_unreviewed
images/train/WIN_20261006_23_48_36_Pro_frame000083.jpg,1,banana,table_right,draft_unreviewed
images/train/WIN_20261006_23_48_36_Pro_frame000083.jpg,2,fanta_can,table_left,draft_unreviewed
images/train/WIN_20261006_23_48_36_Pro_frame000083.jpg,3,green_apple,table_right,draft_unreviewed
images/train/WIN_20261006_23_48_36_Pro_frame000083.jpg,4,mug,table_left,draft_unreviewed
images/train/WIN_20261006_23_48_36_Pro_frame000083.jpg,5,peach,table_right,draft_unreviewed
images/train/WIN_20261006_23_48_36_Pro_frame000083.jpg,6,plate,table_left,draft_unreviewed
images/train/WIN_20261006_23_48_36_Pro_frame000084.jpg,1,banana,table_right,draft_unreviewed
images/train/WIN_20261006_23_48_36_Pro_frame000084.jpg,2,fanta_can,table_left,draft_unreviewed
images/train/WIN_20261006_23_48_36_Pro_frame000084.jpg,3,green_apple,table_right,draft_unreviewed
images/train/WIN_20261006_23_48_36_Pro_frame000084.jpg,4,mug,table_left,draft_unreviewed
images/train/WIN_20261006_23_48_36_Pro_frame000084.jpg,5,peach,table_right,draft_unreviewed
images/train/WIN_20261006_23_48_36_Pro_frame000084.jpg,6,plate,table_left,draft_unreviewed
images/train/WIN_20261006_23_48_36_Pro_frame000085.jpg,1,banana,table_right,draft_unreviewed
images/train/WIN_20261006_23_48_36_Pro_frame000085.jpg,2,fanta_can,table_left,draft_unreviewed
images/train/WIN_20261006_23_48_36_Pro_frame000085.jpg,3,green_apple,table_right,draft_unreviewed
images/train/WIN_20261006_23_48_36_Pro_frame000085.jpg,4,mug,table_left,draft_unreviewed
images/train/WIN_20261006_23_48_36_Pro_frame000085.jpg,5,peach,table_right,draft_unreviewed
images/train/WIN_20261006_23_48_36_Pro_frame000085.jpg,6,plate,table_left,draft_unreviewed
images/train/WIN_20261006_23_48_36_Pro_frame000086.jpg,1,banana,table_right,draft_unreviewed
images/train/WIN_20261006_23_48_36_Pro_frame000086.jpg,2,fanta_can,table_left,draft_unreviewed
images/train/WIN_20261006_23_48_36_Pro_frame000086.jpg,3,green_apple,table_right,draft_unreviewed
images/train/WIN_20261006_23_48_36_Pro_frame000086.jpg,4,mug,table_left,draft_unreviewed
images/train/WIN_20261006_23_48_36_Pro_frame000086.jpg,5,peach,table_right,draft_unreviewed
images/train/WIN_20261006_23_48_36_Pro_frame000086.jpg,6,plate,table_left,draft_unreviewed
images/train/WIN_20261006_23_48_36_Pro_frame000087.jpg,1,banana,table_right,draft_unreviewed
images/train/WIN_20261006_23_48_36_Pro_frame000087.jpg,2,fanta_can,table_left,draft_unreviewed
images/train/WIN_20261006_23_48_36_Pro_frame000087.jpg,3,green_apple,table_right,draft_unreviewed
images/train/WIN_20261006_23_48_36_Pro_frame000087.jpg,4,mug,table_left,draft_unreviewed
images/train/WIN_20261006_23_48_36_Pro_frame000087.jpg,5,peach,table_right,draft_unreviewed
images/train/WIN_20261006_23_48_36_Pro_frame000087.jpg,6,plate,table_left,draft_unreviewed
images/train/WIN_20261006_23_48_36_Pro_frame000088.jpg,1,banana,table_right,draft_unreviewed
images/train/WIN_20261006_23_48_36_Pro_frame000088.jpg,2,fanta_can,table_left,draft_unreviewed
images/train/WIN_20261006_23_48_36_Pro_frame000088.jpg,3,green_apple,table_right,draft_unreviewed
images/train/WIN_20261006_23_48_36_Pro_frame000088.jpg,4,mug,table_left,draft_unreviewed
images/train/WIN_20261006_23_48_36_Pro_frame000088.jpg,5,peach,table_right,draft_unreviewed
images/train/WIN_20261006_23_48_36_Pro_frame000088.jpg,6,plate,table_left,draft_unreviewed
images/train/WIN_20261006_23_48_36_Pro_frame000089.jpg,0,apple,table_left,draft_unreviewed
images/train/WIN_20261006_23_48_36_Pro_frame000089.jpg,1,banana,table_right,draft_unreviewed
images/train/WIN_20261006_23_48_36_Pro_frame000089.jpg,2,fanta_can,table_left,draft_unreviewed
images/train/WIN_20261006_23_48_36_Pro_frame000089.jpg,3,green_apple,table_right,draft_unreviewed
images/train/WIN_20261006_23_48_36_Pro_frame000089.jpg,4,mug,table_left,draft_unreviewed
images/train/WIN_20261006_23_48_36_Pro_frame000089.jpg,5,peach,table_right,draft_unreviewed
images/train/WIN_20261006_23_48_36_Pro_frame000089.jpg,6,plate,table_left,draft_unreviewed
images/train/WIN_20261006_23_48_36_Pro_frame000090.jpg,0,apple,table_left,draft_unreviewed
images/train/WIN_20261006_23_48_36_Pro_frame000090.jpg,1,banana,table_right,draft_unreviewed
images/train/WIN_20261006_23_48_36_Pro_frame000090.jpg,2,fanta_can,table_left,draft_unreviewed
images/train/WIN_20261006_23_48_36_Pro_frame000090.jpg,3,green_apple,table_right,draft_unreviewed
images/train/WIN_20261006_23_48_36_Pro_frame000090.jpg,4,mug,table_left,draft_unreviewed
images/train/WIN_20261006_23_48_36_Pro_frame000090.jpg,5,peach,table_right,draft_unreviewed
images/train/WIN_20261006_23_48_36_Pro_frame000090.jpg,6,plate,table_left,draft_unreviewed
images/train/WIN_20261006_23_48_36_Pro_frame000091.jpg,0,apple,table_left,draft_unreviewed
images/train/WIN_20261006_23_48_36_Pro_frame000091.jpg,1,banana,table_right,draft_unreviewed
images/train/WIN_20261006_23_48_36_Pro_frame000091.jpg,2,fanta_can,table_left,draft_unreviewed
images/train/WIN_20261006_23_48_36_Pro_frame000091.jpg,3,green_apple,table_right,draft_unreviewed
images/train/WIN_20261006_23_48_36_Pro_frame000091.jpg,4,mug,table_left,draft_unreviewed
images/train/WIN_20261006_23_48_36_Pro_frame000091.jpg,5,peach,table_right,draft_unreviewed
images/train/WIN_20261006_23_48_36_Pro_frame000091.jpg,6,plate,table_left,draft_unreviewed
images/train/WIN_20261006_23_48_36_Pro_frame000092.jpg,0,apple,table_left,draft_unreviewed
images/train/WIN_20261006_23_48_36_Pro_frame000092.jpg,1,banana,table_right,draft_unreviewed
images/train/WIN_20261006_23_48_36_Pro_frame000092.jpg,2,fanta_can,table_left,draft_unreviewed
images/train/WIN_20261006_23_48_36_Pro_frame000092.jpg,3,green_apple,table_right,draft_unreviewed
images/train/WIN_20261006_23_48_36_Pro_frame000092.jpg,4,mug,table_left,draft_unreviewed
images/train/WIN_20261006_23_48_36_Pro_frame000092.jpg,5,peach,table_right,draft_unreviewed
images/train/WIN_20261006_23_48_36_Pro_frame000092.jpg,6,plate,table_left,draft_unreviewed
images/train/WIN_20261006_23_48_36_Pro_frame000093.jpg,0,apple,table_left,draft_unreviewed
images/train/WIN_20261006_23_48_36_Pro_frame000093.jpg,1,banana,table_right,draft_unreviewed
images/train/WIN_20261006_23_48_36_Pro_frame000093.jpg,2,fanta_can,table_left,draft_unreviewed
images/train/WIN_20261006_23_48_36_Pro_frame000093.jpg,3,green_apple,table_right,draft_unreviewed
images/train/WIN_20261006_23_48_36_Pro_frame000093.jpg,4,mug,table_left,draft_unreviewed
images/train/WIN_20261006_23_48_36_Pro_frame000093.jpg,5,peach,table_right,draft_unreviewed
images/train/WIN_20261006_23_48_36_Pro_frame000093.jpg,6,plate,table_left,draft_unreviewed
images/train/WIN_20261006_23_48_36_Pro_frame000094.jpg,0,apple,table_left,draft_unreviewed
images/train/WIN_20261006_23_48_36_Pro_frame000094.jpg,1,banana,table_right,draft_unreviewed
images/train/WIN_20261006_23_48_36_Pro_frame000094.jpg,2,fanta_can,table_left,draft_unreviewed
images/train/WIN_20261006_23_48_36_Pro_frame000094.jpg,3,green_apple,table_right,draft_unreviewed
images/train/WIN_20261006_23_48_36_Pro_frame000094.jpg,4,mug,table_left,draft_unreviewed
images/train/WIN_20261006_23_48_36_Pro_frame000094.jpg,5,peach,table_right,draft_unreviewed
images/train/WIN_20261006_23_48_36_Pro_frame000094.jpg,6,plate,table_left,draft_unreviewed
images/train/WIN_20261006_23_48_36_Pro_frame000095.jpg,0,apple,table_left,draft_unreviewed
images/train/WIN_20261006_23_48_36_Pro_frame000095.jpg,1,banana,table_right,draft_unreviewed
images/train/WIN_20261006_23_48_36_Pro_frame000095.jpg,2,fanta_can,table_left,draft_unreviewed
images/train/WIN_20261006_23_48_36_Pro_frame000095.jpg,3,green_apple,table_right,draft_unreviewed
images/train/WIN_20261006_23_48_36_Pro_frame000095.jpg,4,mug,table_left,draft_unreviewed
images/train/WIN_20261006_23_48_36_Pro_frame000095.jpg,5,peach,table_right,draft_unreviewed
images/train/WIN_20261006_23_48_36_Pro_frame000095.jpg,6,plate,table_left,draft_unreviewed
images/train/WIN_20261006_23_48_36_Pro_frame000096.jpg,0,apple,table_left,draft_unreviewed
images/train/WIN_20261006_23_48_36_Pro_frame000096.jpg,1,banana,table_right,draft_unreviewed
images/train/WIN_20261006_23_48_36_Pro_frame000096.jpg,2,fanta_can,table_left,draft_unreviewed
images/train/WIN_20261006_23_48_36_Pro_frame000096.jpg,3,green_apple,table_right,draft_unreviewed
images/train/WIN_20261006_23_48_36_Pro_frame000096.jpg,4,mug,table_left,draft_unreviewed
images/train/WIN_20261006_23_48_36_Pro_frame000096.jpg,5,peach,table_right,draft_unreviewed
images/train/WIN_20261006_23_48_36_Pro_frame000096.jpg,6,plate,table_left,draft_unreviewed
images/train/WIN_20261006_23_48_36_Pro_frame000097.jpg,0,apple,table_left,draft_unreviewed
images/train/WIN_20261006_23_48_36_Pro_frame000097.jpg,1,banana,table_right,draft_unreviewed
images/train/WIN_20261006_23_48_36_Pro_frame000097.jpg,2,fanta_can,table_left,draft_unreviewed
images/train/WIN_20261006_23_48_36_Pro_frame000097.jpg,3,green_apple,table_right,draft_unreviewed
images/train/WIN_20261006_23_48_36_Pro_frame000097.jpg,4,mug,table_left,draft_unreviewed
images/train/WIN_20261006_23_48_36_Pro_frame000097.jpg,5,peach,table_right,draft_unreviewed
images/train/WIN_20261006_23_48_36_Pro_frame000097.jpg,6,plate,table_left,draft_unreviewed
images/train/WIN_20261006_23_48_36_Pro_frame000098.jpg,0,apple,table_left,draft_unreviewed
images/train/WIN_20261006_23_48_36_Pro_frame000098.jpg,1,banana,table_right,draft_unreviewed
images/train/WIN_20261006_23_48_36_Pro_frame000098.jpg,2,fanta_can,table_left,draft_unreviewed
images/train/WIN_20261006_23_48_36_Pro_frame000098.jpg,3,green_apple,table_right,draft_unreviewed
images/train/WIN_20261006_23_48_36_Pro_frame000098.jpg,4,mug,table_left,draft_unreviewed
images/train/WIN_20261006_23_48_36_Pro_frame000098.jpg,5,peach,table_right,draft_unreviewed
images/train/WIN_20261006_23_48_36_Pro_frame000098.jpg,6,plate,table_left,draft_unreviewed
images/train/WIN_20261006_23_48_36_Pro_frame000099.jpg,0,apple,table_left,draft_unreviewed
images/train/WIN_20261006_23_48_36_Pro_frame000099.jpg,1,banana,table_right,draft_unreviewed
images/train/WIN_20261006_23_48_36_Pro_frame000099.jpg,2,fanta_can,table_left,draft_unreviewed
images/train/WIN_20261006_23_48_36_Pro_frame000099.jpg,3,green_apple,table_right,draft_unreviewed
images/train/WIN_20261006_23_48_36_Pro_frame000099.jpg,4,mug,table_left,draft_unreviewed
images/train/WIN_20261006_23_48_36_Pro_frame000099.jpg,5,peach,table_right,draft_unreviewed
images/train/WIN_20261006_23_48_36_Pro_frame000099.jpg,6,plate,table_left,draft_unreviewed
images/train/WIN_20261006_23_48_36_Pro_frame000100.jpg,0,apple,table_left,draft_unreviewed
images/train/WIN_20261006_23_48_36_Pro_frame000100.jpg,1,banana,table_right,draft_unreviewed
images/train/WIN_20261006_23_48_36_Pro_frame000100.jpg,2,fanta_can,table_left,draft_unreviewed
images/train/WIN_20261006_23_48_36_Pro_frame000100.jpg,3,green_apple,table_right,draft_unreviewed
images/train/WIN_20261006_23_48_36_Pro_frame000100.jpg,4,mug,table_left,draft_unreviewed
images/train/WIN_20261006_23_48_36_Pro_frame000100.jpg,5,peach,table_right,draft_unreviewed
images/train/WIN_20261006_23_48_36_Pro_frame000100.jpg,6,plate,table_left,draft_unreviewed
images/train/WIN_20261006_23_48_36_Pro_frame000101.jpg,0,apple,table_left,draft_unreviewed
images/train/WIN_20261006_23_48_36_Pro_frame000101.jpg,1,banana,table_right,draft_unreviewed
images/train/WIN_20261006_23_48_36_Pro_frame000101.jpg,2,fanta_can,table_left,draft_unreviewed
images/train/WIN_20261006_23_48_36_Pro_frame000101.jpg,3,green_apple,table_right,draft_unreviewed
images/train/WIN_20261006_23_48_36_Pro_frame000101.jpg,4,mug,table_left,draft_unreviewed
images/train/WIN_20261006_23_48_36_Pro_frame000101.jpg,5,peach,table_right,draft_unreviewed
images/train/WIN_20261006_23_48_36_Pro_frame000101.jpg,6,plate,table_left,draft_unreviewed
images/train/WIN_20261006_23_48_36_Pro_frame000102.jpg,0,apple,table_left,draft_unreviewed
images/train/WIN_20261006_23_48_36_Pro_frame000102.jpg,1,banana,table_right,draft_unreviewed
images/train/WIN_20261006_23_48_36_Pro_frame000102.jpg,2,fanta_can,table_left,draft_unreviewed
images/train/WIN_20261006_23_48_36_Pro_frame000102.jpg,3,green_apple,table_right,draft_unreviewed
images/train/WIN_20261006_23_48_36_Pro_frame000102.jpg,4,mug,table_left,draft_unreviewed
images/train/WIN_20261006_23_48_36_Pro_frame000102.jpg,5,peach,table_right,draft_unreviewed
images/train/WIN_20261006_23_48_36_Pro_frame000102.jpg,6,plate,table_left,draft_unreviewed
images/train/WIN_20261006_23_48_36_Pro_frame000103.jpg,0,apple,table_left,draft_unreviewed
images/train/WIN_20261006_23_48_36_Pro_frame000103.jpg,1,banana,table_right,draft_unreviewed
images/train/WIN_20261006_23_48_36_Pro_frame000103.jpg,2,fanta_can,table_left,draft_unreviewed
images/train/WIN_20261006_23_48_36_Pro_frame000103.jpg,3,green_apple,table_right,draft_unreviewed
images/train/WIN_20261006_23_48_36_Pro_frame000103.jpg,4,mug,table_left,draft_unreviewed
images/train/WIN_20261006_23_48_36_Pro_frame000103.jpg,5,peach,table_right,draft_unreviewed
images/train/WIN_20261006_23_48_36_Pro_frame000103.jpg,6,plate,table_left,draft_unreviewed
images/train/WIN_20261006_23_48_36_Pro_frame000104.jpg,0,apple,table_left,draft_unreviewed
images/train/WIN_20261006_23_48_36_Pro_frame000104.jpg,1,banana,table_right,draft_unreviewed
images/train/WIN_20261006_23_48_36_Pro_frame000104.jpg,2,fanta_can,table_left,draft_unreviewed
images/train/WIN_20261006_23_48_36_Pro_frame000104.jpg,3,green_apple,table_right,draft_unreviewed
images/train/WIN_20261006_23_48_36_Pro_frame000104.jpg,4,mug,table_left,draft_unreviewed
images/train/WIN_20261006_23_48_36_Pro_frame000104.jpg,5,peach,table_right,draft_unreviewed
images/train/WIN_20261006_23_48_36_Pro_frame000104.jpg,6,plate,table_left,draft_unreviewed
images/train/WIN_20261006_23_48_36_Pro_frame000105.jpg,0,apple,table_left,draft_unreviewed
images/train/WIN_20261006_23_48_36_Pro_frame000105.jpg,1,banana,table_right,draft_unreviewed
images/train/WIN_20261006_23_48_36_Pro_frame000105.jpg,2,fanta_can,table_left,draft_unreviewed
images/train/WIN_20261006_23_48_36_Pro_frame000105.jpg,3,green_apple,table_right,draft_unreviewed
images/train/WIN_20261006_23_48_36_Pro_frame000105.jpg,4,mug,table_left,draft_unreviewed
images/train/WIN_20261006_23_48_36_Pro_frame000105.jpg,5,peach,table_right,draft_unreviewed
images/train/WIN_20261006_23_48_36_Pro_frame000105.jpg,6,plate,table_left,draft_unreviewed
images/train/WIN_20261006_23_48_36_Pro_frame000106.jpg,0,apple,table_left,draft_unreviewed
images/train/WIN_20261006_23_48_36_Pro_frame000106.jpg,1,banana,table_right,draft_unreviewed
images/train/WIN_20261006_23_48_36_Pro_frame000106.jpg,2,fanta_can,table_left,draft_unreviewed
images/train/WIN_20261006_23_48_36_Pro_frame000106.jpg,3,green_apple,table_right,draft_unreviewed
images/train/WIN_20261006_23_48_36_Pro_frame000106.jpg,4,mug,table_left,draft_unreviewed
images/train/WIN_20261006_23_48_36_Pro_frame000106.jpg,5,peach,table_right,draft_unreviewed
images/train/WIN_20261006_23_48_36_Pro_frame000106.jpg,6,plate,table_left,draft_unreviewed
images/train/WIN_20261006_23_48_36_Pro_frame000107.jpg,0,apple,table_left,draft_unreviewed
images/train/WIN_20261006_23_48_36_Pro_frame000107.jpg,1,banana,table_right,draft_unreviewed
images/train/WIN_20261006_23_48_36_Pro_frame000107.jpg,2,fanta_can,table_left,draft_unreviewed
images/train/WIN_20261006_23_48_36_Pro_frame000107.jpg,3,green_apple,table_right,draft_unreviewed
images/train/WIN_20261006_23_48_36_Pro_frame000107.jpg,4,mug,table_left,draft_unreviewed
images/train/WIN_20261006_23_48_36_Pro_frame000107.jpg,5,peach,table_right,draft_unreviewed
images/train/WIN_20261006_23_48_36_Pro_frame000107.jpg,6,plate,table_left,draft_unreviewed
images/train/WIN_20261006_23_48_36_Pro_frame000108.jpg,0,apple,table_left,draft_unreviewed
images/train/WIN_20261006_23_48_36_Pro_frame000108.jpg,1,banana,table_right,draft_unreviewed
images/train/WIN_20261006_23_48_36_Pro_frame000108.jpg,2,fanta_can,table_left,draft_unreviewed
images/train/WIN_20261006_23_48_36_Pro_frame000108.jpg,3,green_apple,table_right,draft_unreviewed
images/train/WIN_20261006_23_48_36_Pro_frame000108.jpg,4,mug,table_left,draft_unreviewed
images/train/WIN_20261006_23_48_36_Pro_frame000108.jpg,5,peach,table_right,draft_unreviewed
images/train/WIN_20261006_23_48_36_Pro_frame000108.jpg,6,plate,table_left,draft_unreviewed
images/train/WIN_20261006_23_48_36_Pro_frame000109.jpg,0,apple,table_left,draft_unreviewed
images/train/WIN_20261006_23_48_36_Pro_frame000109.jpg,1,banana,table_right,draft_unreviewed
images/train/WIN_20261006_23_48_36_Pro_frame000109.jpg,2,fanta_can,table_left,draft_unreviewed
images/train/WIN_20261006_23_48_36_Pro_frame000109.jpg,3,green_apple,table_right,draft_unreviewed
images/train/WIN_20261006_23_48_36_Pro_frame000109.jpg,4,mug,table_left,draft_unreviewed
images/train/WIN_20261006_23_48_36_Pro_frame000109.jpg,5,peach,table_right,draft_unreviewed
images/train/WIN_20261006_23_48_36_Pro_frame000109.jpg,6,plate,table_left,draft_unreviewed
images/train/WIN_20261006_23_48_36_Pro_frame000110.jpg,0,apple,table_left,draft_unreviewed
images/train/WIN_20261006_23_48_36_Pro_frame000110.jpg,1,banana,table_right,draft_unreviewed
images/train/WIN_20261006_23_48_36_Pro_frame000110.jpg,2,fanta_can,table_left,draft_unreviewed
images/train/WIN_20261006_23_48_36_Pro_frame000110.jpg,3,green_apple,table_right,draft_unreviewed
images/train/WIN_20261006_23_48_36_Pro_frame000110.jpg,4,mug,table_left,draft_unreviewed
images/train/WIN_20261006_23_48_36_Pro_frame000110.jpg,5,peach,table_right,draft_unreviewed
images/train/WIN_20261006_23_48_36_Pro_frame000110.jpg,6,plate,table_left,draft_unreviewed
images/train/WIN_20261006_23_48_36_Pro_frame000111.jpg,0,apple,table_left,draft_unreviewed
images/train/WIN_20261006_23_48_36_Pro_frame000111.jpg,1,banana,table_right,draft_unreviewed
images/train/WIN_20261006_23_48_36_Pro_frame000111.jpg,2,fanta_can,table_left,draft_unreviewed
images/train/WIN_20261006_23_48_36_Pro_frame000111.jpg,3,green_apple,table_right,draft_unreviewed
images/train/WIN_20261006_23_48_36_Pro_frame000111.jpg,4,mug,table_left,draft_unreviewed
images/train/WIN_20261006_23_48_36_Pro_frame000111.jpg,5,peach,table_right,draft_unreviewed
images/train/WIN_20261006_23_48_36_Pro_frame000111.jpg,6,plate,table_left,draft_unreviewed
images/train/WIN_20261006_23_48_36_Pro_frame000112.jpg,0,apple,table_left,draft_unreviewed
images/train/WIN_20261006_23_48_36_Pro_frame000112.jpg,1,banana,table_right,draft_unreviewed
images/train/WIN_20261006_23_48_36_Pro_frame000112.jpg,2,fanta_can,table_left,draft_unreviewed
images/train/WIN_20261006_23_48_36_Pro_frame000112.jpg,3,green_apple,table_right,draft_unreviewed
images/train/WIN_20261006_23_48_36_Pro_frame000112.jpg,4,mug,table_left,draft_unreviewed
images/train/WIN_20261006_23_48_36_Pro_frame000112.jpg,5,peach,table_right,draft_unreviewed
images/train/WIN_20261006_23_48_36_Pro_frame000112.jpg,6,plate,table_left,draft_unreviewed
images/train/WIN_20261006_23_48_36_Pro_frame000113.jpg,0,apple,table_left,draft_unreviewed
images/train/WIN_20261006_23_48_36_Pro_frame000113.jpg,1,banana,table_right,draft_unreviewed
images/train/WIN_20261006_23_48_36_Pro_frame000113.jpg,2,fanta_can,table_left,draft_unreviewed
images/train/WIN_20261006_23_48_36_Pro_frame000113.jpg,3,green_apple,table_right,draft_unreviewed
images/train/WIN_20261006_23_48_36_Pro_frame000113.jpg,4,mug,table_left,draft_unreviewed
images/train/WIN_20261006_23_48_36_Pro_frame000113.jpg,5,peach,table_right,draft_unreviewed
images/train/WIN_20261006_23_48_36_Pro_frame000113.jpg,6,plate,table_left,draft_unreviewed
images/train/WIN_20261006_23_48_36_Pro_frame000114.jpg,0,apple,table_left,draft_unreviewed
images/train/WIN_20261006_23_48_36_Pro_frame000114.jpg,1,banana,table_right,draft_unreviewed
images/train/WIN_20261006_23_48_36_Pro_frame000114.jpg,2,fanta_can,table_left,draft_unreviewed
images/train/WIN_20261006_23_48_36_Pro_frame000114.jpg,3,green_apple,table_right,draft_unreviewed
images/train/WIN_20261006_23_48_36_Pro_frame000114.jpg,4,mug,table_left,draft_unreviewed
images/train/WIN_20261006_23_48_36_Pro_frame000114.jpg,5,peach,table_right,draft_unreviewed
images/train/WIN_20261006_23_48_36_Pro_frame000114.jpg,6,plate,table_left,draft_unreviewed
images/train/WIN_20261006_23_48_36_Pro_frame000115.jpg,0,apple,table_left,draft_unreviewed
images/train/WIN_20261006_23_48_36_Pro_frame000115.jpg,1,banana,table_right,draft_unreviewed
images/train/WIN_20261006_23_48_36_Pro_frame000115.jpg,2,fanta_can,table_left,draft_unreviewed
images/train/WIN_20261006_23_48_36_Pro_frame000115.jpg,3,green_apple,table_right,draft_unreviewed
images/train/WIN_20261006_23_48_36_Pro_frame000115.jpg,4,mug,table_left,draft_unreviewed
images/train/WIN_20261006_23_48_36_Pro_frame000115.jpg,5,peach,table_right,draft_unreviewed
images/train/WIN_20261006_23_48_36_Pro_frame000115.jpg,6,plate,table_left,draft_unreviewed
images/train/WIN_20261006_23_48_36_Pro_frame000116.jpg,0,apple,table_left,draft_unreviewed
images/train/WIN_20261006_23_48_36_Pro_frame000116.jpg,1,banana,table_right,draft_unreviewed
images/train/WIN_20261006_23_48_36_Pro_frame000116.jpg,2,fanta_can,table_left,draft_unreviewed
images/train/WIN_20261006_23_48_36_Pro_frame000116.jpg,3,green_apple,table_right,draft_unreviewed
images/train/WIN_20261006_23_48_36_Pro_frame000116.jpg,4,mug,table_left,draft_unreviewed
images/train/WIN_20261006_23_48_36_Pro_frame000116.jpg,5,peach,table_right,draft_unreviewed
images/train/WIN_20261006_23_48_36_Pro_frame000116.jpg,6,plate,table_left,draft_unreviewed
images/train/WIN_20261006_23_48_36_Pro_frame000117.jpg,0,apple,table_left,draft_unreviewed
images/train/WIN_20261006_23_48_36_Pro_frame000117.jpg,1,banana,table_right,draft_unreviewed
images/train/WIN_20261006_23_48_36_Pro_frame000117.jpg,2,fanta_can,table_left,draft_unreviewed
images/train/WIN_20261006_23_48_36_Pro_frame000117.jpg,3,green_apple,table_right,draft_unreviewed
images/train/WIN_20261006_23_48_36_Pro_frame000117.jpg,4,mug,table_left,draft_unreviewed
images/train/WIN_20261006_23_48_36_Pro_frame000117.jpg,5,peach,table_right,draft_unreviewed
images/train/WIN_20261006_23_48_36_Pro_frame000117.jpg,6,plate,table_left,draft_unreviewed
images/train/WIN_20261006_23_48_36_Pro_frame000118.jpg,0,apple,table_left,draft_unreviewed
images/train/WIN_20261006_23_48_36_Pro_frame000118.jpg,1,banana,table_right,draft_unreviewed
images/train/WIN_20261006_23_48_36_Pro_frame000118.jpg,2,fanta_can,table_left,draft_unreviewed
images/train/WIN_20261006_23_48_36_Pro_frame000118.jpg,3,green_apple,table_right,draft_unreviewed
images/train/WIN_20261006_23_48_36_Pro_frame000118.jpg,4,mug,table_left,draft_unreviewed
images/train/WIN_20261006_23_48_36_Pro_frame000118.jpg,5,peach,table_right,draft_unreviewed
images/train/WIN_20261006_23_48_36_Pro_frame000118.jpg,6,plate,table_left,draft_unreviewed
images/train/WIN_20261006_23_48_36_Pro_frame000119.jpg,0,apple,table_left,draft_unreviewed
images/train/WIN_20261006_23_48_36_Pro_frame000119.jpg,1,banana,table_right,draft_unreviewed
images/train/WIN_20261006_23_48_36_Pro_frame000119.jpg,2,fanta_can,table_left,draft_unreviewed
images/train/WIN_20261006_23_48_36_Pro_frame000119.jpg,3,green_apple,table_right,draft_unreviewed
images/train/WIN_20261006_23_48_36_Pro_frame000119.jpg,4,mug,table_left,draft_unreviewed
images/train/WIN_20261006_23_48_36_Pro_frame000119.jpg,5,peach,table_right,draft_unreviewed
images/train/WIN_20261006_23_48_36_Pro_frame000119.jpg,6,plate,table_left,draft_unreviewed
images/train/WIN_20261006_23_48_36_Pro_frame000120.jpg,0,apple,table_left,draft_unreviewed
images/train/WIN_20261006_23_48_36_Pro_frame000120.jpg,1,banana,table_right,draft_unreviewed
images/train/WIN_20261006_23_48_36_Pro_frame000120.jpg,2,fanta_can,table_left,draft_unreviewed
images/train/WIN_20261006_23_48_36_Pro_frame000120.jpg,3,green_apple,table_right,draft_unreviewed
images/train/WIN_20261006_23_48_36_Pro_frame000120.jpg,4,mug,table_left,draft_unreviewed
images/train/WIN_20261006_23_48_36_Pro_frame000120.jpg,5,peach,table_right,draft_unreviewed
images/train/WIN_20261006_23_48_36_Pro_frame000120.jpg,6,plate,table_left,draft_unreviewed
images/train/WIN_20261006_23_48_36_Pro_frame000121.jpg,0,apple,table_left,draft_unreviewed
images/train/WIN_20261006_23_48_36_Pro_frame000121.jpg,1,banana,table_right,draft_unreviewed
images/train/WIN_20261006_23_48_36_Pro_frame000121.jpg,2,fanta_can,table_left,draft_unreviewed
images/train/WIN_20261006_23_48_36_Pro_frame000121.jpg,3,green_apple,table_right,draft_unreviewed
images/train/WIN_20261006_23_48_36_Pro_frame000121.jpg,4,mug,table_left,draft_unreviewed
images/train/WIN_20261006_23_48_36_Pro_frame000121.jpg,5,peach,table_right,draft_unreviewed
images/train/WIN_20261006_23_48_36_Pro_frame000121.jpg,6,plate,table_left,draft_unreviewed
images/train/WIN_20261006_23_48_36_Pro_frame000122.jpg,0,apple,table_left,draft_unreviewed
images/train/WIN_20261006_23_48_36_Pro_frame000122.jpg,1,banana,table_right,draft_unreviewed
images/train/WIN_20261006_23_48_36_Pro_frame000122.jpg,2,fanta_can,table_left,draft_unreviewed
images/train/WIN_20261006_23_48_36_Pro_frame000122.jpg,3,green_apple,table_right,draft_unreviewed
images/train/WIN_20261006_23_48_36_Pro_frame000122.jpg,4,mug,table_left,draft_unreviewed
images/train/WIN_20261006_23_48_36_Pro_frame000122.jpg,5,peach,table_right,draft_unreviewed
images/train/WIN_20261006_23_48_36_Pro_frame000122.jpg,6,plate,table_left,draft_unreviewed
images/train/WIN_20261006_23_48_36_Pro_frame000123.jpg,0,apple,table_left,draft_unreviewed
images/train/WIN_20261006_23_48_36_Pro_frame000123.jpg,1,banana,table_right,draft_unreviewed
images/train/WIN_20261006_23_48_36_Pro_frame000123.jpg,2,fanta_can,table_left,draft_unreviewed
images/train/WIN_20261006_23_48_36_Pro_frame000123.jpg,3,green_apple,table_right,draft_unreviewed
images/train/WIN_20261006_23_48_36_Pro_frame000123.jpg,4,mug,table_left,draft_unreviewed
images/train/WIN_20261006_23_48_36_Pro_frame000123.jpg,5,peach,table_right,draft_unreviewed
images/train/WIN_20261006_23_48_36_Pro_frame000123.jpg,6,plate,table_left,draft_unreviewed
images/train/WIN_20261006_23_48_36_Pro_frame000124.jpg,0,apple,table_left,draft_unreviewed
images/train/WIN_20261006_23_48_36_Pro_frame000124.jpg,1,banana,table_right,draft_unreviewed
images/train/WIN_20261006_23_48_36_Pro_frame000124.jpg,2,fanta_can,table_left,draft_unreviewed
images/train/WIN_20261006_23_48_36_Pro_frame000124.jpg,3,green_apple,table_right,draft_unreviewed
images/train/WIN_20261006_23_48_36_Pro_frame000124.jpg,4,mug,table_left,draft_unreviewed
images/train/WIN_20261006_23_48_36_Pro_frame000124.jpg,5,peach,table_right,draft_unreviewed
images/train/WIN_20261006_23_48_36_Pro_frame000124.jpg,6,plate,table_left,draft_unreviewed
images/train/WIN_20261006_23_48_36_Pro_frame000125.jpg,0,apple,table_left,draft_unreviewed
images/train/WIN_20261006_23_48_36_Pro_frame000125.jpg,1,banana,table_right,draft_unreviewed
images/train/WIN_20261006_23_48_36_Pro_frame000125.jpg,2,fanta_can,table_left,draft_unreviewed
images/train/WIN_20261006_23_48_36_Pro_frame000125.jpg,3,green_apple,table_right,draft_unreviewed
images/train/WIN_20261006_23_48_36_Pro_frame000125.jpg,4,mug,table_left,draft_unreviewed
images/train/WIN_20261006_23_48_36_Pro_frame000125.jpg,5,peach,table_right,draft_unreviewed
images/train/WIN_20261006_23_48_36_Pro_frame000125.jpg,6,plate,table_left,draft_unreviewed
images/train/WIN_20261006_23_48_36_Pro_frame000126.jpg,0,apple,table_left,draft_unreviewed
images/train/WIN_20261006_23_48_36_Pro_frame000126.jpg,1,banana,table_right,draft_unreviewed
images/train/WIN_20261006_23_48_36_Pro_frame000126.jpg,2,fanta_can,table_left,draft_unreviewed
images/train/WIN_20261006_23_48_36_Pro_frame000126.jpg,3,green_apple,table_right,draft_unreviewed
images/train/WIN_20261006_23_48_36_Pro_frame000126.jpg,4,mug,table_left,draft_unreviewed
images/train/WIN_20261006_23_48_36_Pro_frame000126.jpg,5,peach,table_right,draft_unreviewed
images/train/WIN_20261006_23_48_36_Pro_frame000126.jpg,6,plate,table_left,draft_unreviewed
images/train/WIN_20261006_23_48_36_Pro_frame000127.jpg,0,apple,table_left,draft_unreviewed
images/train/WIN_20261006_23_48_36_Pro_frame000127.jpg,1,banana,table_right,draft_unreviewed
images/train/WIN_20261006_23_48_36_Pro_frame000127.jpg,2,fanta_can,table_left,draft_unreviewed
images/train/WIN_20261006_23_48_36_Pro_frame000127.jpg,3,green_apple,table_right,draft_unreviewed
images/train/WIN_20261006_23_48_36_Pro_frame000127.jpg,4,mug,table_left,draft_unreviewed
images/train/WIN_20261006_23_48_36_Pro_frame000127.jpg,5,peach,table_right,draft_unreviewed
images/train/WIN_20261006_23_48_36_Pro_frame000127.jpg,6,plate,table_left,draft_unreviewed
images/train/WIN_20261006_23_48_36_Pro_frame000128.jpg,0,apple,table_left,draft_unreviewed
images/train/WIN_20261006_23_48_36_Pro_frame000128.jpg,1,banana,table_right,draft_unreviewed
images/train/WIN_20261006_23_48_36_Pro_frame000128.jpg,2,fanta_can,table_left,draft_unreviewed
images/train/WIN_20261006_23_48_36_Pro_frame000128.jpg,3,green_apple,table_right,draft_unreviewed
images/train/WIN_20261006_23_48_36_Pro_frame000128.jpg,4,mug,table_left,draft_unreviewed
images/train/WIN_20261006_23_48_36_Pro_frame000128.jpg,5,peach,table_right,draft_unreviewed
images/train/WIN_20261006_23_48_36_Pro_frame000128.jpg,6,plate,table_left,draft_unreviewed
images/train/WIN_20261006_23_48_36_Pro_frame000129.jpg,0,apple,table_left,draft_unreviewed
images/train/WIN_20261006_23_48_36_Pro_frame000129.jpg,1,banana,table_right,draft_unreviewed
images/train/WIN_20261006_23_48_36_Pro_frame000129.jpg,2,fanta_can,table_left,draft_unreviewed
images/train/WIN_20261006_23_48_36_Pro_frame000129.jpg,3,green_apple,table_right,draft_unreviewed
images/train/WIN_20261006_23_48_36_Pro_frame000129.jpg,4,mug,table_left,draft_unreviewed
images/train/WIN_20261006_23_48_36_Pro_frame000129.jpg,5,peach,table_right,draft_unreviewed
images/train/WIN_20261006_23_48_36_Pro_frame000129.jpg,6,plate,table_left,draft_unreviewed
images/train/WIN_20261006_23_48_36_Pro_frame000130.jpg,0,apple,table_left,draft_unreviewed
images/train/WIN_20261006_23_48_36_Pro_frame000130.jpg,1,banana,table_right,draft_unreviewed
images/train/WIN_20261006_23_48_36_Pro_frame000130.jpg,2,fanta_can,table_left,draft_unreviewed
images/train/WIN_20261006_23_48_36_Pro_frame000130.jpg,3,green_apple,table_right,draft_unreviewed
images/train/WIN_20261006_23_48_36_Pro_frame000130.jpg,4,mug,table_left,draft_unreviewed
images/train/WIN_20261006_23_48_36_Pro_frame000130.jpg,5,peach,table_right,draft_unreviewed
images/train/WIN_20261006_23_48_36_Pro_frame000130.jpg,6,plate,table_left,draft_unreviewed
images/train/WIN_20261006_23_48_36_Pro_frame000131.jpg,0,apple,table_left,draft_unreviewed
images/train/WIN_20261006_23_48_36_Pro_frame000131.jpg,1,banana,table_right,draft_unreviewed
images/train/WIN_20261006_23_48_36_Pro_frame000131.jpg,2,fanta_can,table_left,draft_unreviewed
images/train/WIN_20261006_23_48_36_Pro_frame000131.jpg,3,green_apple,table_right,draft_unreviewed
images/train/WIN_20261006_23_48_36_Pro_frame000131.jpg,4,mug,table_left,draft_unreviewed
images/train/WIN_20261006_23_48_36_Pro_frame000131.jpg,5,peach,table_right,draft_unreviewed
images/train/WIN_20261006_23_48_36_Pro_frame000131.jpg,6,plate,table_left,draft_unreviewed
images/train/WIN_20261006_23_48_36_Pro_frame000132.jpg,0,apple,table_left,draft_unreviewed
images/train/WIN_20261006_23_48_36_Pro_frame000132.jpg,1,banana,table_right,draft_unreviewed
images/train/WIN_20261006_23_48_36_Pro_frame000132.jpg,2,fanta_can,table_left,draft_unreviewed
images/train/WIN_20261006_23_48_36_Pro_frame000132.jpg,3,green_apple,table_right,draft_unreviewed
images/train/WIN_20261006_23_48_36_Pro_frame000132.jpg,4,mug,table_left,draft_unreviewed
images/train/WIN_20261006_23_48_36_Pro_frame000132.jpg,5,peach,table_right,draft_unreviewed
images/train/WIN_20261006_23_48_36_Pro_frame000132.jpg,6,plate,table_left,draft_unreviewed
images/train/WIN_20261006_23_48_36_Pro_frame000133.jpg,0,apple,table_left,draft_unreviewed
images/train/WIN_20261006_23_48_36_Pro_frame000133.jpg,1,banana,table_right,draft_unreviewed
images/train/WIN_20261006_23_48_36_Pro_frame000133.jpg,2,fanta_can,table_left,draft_unreviewed
images/train/WIN_20261006_23_48_36_Pro_frame000133.jpg,3,green_apple,table_right,draft_unreviewed
images/train/WIN_20261006_23_48_36_Pro_frame000133.jpg,4,mug,table_left,draft_unreviewed
images/train/WIN_20261006_23_48_36_Pro_frame000133.jpg,5,peach,table_right,draft_unreviewed
images/train/WIN_20261006_23_48_36_Pro_frame000133.jpg,6,plate,table_left,draft_unreviewed
images/train/WIN_20261006_23_48_36_Pro_frame000134.jpg,0,apple,table_left,draft_unreviewed
images/train/WIN_20261006_23_48_36_Pro_frame000134.jpg,1,banana,table_right,draft_unreviewed
images/train/WIN_20261006_23_48_36_Pro_frame000134.jpg,2,fanta_can,table_left,draft_unreviewed
images/train/WIN_20261006_23_48_36_Pro_frame000134.jpg,3,green_apple,table_right,draft_unreviewed
images/train/WIN_20261006_23_48_36_Pro_frame000134.jpg,4,mug,table_left,draft_unreviewed
images/train/WIN_20261006_23_48_36_Pro_frame000134.jpg,5,peach,table_right,draft_unreviewed
images/train/WIN_20261006_23_48_36_Pro_frame000134.jpg,6,plate,table_left,draft_unreviewed
images/train/WIN_20261006_23_48_36_Pro_frame000135.jpg,0,apple,table_left,draft_unreviewed
images/train/WIN_20261006_23_48_36_Pro_frame000135.jpg,1,banana,table_right,draft_unreviewed
images/train/WIN_20261006_23_48_36_Pro_frame000135.jpg,2,fanta_can,table_left,draft_unreviewed
images/train/WIN_20261006_23_48_36_Pro_frame000135.jpg,3,green_apple,table_right,draft_unreviewed
images/train/WIN_20261006_23_48_36_Pro_frame000135.jpg,4,mug,table_left,draft_unreviewed
images/train/WIN_20261006_23_48_36_Pro_frame000135.jpg,5,peach,table_right,draft_unreviewed
images/train/WIN_20261006_23_48_36_Pro_frame000135.jpg,6,plate,table_left,draft_unreviewed
images/train/WIN_20261006_23_48_36_Pro_frame000136.jpg,0,apple,table_left,draft_unreviewed
images/train/WIN_20261006_23_48_36_Pro_frame000136.jpg,1,banana,table_right,draft_unreviewed
images/train/WIN_20261006_23_48_36_Pro_frame000136.jpg,2,fanta_can,table_left,draft_unreviewed
images/train/WIN_20261006_23_48_36_Pro_frame000136.jpg,3,green_apple,table_right,draft_unreviewed
images/train/WIN_20261006_23_48_36_Pro_frame000136.jpg,4,mug,table_left,draft_unreviewed
images/train/WIN_20261006_23_48_36_Pro_frame000136.jpg,5,peach,table_right,draft_unreviewed
images/train/WIN_20261006_23_48_36_Pro_frame000136.jpg,6,plate,table_left,draft_unreviewed
images/train/WIN_20261006_23_48_36_Pro_frame000137.jpg,0,apple,table_left,draft_unreviewed
images/train/WIN_20261006_23_48_36_Pro_frame000137.jpg,1,banana,table_right,draft_unreviewed
images/train/WIN_20261006_23_48_36_Pro_frame000137.jpg,2,fanta_can,table_left,draft_unreviewed
images/train/WIN_20261006_23_48_36_Pro_frame000137.jpg,3,green_apple,table_right,draft_unreviewed
images/train/WIN_20261006_23_48_36_Pro_frame000137.jpg,4,mug,table_left,draft_unreviewed
images/train/WIN_20261006_23_48_36_Pro_frame000137.jpg,5,peach,table_right,draft_unreviewed
images/train/WIN_20261006_23_48_36_Pro_frame000137.jpg,6,plate,table_left,draft_unreviewed
images/train/WIN_20261006_23_48_36_Pro_frame000138.jpg,0,apple,table_left,draft_unreviewed
images/train/WIN_20261006_23_48_36_Pro_frame000138.jpg,1,banana,table_right,draft_unreviewed
images/train/WIN_20261006_23_48_36_Pro_frame000138.jpg,2,fanta_can,table_left,draft_unreviewed
images/train/WIN_20261006_23_48_36_Pro_frame000138.jpg,3,green_apple,table_right,draft_unreviewed
images/train/WIN_20261006_23_48_36_Pro_frame000138.jpg,4,mug,table_left,draft_unreviewed
images/train/WIN_20261006_23_48_36_Pro_frame000138.jpg,5,peach,table_right,draft_unreviewed
images/train/WIN_20261006_23_48_36_Pro_frame000138.jpg,6,plate,table_left,draft_unreviewed
images/train/WIN_20261006_23_48_36_Pro_frame000139.jpg,0,apple,table_left,draft_unreviewed
images/train/WIN_20261006_23_48_36_Pro_frame000139.jpg,1,banana,table_right,draft_unreviewed
images/train/WIN_20261006_23_48_36_Pro_frame000139.jpg,2,fanta_can,table_left,draft_unreviewed
images/train/WIN_20261006_23_48_36_Pro_frame000139.jpg,3,green_apple,table_right,draft_unreviewed
images/train/WIN_20261006_23_48_36_Pro_frame000139.jpg,4,mug,table_left,draft_unreviewed
images/train/WIN_20261006_23_48_36_Pro_frame000139.jpg,5,peach,table_right,draft_unreviewed
images/train/WIN_20261006_23_48_36_Pro_frame000139.jpg,6,plate,table_left,draft_unreviewed
images/train/WIN_20261006_23_48_36_Pro_frame000140.jpg,0,apple,table_left,draft_unreviewed
images/train/WIN_20261006_23_48_36_Pro_frame000140.jpg,1,banana,table_right,draft_unreviewed
images/train/WIN_20261006_23_48_36_Pro_frame000140.jpg,2,fanta_can,table_left,draft_unreviewed
images/train/WIN_20261006_23_48_36_Pro_frame000140.jpg,3,green_apple,table_right,draft_unreviewed
images/train/WIN_20261006_23_48_36_Pro_frame000140.jpg,4,mug,table_left,draft_unreviewed
images/train/WIN_20261006_23_48_36_Pro_frame000140.jpg,5,peach,table_right,draft_unreviewed
images/train/WIN_20261006_23_48_36_Pro_frame000140.jpg,6,plate,table_left,draft_unreviewed
images/train/WIN_20261006_23_48_36_Pro_frame000141.jpg,0,apple,table_left,draft_unreviewed
images/train/WIN_20261006_23_48_36_Pro_frame000141.jpg,1,banana,table_right,draft_unreviewed
images/train/WIN_20261006_23_48_36_Pro_frame000141.jpg,2,fanta_can,table_left,draft_unreviewed
images/train/WIN_20261006_23_48_36_Pro_frame000141.jpg,3,green_apple,table_right,draft_unreviewed
images/train/WIN_20261006_23_48_36_Pro_frame000141.jpg,4,mug,table_left,draft_unreviewed
images/train/WIN_20261006_23_48_36_Pro_frame000141.jpg,5,peach,table_right,draft_unreviewed
images/train/WIN_20261006_23_48_36_Pro_frame000141.jpg,6,plate,table_left,draft_unreviewed
images/train/WIN_20261006_23_48_36_Pro_frame000142.jpg,0,apple,table_left,draft_unreviewed
images/train/WIN_20261006_23_48_36_Pro_frame000142.jpg,1,banana,table_right,draft_unreviewed
images/train/WIN_20261006_23_48_36_Pro_frame000142.jpg,2,fanta_can,table_left,draft_unreviewed
images/train/WIN_20261006_23_48_36_Pro_frame000142.jpg,3,green_apple,table_right,draft_unreviewed
images/train/WIN_20261006_23_48_36_Pro_frame000142.jpg,4,mug,table_left,draft_unreviewed
images/train/WIN_20261006_23_48_36_Pro_frame000142.jpg,5,peach,table_right,draft_unreviewed
images/train/WIN_20261006_23_48_36_Pro_frame000142.jpg,6,plate,table_left,draft_unreviewed
images/train/WIN_20261006_23_48_36_Pro_frame000143.jpg,0,apple,table_left,draft_unreviewed
images/train/WIN_20261006_23_48_36_Pro_frame000143.jpg,1,banana,table_right,draft_unreviewed
images/train/WIN_20261006_23_48_36_Pro_frame000143.jpg,2,fanta_can,table_left,draft_unreviewed
images/train/WIN_20261006_23_48_36_Pro_frame000143.jpg,3,green_apple,table_right,draft_unreviewed
images/train/WIN_20261006_23_48_36_Pro_frame000143.jpg,4,mug,table_left,draft_unreviewed
images/train/WIN_20261006_23_48_36_Pro_frame000143.jpg,5,peach,table_right,draft_unreviewed
images/train/WIN_20261006_23_48_36_Pro_frame000143.jpg,6,plate,table_left,draft_unreviewed
images/train/WIN_20261006_23_48_36_Pro_frame000144.jpg,0,apple,table_left,draft_unreviewed
images/train/WIN_20261006_23_48_36_Pro_frame000144.jpg,1,banana,table_right,draft_unreviewed
images/train/WIN_20261006_23_48_36_Pro_frame000144.jpg,2,fanta_can,table_left,draft_unreviewed
images/train/WIN_20261006_23_48_36_Pro_frame000144.jpg,3,green_apple,table_right,draft_unreviewed
images/train/WIN_20261006_23_48_36_Pro_frame000144.jpg,4,mug,table_left,draft_unreviewed
images/train/WIN_20261006_23_48_36_Pro_frame000144.jpg,5,peach,table_right,draft_unreviewed
images/train/WIN_20261006_23_48_36_Pro_frame000144.jpg,6,plate,table_left,draft_unreviewed
images/train/WIN_20261006_23_48_36_Pro_frame000145.jpg,0,apple,table_left,draft_unreviewed
images/train/WIN_20261006_23_48_36_Pro_frame000145.jpg,1,banana,table_right,draft_unreviewed
images/train/WIN_20261006_23_48_36_Pro_frame000145.jpg,2,fanta_can,table_left,draft_unreviewed
images/train/WIN_20261006_23_48_36_Pro_frame000145.jpg,3,green_apple,table_right,draft_unreviewed
images/train/WIN_20261006_23_48_36_Pro_frame000145.jpg,4,mug,table_left,draft_unreviewed
images/train/WIN_20261006_23_48_36_Pro_frame000145.jpg,5,peach,table_right,draft_unreviewed
images/train/WIN_20261006_23_48_36_Pro_frame000145.jpg,6,plate,table_left,draft_unreviewed
images/train/WIN_20261006_23_48_36_Pro_frame000146.jpg,0,apple,table_left,draft_unreviewed
images/train/WIN_20261006_23_48_36_Pro_frame000146.jpg,1,banana,table_right,draft_unreviewed
images/train/WIN_20261006_23_48_36_Pro_frame000146.jpg,2,fanta_can,table_left,draft_unreviewed
images/train/WIN_20261006_23_48_36_Pro_frame000146.jpg,3,green_apple,table_right,draft_unreviewed
images/train/WIN_20261006_23_48_36_Pro_frame000146.jpg,4,mug,table_left,draft_unreviewed
images/train/WIN_20261006_23_48_36_Pro_frame000146.jpg,5,peach,table_right,draft_unreviewed
images/train/WIN_20261006_23_48_36_Pro_frame000146.jpg,6,plate,table_left,draft_unreviewed
images/train/WIN_20261006_23_48_36_Pro_frame000147.jpg,0,apple,table_left,draft_unreviewed
images/train/WIN_20261006_23_48_36_Pro_frame000147.jpg,1,banana,table_right,draft_unreviewed
images/train/WIN_20261006_23_48_36_Pro_frame000147.jpg,2,fanta_can,table_left,draft_unreviewed
images/train/WIN_20261006_23_48_36_Pro_frame000147.jpg,3,green_apple,table_right,draft_unreviewed
images/train/WIN_20261006_23_48_36_Pro_frame000147.jpg,4,mug,table_left,draft_unreviewed
images/train/WIN_20261006_23_48_36_Pro_frame000147.jpg,5,peach,table_right,draft_unreviewed
images/train/WIN_20261006_23_48_36_Pro_frame000147.jpg,6,plate,table_left,draft_unreviewed
images/train/WIN_20261006_23_48_36_Pro_frame000148.jpg,0,apple,table_left,draft_unreviewed
images/train/WIN_20261006_23_48_36_Pro_frame000148.jpg,1,banana,table_right,draft_unreviewed
images/train/WIN_20261006_23_48_36_Pro_frame000148.jpg,2,fanta_can,table_left,draft_unreviewed
images/train/WIN_20261006_23_48_36_Pro_frame000148.jpg,3,green_apple,table_right,draft_unreviewed
images/train/WIN_20261006_23_48_36_Pro_frame000148.jpg,4,mug,table_left,draft_unreviewed
images/train/WIN_20261006_23_48_36_Pro_frame000148.jpg,5,peach,table_right,draft_unreviewed
images/train/WIN_20261006_23_48_36_Pro_frame000148.jpg,6,plate,table_left,draft_unreviewed
images/train/WIN_20261006_23_48_36_Pro_frame000149.jpg,0,apple,table_left,draft_unreviewed
images/train/WIN_20261006_23_48_36_Pro_frame000149.jpg,1,banana,table_right,draft_unreviewed
images/train/WIN_20261006_23_48_36_Pro_frame000149.jpg,2,fanta_can,table_left,draft_unreviewed
images/train/WIN_20261006_23_48_36_Pro_frame000149.jpg,3,green_apple,table_right,draft_unreviewed
images/train/WIN_20261006_23_48_36_Pro_frame000149.jpg,4,mug,table_left,draft_unreviewed
images/train/WIN_20261006_23_48_36_Pro_frame000149.jpg,5,peach,table_right,draft_unreviewed
images/train/WIN_20261006_23_48_36_Pro_frame000149.jpg,6,plate,table_left,draft_unreviewed
images/train/WIN_20261006_23_48_36_Pro_frame000150.jpg,0,apple,table_left,draft_unreviewed
images/train/WIN_20261006_23_48_36_Pro_frame000150.jpg,1,banana,table_right,draft_unreviewed
images/train/WIN_20261006_23_48_36_Pro_frame000150.jpg,2,fanta_can,table_left,draft_unreviewed
images/train/WIN_20261006_23_48_36_Pro_frame000150.jpg,3,green_apple,table_right,draft_unreviewed
images/train/WIN_20261006_23_48_36_Pro_frame000150.jpg,4,mug,table_left,draft_unreviewed
images/train/WIN_20261006_23_48_36_Pro_frame000150.jpg,5,peach,table_right,draft_unreviewed
images/train/WIN_20261006_23_48_36_Pro_frame000150.jpg,6,plate,table_left,draft_unreviewed
images/train/WIN_20261006_23_48_36_Pro_frame000151.jpg,0,apple,table_left,draft_unreviewed
images/train/WIN_20261006_23_48_36_Pro_frame000151.jpg,1,banana,table_right,draft_unreviewed
images/train/WIN_20261006_23_48_36_Pro_frame000151.jpg,2,fanta_can,table_left,draft_unreviewed
images/train/WIN_20261006_23_48_36_Pro_frame000151.jpg,3,green_apple,table_right,draft_unreviewed
images/train/WIN_20261006_23_48_36_Pro_frame000151.jpg,4,mug,table_left,draft_unreviewed
images/train/WIN_20261006_23_48_36_Pro_frame000151.jpg,5,peach,table_right,draft_unreviewed
images/train/WIN_20261006_23_48_36_Pro_frame000151.jpg,6,plate,table_left,draft_unreviewed
images/train/WIN_20261006_23_48_36_Pro_frame000152.jpg,0,apple,table_left,draft_unreviewed
images/train/WIN_20261006_23_48_36_Pro_frame000152.jpg,1,banana,table_right,draft_unreviewed
images/train/WIN_20261006_23_48_36_Pro_frame000152.jpg,2,fanta_can,table_left,draft_unreviewed
images/train/WIN_20261006_23_48_36_Pro_frame000152.jpg,3,green_apple,table_right,draft_unreviewed
images/train/WIN_20261006_23_48_36_Pro_frame000152.jpg,4,mug,table_left,draft_unreviewed
images/train/WIN_20261006_23_48_36_Pro_frame000152.jpg,5,peach,table_right,draft_unreviewed
images/train/WIN_20261006_23_48_36_Pro_frame000152.jpg,6,plate,table_left,draft_unreviewed
images/train/WIN_20261006_23_48_36_Pro_frame000153.jpg,0,apple,table_left,draft_unreviewed
images/train/WIN_20261006_23_48_36_Pro_frame000153.jpg,1,banana,table_right,draft_unreviewed
images/train/WIN_20261006_23_48_36_Pro_frame000153.jpg,2,fanta_can,table_left,draft_unreviewed
images/train/WIN_20261006_23_48_36_Pro_frame000153.jpg,3,green_apple,table_right,draft_unreviewed
images/train/WIN_20261006_23_48_36_Pro_frame000153.jpg,4,mug,table_left,draft_unreviewed
images/train/WIN_20261006_23_48_36_Pro_frame000153.jpg,5,peach,table_right,draft_unreviewed
images/train/WIN_20261006_23_48_36_Pro_frame000153.jpg,6,plate,table_left,draft_unreviewed
images/train/WIN_20261006_23_48_36_Pro_frame000154.jpg,0,apple,table_left,draft_unreviewed
images/train/WIN_20261006_23_48_36_Pro_frame000154.jpg,1,banana,table_right,draft_unreviewed
images/train/WIN_20261006_23_48_36_Pro_frame000154.jpg,2,fanta_can,table_left,draft_unreviewed
images/train/WIN_20261006_23_48_36_Pro_frame000154.jpg,3,green_apple,table_right,draft_unreviewed
images/train/WIN_20261006_23_48_36_Pro_frame000154.jpg,4,mug,table_left,draft_unreviewed
images/train/WIN_20261006_23_48_36_Pro_frame000154.jpg,5,peach,table_right,draft_unreviewed
images/train/WIN_20261006_23_48_36_Pro_frame000154.jpg,6,plate,table_left,draft_unreviewed
images/train/WIN_20261006_23_48_36_Pro_frame000155.jpg,0,apple,table_left,draft_unreviewed
images/train/WIN_20261006_23_48_36_Pro_frame000155.jpg,1,banana,table_right,draft_unreviewed
images/train/WIN_20261006_23_48_36_Pro_frame000155.jpg,2,fanta_can,table_left,draft_unreviewed
images/train/WIN_20261006_23_48_36_Pro_frame000155.jpg,3,green_apple,table_right,draft_unreviewed
images/train/WIN_20261006_23_48_36_Pro_frame000155.jpg,4,mug,table_left,draft_unreviewed
images/train/WIN_20261006_23_48_36_Pro_frame000155.jpg,5,peach,table_right,draft_unreviewed
images/train/WIN_20261006_23_48_36_Pro_frame000155.jpg,6,plate,table_left,draft_unreviewed
images/train/WIN_20261006_23_48_36_Pro_frame000156.jpg,0,apple,table_left,draft_unreviewed
images/train/WIN_20261006_23_48_36_Pro_frame000156.jpg,1,banana,table_right,draft_unreviewed
images/train/WIN_20261006_23_48_36_Pro_frame000156.jpg,2,fanta_can,table_left,draft_unreviewed
images/train/WIN_20261006_23_48_36_Pro_frame000156.jpg,3,green_apple,table_right,draft_unreviewed
images/train/WIN_20261006_23_48_36_Pro_frame000156.jpg,4,mug,table_left,draft_unreviewed
images/train/WIN_20261006_23_48_36_Pro_frame000156.jpg,5,peach,table_right,draft_unreviewed
images/train/WIN_20261006_23_48_36_Pro_frame000156.jpg,6,plate,table_left,draft_unreviewed
images/train/WIN_20261006_23_48_36_Pro_frame000157.jpg,0,apple,table_left,draft_unreviewed
images/train/WIN_20261006_23_48_36_Pro_frame000157.jpg,1,banana,table_right,draft_unreviewed
images/train/WIN_20261006_23_48_36_Pro_frame000157.jpg,2,fanta_can,table_left,draft_unreviewed
images/train/WIN_20261006_23_48_36_Pro_frame000157.jpg,3,green_apple,table_right,draft_unreviewed
images/train/WIN_20261006_23_48_36_Pro_frame000157.jpg,4,mug,table_left,draft_unreviewed
images/train/WIN_20261006_23_48_36_Pro_frame000157.jpg,5,peach,table_right,draft_unreviewed
images/train/WIN_20261006_23_48_36_Pro_frame000157.jpg,6,plate,table_left,draft_unreviewed
images/train/WIN_20261006_23_48_36_Pro_frame000158.jpg,0,apple,table_left,draft_unreviewed
images/train/WIN_20261006_23_48_36_Pro_frame000158.jpg,1,banana,table_right,draft_unreviewed
images/train/WIN_20261006_23_48_36_Pro_frame000158.jpg,2,fanta_can,table_left,draft_unreviewed
images/train/WIN_20261006_23_48_36_Pro_frame000158.jpg,3,green_apple,table_right,draft_unreviewed
images/train/WIN_20261006_23_48_36_Pro_frame000158.jpg,4,mug,table_left,draft_unreviewed
images/train/WIN_20261006_23_48_36_Pro_frame000158.jpg,5,peach,table_right,draft_unreviewed
images/train/WIN_20261006_23_48_36_Pro_frame000158.jpg,6,plate,table_left,draft_unreviewed
images/train/WIN_20261006_23_48_36_Pro_frame000159.jpg,0,apple,table_left,draft_unreviewed
images/train/WIN_20261006_23_48_36_Pro_frame000159.jpg,1,banana,table_right,draft_unreviewed
images/train/WIN_20261006_23_48_36_Pro_frame000159.jpg,2,fanta_can,table_left,draft_unreviewed
images/train/WIN_20261006_23_48_36_Pro_frame000159.jpg,3,green_apple,table_right,draft_unreviewed
images/train/WIN_20261006_23_48_36_Pro_frame000159.jpg,4,mug,table_left,draft_unreviewed
images/train/WIN_20261006_23_48_36_Pro_frame000159.jpg,5,peach,table_right,draft_unreviewed
images/train/WIN_20261006_23_48_36_Pro_frame000159.jpg,6,plate,table_left,draft_unreviewed
images/train/WIN_20261006_23_48_36_Pro_frame000160.jpg,0,apple,table_left,draft_unreviewed
images/train/WIN_20261006_23_48_36_Pro_frame000160.jpg,1,banana,table_right,draft_unreviewed
images/train/WIN_20261006_23_48_36_Pro_frame000160.jpg,2,fanta_can,table_left,draft_unreviewed
images/train/WIN_20261006_23_48_36_Pro_frame000160.jpg,3,green_apple,table_right,draft_unreviewed
images/train/WIN_20261006_23_48_36_Pro_frame000160.jpg,4,mug,table_left,draft_unreviewed
images/train/WIN_20261006_23_48_36_Pro_frame000160.jpg,5,peach,table_right,draft_unreviewed
images/train/WIN_20261006_23_48_36_Pro_frame000160.jpg,6,plate,table_left,draft_unreviewed
images/train/WIN_20261006_23_48_36_Pro_frame000161.jpg,0,apple,table_left,draft_unreviewed
images/train/WIN_20261006_23_48_36_Pro_frame000161.jpg,1,banana,table_right,draft_unreviewed
images/train/WIN_20261006_23_48_36_Pro_frame000161.jpg,2,fanta_can,table_left,draft_unreviewed
images/train/WIN_20261006_23_48_36_Pro_frame000161.jpg,3,green_apple,table_right,draft_unreviewed
images/train/WIN_20261006_23_48_36_Pro_frame000161.jpg,4,mug,table_left,draft_unreviewed
images/train/WIN_20261006_23_48_36_Pro_frame000161.jpg,5,peach,table_right,draft_unreviewed
images/train/WIN_20261006_23_48_36_Pro_frame000161.jpg,6,plate,table_left,draft_unreviewed
images/train/WIN_20261006_23_48_36_Pro_frame000162.jpg,0,apple,table_left,draft_unreviewed
images/train/WIN_20261006_23_48_36_Pro_frame000162.jpg,1,banana,table_right,draft_unreviewed
images/train/WIN_20261006_23_48_36_Pro_frame000162.jpg,2,fanta_can,table_left,draft_unreviewed
images/train/WIN_20261006_23_48_36_Pro_frame000162.jpg,3,green_apple,table_right,draft_unreviewed
images/train/WIN_20261006_23_48_36_Pro_frame000162.jpg,4,mug,table_left,draft_unreviewed
images/train/WIN_20261006_23_48_36_Pro_frame000162.jpg,5,peach,table_right,draft_unreviewed
images/train/WIN_20261006_23_48_36_Pro_frame000162.jpg,6,plate,table_left,draft_unreviewed
images/train/WIN_20261006_23_48_36_Pro_frame000163.jpg,0,apple,table_left,draft_unreviewed
images/train/WIN_20261006_23_48_36_Pro_frame000163.jpg,1,banana,table_right,draft_unreviewed
images/train/WIN_20261006_23_48_36_Pro_frame000163.jpg,2,fanta_can,table_left,draft_unreviewed
images/train/WIN_20261006_23_48_36_Pro_frame000163.jpg,3,green_apple,table_right,draft_unreviewed
images/train/WIN_20261006_23_48_36_Pro_frame000163.jpg,4,mug,table_left,draft_unreviewed
images/train/WIN_20261006_23_48_36_Pro_frame000163.jpg,5,peach,table_right,draft_unreviewed
images/train/WIN_20261006_23_48_36_Pro_frame000163.jpg,6,plate,table_left,draft_unreviewed
images/train/WIN_20261006_23_48_36_Pro_frame000164.jpg,0,apple,table_left,draft_unreviewed
images/train/WIN_20261006_23_48_36_Pro_frame000164.jpg,1,banana,table_right,draft_unreviewed
images/train/WIN_20261006_23_48_36_Pro_frame000164.jpg,2,fanta_can,table_left,draft_unreviewed
images/train/WIN_20261006_23_48_36_Pro_frame000164.jpg,3,green_apple,table_right,draft_unreviewed
images/train/WIN_20261006_23_48_36_Pro_frame000164.jpg,4,mug,table_left,draft_unreviewed
images/train/WIN_20261006_23_48_36_Pro_frame000164.jpg,5,peach,table_right,draft_unreviewed
images/train/WIN_20261006_23_48_36_Pro_frame000164.jpg,6,plate,table_left,draft_unreviewed
images/train/WIN_20261006_23_48_36_Pro_frame000165.jpg,0,apple,table_left,draft_unreviewed
images/train/WIN_20261006_23_48_36_Pro_frame000165.jpg,1,banana,table_right,draft_unreviewed
images/train/WIN_20261006_23_48_36_Pro_frame000165.jpg,2,fanta_can,table_left,draft_unreviewed
images/train/WIN_20261006_23_48_36_Pro_frame000165.jpg,3,green_apple,table_right,draft_unreviewed
images/train/WIN_20261006_23_48_36_Pro_frame000165.jpg,4,mug,table_left,draft_unreviewed
images/train/WIN_20261006_23_48_36_Pro_frame000165.jpg,5,peach,table_right,draft_unreviewed
images/train/WIN_20261006_23_48_36_Pro_frame000165.jpg,6,plate,table_left,draft_unreviewed
images/train/WIN_20261006_23_48_36_Pro_frame000166.jpg,0,apple,table_left,draft_unreviewed
images/train/WIN_20261006_23_48_36_Pro_frame000166.jpg,1,banana,table_right,draft_unreviewed
images/train/WIN_20261006_23_48_36_Pro_frame000166.jpg,2,fanta_can,table_left,draft_unreviewed
images/train/WIN_20261006_23_48_36_Pro_frame000166.jpg,3,green_apple,table_right,draft_unreviewed
images/train/WIN_20261006_23_48_36_Pro_frame000166.jpg,4,mug,table_left,draft_unreviewed
images/train/WIN_20261006_23_48_36_Pro_frame000166.jpg,5,peach,table_right,draft_unreviewed
images/train/WIN_20261006_23_48_36_Pro_frame000166.jpg,6,plate,table_left,draft_unreviewed
images/train/WIN_20261006_23_48_36_Pro_frame000167.jpg,0,apple,table_left,draft_unreviewed
images/train/WIN_20261006_23_48_36_Pro_frame000167.jpg,1,banana,table_right,draft_unreviewed
images/train/WIN_20261006_23_48_36_Pro_frame000167.jpg,2,fanta_can,table_left,draft_unreviewed
images/train/WIN_20261006_23_48_36_Pro_frame000167.jpg,3,green_apple,table_right,draft_unreviewed
images/train/WIN_20261006_23_48_36_Pro_frame000167.jpg,4,mug,table_left,draft_unreviewed
images/train/WIN_20261006_23_48_36_Pro_frame000167.jpg,5,peach,table_right,draft_unreviewed
images/train/WIN_20261006_23_48_36_Pro_frame000167.jpg,6,plate,table_left,draft_unreviewed
images/train/WIN_20261006_23_48_36_Pro_frame000168.jpg,0,apple,table_left,draft_unreviewed
images/train/WIN_20261006_23_48_36_Pro_frame000168.jpg,1,banana,table_right,draft_unreviewed
images/train/WIN_20261006_23_48_36_Pro_frame000168.jpg,2,fanta_can,table_left,draft_unreviewed
images/train/WIN_20261006_23_48_36_Pro_frame000168.jpg,3,green_apple,table_right,draft_unreviewed
images/train/WIN_20261006_23_48_36_Pro_frame000168.jpg,4,mug,table_left,draft_unreviewed
images/train/WIN_20261006_23_48_36_Pro_frame000168.jpg,5,peach,table_right,draft_unreviewed
images/train/WIN_20261006_23_48_36_Pro_frame000168.jpg,6,plate,table_left,draft_unreviewed
images/train/WIN_20261006_23_48_36_Pro_frame000169.jpg,0,apple,table_left,draft_unreviewed
images/train/WIN_20261006_23_48_36_Pro_frame000169.jpg,1,banana,table_right,draft_unreviewed
images/train/WIN_20261006_23_48_36_Pro_frame000169.jpg,2,fanta_can,table_left,draft_unreviewed
images/train/WIN_20261006_23_48_36_Pro_frame000169.jpg,3,green_apple,table_right,draft_unreviewed
images/train/WIN_20261006_23_48_36_Pro_frame000169.jpg,4,mug,table_left,draft_unreviewed
images/train/WIN_20261006_23_48_36_Pro_frame000169.jpg,5,peach,table_right,draft_unreviewed
images/train/WIN_20261006_23_48_36_Pro_frame000169.jpg,6,plate,table_left,draft_unreviewed
images/train/WIN_20261006_23_48_36_Pro_frame000170.jpg,0,apple,table_left,draft_unreviewed
images/train/WIN_20261006_23_48_36_Pro_frame000170.jpg,1,banana,table_right,draft_unreviewed
images/train/WIN_20261006_23_48_36_Pro_frame000170.jpg,2,fanta_can,table_left,draft_unreviewed
images/train/WIN_20261006_23_48_36_Pro_frame000170.jpg,3,green_apple,table_right,draft_unreviewed
images/train/WIN_20261006_23_48_36_Pro_frame000170.jpg,4,mug,table_left,draft_unreviewed
images/train/WIN_20261006_23_48_36_Pro_frame000170.jpg,5,peach,table_right,draft_unreviewed
images/train/WIN_20261006_23_48_36_Pro_frame000170.jpg,6,plate,table_left,draft_unreviewed
images/train/WIN_20261006_23_48_36_Pro_frame000171.jpg,0,apple,table_left,draft_unreviewed
images/train/WIN_20261006_23_48_36_Pro_frame000171.jpg,1,banana,table_right,draft_unreviewed
images/train/WIN_20261006_23_48_36_Pro_frame000171.jpg,2,fanta_can,table_left,draft_unreviewed
images/train/WIN_20261006_23_48_36_Pro_frame000171.jpg,3,green_apple,table_right,draft_unreviewed
images/train/WIN_20261006_23_48_36_Pro_frame000171.jpg,4,mug,table_left,draft_unreviewed
images/train/WIN_20261006_23_48_36_Pro_frame000171.jpg,5,peach,table_right,draft_unreviewed
images/train/WIN_20261006_23_48_36_Pro_frame000171.jpg,6,plate,table_left,draft_unreviewed
images/train/WIN_20261006_23_48_36_Pro_frame000172.jpg,0,apple,table_left,draft_unreviewed
images/train/WIN_20261006_23_48_36_Pro_frame000172.jpg,1,banana,table_right,draft_unreviewed
images/train/WIN_20261006_23_48_36_Pro_frame000172.jpg,2,fanta_can,table_left,draft_unreviewed
images/train/WIN_20261006_23_48_36_Pro_frame000172.jpg,3,green_apple,table_right,draft_unreviewed
images/train/WIN_20261006_23_48_36_Pro_frame000172.jpg,4,mug,table_left,draft_unreviewed
images/train/WIN_20261006_23_48_36_Pro_frame000172.jpg,5,peach,table_right,draft_unreviewed
images/train/WIN_20261006_23_48_36_Pro_frame000172.jpg,6,plate,table_left,draft_unreviewed
images/train/WIN_20261006_23_48_36_Pro_frame000173.jpg,0,apple,table_left,draft_unreviewed
images/train/WIN_20261006_23_48_36_Pro_frame000173.jpg,1,banana,table_right,draft_unreviewed
images/train/WIN_20261006_23_48_36_Pro_frame000173.jpg,2,fanta_can,table_left,draft_unreviewed
images/train/WIN_20261006_23_48_36_Pro_frame000173.jpg,3,green_apple,table_right,draft_unreviewed
images/train/WIN_20261006_23_48_36_Pro_frame000173.jpg,4,mug,table_left,draft_unreviewed
images/train/WIN_20261006_23_48_36_Pro_frame000173.jpg,5,peach,table_right,draft_unreviewed
images/train/WIN_20261006_23_48_36_Pro_frame000173.jpg,6,plate,table_left,draft_unreviewed
images/train/WIN_20261006_23_48_36_Pro_frame000174.jpg,0,apple,table_left,draft_unreviewed
images/train/WIN_20261006_23_48_36_Pro_frame000174.jpg,1,banana,table_right,draft_unreviewed
images/train/WIN_20261006_23_48_36_Pro_frame000174.jpg,2,fanta_can,table_left,draft_unreviewed
images/train/WIN_20261006_23_48_36_Pro_frame000174.jpg,3,green_apple,table_right,draft_unreviewed
images/train/WIN_20261006_23_48_36_Pro_frame000174.jpg,4,mug,table_left,draft_unreviewed
images/train/WIN_20261006_23_48_36_Pro_frame000174.jpg,5,peach,table_right,draft_unreviewed
images/train/WIN_20261006_23_48_36_Pro_frame000174.jpg,6,plate,table_left,draft_unreviewed
images/train/WIN_20261006_23_48_36_Pro_frame000175.jpg,0,apple,table_left,draft_unreviewed
images/train/WIN_20261006_23_48_36_Pro_frame000175.jpg,1,banana,table_right,draft_unreviewed
images/train/WIN_20261006_23_48_36_Pro_frame000175.jpg,2,fanta_can,table_left,draft_unreviewed
images/train/WIN_20261006_23_48_36_Pro_frame000175.jpg,3,green_apple,table_right,draft_unreviewed
images/train/WIN_20261006_23_48_36_Pro_frame000175.jpg,4,mug,table_left,draft_unreviewed
images/train/WIN_20261006_23_48_36_Pro_frame000175.jpg,5,peach,table_right,draft_unreviewed
images/train/WIN_20261006_23_48_36_Pro_frame000175.jpg,6,plate,table_left,draft_unreviewed
images/train/WIN_20261006_23_48_36_Pro_frame000176.jpg,0,apple,table_left,draft_unreviewed
images/train/WIN_20261006_23_48_36_Pro_frame000176.jpg,1,banana,table_right,draft_unreviewed
images/train/WIN_20261006_23_48_36_Pro_frame000176.jpg,2,fanta_can,table_left,draft_unreviewed
images/train/WIN_20261006_23_48_36_Pro_frame000176.jpg,3,green_apple,table_right,draft_unreviewed
images/train/WIN_20261006_23_48_36_Pro_frame000176.jpg,4,mug,table_left,draft_unreviewed
images/train/WIN_20261006_23_48_36_Pro_frame000176.jpg,5,peach,table_right,draft_unreviewed
images/train/WIN_20261006_23_48_36_Pro_frame000176.jpg,6,plate,table_left,draft_unreviewed
images/train/WIN_20261006_23_48_36_Pro_frame000177.jpg,0,apple,table_left,draft_unreviewed
images/train/WIN_20261006_23_48_36_Pro_frame000177.jpg,1,banana,table_right,draft_unreviewed
images/train/WIN_20261006_23_48_36_Pro_frame000177.jpg,2,fanta_can,table_left,draft_unreviewed
images/train/WIN_20261006_23_48_36_Pro_frame000177.jpg,3,green_apple,table_right,draft_unreviewed
images/train/WIN_20261006_23_48_36_Pro_frame000177.jpg,4,mug,table_left,draft_unreviewed
images/train/WIN_20261006_23_48_36_Pro_frame000177.jpg,5,peach,table_right,draft_unreviewed
images/train/WIN_20261006_23_48_36_Pro_frame000177.jpg,6,plate,table_left,draft_unreviewed
images/train/WIN_20261006_23_48_36_Pro_frame000178.jpg,0,apple,table_left,draft_unreviewed
images/train/WIN_20261006_23_48_36_Pro_frame000178.jpg,1,banana,table_right,draft_unreviewed
images/train/WIN_20261006_23_48_36_Pro_frame000178.jpg,2,fanta_can,table_left,draft_unreviewed
images/train/WIN_20261006_23_48_36_Pro_frame000178.jpg,3,green_apple,table_right,draft_unreviewed
images/train/WIN_20261006_23_48_36_Pro_frame000178.jpg,4,mug,table_left,draft_unreviewed
images/train/WIN_20261006_23_48_36_Pro_frame000178.jpg,5,peach,table_right,draft_unreviewed
images/train/WIN_20261006_23_48_36_Pro_frame000178.jpg,6,plate,table_left,draft_unreviewed
images/train/WIN_20261006_23_48_36_Pro_frame000179.jpg,0,apple,table_left,draft_unreviewed
images/train/WIN_20261006_23_48_36_Pro_frame000179.jpg,1,banana,table_right,draft_unreviewed
images/train/WIN_20261006_23_48_36_Pro_frame000179.jpg,2,fanta_can,table_left,draft_unreviewed
images/train/WIN_20261006_23_48_36_Pro_frame000179.jpg,3,green_apple,table_right,draft_unreviewed
images/train/WIN_20261006_23_48_36_Pro_frame000179.jpg,4,mug,table_left,draft_unreviewed
images/train/WIN_20261006_23_48_36_Pro_frame000179.jpg,5,peach,table_right,draft_unreviewed
images/train/WIN_20261006_23_48_36_Pro_frame000179.jpg,6,plate,table_left,draft_unreviewed
images/train/WIN_20261006_23_48_36_Pro_frame000180.jpg,0,apple,table_left,draft_unreviewed
images/train/WIN_20261006_23_48_36_Pro_frame000180.jpg,1,banana,table_right,draft_unreviewed
images/train/WIN_20261006_23_48_36_Pro_frame000180.jpg,2,fanta_can,table_left,draft_unreviewed
images/train/WIN_20261006_23_48_36_Pro_frame000180.jpg,3,green_apple,table_right,draft_unreviewed
images/train/WIN_20261006_23_48_36_Pro_frame000180.jpg,4,mug,table_left,draft_unreviewed
images/train/WIN_20261006_23_48_36_Pro_frame000180.jpg,5,peach,table_right,draft_unreviewed
images/train/WIN_20261006_23_48_36_Pro_frame000180.jpg,6,plate,table_left,draft_unreviewed
images/train/WIN_20261006_23_48_36_Pro_frame000181.jpg,0,apple,table_left,draft_unreviewed
images/train/WIN_20261006_23_48_36_Pro_frame000181.jpg,1,banana,table_right,draft_unreviewed
images/train/WIN_20261006_23_48_36_Pro_frame000181.jpg,2,fanta_can,table_left,draft_unreviewed
images/train/WIN_20261006_23_48_36_Pro_frame000181.jpg,3,green_apple,table_right,draft_unreviewed
images/train/WIN_20261006_23_48_36_Pro_frame000181.jpg,4,mug,table_left,draft_unreviewed
images/train/WIN_20261006_23_48_36_Pro_frame000181.jpg,5,peach,table_right,draft_unreviewed
images/train/WIN_20261006_23_48_36_Pro_frame000181.jpg,6,plate,table_left,draft_unreviewed
images/train/WIN_20261006_23_48_36_Pro_frame000182.jpg,0,apple,table_left,draft_unreviewed
images/train/WIN_20261006_23_48_36_Pro_frame000182.jpg,1,banana,table_right,draft_unreviewed
images/train/WIN_20261006_23_48_36_Pro_frame000182.jpg,2,fanta_can,table_left,draft_unreviewed
images/train/WIN_20261006_23_48_36_Pro_frame000182.jpg,3,green_apple,table_right,draft_unreviewed
images/train/WIN_20261006_23_48_36_Pro_frame000182.jpg,4,mug,table_left,draft_unreviewed
images/train/WIN_20261006_23_48_36_Pro_frame000182.jpg,5,peach,table_right,draft_unreviewed
images/train/WIN_20261006_23_48_36_Pro_frame000182.jpg,6,plate,table_left,draft_unreviewed
images/train/WIN_20261006_23_48_36_Pro_frame000183.jpg,0,apple,table_left,draft_unreviewed
images/train/WIN_20261006_23_48_36_Pro_frame000183.jpg,1,banana,table_right,draft_unreviewed
images/train/WIN_20261006_23_48_36_Pro_frame000183.jpg,2,fanta_can,table_left,draft_unreviewed
images/train/WIN_20261006_23_48_36_Pro_frame000183.jpg,3,green_apple,table_right,draft_unreviewed
images/train/WIN_20261006_23_48_36_Pro_frame000183.jpg,4,mug,table_left,draft_unreviewed
images/train/WIN_20261006_23_48_36_Pro_frame000183.jpg,5,peach,table_right,draft_unreviewed
images/train/WIN_20261006_23_48_36_Pro_frame000183.jpg,6,plate,table_left,draft_unreviewed
images/train/WIN_20261006_23_48_36_Pro_frame000184.jpg,0,apple,table_left,draft_unreviewed
images/train/WIN_20261006_23_48_36_Pro_frame000184.jpg,1,banana,table_right,draft_unreviewed
images/train/WIN_20261006_23_48_36_Pro_frame000184.jpg,2,fanta_can,table_left,draft_unreviewed
images/train/WIN_20261006_23_48_36_Pro_frame000184.jpg,3,green_apple,table_right,draft_unreviewed
images/train/WIN_20261006_23_48_36_Pro_frame000184.jpg,4,mug,table_left,draft_unreviewed
images/train/WIN_20261006_23_48_36_Pro_frame000184.jpg,5,peach,table_right,draft_unreviewed
images/train/WIN_20261006_23_48_36_Pro_frame000184.jpg,6,plate,table_left,draft_unreviewed
images/train/WIN_20261006_23_48_36_Pro_frame000185.jpg,0,apple,table_left,draft_unreviewed
images/train/WIN_20261006_23_48_36_Pro_frame000185.jpg,1,banana,table_right,draft_unreviewed
images/train/WIN_20261006_23_48_36_Pro_frame000185.jpg,2,fanta_can,table_left,draft_unreviewed
images/train/WIN_20261006_23_48_36_Pro_frame000185.jpg,3,green_apple,table_right,draft_unreviewed
images/train/WIN_20261006_23_48_36_Pro_frame000185.jpg,4,mug,table_left,draft_unreviewed
images/train/WIN_20261006_23_48_36_Pro_frame000185.jpg,5,peach,table_right,draft_unreviewed
images/train/WIN_20261006_23_48_36_Pro_frame000185.jpg,6,plate,table_left,draft_unreviewed
images/train/WIN_20261006_23_48_36_Pro_frame000186.jpg,0,apple,table_left,draft_unreviewed
images/train/WIN_20261006_23_48_36_Pro_frame000186.jpg,1,banana,table_right,draft_unreviewed
images/train/WIN_20261006_23_48_36_Pro_frame000186.jpg,2,fanta_can,table_left,draft_unreviewed
images/train/WIN_20261006_23_48_36_Pro_frame000186.jpg,3,green_apple,table_right,draft_unreviewed
images/train/WIN_20261006_23_48_36_Pro_frame000186.jpg,4,mug,table_left,draft_unreviewed
images/train/WIN_20261006_23_48_36_Pro_frame000186.jpg,5,peach,table_right,draft_unreviewed
images/train/WIN_20261006_23_48_36_Pro_frame000186.jpg,6,plate,table_left,draft_unreviewed
images/train/WIN_20261006_23_48_36_Pro_frame000187.jpg,0,apple,table_left,draft_unreviewed
images/train/WIN_20261006_23_48_36_Pro_frame000187.jpg,1,banana,table_right,draft_unreviewed
images/train/WIN_20261006_23_48_36_Pro_frame000187.jpg,2,fanta_can,table_left,draft_unreviewed
images/train/WIN_20261006_23_48_36_Pro_frame000187.jpg,3,green_apple,table_right,draft_unreviewed
images/train/WIN_20261006_23_48_36_Pro_frame000187.jpg,4,mug,table_left,draft_unreviewed
images/train/WIN_20261006_23_48_36_Pro_frame000187.jpg,5,peach,table_right,draft_unreviewed
images/train/WIN_20261006_23_48_36_Pro_frame000187.jpg,6,plate,table_left,draft_unreviewed
images/train/WIN_20261006_23_48_36_Pro_frame000188.jpg,0,apple,table_left,draft_unreviewed
images/train/WIN_20261006_23_48_36_Pro_frame000188.jpg,1,banana,table_right,draft_unreviewed
images/train/WIN_20261006_23_48_36_Pro_frame000188.jpg,2,fanta_can,table_left,draft_unreviewed
images/train/WIN_20261006_23_48_36_Pro_frame000188.jpg,3,green_apple,table_right,draft_unreviewed
images/train/WIN_20261006_23_48_36_Pro_frame000188.jpg,4,mug,table_left,draft_unreviewed
images/train/WIN_20261006_23_48_36_Pro_frame000188.jpg,5,peach,table_right,draft_unreviewed
images/train/WIN_20261006_23_48_36_Pro_frame000188.jpg,6,plate,table_left,draft_unreviewed
images/train/WIN_20261006_23_48_36_Pro_frame000189.jpg,0,apple,table_left,draft_unreviewed
images/train/WIN_20261006_23_48_36_Pro_frame000189.jpg,1,banana,table_right,draft_unreviewed
images/train/WIN_20261006_23_48_36_Pro_frame000189.jpg,2,fanta_can,table_left,draft_unreviewed
images/train/WIN_20261006_23_48_36_Pro_frame000189.jpg,3,green_apple,table_right,draft_unreviewed
images/train/WIN_20261006_23_48_36_Pro_frame000189.jpg,4,mug,table_left,draft_unreviewed
images/train/WIN_20261006_23_48_36_Pro_frame000189.jpg,5,peach,table_right,draft_unreviewed
images/train/WIN_20261006_23_48_36_Pro_frame000189.jpg,6,plate,table_left,draft_unreviewed
images/train/WIN_20261006_23_48_36_Pro_frame000190.jpg,0,apple,table_left,draft_unreviewed
images/train/WIN_20261006_23_48_36_Pro_frame000190.jpg,1,banana,table_right,draft_unreviewed
images/train/WIN_20261006_23_48_36_Pro_frame000190.jpg,2,fanta_can,table_left,draft_unreviewed
images/train/WIN_20261006_23_48_36_Pro_frame000190.jpg,3,green_apple,table_right,draft_unreviewed
images/train/WIN_20261006_23_48_36_Pro_frame000190.jpg,4,mug,table_left,draft_unreviewed
images/train/WIN_20261006_23_48_36_Pro_frame000190.jpg,5,peach,table_right,draft_unreviewed
images/train/WIN_20261006_23_48_36_Pro_frame000190.jpg,6,plate,table_left,draft_unreviewed
images/train/WIN_20261006_23_48_36_Pro_frame000191.jpg,0,apple,table_left,draft_unreviewed
images/train/WIN_20261006_23_48_36_Pro_frame000191.jpg,1,banana,table_right,draft_unreviewed
images/train/WIN_20261006_23_48_36_Pro_frame000191.jpg,2,fanta_can,table_left,draft_unreviewed
images/train/WIN_20261006_23_48_36_Pro_frame000191.jpg,3,green_apple,table_right,draft_unreviewed
images/train/WIN_20261006_23_48_36_Pro_frame000191.jpg,4,mug,table_left,draft_unreviewed
images/train/WIN_20261006_23_48_36_Pro_frame000191.jpg,5,peach,table_right,draft_unreviewed
images/train/WIN_20261006_23_48_36_Pro_frame000191.jpg,6,plate,table_left,draft_unreviewed
images/train/WIN_20261006_23_48_36_Pro_frame000192.jpg,0,apple,table_left,draft_unreviewed
images/train/WIN_20261006_23_48_36_Pro_frame000192.jpg,1,banana,table_right,draft_unreviewed
images/train/WIN_20261006_23_48_36_Pro_frame000192.jpg,2,fanta_can,table_left,draft_unreviewed
images/train/WIN_20261006_23_48_36_Pro_frame000192.jpg,3,green_apple,table_right,draft_unreviewed
images/train/WIN_20261006_23_48_36_Pro_frame000192.jpg,4,mug,table_left,draft_unreviewed
images/train/WIN_20261006_23_48_36_Pro_frame000192.jpg,5,peach,table_right,draft_unreviewed
images/train/WIN_20261006_23_48_36_Pro_frame000192.jpg,6,plate,table_left,draft_unreviewed
images/train/WIN_20261006_23_48_36_Pro_frame000193.jpg,0,apple,table_left,draft_unreviewed
images/train/WIN_20261006_23_48_36_Pro_frame000193.jpg,1,banana,table_right,draft_unreviewed
images/train/WIN_20261006_23_48_36_Pro_frame000193.jpg,2,fanta_can,table_left,draft_unreviewed
images/train/WIN_20261006_23_48_36_Pro_frame000193.jpg,3,green_apple,table_right,draft_unreviewed
images/train/WIN_20261006_23_48_36_Pro_frame000193.jpg,4,mug,table_left,draft_unreviewed
images/train/WIN_20261006_23_48_36_Pro_frame000193.jpg,5,peach,table_right,draft_unreviewed
images/train/WIN_20261006_23_48_36_Pro_frame000193.jpg,6,plate,table_left,draft_unreviewed
images/train/WIN_20261006_23_48_36_Pro_frame000194.jpg,0,apple,table_left,draft_unreviewed
images/train/WIN_20261006_23_48_36_Pro_frame000194.jpg,1,banana,table_right,draft_unreviewed
images/train/WIN_20261006_23_48_36_Pro_frame000194.jpg,2,fanta_can,table_left,draft_unreviewed
images/train/WIN_20261006_23_48_36_Pro_frame000194.jpg,3,green_apple,table_right,draft_unreviewed
images/train/WIN_20261006_23_48_36_Pro_frame000194.jpg,4,mug,table_left,draft_unreviewed
images/train/WIN_20261006_23_48_36_Pro_frame000194.jpg,5,peach,table_right,draft_unreviewed
images/train/WIN_20261006_23_48_36_Pro_frame000194.jpg,6,plate,table_left,draft_unreviewed
images/train/WIN_20261006_23_48_36_Pro_frame000195.jpg,0,apple,table_left,draft_unreviewed
images/train/WIN_20261006_23_48_36_Pro_frame000195.jpg,1,banana,table_right,draft_unreviewed
images/train/WIN_20261006_23_48_36_Pro_frame000195.jpg,2,fanta_can,table_left,draft_unreviewed
images/train/WIN_20261006_23_48_36_Pro_frame000195.jpg,3,green_apple,table_right,draft_unreviewed
images/train/WIN_20261006_23_48_36_Pro_frame000195.jpg,4,mug,table_left,draft_unreviewed
images/train/WIN_20261006_23_48_36_Pro_frame000195.jpg,5,peach,table_right,draft_unreviewed
images/train/WIN_20261006_23_48_36_Pro_frame000195.jpg,6,plate,table_left,draft_unreviewed
images/train/WIN_20261006_23_48_36_Pro_frame000196.jpg,0,apple,table_left,draft_unreviewed
images/train/WIN_20261006_23_48_36_Pro_frame000196.jpg,1,banana,table_right,draft_unreviewed
images/train/WIN_20261006_23_48_36_Pro_frame000196.jpg,2,fanta_can,table_left,draft_unreviewed
images/train/WIN_20261006_23_48_36_Pro_frame000196.jpg,3,green_apple,table_right,draft_unreviewed
images/train/WIN_20261006_23_48_36_Pro_frame000196.jpg,4,mug,table_left,draft_unreviewed
images/train/WIN_20261006_23_48_36_Pro_frame000196.jpg,5,peach,table_right,draft_unreviewed
images/train/WIN_20261006_23_48_36_Pro_frame000196.jpg,6,plate,table_left,draft_unreviewed
images/train/WIN_20261006_23_48_36_Pro_frame000197.jpg,0,apple,table_left,draft_unreviewed
images/train/WIN_20261006_23_48_36_Pro_frame000197.jpg,1,banana,table_right,draft_unreviewed
images/train/WIN_20261006_23_48_36_Pro_frame000197.jpg,2,fanta_can,table_left,draft_unreviewed
images/train/WIN_20261006_23_48_36_Pro_frame000197.jpg,3,green_apple,table_right,draft_unreviewed
images/train/WIN_20261006_23_48_36_Pro_frame000197.jpg,4,mug,table_left,draft_unreviewed
images/train/WIN_20261006_23_48_36_Pro_frame000197.jpg,5,peach,table_right,draft_unreviewed
images/train/WIN_20261006_23_48_36_Pro_frame000197.jpg,6,plate,table_left,draft_unreviewed
images/train/WIN_20261006_23_48_36_Pro_frame000198.jpg,0,apple,table_left,draft_unreviewed
images/train/WIN_20261006_23_48_36_Pro_frame000198.jpg,1,banana,table_right,draft_unreviewed
images/train/WIN_20261006_23_48_36_Pro_frame000198.jpg,2,fanta_can,table_left,draft_unreviewed
images/train/WIN_20261006_23_48_36_Pro_frame000198.jpg,3,green_apple,table_right,draft_unreviewed
images/train/WIN_20261006_23_48_36_Pro_frame000198.jpg,4,mug,table_left,draft_unreviewed
images/train/WIN_20261006_23_48_36_Pro_frame000198.jpg,5,peach,table_right,draft_unreviewed
images/train/WIN_20261006_23_48_36_Pro_frame000198.jpg,6,plate,table_left,draft_unreviewed
images/train/WIN_20261006_23_48_36_Pro_frame000199.jpg,0,apple,table_left,draft_unreviewed
images/train/WIN_20261006_23_48_36_Pro_frame000199.jpg,1,banana,table_right,draft_unreviewed
images/train/WIN_20261006_23_48_36_Pro_frame000199.jpg,2,fanta_can,table_left,draft_unreviewed
images/train/WIN_20261006_23_48_36_Pro_frame000199.jpg,3,green_apple,table_right,draft_unreviewed
images/train/WIN_20261006_23_48_36_Pro_frame000199.jpg,4,mug,table_left,draft_unreviewed
images/train/WIN_20261006_23_48_36_Pro_frame000199.jpg,5,peach,table_right,draft_unreviewed
images/train/WIN_20261006_23_48_36_Pro_frame000199.jpg,6,plate,table_left,draft_unreviewed
images/train/WIN_20261006_23_48_36_Pro_frame000200.jpg,0,apple,table_left,draft_unreviewed
images/train/WIN_20261006_23_48_36_Pro_frame000200.jpg,1,banana,table_right,draft_unreviewed
images/train/WIN_20261006_23_48_36_Pro_frame000200.jpg,2,fanta_can,table_left,draft_unreviewed
images/train/WIN_20261006_23_48_36_Pro_frame000200.jpg,3,green_apple,table_right,draft_unreviewed
images/train/WIN_20261006_23_48_36_Pro_frame000200.jpg,4,mug,table_left,draft_unreviewed
images/train/WIN_20261006_23_48_36_Pro_frame000200.jpg,5,peach,table_right,draft_unreviewed
images/train/WIN_20261006_23_48_36_Pro_frame000200.jpg,6,plate,table_left,draft_unreviewed
images/train/WIN_20261006_23_48_36_Pro_frame000201.jpg,0,apple,table_left,draft_unreviewed
images/train/WIN_20261006_23_48_36_Pro_frame000201.jpg,1,banana,table_right,draft_unreviewed
images/train/WIN_20261006_23_48_36_Pro_frame000201.jpg,2,fanta_can,table_left,draft_unreviewed
images/train/WIN_20261006_23_48_36_Pro_frame000201.jpg,3,green_apple,table_right,draft_unreviewed
images/train/WIN_20261006_23_48_36_Pro_frame000201.jpg,4,mug,table_left,draft_unreviewed
images/train/WIN_20261006_23_48_36_Pro_frame000201.jpg,5,peach,table_right,draft_unreviewed
images/train/WIN_20261006_23_48_36_Pro_frame000201.jpg,6,plate,table_left,draft_unreviewed
images/train/WIN_20261006_23_48_36_Pro_frame000202.jpg,0,apple,table_left,draft_unreviewed
images/train/WIN_20261006_23_48_36_Pro_frame000202.jpg,1,banana,table_right,draft_unreviewed
images/train/WIN_20261006_23_48_36_Pro_frame000202.jpg,2,fanta_can,table_left,draft_unreviewed
images/train/WIN_20261006_23_48_36_Pro_frame000202.jpg,3,green_apple,table_right,draft_unreviewed
images/train/WIN_20261006_23_48_36_Pro_frame000202.jpg,4,mug,table_left,draft_unreviewed
images/train/WIN_20261006_23_48_36_Pro_frame000202.jpg,5,peach,table_right,draft_unreviewed
images/train/WIN_20261006_23_48_36_Pro_frame000202.jpg,6,plate,table_left,draft_unreviewed
images/train/WIN_20261006_23_48_36_Pro_frame000203.jpg,0,apple,table_left,draft_unreviewed
images/train/WIN_20261006_23_48_36_Pro_frame000203.jpg,1,banana,table_right,draft_unreviewed
images/train/WIN_20261006_23_48_36_Pro_frame000203.jpg,2,fanta_can,table_left,draft_unreviewed
images/train/WIN_20261006_23_48_36_Pro_frame000203.jpg,3,green_apple,table_right,draft_unreviewed
images/train/WIN_20261006_23_48_36_Pro_frame000203.jpg,4,mug,table_left,draft_unreviewed
images/train/WIN_20261006_23_48_36_Pro_frame000203.jpg,5,peach,table_right,draft_unreviewed
images/train/WIN_20261006_23_48_36_Pro_frame000203.jpg,6,plate,table_left,draft_unreviewed
images/train/WIN_20261006_23_48_36_Pro_frame000204.jpg,0,apple,table_left,draft_unreviewed
images/train/WIN_20261006_23_48_36_Pro_frame000204.jpg,1,banana,table_right,draft_unreviewed
images/train/WIN_20261006_23_48_36_Pro_frame000204.jpg,2,fanta_can,table_left,draft_unreviewed
images/train/WIN_20261006_23_48_36_Pro_frame000204.jpg,3,green_apple,table_right,draft_unreviewed
images/train/WIN_20261006_23_48_36_Pro_frame000204.jpg,4,mug,table_left,draft_unreviewed
images/train/WIN_20261006_23_48_36_Pro_frame000204.jpg,5,peach,table_right,draft_unreviewed
images/train/WIN_20261006_23_48_36_Pro_frame000204.jpg,6,plate,table_left,draft_unreviewed
images/train/WIN_20261006_23_48_36_Pro_frame000205.jpg,0,apple,table_left,draft_unreviewed
images/train/WIN_20261006_23_48_36_Pro_frame000205.jpg,1,banana,table_right,draft_unreviewed
images/train/WIN_20261006_23_48_36_Pro_frame000205.jpg,2,fanta_can,table_left,draft_unreviewed
images/train/WIN_20261006_23_48_36_Pro_frame000205.jpg,3,green_apple,table_right,draft_unreviewed
images/train/WIN_20261006_23_48_36_Pro_frame000205.jpg,4,mug,table_left,draft_unreviewed
images/train/WIN_20261006_23_48_36_Pro_frame000205.jpg,5,peach,table_right,draft_unreviewed
images/train/WIN_20261006_23_48_36_Pro_frame000205.jpg,6,plate,table_left,draft_unreviewed
images/train/WIN_20261006_23_48_36_Pro_frame000206.jpg,0,apple,table_left,draft_unreviewed
images/train/WIN_20261006_23_48_36_Pro_frame000206.jpg,1,banana,table_right,draft_unreviewed
images/train/WIN_20261006_23_48_36_Pro_frame000206.jpg,2,fanta_can,table_left,draft_unreviewed
images/train/WIN_20261006_23_48_36_Pro_frame000206.jpg,3,green_apple,table_right,draft_unreviewed
images/train/WIN_20261006_23_48_36_Pro_frame000206.jpg,4,mug,table_left,draft_unreviewed
images/train/WIN_20261006_23_48_36_Pro_frame000206.jpg,5,peach,table_right,draft_unreviewed
images/train/WIN_20261006_23_48_36_Pro_frame000206.jpg,6,plate,table_left,draft_unreviewed
images/train/WIN_20261006_23_48_36_Pro_frame000207.jpg,0,apple,table_left,draft_unreviewed
images/train/WIN_20261006_23_48_36_Pro_frame000207.jpg,1,banana,table_right,draft_unreviewed
images/train/WIN_20261006_23_48_36_Pro_frame000207.jpg,2,fanta_can,table_left,draft_unreviewed
images/train/WIN_20261006_23_48_36_Pro_frame000207.jpg,3,green_apple,table_right,draft_unreviewed
images/train/WIN_20261006_23_48_36_Pro_frame000207.jpg,4,mug,table_left,draft_unreviewed
images/train/WIN_20261006_23_48_36_Pro_frame000207.jpg,5,peach,table_right,draft_unreviewed
images/train/WIN_20261006_23_48_36_Pro_frame000207.jpg,6,plate,table_left,draft_unreviewed
images/train/WIN_20261006_23_48_36_Pro_frame000208.jpg,0,apple,table_left,draft_unreviewed
images/train/WIN_20261006_23_48_36_Pro_frame000208.jpg,1,banana,table_right,draft_unreviewed
images/train/WIN_20261006_23_48_36_Pro_frame000208.jpg,2,fanta_can,table_left,draft_unreviewed
images/train/WIN_20261006_23_48_36_Pro_frame000208.jpg,3,green_apple,table_right,draft_unreviewed
images/train/WIN_20261006_23_48_36_Pro_frame000208.jpg,4,mug,table_left,draft_unreviewed
images/train/WIN_20261006_23_48_36_Pro_frame000208.jpg,5,peach,table_right,draft_unreviewed
images/train/WIN_20261006_23_48_36_Pro_frame000208.jpg,6,plate,table_left,draft_unreviewed
images/train/WIN_20261006_23_48_36_Pro_frame000209.jpg,0,apple,table_left,draft_unreviewed
images/train/WIN_20261006_23_48_36_Pro_frame000209.jpg,1,banana,table_right,draft_unreviewed
images/train/WIN_20261006_23_48_36_Pro_frame000209.jpg,2,fanta_can,table_left,draft_unreviewed
images/train/WIN_20261006_23_48_36_Pro_frame000209.jpg,3,green_apple,table_right,draft_unreviewed
images/train/WIN_20261006_23_48_36_Pro_frame000209.jpg,4,mug,table_left,draft_unreviewed
images/train/WIN_20261006_23_48_36_Pro_frame000209.jpg,5,peach,table_right,draft_unreviewed
images/train/WIN_20261006_23_48_36_Pro_frame000209.jpg,6,plate,table_left,draft_unreviewed
images/train/WIN_20261006_23_48_36_Pro_frame000210.jpg,0,apple,table_left,draft_unreviewed
images/train/WIN_20261006_23_48_36_Pro_frame000210.jpg,1,banana,table_right,draft_unreviewed
images/train/WIN_20261006_23_48_36_Pro_frame000210.jpg,2,fanta_can,table_left,draft_unreviewed
images/train/WIN_20261006_23_48_36_Pro_frame000210.jpg,3,green_apple,table_right,draft_unreviewed
images/train/WIN_20261006_23_48_36_Pro_frame000210.jpg,4,mug,table_left,draft_unreviewed
images/train/WIN_20261006_23_48_36_Pro_frame000210.jpg,5,peach,table_right,draft_unreviewed
images/train/WIN_20261006_23_48_36_Pro_frame000210.jpg,6,plate,table_left,draft_unreviewed
images/train/WIN_20261006_23_48_36_Pro_frame000211.jpg,0,apple,table_left,draft_unreviewed
images/train/WIN_20261006_23_48_36_Pro_frame000211.jpg,1,banana,table_right,draft_unreviewed
images/train/WIN_20261006_23_48_36_Pro_frame000211.jpg,2,fanta_can,table_left,draft_unreviewed
images/train/WIN_20261006_23_48_36_Pro_frame000211.jpg,3,green_apple,table_right,draft_unreviewed
images/train/WIN_20261006_23_48_36_Pro_frame000211.jpg,4,mug,table_left,draft_unreviewed
images/train/WIN_20261006_23_48_36_Pro_frame000211.jpg,5,peach,table_right,draft_unreviewed
images/train/WIN_20261006_23_48_36_Pro_frame000211.jpg,6,plate,table_left,draft_unreviewed
images/train/WIN_20261006_23_48_36_Pro_frame000212.jpg,0,apple,table_left,draft_unreviewed
images/train/WIN_20261006_23_48_36_Pro_frame000212.jpg,1,banana,table_right,draft_unreviewed
images/train/WIN_20261006_23_48_36_Pro_frame000212.jpg,2,fanta_can,table_left,draft_unreviewed
images/train/WIN_20261006_23_48_36_Pro_frame000212.jpg,3,green_apple,table_right,draft_unreviewed
images/train/WIN_20261006_23_48_36_Pro_frame000212.jpg,4,mug,table_left,draft_unreviewed
images/train/WIN_20261006_23_48_36_Pro_frame000212.jpg,5,peach,table_right,draft_unreviewed
images/train/WIN_20261006_23_48_36_Pro_frame000212.jpg,6,plate,table_left,draft_unreviewed
images/train/WIN_20261006_23_48_36_Pro_frame000213.jpg,0,apple,table_left,draft_unreviewed
images/train/WIN_20261006_23_48_36_Pro_frame000213.jpg,1,banana,table_right,draft_unreviewed
images/train/WIN_20261006_23_48_36_Pro_frame000213.jpg,2,fanta_can,table_left,draft_unreviewed
images/train/WIN_20261006_23_48_36_Pro_frame000213.jpg,3,green_apple,table_right,draft_unreviewed
images/train/WIN_20261006_23_48_36_Pro_frame000213.jpg,4,mug,table_left,draft_unreviewed
images/train/WIN_20261006_23_48_36_Pro_frame000213.jpg,5,peach,table_right,draft_unreviewed
images/train/WIN_20261006_23_48_36_Pro_frame000213.jpg,6,plate,table_left,draft_unreviewed
images/train/WIN_20261006_23_48_36_Pro_frame000214.jpg,0,apple,table_left,draft_unreviewed
images/train/WIN_20261006_23_48_36_Pro_frame000214.jpg,1,banana,table_right,draft_unreviewed
images/train/WIN_20261006_23_48_36_Pro_frame000214.jpg,2,fanta_can,table_left,draft_unreviewed
images/train/WIN_20261006_23_48_36_Pro_frame000214.jpg,3,green_apple,table_right,draft_unreviewed
images/train/WIN_20261006_23_48_36_Pro_frame000214.jpg,4,mug,table_left,draft_unreviewed
images/train/WIN_20261006_23_48_36_Pro_frame000214.jpg,5,peach,table_right,draft_unreviewed
images/train/WIN_20261006_23_48_36_Pro_frame000214.jpg,6,plate,table_left,draft_unreviewed
images/train/WIN_20261006_23_48_36_Pro_frame000215.jpg,0,apple,table_left,draft_unreviewed
images/train/WIN_20261006_23_48_36_Pro_frame000215.jpg,1,banana,table_right,draft_unreviewed
images/train/WIN_20261006_23_48_36_Pro_frame000215.jpg,2,fanta_can,table_left,draft_unreviewed
images/train/WIN_20261006_23_48_36_Pro_frame000215.jpg,3,green_apple,table_right,draft_unreviewed
images/train/WIN_20261006_23_48_36_Pro_frame000215.jpg,4,mug,table_left,draft_unreviewed
images/train/WIN_20261006_23_48_36_Pro_frame000215.jpg,5,peach,table_right,draft_unreviewed
images/train/WIN_20261006_23_48_36_Pro_frame000215.jpg,6,plate,table_left,draft_unreviewed
images/train/WIN_20261006_23_48_36_Pro_frame000216.jpg,0,apple,table_left,draft_unreviewed
images/train/WIN_20261006_23_48_36_Pro_frame000216.jpg,1,banana,table_right,draft_unreviewed
images/train/WIN_20261006_23_48_36_Pro_frame000216.jpg,2,fanta_can,table_left,draft_unreviewed
images/train/WIN_20261006_23_48_36_Pro_frame000216.jpg,3,green_apple,table_right,draft_unreviewed
images/train/WIN_20261006_23_48_36_Pro_frame000216.jpg,4,mug,table_left,draft_unreviewed
images/train/WIN_20261006_23_48_36_Pro_frame000216.jpg,5,peach,table_right,draft_unreviewed
images/train/WIN_20261006_23_48_36_Pro_frame000216.jpg,6,plate,table_left,draft_unreviewed
images/train/WIN_20261006_23_48_36_Pro_frame000217.jpg,0,apple,table_left,draft_unreviewed
images/train/WIN_20261006_23_48_36_Pro_frame000217.jpg,1,banana,table_right,draft_unreviewed
images/train/WIN_20261006_23_48_36_Pro_frame000217.jpg,2,fanta_can,table_left,draft_unreviewed
images/train/WIN_20261006_23_48_36_Pro_frame000217.jpg,3,green_apple,table_right,draft_unreviewed
images/train/WIN_20261006_23_48_36_Pro_frame000217.jpg,4,mug,table_left,draft_unreviewed
images/train/WIN_20261006_23_48_36_Pro_frame000217.jpg,5,peach,table_right,draft_unreviewed
images/train/WIN_20261006_23_48_36_Pro_frame000217.jpg,6,plate,table_left,draft_unreviewed
images/train/WIN_20261006_23_48_36_Pro_frame000218.jpg,0,apple,table_left,draft_unreviewed
images/train/WIN_20261006_23_48_36_Pro_frame000218.jpg,1,banana,table_right,draft_unreviewed
images/train/WIN_20261006_23_48_36_Pro_frame000218.jpg,2,fanta_can,table_left,draft_unreviewed
images/train/WIN_20261006_23_48_36_Pro_frame000218.jpg,3,green_apple,table_right,draft_unreviewed
images/train/WIN_20261006_23_48_36_Pro_frame000218.jpg,4,mug,table_left,draft_unreviewed
images/train/WIN_20261006_23_48_36_Pro_frame000218.jpg,5,peach,table_right,draft_unreviewed
images/train/WIN_20261006_23_48_36_Pro_frame000218.jpg,6,plate,table_left,draft_unreviewed
images/train/WIN_20261006_23_48_36_Pro_frame000219.jpg,0,apple,table_left,draft_unreviewed
images/train/WIN_20261006_23_48_36_Pro_frame000219.jpg,1,banana,table_right,draft_unreviewed
images/train/WIN_20261006_23_48_36_Pro_frame000219.jpg,2,fanta_can,table_left,draft_unreviewed
images/train/WIN_20261006_23_48_36_Pro_frame000219.jpg,3,green_apple,table_right,draft_unreviewed
images/train/WIN_20261006_23_48_36_Pro_frame000219.jpg,4,mug,table_left,draft_unreviewed
images/train/WIN_20261006_23_48_36_Pro_frame000219.jpg,5,peach,table_right,draft_unreviewed
images/train/WIN_20261006_23_48_36_Pro_frame000219.jpg,6,plate,table_left,draft_unreviewed
images/train/WIN_20261006_23_48_36_Pro_frame000220.jpg,0,apple,table_left,draft_unreviewed
images/train/WIN_20261006_23_48_36_Pro_frame000220.jpg,1,banana,table_right,draft_unreviewed
images/train/WIN_20261006_23_48_36_Pro_frame000220.jpg,2,fanta_can,table_left,draft_unreviewed
images/train/WIN_20261006_23_48_36_Pro_frame000220.jpg,3,green_apple,table_right,draft_unreviewed
images/train/WIN_20261006_23_48_36_Pro_frame000220.jpg,4,mug,table_left,draft_unreviewed
images/train/WIN_20261006_23_48_36_Pro_frame000220.jpg,5,peach,table_right,draft_unreviewed
images/train/WIN_20261006_23_48_36_Pro_frame000220.jpg,6,plate,table_left,draft_unreviewed
images/train/WIN_20261006_23_48_36_Pro_frame000221.jpg,0,apple,table_left,draft_unreviewed
images/train/WIN_20261006_23_48_36_Pro_frame000221.jpg,1,banana,table_right,draft_unreviewed
images/train/WIN_20261006_23_48_36_Pro_frame000221.jpg,2,fanta_can,table_left,draft_unreviewed
images/train/WIN_20261006_23_48_36_Pro_frame000221.jpg,3,green_apple,table_right,draft_unreviewed
images/train/WIN_20261006_23_48_36_Pro_frame000221.jpg,4,mug,table_left,draft_unreviewed
images/train/WIN_20261006_23_48_36_Pro_frame000221.jpg,5,peach,table_right,draft_unreviewed
images/train/WIN_20261006_23_48_36_Pro_frame000221.jpg,6,plate,table_left,draft_unreviewed
images/train/WIN_20261006_23_48_36_Pro_frame000222.jpg,0,apple,table_left,draft_unreviewed
images/train/WIN_20261006_23_48_36_Pro_frame000222.jpg,1,banana,table_right,draft_unreviewed
images/train/WIN_20261006_23_48_36_Pro_frame000222.jpg,2,fanta_can,table_left,draft_unreviewed
images/train/WIN_20261006_23_48_36_Pro_frame000222.jpg,3,green_apple,table_right,draft_unreviewed
images/train/WIN_20261006_23_48_36_Pro_frame000222.jpg,4,mug,table_left,draft_unreviewed
images/train/WIN_20261006_23_48_36_Pro_frame000222.jpg,5,peach,table_right,draft_unreviewed
images/train/WIN_20261006_23_48_36_Pro_frame000222.jpg,6,plate,table_left,draft_unreviewed
images/train/WIN_20261006_23_48_36_Pro_frame000223.jpg,0,apple,table_left,draft_unreviewed
images/train/WIN_20261006_23_48_36_Pro_frame000223.jpg,1,banana,table_right,draft_unreviewed
images/train/WIN_20261006_23_48_36_Pro_frame000223.jpg,2,fanta_can,table_left,draft_unreviewed
images/train/WIN_20261006_23_48_36_Pro_frame000223.jpg,3,green_apple,table_right,draft_unreviewed
images/train/WIN_20261006_23_48_36_Pro_frame000223.jpg,4,mug,table_left,draft_unreviewed
images/train/WIN_20261006_23_48_36_Pro_frame000223.jpg,5,peach,table_right,draft_unreviewed
images/train/WIN_20261006_23_48_36_Pro_frame000223.jpg,6,plate,table_left,draft_unreviewed
images/train/WIN_20261006_23_48_36_Pro_frame000224.jpg,0,apple,table_left,draft_unreviewed
images/train/WIN_20261006_23_48_36_Pro_frame000224.jpg,1,banana,table_right,draft_unreviewed
images/train/WIN_20261006_23_48_36_Pro_frame000224.jpg,2,fanta_can,table_left,draft_unreviewed
images/train/WIN_20261006_23_48_36_Pro_frame000224.jpg,3,green_apple,table_right,draft_unreviewed
images/train/WIN_20261006_23_48_36_Pro_frame000224.jpg,4,mug,table_left,draft_unreviewed
images/train/WIN_20261006_23_48_36_Pro_frame000224.jpg,5,peach,table_right,draft_unreviewed
images/train/WIN_20261006_23_48_36_Pro_frame000224.jpg,6,plate,table_left,draft_unreviewed
images/train/WIN_20261006_23_48_36_Pro_frame000225.jpg,0,apple,table_left,draft_unreviewed
images/train/WIN_20261006_23_48_36_Pro_frame000225.jpg,1,banana,table_right,draft_unreviewed
images/train/WIN_20261006_23_48_36_Pro_frame000225.jpg,2,fanta_can,table_left,draft_unreviewed
images/train/WIN_20261006_23_48_36_Pro_frame000225.jpg,3,green_apple,table_right,draft_unreviewed
images/train/WIN_20261006_23_48_36_Pro_frame000225.jpg,4,mug,table_left,draft_unreviewed
images/train/WIN_20261006_23_48_36_Pro_frame000225.jpg,5,peach,table_right,draft_unreviewed
images/train/WIN_20261006_23_48_36_Pro_frame000225.jpg,6,plate,table_left,draft_unreviewed
images/train/WIN_20261006_23_48_36_Pro_frame000226.jpg,0,apple,table_left,draft_unreviewed
images/train/WIN_20261006_23_48_36_Pro_frame000226.jpg,1,banana,table_right,draft_unreviewed
images/train/WIN_20261006_23_48_36_Pro_frame000226.jpg,2,fanta_can,table_left,draft_unreviewed
images/train/WIN_20261006_23_48_36_Pro_frame000226.jpg,3,green_apple,table_right,draft_unreviewed
images/train/WIN_20261006_23_48_36_Pro_frame000226.jpg,4,mug,table_left,draft_unreviewed
images/train/WIN_20261006_23_48_36_Pro_frame000226.jpg,5,peach,table_right,draft_unreviewed
images/train/WIN_20261006_23_48_36_Pro_frame000226.jpg,6,plate,table_left,draft_unreviewed
images/train/WIN_20261006_23_48_36_Pro_frame000227.jpg,0,apple,table_left,draft_unreviewed
images/train/WIN_20261006_23_48_36_Pro_frame000227.jpg,1,banana,table_right,draft_unreviewed
images/train/WIN_20261006_23_48_36_Pro_frame000227.jpg,2,fanta_can,table_left,draft_unreviewed
images/train/WIN_20261006_23_48_36_Pro_frame000227.jpg,3,green_apple,table_right,draft_unreviewed
images/train/WIN_20261006_23_48_36_Pro_frame000227.jpg,4,mug,table_left,draft_unreviewed
images/train/WIN_20261006_23_48_36_Pro_frame000227.jpg,5,peach,table_right,draft_unreviewed
images/train/WIN_20261006_23_48_36_Pro_frame000227.jpg,6,plate,table_left,draft_unreviewed
images/train/WIN_20261006_23_48_36_Pro_frame000228.jpg,0,apple,table_left,draft_unreviewed
images/train/WIN_20261006_23_48_36_Pro_frame000228.jpg,1,banana,table_right,draft_unreviewed
images/train/WIN_20261006_23_48_36_Pro_frame000228.jpg,2,fanta_can,table_left,draft_unreviewed
images/train/WIN_20261006_23_48_36_Pro_frame000228.jpg,3,green_apple,table_right,draft_unreviewed
images/train/WIN_20261006_23_48_36_Pro_frame000228.jpg,4,mug,table_left,draft_unreviewed
images/train/WIN_20261006_23_48_36_Pro_frame000228.jpg,5,peach,table_right,draft_unreviewed
images/train/WIN_20261006_23_48_36_Pro_frame000228.jpg,6,plate,table_left,draft_unreviewed
images/train/WIN_20261006_23_48_36_Pro_frame000229.jpg,0,apple,table_left,draft_unreviewed
images/train/WIN_20261006_23_48_36_Pro_frame000229.jpg,1,banana,table_right,draft_unreviewed
images/train/WIN_20261006_23_48_36_Pro_frame000229.jpg,2,fanta_can,table_left,draft_unreviewed
images/train/WIN_20261006_23_48_36_Pro_frame000229.jpg,3,green_apple,table_right,draft_unreviewed
images/train/WIN_20261006_23_48_36_Pro_frame000229.jpg,4,mug,table_left,draft_unreviewed
images/train/WIN_20261006_23_48_36_Pro_frame000229.jpg,5,peach,table_right,draft_unreviewed
images/train/WIN_20261006_23_48_36_Pro_frame000229.jpg,6,plate,table_left,draft_unreviewed
images/train/WIN_20261006_23_48_36_Pro_frame000230.jpg,0,apple,table_left,draft_unreviewed
images/train/WIN_20261006_23_48_36_Pro_frame000230.jpg,1,banana,table_right,draft_unreviewed
images/train/WIN_20261006_23_48_36_Pro_frame000230.jpg,2,fanta_can,table_left,draft_unreviewed
images/train/WIN_20261006_23_48_36_Pro_frame000230.jpg,3,green_apple,table_right,draft_unreviewed
images/train/WIN_20261006_23_48_36_Pro_frame000230.jpg,4,mug,table_left,draft_unreviewed
images/train/WIN_20261006_23_48_36_Pro_frame000230.jpg,5,peach,table_right,draft_unreviewed
images/train/WIN_20261006_23_48_36_Pro_frame000230.jpg,6,plate,table_left,draft_unreviewed
images/train/WIN_20261006_23_48_36_Pro_frame000231.jpg,0,apple,table_left,draft_unreviewed
images/train/WIN_20261006_23_48_36_Pro_frame000231.jpg,1,banana,table_right,draft_unreviewed
images/train/WIN_20261006_23_48_36_Pro_frame000231.jpg,2,fanta_can,table_left,draft_unreviewed
images/train/WIN_20261006_23_48_36_Pro_frame000231.jpg,3,green_apple,table_right,draft_unreviewed
images/train/WIN_20261006_23_48_36_Pro_frame000231.jpg,4,mug,table_left,draft_unreviewed
images/train/WIN_20261006_23_48_36_Pro_frame000231.jpg,5,peach,table_right,draft_unreviewed
images/train/WIN_20261006_23_48_36_Pro_frame000231.jpg,6,plate,table_left,draft_unreviewed
images/train/WIN_20261006_23_48_36_Pro_frame000232.jpg,0,apple,table_left,draft_unreviewed
images/train/WIN_20261006_23_48_36_Pro_frame000232.jpg,1,banana,table_right,draft_unreviewed
images/train/WIN_20261006_23_48_36_Pro_frame000232.jpg,2,fanta_can,table_left,draft_unreviewed
images/train/WIN_20261006_23_48_36_Pro_frame000232.jpg,3,green_apple,table_right,draft_unreviewed
images/train/WIN_20261006_23_48_36_Pro_frame000232.jpg,4,mug,table_left,draft_unreviewed
images/train/WIN_20261006_23_48_36_Pro_frame000232.jpg,5,peach,table_right,draft_unreviewed
images/train/WIN_20261006_23_48_36_Pro_frame000232.jpg,6,plate,table_left,draft_unreviewed
images/train/WIN_20261006_23_48_36_Pro_frame000233.jpg,0,apple,table_left,draft_unreviewed
images/train/WIN_20261006_23_48_36_Pro_frame000233.jpg,1,banana,table_right,draft_unreviewed
images/train/WIN_20261006_23_48_36_Pro_frame000233.jpg,2,fanta_can,table_left,draft_unreviewed
images/train/WIN_20261006_23_48_36_Pro_frame000233.jpg,3,green_apple,table_right,draft_unreviewed
images/train/WIN_20261006_23_48_36_Pro_frame000233.jpg,4,mug,table_left,draft_unreviewed
images/train/WIN_20261006_23_48_36_Pro_frame000233.jpg,5,peach,table_right,draft_unreviewed
images/train/WIN_20261006_23_48_36_Pro_frame000233.jpg,6,plate,table_left,draft_unreviewed
images/train/WIN_20261006_23_48_36_Pro_frame000234.jpg,0,apple,table_left,draft_unreviewed
images/train/WIN_20261006_23_48_36_Pro_frame000234.jpg,1,banana,table_right,draft_unreviewed
images/train/WIN_20261006_23_48_36_Pro_frame000234.jpg,2,fanta_can,table_left,draft_unreviewed
images/train/WIN_20261006_23_48_36_Pro_frame000234.jpg,3,green_apple,table_right,draft_unreviewed
images/train/WIN_20261006_23_48_36_Pro_frame000234.jpg,4,mug,table_left,draft_unreviewed
images/train/WIN_20261006_23_48_36_Pro_frame000234.jpg,5,peach,table_right,draft_unreviewed
images/train/WIN_20261006_23_48_36_Pro_frame000234.jpg,6,plate,table_left,draft_unreviewed
images/train/WIN_20261006_23_48_36_Pro_frame000235.jpg,0,apple,table_left,draft_unreviewed
images/train/WIN_20261006_23_48_36_Pro_frame000235.jpg,1,banana,table_right,draft_unreviewed
images/train/WIN_20261006_23_48_36_Pro_frame000235.jpg,2,fanta_can,table_left,draft_unreviewed
images/train/WIN_20261006_23_48_36_Pro_frame000235.jpg,3,green_apple,table_right,draft_unreviewed
images/train/WIN_20261006_23_48_36_Pro_frame000235.jpg,4,mug,table_left,draft_unreviewed
images/train/WIN_20261006_23_48_36_Pro_frame000235.jpg,5,peach,table_right,draft_unreviewed
images/train/WIN_20261006_23_48_36_Pro_frame000235.jpg,6,plate,table_left,draft_unreviewed
images/train/WIN_20261006_23_48_36_Pro_frame000236.jpg,0,apple,table_left,draft_unreviewed
images/train/WIN_20261006_23_48_36_Pro_frame000236.jpg,1,banana,table_right,draft_unreviewed
images/train/WIN_20261006_23_48_36_Pro_frame000236.jpg,2,fanta_can,table_left,draft_unreviewed
images/train/WIN_20261006_23_48_36_Pro_frame000236.jpg,3,green_apple,table_right,draft_unreviewed
images/train/WIN_20261006_23_48_36_Pro_frame000236.jpg,4,mug,table_left,draft_unreviewed
images/train/WIN_20261006_23_48_36_Pro_frame000236.jpg,5,peach,table_right,draft_unreviewed
images/train/WIN_20261006_23_48_36_Pro_frame000236.jpg,6,plate,table_left,draft_unreviewed
images/train/WIN_20261006_23_48_36_Pro_frame000237.jpg,0,apple,table_left,draft_unreviewed
images/train/WIN_20261006_23_48_36_Pro_frame000237.jpg,1,banana,table_right,draft_unreviewed
images/train/WIN_20261006_23_48_36_Pro_frame000237.jpg,2,fanta_can,table_left,draft_unreviewed
images/train/WIN_20261006_23_48_36_Pro_frame000237.jpg,3,green_apple,table_right,draft_unreviewed
images/train/WIN_20261006_23_48_36_Pro_frame000237.jpg,4,mug,table_left,draft_unreviewed
images/train/WIN_20261006_23_48_36_Pro_frame000237.jpg,5,peach,table_right,draft_unreviewed
images/train/WIN_20261006_23_48_36_Pro_frame000237.jpg,6,plate,table_left,draft_unreviewed
images/train/WIN_20261006_23_48_36_Pro_frame000238.jpg,0,apple,table_left,draft_unreviewed
images/train/WIN_20261006_23_48_36_Pro_frame000238.jpg,1,banana,table_right,draft_unreviewed
images/train/WIN_20261006_23_48_36_Pro_frame000238.jpg,2,fanta_can,table_left,draft_unreviewed
images/train/WIN_20261006_23_48_36_Pro_frame000238.jpg,3,green_apple,table_right,draft_unreviewed
images/train/WIN_20261006_23_48_36_Pro_frame000238.jpg,4,mug,table_left,draft_unreviewed
images/train/WIN_20261006_23_48_36_Pro_frame000238.jpg,5,peach,table_right,draft_unreviewed
images/train/WIN_20261006_23_48_36_Pro_frame000238.jpg,6,plate,table_left,draft_unreviewed
images/train/WIN_20261006_23_48_36_Pro_frame000239.jpg,0,apple,table_left,draft_unreviewed
images/train/WIN_20261006_23_48_36_Pro_frame000239.jpg,1,banana,table_right,draft_unreviewed
images/train/WIN_20261006_23_48_36_Pro_frame000239.jpg,2,fanta_can,table_left,draft_unreviewed
images/train/WIN_20261006_23_48_36_Pro_frame000239.jpg,3,green_apple,table_right,draft_unreviewed
images/train/WIN_20261006_23_48_36_Pro_frame000239.jpg,4,mug,table_left,draft_unreviewed
images/train/WIN_20261006_23_48_36_Pro_frame000239.jpg,5,peach,table_right,draft_unreviewed
images/train/WIN_20261006_23_48_36_Pro_frame000239.jpg,6,plate,table_left,draft_unreviewed
images/train/WIN_20261006_23_48_36_Pro_frame000240.jpg,0,apple,table_left,draft_unreviewed
images/train/WIN_20261006_23_48_36_Pro_frame000240.jpg,1,banana,table_right,draft_unreviewed
images/train/WIN_20261006_23_48_36_Pro_frame000240.jpg,2,fanta_can,table_left,draft_unreviewed
images/train/WIN_20261006_23_48_36_Pro_frame000240.jpg,3,green_apple,table_right,draft_unreviewed
images/train/WIN_20261006_23_48_36_Pro_frame000240.jpg,4,mug,table_left,draft_unreviewed
images/train/WIN_20261006_23_48_36_Pro_frame000240.jpg,5,peach,table_right,draft_unreviewed
images/train/WIN_20261006_23_48_36_Pro_frame000240.jpg,6,plate,table_left,draft_unreviewed
images/train/WIN_20261006_23_48_36_Pro_frame000241.jpg,0,apple,table_left,draft_unreviewed
images/train/WIN_20261006_23_48_36_Pro_frame000241.jpg,1,banana,table_right,draft_unreviewed
images/train/WIN_20261006_23_48_36_Pro_frame000241.jpg,2,fanta_can,table_left,draft_unreviewed
images/train/WIN_20261006_23_48_36_Pro_frame000241.jpg,3,green_apple,table_right,draft_unreviewed
images/train/WIN_20261006_23_48_36_Pro_frame000241.jpg,4,mug,table_left,draft_unreviewed
images/train/WIN_20261006_23_48_36_Pro_frame000241.jpg,5,peach,table_right,draft_unreviewed
images/train/WIN_20261006_23_48_36_Pro_frame000241.jpg,6,plate,table_left,draft_unreviewed
images/train/WIN_20261006_23_48_36_Pro_frame000242.jpg,0,apple,table_left,draft_unreviewed
images/train/WIN_20261006_23_48_36_Pro_frame000242.jpg,1,banana,table_right,draft_unreviewed
images/train/WIN_20261006_23_48_36_Pro_frame000242.jpg,2,fanta_can,table_left,draft_unreviewed
images/train/WIN_20261006_23_48_36_Pro_frame000242.jpg,3,green_apple,table_right,draft_unreviewed
images/train/WIN_20261006_23_48_36_Pro_frame000242.jpg,4,mug,table_left,draft_unreviewed
images/train/WIN_20261006_23_48_36_Pro_frame000242.jpg,5,peach,table_right,draft_unreviewed
images/train/WIN_20261006_23_48_36_Pro_frame000242.jpg,6,plate,table_left,draft_unreviewed
images/train/WIN_20261006_23_48_36_Pro_frame000243.jpg,0,apple,table_left,draft_unreviewed
images/train/WIN_20261006_23_48_36_Pro_frame000243.jpg,1,banana,table_right,draft_unreviewed
images/train/WIN_20261006_23_48_36_Pro_frame000243.jpg,2,fanta_can,table_left,draft_unreviewed
images/train/WIN_20261006_23_48_36_Pro_frame000243.jpg,3,green_apple,table_right,draft_unreviewed
images/train/WIN_20261006_23_48_36_Pro_frame000243.jpg,4,mug,table_left,draft_unreviewed
images/train/WIN_20261006_23_48_36_Pro_frame000243.jpg,5,peach,table_right,draft_unreviewed
images/train/WIN_20261006_23_48_36_Pro_frame000243.jpg,6,plate,table_left,draft_unreviewed
images/train/WIN_20261006_23_48_36_Pro_frame000244.jpg,0,apple,table_left,draft_unreviewed
images/train/WIN_20261006_23_48_36_Pro_frame000244.jpg,1,banana,table_right,draft_unreviewed
images/train/WIN_20261006_23_48_36_Pro_frame000244.jpg,2,fanta_can,table_left,draft_unreviewed
images/train/WIN_20261006_23_48_36_Pro_frame000244.jpg,3,green_apple,table_right,draft_unreviewed
images/train/WIN_20261006_23_48_36_Pro_frame000244.jpg,4,mug,table_left,draft_unreviewed
images/train/WIN_20261006_23_48_36_Pro_frame000244.jpg,5,peach,table_right,draft_unreviewed
images/train/WIN_20261006_23_48_36_Pro_frame000244.jpg,6,plate,table_left,draft_unreviewed
images/train/WIN_20261006_23_48_36_Pro_frame000245.jpg,0,apple,table_left,draft_unreviewed
images/train/WIN_20261006_23_48_36_Pro_frame000245.jpg,1,banana,table_right,draft_unreviewed
images/train/WIN_20261006_23_48_36_Pro_frame000245.jpg,2,fanta_can,table_left,draft_unreviewed
images/train/WIN_20261006_23_48_36_Pro_frame000245.jpg,3,green_apple,table_right,draft_unreviewed
images/train/WIN_20261006_23_48_36_Pro_frame000245.jpg,4,mug,table_left,draft_unreviewed
images/train/WIN_20261006_23_48_36_Pro_frame000245.jpg,5,peach,table_right,draft_unreviewed
images/train/WIN_20261006_23_48_36_Pro_frame000245.jpg,6,plate,table_left,draft_unreviewed
images/train/WIN_20261006_23_48_36_Pro_frame000246.jpg,0,apple,table_left,draft_unreviewed
images/train/WIN_20261006_23_48_36_Pro_frame000246.jpg,1,banana,table_right,draft_unreviewed
images/train/WIN_20261006_23_48_36_Pro_frame000246.jpg,2,fanta_can,table_left,draft_unreviewed
images/train/WIN_20261006_23_48_36_Pro_frame000246.jpg,3,green_apple,table_right,draft_unreviewed
images/train/WIN_20261006_23_48_36_Pro_frame000246.jpg,4,mug,table_left,draft_unreviewed
images/train/WIN_20261006_23_48_36_Pro_frame000246.jpg,5,peach,table_right,draft_unreviewed
images/train/WIN_20261006_23_48_36_Pro_frame000246.jpg,6,plate,table_left,draft_unreviewed
images/train/WIN_20261006_23_48_36_Pro_frame000247.jpg,0,apple,table_left,draft_unreviewed
images/train/WIN_20261006_23_48_36_Pro_frame000247.jpg,1,banana,table_right,draft_unreviewed
images/train/WIN_20261006_23_48_36_Pro_frame000247.jpg,2,fanta_can,table_left,draft_unreviewed
images/train/WIN_20261006_23_48_36_Pro_frame000247.jpg,3,green_apple,table_right,draft_unreviewed
images/train/WIN_20261006_23_48_36_Pro_frame000247.jpg,4,mug,table_left,draft_unreviewed
images/train/WIN_20261006_23_48_36_Pro_frame000247.jpg,5,peach,table_right,draft_unreviewed
images/train/WIN_20261006_23_48_36_Pro_frame000247.jpg,6,plate,table_left,draft_unreviewed
images/train/WIN_20261006_23_48_36_Pro_frame000248.jpg,0,apple,table_left,draft_unreviewed
images/train/WIN_20261006_23_48_36_Pro_frame000248.jpg,1,banana,table_right,draft_unreviewed
images/train/WIN_20261006_23_48_36_Pro_frame000248.jpg,2,fanta_can,table_left,draft_unreviewed
images/train/WIN_20261006_23_48_36_Pro_frame000248.jpg,3,green_apple,table_right,draft_unreviewed
images/train/WIN_20261006_23_48_36_Pro_frame000248.jpg,4,mug,table_left,draft_unreviewed
images/train/WIN_20261006_23_48_36_Pro_frame000248.jpg,5,peach,table_right,draft_unreviewed
images/train/WIN_20261006_23_48_36_Pro_frame000248.jpg,6,plate,table_left,draft_unreviewed
images/train/WIN_20261006_23_48_36_Pro_frame000249.jpg,0,apple,table_left,draft_unreviewed
images/train/WIN_20261006_23_48_36_Pro_frame000249.jpg,1,banana,table_right,draft_unreviewed
images/train/WIN_20261006_23_48_36_Pro_frame000249.jpg,2,fanta_can,table_left,draft_unreviewed
images/train/WIN_20261006_23_48_36_Pro_frame000249.jpg,3,green_apple,table_right,draft_unreviewed
images/train/WIN_20261006_23_48_36_Pro_frame000249.jpg,4,mug,table_left,draft_unreviewed
images/train/WIN_20261006_23_48_36_Pro_frame000249.jpg,5,peach,table_right,draft_unreviewed
images/train/WIN_20261006_23_48_36_Pro_frame000249.jpg,6,plate,table_left,draft_unreviewed
images/train/WIN_20261006_23_48_36_Pro_frame000250.jpg,0,apple,table_left,draft_unreviewed
images/train/WIN_20261006_23_48_36_Pro_frame000250.jpg,1,banana,table_right,draft_unreviewed
images/train/WIN_20261006_23_48_36_Pro_frame000250.jpg,2,fanta_can,table_left,draft_unreviewed
images/train/WIN_20261006_23_48_36_Pro_frame000250.jpg,3,green_apple,table_right,draft_unreviewed
images/train/WIN_20261006_23_48_36_Pro_frame000250.jpg,4,mug,table_left,draft_unreviewed
images/train/WIN_20261006_23_48_36_Pro_frame000250.jpg,5,peach,table_right,draft_unreviewed
images/train/WIN_20261006_23_48_36_Pro_frame000250.jpg,6,plate,table_left,draft_unreviewed
images/train/WIN_20261006_23_48_36_Pro_frame000251.jpg,0,apple,table_left,draft_unreviewed
images/train/WIN_20261006_23_48_36_Pro_frame000251.jpg,1,banana,table_right,draft_unreviewed
images/train/WIN_20261006_23_48_36_Pro_frame000251.jpg,2,fanta_can,table_left,draft_unreviewed
images/train/WIN_20261006_23_48_36_Pro_frame000251.jpg,3,green_apple,table_right,draft_unreviewed
images/train/WIN_20261006_23_48_36_Pro_frame000251.jpg,4,mug,table_left,draft_unreviewed
images/train/WIN_20261006_23_48_36_Pro_frame000251.jpg,5,peach,table_right,draft_unreviewed
images/train/WIN_20261006_23_48_36_Pro_frame000251.jpg,6,plate,table_left,draft_unreviewed
images/train/WIN_20261006_23_48_36_Pro_frame000252.jpg,0,apple,table_left,draft_unreviewed
images/train/WIN_20261006_23_48_36_Pro_frame000252.jpg,1,banana,table_right,draft_unreviewed
images/train/WIN_20261006_23_48_36_Pro_frame000252.jpg,2,fanta_can,table_left,draft_unreviewed
images/train/WIN_20261006_23_48_36_Pro_frame000252.jpg,3,green_apple,table_right,draft_unreviewed
images/train/WIN_20261006_23_48_36_Pro_frame000252.jpg,4,mug,table_left,draft_unreviewed
images/train/WIN_20261006_23_48_36_Pro_frame000252.jpg,5,peach,table_right,draft_unreviewed
images/train/WIN_20261006_23_48_36_Pro_frame000252.jpg,6,plate,table_left,draft_unreviewed
images/train/WIN_20261006_23_48_36_Pro_frame000253.jpg,0,apple,table_left,draft_unreviewed
images/train/WIN_20261006_23_48_36_Pro_frame000253.jpg,1,banana,table_right,draft_unreviewed
images/train/WIN_20261006_23_48_36_Pro_frame000253.jpg,2,fanta_can,table_left,draft_unreviewed
images/train/WIN_20261006_23_48_36_Pro_frame000253.jpg,3,green_apple,table_right,draft_unreviewed
images/train/WIN_20261006_23_48_36_Pro_frame000253.jpg,4,mug,table_left,draft_unreviewed
images/train/WIN_20261006_23_48_36_Pro_frame000253.jpg,5,peach,table_right,draft_unreviewed
images/train/WIN_20261006_23_48_36_Pro_frame000253.jpg,6,plate,table_left,draft_unreviewed
images/train/WIN_20261006_23_48_36_Pro_frame000254.jpg,0,apple,table_left,draft_unreviewed
images/train/WIN_20261006_23_48_36_Pro_frame000254.jpg,1,banana,table_right,draft_unreviewed
images/train/WIN_20261006_23_48_36_Pro_frame000254.jpg,2,fanta_can,table_left,draft_unreviewed
images/train/WIN_20261006_23_48_36_Pro_frame000254.jpg,3,green_apple,table_right,draft_unreviewed
images/train/WIN_20261006_23_48_36_Pro_frame000254.jpg,4,mug,table_left,draft_unreviewed
images/train/WIN_20261006_23_48_36_Pro_frame000254.jpg,5,peach,table_right,draft_unreviewed
images/train/WIN_20261006_23_48_36_Pro_frame000254.jpg,6,plate,table_left,draft_unreviewed
images/train/WIN_20261006_23_48_36_Pro_frame000255.jpg,0,apple,table_left,draft_unreviewed
images/train/WIN_20261006_23_48_36_Pro_frame000255.jpg,1,banana,table_right,draft_unreviewed
images/train/WIN_20261006_23_48_36_Pro_frame000255.jpg,2,fanta_can,table_left,draft_unreviewed
images/train/WIN_20261006_23_48_36_Pro_frame000255.jpg,3,green_apple,table_right,draft_unreviewed
images/train/WIN_20261006_23_48_36_Pro_frame000255.jpg,4,mug,table_left,draft_unreviewed
images/train/WIN_20261006_23_48_36_Pro_frame000255.jpg,5,peach,table_right,draft_unreviewed
images/train/WIN_20261006_23_48_36_Pro_frame000255.jpg,6,plate,table_left,draft_unreviewed
images/train/WIN_20261006_23_48_36_Pro_frame000256.jpg,0,apple,table_left,draft_unreviewed
images/train/WIN_20261006_23_48_36_Pro_frame000256.jpg,1,banana,table_right,draft_unreviewed
images/train/WIN_20261006_23_48_36_Pro_frame000256.jpg,2,fanta_can,table_left,draft_unreviewed
images/train/WIN_20261006_23_48_36_Pro_frame000256.jpg,3,green_apple,table_right,draft_unreviewed
images/train/WIN_20261006_23_48_36_Pro_frame000256.jpg,4,mug,table_left,draft_unreviewed
images/train/WIN_20261006_23_48_36_Pro_frame000256.jpg,5,peach,table_right,draft_unreviewed
images/train/WIN_20261006_23_48_36_Pro_frame000256.jpg,6,plate,table_left,draft_unreviewed
images/train/WIN_20261006_23_48_36_Pro_frame000257.jpg,0,apple,table_left,draft_unreviewed
images/train/WIN_20261006_23_48_36_Pro_frame000257.jpg,1,banana,table_right,draft_unreviewed
images/train/WIN_20261006_23_48_36_Pro_frame000257.jpg,2,fanta_can,table_left,draft_unreviewed
images/train/WIN_20261006_23_48_36_Pro_frame000257.jpg,3,green_apple,table_right,draft_unreviewed
images/train/WIN_20261006_23_48_36_Pro_frame000257.jpg,4,mug,table_left,draft_unreviewed
images/train/WIN_20261006_23_48_36_Pro_frame000257.jpg,5,peach,table_right,draft_unreviewed
images/train/WIN_20261006_23_48_36_Pro_frame000257.jpg,6,plate,table_left,draft_unreviewed
images/train/WIN_20261006_23_48_36_Pro_frame000258.jpg,0,apple,table_left,draft_unreviewed
images/train/WIN_20261006_23_48_36_Pro_frame000258.jpg,1,banana,table_right,draft_unreviewed
images/train/WIN_20261006_23_48_36_Pro_frame000258.jpg,2,fanta_can,table_left,draft_unreviewed
images/train/WIN_20261006_23_48_36_Pro_frame000258.jpg,3,green_apple,table_right,draft_unreviewed
images/train/WIN_20261006_23_48_36_Pro_frame000258.jpg,4,mug,table_left,draft_unreviewed
images/train/WIN_20261006_23_48_36_Pro_frame000258.jpg,5,peach,table_right,draft_unreviewed
images/train/WIN_20261006_23_48_36_Pro_frame000258.jpg,6,plate,table_left,draft_unreviewed
images/train/WIN_20261006_23_48_36_Pro_frame000259.jpg,0,apple,table_left,draft_unreviewed
images/train/WIN_20261006_23_48_36_Pro_frame000259.jpg,1,banana,table_right,draft_unreviewed
images/train/WIN_20261006_23_48_36_Pro_frame000259.jpg,2,fanta_can,table_left,draft_unreviewed
images/train/WIN_20261006_23_48_36_Pro_frame000259.jpg,3,green_apple,table_right,draft_unreviewed
images/train/WIN_20261006_23_48_36_Pro_frame000259.jpg,4,mug,table_left,draft_unreviewed
images/train/WIN_20261006_23_48_36_Pro_frame000259.jpg,5,peach,table_right,draft_unreviewed
images/train/WIN_20261006_23_48_36_Pro_frame000259.jpg,6,plate,table_left,draft_unreviewed
images/train/WIN_20261006_23_48_36_Pro_frame000260.jpg,0,apple,table_left,draft_unreviewed
images/train/WIN_20261006_23_48_36_Pro_frame000260.jpg,1,banana,table_right,draft_unreviewed
images/train/WIN_20261006_23_48_36_Pro_frame000260.jpg,2,fanta_can,table_left,draft_unreviewed
images/train/WIN_20261006_23_48_36_Pro_frame000260.jpg,3,green_apple,table_right,draft_unreviewed
images/train/WIN_20261006_23_48_36_Pro_frame000260.jpg,4,mug,table_left,draft_unreviewed
images/train/WIN_20261006_23_48_36_Pro_frame000260.jpg,5,peach,table_right,draft_unreviewed
images/train/WIN_20261006_23_48_36_Pro_frame000260.jpg,6,plate,table_left,draft_unreviewed
images/train/WIN_20261006_23_48_36_Pro_frame000261.jpg,0,apple,table_left,draft_unreviewed
images/train/WIN_20261006_23_48_36_Pro_frame000261.jpg,1,banana,table_right,draft_unreviewed
images/train/WIN_20261006_23_48_36_Pro_frame000261.jpg,2,fanta_can,table_left,draft_unreviewed
images/train/WIN_20261006_23_48_36_Pro_frame000261.jpg,3,green_apple,table_right,draft_unreviewed
images/train/WIN_20261006_23_48_36_Pro_frame000261.jpg,4,mug,table_left,draft_unreviewed
images/train/WIN_20261006_23_48_36_Pro_frame000261.jpg,5,peach,table_right,draft_unreviewed
images/train/WIN_20261006_23_48_36_Pro_frame000261.jpg,6,plate,table_left,draft_unreviewed
images/train/WIN_20261006_23_48_36_Pro_frame000262.jpg,0,apple,table_left,draft_unreviewed
images/train/WIN_20261006_23_48_36_Pro_frame000262.jpg,1,banana,table_right,draft_unreviewed
images/train/WIN_20261006_23_48_36_Pro_frame000262.jpg,2,fanta_can,table_left,draft_unreviewed
images/train/WIN_20261006_23_48_36_Pro_frame000262.jpg,3,green_apple,table_right,draft_unreviewed
images/train/WIN_20261006_23_48_36_Pro_frame000262.jpg,4,mug,table_left,draft_unreviewed
images/train/WIN_20261006_23_48_36_Pro_frame000262.jpg,5,peach,table_right,draft_unreviewed
images/train/WIN_20261006_23_48_36_Pro_frame000262.jpg,6,plate,table_left,draft_unreviewed
images/train/WIN_20261006_23_48_36_Pro_frame000263.jpg,0,apple,table_left,draft_unreviewed
images/train/WIN_20261006_23_48_36_Pro_frame000263.jpg,1,banana,table_right,draft_unreviewed
images/train/WIN_20261006_23_48_36_Pro_frame000263.jpg,2,fanta_can,table_left,draft_unreviewed
images/train/WIN_20261006_23_48_36_Pro_frame000263.jpg,3,green_apple,table_right,draft_unreviewed
images/train/WIN_20261006_23_48_36_Pro_frame000263.jpg,4,mug,table_left,draft_unreviewed
images/train/WIN_20261006_23_48_36_Pro_frame000263.jpg,5,peach,table_right,draft_unreviewed
images/train/WIN_20261006_23_48_36_Pro_frame000263.jpg,6,plate,table_left,draft_unreviewed
images/train/WIN_20261006_23_48_36_Pro_frame000264.jpg,0,apple,table_left,draft_unreviewed
images/train/WIN_20261006_23_48_36_Pro_frame000264.jpg,1,banana,table_right,draft_unreviewed
images/train/WIN_20261006_23_48_36_Pro_frame000264.jpg,2,fanta_can,table_left,draft_unreviewed
images/train/WIN_20261006_23_48_36_Pro_frame000264.jpg,3,green_apple,table_right,draft_unreviewed
images/train/WIN_20261006_23_48_36_Pro_frame000264.jpg,4,mug,table_left,draft_unreviewed
images/train/WIN_20261006_23_48_36_Pro_frame000264.jpg,5,peach,table_right,draft_unreviewed
images/train/WIN_20261006_23_48_36_Pro_frame000264.jpg,6,plate,table_left,draft_unreviewed
images/train/WIN_20261006_23_48_36_Pro_frame000265.jpg,0,apple,table_left,draft_unreviewed
images/train/WIN_20261006_23_48_36_Pro_frame000265.jpg,1,banana,table_right,draft_unreviewed
images/train/WIN_20261006_23_48_36_Pro_frame000265.jpg,2,fanta_can,table_left,draft_unreviewed
images/train/WIN_20261006_23_48_36_Pro_frame000265.jpg,3,green_apple,table_right,draft_unreviewed
images/train/WIN_20261006_23_48_36_Pro_frame000265.jpg,4,mug,table_left,draft_unreviewed
images/train/WIN_20261006_23_48_36_Pro_frame000265.jpg,5,peach,table_right,draft_unreviewed
images/train/WIN_20261006_23_48_36_Pro_frame000265.jpg,6,plate,table_left,draft_unreviewed
images/train/WIN_20261006_23_48_36_Pro_frame000266.jpg,0,apple,table_left,draft_unreviewed
images/train/WIN_20261006_23_48_36_Pro_frame000266.jpg,1,banana,table_right,draft_unreviewed
images/train/WIN_20261006_23_48_36_Pro_frame000266.jpg,2,fanta_can,table_left,draft_unreviewed
images/train/WIN_20261006_23_48_36_Pro_frame000266.jpg,3,green_apple,table_right,draft_unreviewed
images/train/WIN_20261006_23_48_36_Pro_frame000266.jpg,4,mug,table_left,draft_unreviewed
images/train/WIN_20261006_23_48_36_Pro_frame000266.jpg,5,peach,table_right,draft_unreviewed
images/train/WIN_20261006_23_48_36_Pro_frame000266.jpg,6,plate,table_left,draft_unreviewed
images/train/WIN_20261006_23_48_36_Pro_frame000267.jpg,0,apple,table_left,draft_unreviewed
images/train/WIN_20261006_23_48_36_Pro_frame000267.jpg,1,banana,table_right,draft_unreviewed
images/train/WIN_20261006_23_48_36_Pro_frame000267.jpg,2,fanta_can,table_left,draft_unreviewed
images/train/WIN_20261006_23_48_36_Pro_frame000267.jpg,3,green_apple,table_right,draft_unreviewed
images/train/WIN_20261006_23_48_36_Pro_frame000267.jpg,4,mug,table_left,draft_unreviewed
images/train/WIN_20261006_23_48_36_Pro_frame000267.jpg,5,peach,table_right,draft_unreviewed
images/train/WIN_20261006_23_48_36_Pro_frame000267.jpg,6,plate,table_left,draft_unreviewed
images/train/WIN_20261006_23_48_36_Pro_frame000268.jpg,0,apple,table_left,draft_unreviewed
images/train/WIN_20261006_23_48_36_Pro_frame000268.jpg,1,banana,table_right,draft_unreviewed
images/train/WIN_20261006_23_48_36_Pro_frame000268.jpg,2,fanta_can,table_left,draft_unreviewed
images/train/WIN_20261006_23_48_36_Pro_frame000268.jpg,3,green_apple,table_right,draft_unreviewed
images/train/WIN_20261006_23_48_36_Pro_frame000268.jpg,4,mug,table_left,draft_unreviewed
images/train/WIN_20261006_23_48_36_Pro_frame000268.jpg,5,peach,table_right,draft_unreviewed
images/train/WIN_20261006_23_48_36_Pro_frame000268.jpg,6,plate,table_left,draft_unreviewed
images/train/WIN_20261006_23_48_36_Pro_frame000269.jpg,0,apple,table_left,draft_unreviewed
images/train/WIN_20261006_23_48_36_Pro_frame000269.jpg,1,banana,table_right,draft_unreviewed
images/train/WIN_20261006_23_48_36_Pro_frame000269.jpg,2,fanta_can,table_left,draft_unreviewed
images/train/WIN_20261006_23_48_36_Pro_frame000269.jpg,3,green_apple,table_right,draft_unreviewed
images/train/WIN_20261006_23_48_36_Pro_frame000269.jpg,4,mug,table_left,draft_unreviewed
images/train/WIN_20261006_23_48_36_Pro_frame000269.jpg,5,peach,table_right,draft_unreviewed
images/train/WIN_20261006_23_48_36_Pro_frame000269.jpg,6,plate,table_left,draft_unreviewed
images/train/WIN_20261006_23_48_36_Pro_frame000270.jpg,0,apple,table_left,draft_unreviewed
images/train/WIN_20261006_23_48_36_Pro_frame000270.jpg,1,banana,table_right,draft_unreviewed
images/train/WIN_20261006_23_48_36_Pro_frame000270.jpg,2,fanta_can,table_left,draft_unreviewed
images/train/WIN_20261006_23_48_36_Pro_frame000270.jpg,3,green_apple,table_right,draft_unreviewed
images/train/WIN_20261006_23_48_36_Pro_frame000270.jpg,4,mug,table_left,draft_unreviewed
images/train/WIN_20261006_23_48_36_Pro_frame000270.jpg,5,peach,table_right,draft_unreviewed
images/train/WIN_20261006_23_48_36_Pro_frame000270.jpg,6,plate,table_left,draft_unreviewed
images/train/WIN_20261006_23_48_36_Pro_frame000271.jpg,0,apple,table_left,draft_unreviewed
images/train/WIN_20261006_23_48_36_Pro_frame000271.jpg,1,banana,table_right,draft_unreviewed
images/train/WIN_20261006_23_48_36_Pro_frame000271.jpg,2,fanta_can,table_left,draft_unreviewed
images/train/WIN_20261006_23_48_36_Pro_frame000271.jpg,3,green_apple,table_right,draft_unreviewed
images/train/WIN_20261006_23_48_36_Pro_frame000271.jpg,4,mug,table_left,draft_unreviewed
images/train/WIN_20261006_23_48_36_Pro_frame000271.jpg,5,peach,table_right,draft_unreviewed
images/train/WIN_20261006_23_48_36_Pro_frame000271.jpg,6,plate,table_left,draft_unreviewed
images/train/WIN_20261006_23_48_36_Pro_frame000272.jpg,0,apple,table_left,draft_unreviewed
images/train/WIN_20261006_23_48_36_Pro_frame000272.jpg,1,banana,table_right,draft_unreviewed
images/train/WIN_20261006_23_48_36_Pro_frame000272.jpg,2,fanta_can,table_left,draft_unreviewed
images/train/WIN_20261006_23_48_36_Pro_frame000272.jpg,3,green_apple,table_right,draft_unreviewed
images/train/WIN_20261006_23_48_36_Pro_frame000272.jpg,4,mug,table_left,draft_unreviewed
images/train/WIN_20261006_23_48_36_Pro_frame000272.jpg,5,peach,table_right,draft_unreviewed
images/train/WIN_20261006_23_48_36_Pro_frame000272.jpg,6,plate,table_left,draft_unreviewed
images/train/WIN_20261006_23_48_36_Pro_frame000273.jpg,0,apple,table_left,draft_unreviewed
images/train/WIN_20261006_23_48_36_Pro_frame000273.jpg,1,banana,table_right,draft_unreviewed
images/train/WIN_20261006_23_48_36_Pro_frame000273.jpg,2,fanta_can,table_left,draft_unreviewed
images/train/WIN_20261006_23_48_36_Pro_frame000273.jpg,3,green_apple,table_right,draft_unreviewed
images/train/WIN_20261006_23_48_36_Pro_frame000273.jpg,4,mug,table_left,draft_unreviewed
images/train/WIN_20261006_23_48_36_Pro_frame000273.jpg,5,peach,table_right,draft_unreviewed
images/train/WIN_20261006_23_48_36_Pro_frame000273.jpg,6,plate,table_left,draft_unreviewed
images/train/WIN_20261006_23_48_36_Pro_frame000274.jpg,0,apple,table_left,draft_unreviewed
images/train/WIN_20261006_23_48_36_Pro_frame000274.jpg,1,banana,table_right,draft_unreviewed
images/train/WIN_20261006_23_48_36_Pro_frame000274.jpg,2,fanta_can,table_left,draft_unreviewed
images/train/WIN_20261006_23_48_36_Pro_frame000274.jpg,3,green_apple,table_right,draft_unreviewed
images/train/WIN_20261006_23_48_36_Pro_frame000274.jpg,4,mug,table_left,draft_unreviewed
images/train/WIN_20261006_23_48_36_Pro_frame000274.jpg,5,peach,table_right,draft_unreviewed
images/train/WIN_20261006_23_48_36_Pro_frame000274.jpg,6,plate,table_left,draft_unreviewed
images/train/WIN_20261006_23_48_36_Pro_frame000275.jpg,0,apple,table_left,draft_unreviewed
images/train/WIN_20261006_23_48_36_Pro_frame000275.jpg,1,banana,table_right,draft_unreviewed
images/train/WIN_20261006_23_48_36_Pro_frame000275.jpg,2,fanta_can,table_left,draft_unreviewed
images/train/WIN_20261006_23_48_36_Pro_frame000275.jpg,3,green_apple,table_right,draft_unreviewed
images/train/WIN_20261006_23_48_36_Pro_frame000275.jpg,4,mug,table_left,draft_unreviewed
images/train/WIN_20261006_23_48_36_Pro_frame000275.jpg,5,peach,table_right,draft_unreviewed
images/train/WIN_20261006_23_48_36_Pro_frame000275.jpg,6,plate,table_left,draft_unreviewed
images/train/WIN_20261006_23_48_36_Pro_frame000276.jpg,0,apple,table_left,draft_unreviewed
images/train/WIN_20261006_23_48_36_Pro_frame000276.jpg,1,banana,table_right,draft_unreviewed
images/train/WIN_20261006_23_48_36_Pro_frame000276.jpg,2,fanta_can,table_left,draft_unreviewed
images/train/WIN_20261006_23_48_36_Pro_frame000276.jpg,3,green_apple,table_right,draft_unreviewed
images/train/WIN_20261006_23_48_36_Pro_frame000276.jpg,4,mug,table_left,draft_unreviewed
images/train/WIN_20261006_23_48_36_Pro_frame000276.jpg,5,peach,table_right,draft_unreviewed
images/train/WIN_20261006_23_48_36_Pro_frame000276.jpg,6,plate,table_left,draft_unreviewed
images/train/WIN_20261006_23_48_36_Pro_frame000277.jpg,0,apple,table_left,draft_unreviewed
images/train/WIN_20261006_23_48_36_Pro_frame000277.jpg,1,banana,table_right,draft_unreviewed
images/train/WIN_20261006_23_48_36_Pro_frame000277.jpg,2,fanta_can,table_left,draft_unreviewed
images/train/WIN_20261006_23_48_36_Pro_frame000277.jpg,3,green_apple,table_right,draft_unreviewed
images/train/WIN_20261006_23_48_36_Pro_frame000277.jpg,4,mug,table_left,draft_unreviewed
images/train/WIN_20261006_23_48_36_Pro_frame000277.jpg,5,peach,table_right,draft_unreviewed
images/train/WIN_20261006_23_48_36_Pro_frame000277.jpg,6,plate,table_left,draft_unreviewed
images/train/WIN_20261006_23_48_36_Pro_frame000278.jpg,0,apple,table_left,draft_unreviewed
images/train/WIN_20261006_23_48_36_Pro_frame000278.jpg,1,banana,table_right,draft_unreviewed
images/train/WIN_20261006_23_48_36_Pro_frame000278.jpg,2,fanta_can,table_left,draft_unreviewed
images/train/WIN_20261006_23_48_36_Pro_frame000278.jpg,3,green_apple,table_right,draft_unreviewed
images/train/WIN_20261006_23_48_36_Pro_frame000278.jpg,4,mug,table_left,draft_unreviewed
images/train/WIN_20261006_23_48_36_Pro_frame000278.jpg,5,peach,table_right,draft_unreviewed
images/train/WIN_20261006_23_48_36_Pro_frame000278.jpg,6,plate,table_left,draft_unreviewed
images/train/WIN_20261006_23_48_36_Pro_frame000279.jpg,0,apple,table_left,draft_unreviewed
images/train/WIN_20261006_23_48_36_Pro_frame000279.jpg,1,banana,table_right,draft_unreviewed
images/train/WIN_20261006_23_48_36_Pro_frame000279.jpg,2,fanta_can,table_left,draft_unreviewed
images/train/WIN_20261006_23_48_36_Pro_frame000279.jpg,3,green_apple,table_right,draft_unreviewed
images/train/WIN_20261006_23_48_36_Pro_frame000279.jpg,4,mug,table_left,draft_unreviewed
images/train/WIN_20261006_23_48_36_Pro_frame000279.jpg,5,peach,table_right,draft_unreviewed
images/train/WIN_20261006_23_48_36_Pro_frame000279.jpg,6,plate,table_left,draft_unreviewed
images/train/WIN_20261006_23_48_36_Pro_frame000280.jpg,0,apple,table_left,draft_unreviewed
images/train/WIN_20261006_23_48_36_Pro_frame000280.jpg,1,banana,table_right,draft_unreviewed
images/train/WIN_20261006_23_48_36_Pro_frame000280.jpg,2,fanta_can,table_left,draft_unreviewed
images/train/WIN_20261006_23_48_36_Pro_frame000280.jpg,3,green_apple,table_right,draft_unreviewed
images/train/WIN_20261006_23_48_36_Pro_frame000280.jpg,4,mug,table_left,draft_unreviewed
images/train/WIN_20261006_23_48_36_Pro_frame000280.jpg,5,peach,table_right,draft_unreviewed
images/train/WIN_20261006_23_48_36_Pro_frame000280.jpg,6,plate,table_left,draft_unreviewed
images/train/WIN_20261006_23_48_36_Pro_frame000281.jpg,0,apple,table_left,draft_unreviewed
images/train/WIN_20261006_23_48_36_Pro_frame000281.jpg,1,banana,table_right,draft_unreviewed
images/train/WIN_20261006_23_48_36_Pro_frame000281.jpg,2,fanta_can,table_left,draft_unreviewed
images/train/WIN_20261006_23_48_36_Pro_frame000281.jpg,3,green_apple,table_right,draft_unreviewed
images/train/WIN_20261006_23_48_36_Pro_frame000281.jpg,4,mug,table_left,draft_unreviewed
images/train/WIN_20261006_23_48_36_Pro_frame000281.jpg,5,peach,table_right,draft_unreviewed
images/train/WIN_20261006_23_48_36_Pro_frame000281.jpg,6,plate,table_left,draft_unreviewed
images/train/WIN_20261006_23_48_36_Pro_frame000282.jpg,0,apple,table_left,draft_unreviewed
images/train/WIN_20261006_23_48_36_Pro_frame000282.jpg,1,banana,table_right,draft_unreviewed
images/train/WIN_20261006_23_48_36_Pro_frame000282.jpg,2,fanta_can,table_left,draft_unreviewed
images/train/WIN_20261006_23_48_36_Pro_frame000282.jpg,3,green_apple,table_right,draft_unreviewed
images/train/WIN_20261006_23_48_36_Pro_frame000282.jpg,4,mug,table_left,draft_unreviewed
images/train/WIN_20261006_23_48_36_Pro_frame000282.jpg,5,peach,table_right,draft_unreviewed
images/train/WIN_20261006_23_48_36_Pro_frame000282.jpg,6,plate,table_left,draft_unreviewed
images/train/WIN_20261006_23_48_36_Pro_frame000283.jpg,0,apple,table_left,draft_unreviewed
images/train/WIN_20261006_23_48_36_Pro_frame000283.jpg,1,banana,table_right,draft_unreviewed
images/train/WIN_20261006_23_48_36_Pro_frame000283.jpg,2,fanta_can,table_left,draft_unreviewed
images/train/WIN_20261006_23_48_36_Pro_frame000283.jpg,3,green_apple,table_right,draft_unreviewed
images/train/WIN_20261006_23_48_36_Pro_frame000283.jpg,4,mug,table_left,draft_unreviewed
images/train/WIN_20261006_23_48_36_Pro_frame000283.jpg,5,peach,table_right,draft_unreviewed
images/train/WIN_20261006_23_48_36_Pro_frame000283.jpg,6,plate,table_left,draft_unreviewed
images/train/WIN_20261006_23_48_36_Pro_frame000284.jpg,0,apple,table_left,draft_unreviewed
images/train/WIN_20261006_23_48_36_Pro_frame000284.jpg,1,banana,table_right,draft_unreviewed
images/train/WIN_20261006_23_48_36_Pro_frame000284.jpg,2,fanta_can,table_left,draft_unreviewed
images/train/WIN_20261006_23_48_36_Pro_frame000284.jpg,3,green_apple,table_right,draft_unreviewed
images/train/WIN_20261006_23_48_36_Pro_frame000284.jpg,4,mug,table_left,draft_unreviewed
images/train/WIN_20261006_23_48_36_Pro_frame000284.jpg,5,peach,table_right,draft_unreviewed
images/train/WIN_20261006_23_48_36_Pro_frame000284.jpg,6,plate,table_left,draft_unreviewed
images/train/WIN_20261006_23_48_36_Pro_frame000285.jpg,0,apple,table_left,draft_unreviewed
images/train/WIN_20261006_23_48_36_Pro_frame000285.jpg,1,banana,table_right,draft_unreviewed
images/train/WIN_20261006_23_48_36_Pro_frame000285.jpg,2,fanta_can,table_left,draft_unreviewed
images/train/WIN_20261006_23_48_36_Pro_frame000285.jpg,3,green_apple,table_right,draft_unreviewed
images/train/WIN_20261006_23_48_36_Pro_frame000285.jpg,4,mug,table_left,draft_unreviewed
images/train/WIN_20261006_23_48_36_Pro_frame000285.jpg,5,peach,table_right,draft_unreviewed
images/train/WIN_20261006_23_48_36_Pro_frame000285.jpg,6,plate,table_left,draft_unreviewed
images/train/WIN_20261006_23_48_36_Pro_frame000286.jpg,0,apple,table_left,draft_unreviewed
images/train/WIN_20261006_23_48_36_Pro_frame000286.jpg,1,banana,table_right,draft_unreviewed
images/train/WIN_20261006_23_48_36_Pro_frame000286.jpg,2,fanta_can,table_left,draft_unreviewed
images/train/WIN_20261006_23_48_36_Pro_frame000286.jpg,3,green_apple,table_right,draft_unreviewed
images/train/WIN_20261006_23_48_36_Pro_frame000286.jpg,4,mug,table_left,draft_unreviewed
images/train/WIN_20261006_23_48_36_Pro_frame000286.jpg,5,peach,table_right,draft_unreviewed
images/train/WIN_20261006_23_48_36_Pro_frame000286.jpg,6,plate,table_left,draft_unreviewed
images/train/WIN_20261006_23_48_36_Pro_frame000287.jpg,0,apple,table_left,draft_unreviewed
images/train/WIN_20261006_23_48_36_Pro_frame000287.jpg,1,banana,table_right,draft_unreviewed
images/train/WIN_20261006_23_48_36_Pro_frame000287.jpg,2,fanta_can,table_left,draft_unreviewed
images/train/WIN_20261006_23_48_36_Pro_frame000287.jpg,3,green_apple,table_right,draft_unreviewed
images/train/WIN_20261006_23_48_36_Pro_frame000287.jpg,4,mug,table_left,draft_unreviewed
images/train/WIN_20261006_23_48_36_Pro_frame000287.jpg,5,peach,table_right,draft_unreviewed
images/train/WIN_20261006_23_48_36_Pro_frame000287.jpg,6,plate,table_left,draft_unreviewed
images/train/WIN_20261006_23_48_36_Pro_frame000288.jpg,0,apple,table_left,draft_unreviewed
images/train/WIN_20261006_23_48_36_Pro_frame000288.jpg,1,banana,table_right,draft_unreviewed
images/train/WIN_20261006_23_48_36_Pro_frame000288.jpg,2,fanta_can,table_left,draft_unreviewed
images/train/WIN_20261006_23_48_36_Pro_frame000288.jpg,3,green_apple,table_right,draft_unreviewed
images/train/WIN_20261006_23_48_36_Pro_frame000288.jpg,4,mug,table_left,draft_unreviewed
images/train/WIN_20261006_23_48_36_Pro_frame000288.jpg,5,peach,table_right,draft_unreviewed
images/train/WIN_20261006_23_48_36_Pro_frame000288.jpg,6,plate,table_left,draft_unreviewed
images/train/WIN_20261006_23_48_36_Pro_frame000289.jpg,0,apple,table_left,draft_unreviewed
images/train/WIN_20261006_23_48_36_Pro_frame000289.jpg,1,banana,table_right,draft_unreviewed
images/train/WIN_20261006_23_48_36_Pro_frame000289.jpg,2,fanta_can,table_left,draft_unreviewed
images/train/WIN_20261006_23_48_36_Pro_frame000289.jpg,3,green_apple,table_right,draft_unreviewed
images/train/WIN_20261006_23_48_36_Pro_frame000289.jpg,4,mug,table_left,draft_unreviewed
images/train/WIN_20261006_23_48_36_Pro_frame000289.jpg,5,peach,table_right,draft_unreviewed
images/train/WIN_20261006_23_48_36_Pro_frame000289.jpg,6,plate,table_left,draft_unreviewed
images/train/WIN_20261006_23_48_36_Pro_frame000290.jpg,0,apple,table_left,draft_unreviewed
images/train/WIN_20261006_23_48_36_Pro_frame000290.jpg,1,banana,table_right,draft_unreviewed
images/train/WIN_20261006_23_48_36_Pro_frame000290.jpg,2,fanta_can,table_left,draft_unreviewed
images/train/WIN_20261006_23_48_36_Pro_frame000290.jpg,3,green_apple,table_right,draft_unreviewed
images/train/WIN_20261006_23_48_36_Pro_frame000290.jpg,4,mug,table_left,draft_unreviewed
images/train/WIN_20261006_23_48_36_Pro_frame000290.jpg,5,peach,table_right,draft_unreviewed
images/train/WIN_20261006_23_48_36_Pro_frame000290.jpg,6,plate,table_left,draft_unreviewed
images/train/WIN_20261006_23_48_36_Pro_frame000291.jpg,0,apple,table_left,draft_unreviewed
images/train/WIN_20261006_23_48_36_Pro_frame000291.jpg,1,banana,table_right,draft_unreviewed
images/train/WIN_20261006_23_48_36_Pro_frame000291.jpg,2,fanta_can,table_left,draft_unreviewed
images/train/WIN_20261006_23_48_36_Pro_frame000291.jpg,3,green_apple,table_right,draft_unreviewed
images/train/WIN_20261006_23_48_36_Pro_frame000291.jpg,4,mug,table_left,draft_unreviewed
images/train/WIN_20261006_23_48_36_Pro_frame000291.jpg,5,peach,table_right,draft_unreviewed
images/train/WIN_20261006_23_48_36_Pro_frame000291.jpg,6,plate,table_left,draft_unreviewed
images/train/WIN_20261006_23_48_36_Pro_frame000292.jpg,0,apple,table_left,draft_unreviewed
images/train/WIN_20261006_23_48_36_Pro_frame000292.jpg,1,banana,table_right,draft_unreviewed
images/train/WIN_20261006_23_48_36_Pro_frame000292.jpg,2,fanta_can,table_left,draft_unreviewed
images/train/WIN_20261006_23_48_36_Pro_frame000292.jpg,3,green_apple,table_right,draft_unreviewed
images/train/WIN_20261006_23_48_36_Pro_frame000292.jpg,4,mug,table_left,draft_unreviewed
images/train/WIN_20261006_23_48_36_Pro_frame000292.jpg,5,peach,table_right,draft_unreviewed
images/train/WIN_20261006_23_48_36_Pro_frame000292.jpg,6,plate,table_left,draft_unreviewed
images/train/WIN_20261006_23_48_36_Pro_frame000293.jpg,0,apple,table_left,draft_unreviewed
images/train/WIN_20261006_23_48_36_Pro_frame000293.jpg,1,banana,table_right,draft_unreviewed
images/train/WIN_20261006_23_48_36_Pro_frame000293.jpg,2,fanta_can,table_left,draft_unreviewed
images/train/WIN_20261006_23_48_36_Pro_frame000293.jpg,3,green_apple,table_right,draft_unreviewed
images/train/WIN_20261006_23_48_36_Pro_frame000293.jpg,4,mug,table_left,draft_unreviewed
images/train/WIN_20261006_23_48_36_Pro_frame000293.jpg,5,peach,table_right,draft_unreviewed
images/train/WIN_20261006_23_48_36_Pro_frame000293.jpg,6,plate,table_left,draft_unreviewed
images/train/WIN_20261006_23_48_36_Pro_frame000294.jpg,0,apple,table_left,draft_unreviewed
images/train/WIN_20261006_23_48_36_Pro_frame000294.jpg,1,banana,table_right,draft_unreviewed
images/train/WIN_20261006_23_48_36_Pro_frame000294.jpg,2,fanta_can,table_left,draft_unreviewed
images/train/WIN_20261006_23_48_36_Pro_frame000294.jpg,3,green_apple,table_right,draft_unreviewed
images/train/WIN_20261006_23_48_36_Pro_frame000294.jpg,4,mug,table_left,draft_unreviewed
images/train/WIN_20261006_23_48_36_Pro_frame000294.jpg,5,peach,table_right,draft_unreviewed
images/train/WIN_20261006_23_48_36_Pro_frame000294.jpg,6,plate,table_left,draft_unreviewed
images/train/WIN_20261006_23_48_36_Pro_frame000295.jpg,0,apple,table_left,draft_unreviewed
images/train/WIN_20261006_23_48_36_Pro_frame000295.jpg,1,banana,table_right,draft_unreviewed
images/train/WIN_20261006_23_48_36_Pro_frame000295.jpg,2,fanta_can,table_left,draft_unreviewed
images/train/WIN_20261006_23_48_36_Pro_frame000295.jpg,3,green_apple,table_right,draft_unreviewed
images/train/WIN_20261006_23_48_36_Pro_frame000295.jpg,4,mug,table_left,draft_unreviewed
images/train/WIN_20261006_23_48_36_Pro_frame000295.jpg,5,peach,table_right,draft_unreviewed
images/train/WIN_20261006_23_48_36_Pro_frame000295.jpg,6,plate,table_left,draft_unreviewed
images/train/WIN_20261006_23_48_36_Pro_frame000296.jpg,0,apple,table_left,draft_unreviewed
images/train/WIN_20261006_23_48_36_Pro_frame000296.jpg,1,banana,table_right,draft_unreviewed
images/train/WIN_20261006_23_48_36_Pro_frame000296.jpg,2,fanta_can,table_left,draft_unreviewed
images/train/WIN_20261006_23_48_36_Pro_frame000296.jpg,3,green_apple,table_right,draft_unreviewed
images/train/WIN_20261006_23_48_36_Pro_frame000296.jpg,4,mug,table_left,draft_unreviewed
images/train/WIN_20261006_23_48_36_Pro_frame000296.jpg,5,peach,table_right,draft_unreviewed
images/train/WIN_20261006_23_48_36_Pro_frame000296.jpg,6,plate,table_left,draft_unreviewed
images/train/WIN_20261006_23_48_36_Pro_frame000297.jpg,0,apple,table_left,draft_unreviewed
images/train/WIN_20261006_23_48_36_Pro_frame000297.jpg,1,banana,table_right,draft_unreviewed
images/train/WIN_20261006_23_48_36_Pro_frame000297.jpg,2,fanta_can,table_left,draft_unreviewed
images/train/WIN_20261006_23_48_36_Pro_frame000297.jpg,3,green_apple,table_right,draft_unreviewed
images/train/WIN_20261006_23_48_36_Pro_frame000297.jpg,4,mug,table_left,draft_unreviewed
images/train/WIN_20261006_23_48_36_Pro_frame000297.jpg,5,peach,table_right,draft_unreviewed
images/train/WIN_20261006_23_48_36_Pro_frame000297.jpg,6,plate,table_left,draft_unreviewed
images/train/WIN_20261006_23_48_36_Pro_frame000298.jpg,0,apple,table_left,draft_unreviewed
images/train/WIN_20261006_23_48_36_Pro_frame000298.jpg,1,banana,table_right,draft_unreviewed
images/train/WIN_20261006_23_48_36_Pro_frame000298.jpg,2,fanta_can,table_left,draft_unreviewed
images/train/WIN_20261006_23_48_36_Pro_frame000298.jpg,3,green_apple,table_right,draft_unreviewed
images/train/WIN_20261006_23_48_36_Pro_frame000298.jpg,4,mug,table_left,draft_unreviewed
images/train/WIN_20261006_23_48_36_Pro_frame000298.jpg,5,peach,table_right,draft_unreviewed
images/train/WIN_20261006_23_48_36_Pro_frame000298.jpg,6,plate,table_left,draft_unreviewed
images/train/WIN_20261006_23_48_36_Pro_frame000299.jpg,0,apple,table_left,draft_unreviewed
images/train/WIN_20261006_23_48_36_Pro_frame000299.jpg,1,banana,table_right,draft_unreviewed
images/train/WIN_20261006_23_48_36_Pro_frame000299.jpg,2,fanta_can,table_left,draft_unreviewed
images/train/WIN_20261006_23_48_36_Pro_frame000299.jpg,3,green_apple,table_right,draft_unreviewed
images/train/WIN_20261006_23_48_36_Pro_frame000299.jpg,4,mug,table_left,draft_unreviewed
images/train/WIN_20261006_23_48_36_Pro_frame000299.jpg,5,peach,table_right,draft_unreviewed
images/train/WIN_20261006_23_48_36_Pro_frame000299.jpg,6,plate,table_left,draft_unreviewed
images/train/WIN_20261006_23_48_36_Pro_frame000300.jpg,0,apple,table_left,draft_unreviewed
images/train/WIN_20261006_23_48_36_Pro_frame000300.jpg,1,banana,table_right,draft_unreviewed
images/train/WIN_20261006_23_48_36_Pro_frame000300.jpg,2,fanta_can,table_left,draft_unreviewed
images/train/WIN_20261006_23_48_36_Pro_frame000300.jpg,3,green_apple,table_right,draft_unreviewed
images/train/WIN_20261006_23_48_36_Pro_frame000300.jpg,4,mug,table_left,draft_unreviewed
images/train/WIN_20261006_23_48_36_Pro_frame000300.jpg,5,peach,table_right,draft_unreviewed
images/train/WIN_20261006_23_48_36_Pro_frame000300.jpg,6,plate,table_left,draft_unreviewed
images/train/WIN_20261006_23_48_36_Pro_frame000301.jpg,0,apple,table_left,draft_unreviewed
images/train/WIN_20261006_23_48_36_Pro_frame000301.jpg,1,banana,table_right,draft_unreviewed
images/train/WIN_20261006_23_48_36_Pro_frame000301.jpg,2,fanta_can,table_left,draft_unreviewed
images/train/WIN_20261006_23_48_36_Pro_frame000301.jpg,3,green_apple,table_right,draft_unreviewed
images/train/WIN_20261006_23_48_36_Pro_frame000301.jpg,4,mug,table_left,draft_unreviewed
images/train/WIN_20261006_23_48_36_Pro_frame000301.jpg,5,peach,table_right,draft_unreviewed
images/train/WIN_20261006_23_48_36_Pro_frame000301.jpg,6,plate,table_left,draft_unreviewed
images/train/WIN_20261006_23_48_36_Pro_frame000302.jpg,0,apple,table_left,draft_unreviewed
images/train/WIN_20261006_23_48_36_Pro_frame000302.jpg,1,banana,table_right,draft_unreviewed
images/train/WIN_20261006_23_48_36_Pro_frame000302.jpg,2,fanta_can,table_left,draft_unreviewed
images/train/WIN_20261006_23_48_36_Pro_frame000302.jpg,3,green_apple,table_right,draft_unreviewed
images/train/WIN_20261006_23_48_36_Pro_frame000302.jpg,4,mug,table_left,draft_unreviewed
images/train/WIN_20261006_23_48_36_Pro_frame000302.jpg,5,peach,table_right,draft_unreviewed
images/train/WIN_20261006_23_48_36_Pro_frame000302.jpg,6,plate,table_left,draft_unreviewed
images/train/WIN_20261006_23_48_36_Pro_frame000303.jpg,0,apple,table_left,draft_unreviewed
images/train/WIN_20261006_23_48_36_Pro_frame000303.jpg,1,banana,table_right,draft_unreviewed
images/train/WIN_20261006_23_48_36_Pro_frame000303.jpg,2,fanta_can,table_left,draft_unreviewed
images/train/WIN_20261006_23_48_36_Pro_frame000303.jpg,3,green_apple,table_right,draft_unreviewed
images/train/WIN_20261006_23_48_36_Pro_frame000303.jpg,4,mug,table_left,draft_unreviewed
images/train/WIN_20261006_23_48_36_Pro_frame000303.jpg,5,peach,table_right,draft_unreviewed
images/train/WIN_20261006_23_48_36_Pro_frame000303.jpg,6,plate,table_left,draft_unreviewed
images/train/WIN_20261006_23_48_36_Pro_frame000304.jpg,0,apple,table_left,draft_unreviewed
images/train/WIN_20261006_23_48_36_Pro_frame000304.jpg,1,banana,table_right,draft_unreviewed
images/train/WIN_20261006_23_48_36_Pro_frame000304.jpg,2,fanta_can,table_left,draft_unreviewed
images/train/WIN_20261006_23_48_36_Pro_frame000304.jpg,3,green_apple,table_right,draft_unreviewed
images/train/WIN_20261006_23_48_36_Pro_frame000304.jpg,4,mug,table_left,draft_unreviewed
images/train/WIN_20261006_23_48_36_Pro_frame000304.jpg,5,peach,table_right,draft_unreviewed
images/train/WIN_20261006_23_48_36_Pro_frame000304.jpg,6,plate,table_left,draft_unreviewed
images/train/WIN_20261006_23_48_36_Pro_frame000305.jpg,0,apple,table_left,draft_unreviewed
images/train/WIN_20261006_23_48_36_Pro_frame000305.jpg,1,banana,table_right,draft_unreviewed
images/train/WIN_20261006_23_48_36_Pro_frame000305.jpg,2,fanta_can,table_left,draft_unreviewed
images/train/WIN_20261006_23_48_36_Pro_frame000305.jpg,3,green_apple,table_right,draft_unreviewed
images/train/WIN_20261006_23_48_36_Pro_frame000305.jpg,4,mug,table_left,draft_unreviewed
images/train/WIN_20261006_23_48_36_Pro_frame000305.jpg,5,peach,table_right,draft_unreviewed
images/train/WIN_20261006_23_48_36_Pro_frame000305.jpg,6,plate,table_left,draft_unreviewed
images/train/WIN_20261006_23_48_36_Pro_frame000306.jpg,0,apple,table_left,draft_unreviewed
images/train/WIN_20261006_23_48_36_Pro_frame000306.jpg,1,banana,table_right,draft_unreviewed
images/train/WIN_20261006_23_48_36_Pro_frame000306.jpg,2,fanta_can,table_left,draft_unreviewed
images/train/WIN_20261006_23_48_36_Pro_frame000306.jpg,3,green_apple,table_right,draft_unreviewed
images/train/WIN_20261006_23_48_36_Pro_frame000306.jpg,4,mug,table_left,draft_unreviewed
images/train/WIN_20261006_23_48_36_Pro_frame000306.jpg,5,peach,table_right,draft_unreviewed
images/train/WIN_20261006_23_48_36_Pro_frame000306.jpg,6,plate,table_left,draft_unreviewed
images/train/WIN_20261006_23_48_36_Pro_frame000307.jpg,0,apple,table_left,draft_unreviewed
images/train/WIN_20261006_23_48_36_Pro_frame000307.jpg,1,banana,table_right,draft_unreviewed
images/train/WIN_20261006_23_48_36_Pro_frame000307.jpg,2,fanta_can,table_left,draft_unreviewed
images/train/WIN_20261006_23_48_36_Pro_frame000307.jpg,3,green_apple,table_right,draft_unreviewed
images/train/WIN_20261006_23_48_36_Pro_frame000307.jpg,4,mug,table_left,draft_unreviewed
images/train/WIN_20261006_23_48_36_Pro_frame000307.jpg,5,peach,table_right,draft_unreviewed
images/train/WIN_20261006_23_48_36_Pro_frame000307.jpg,6,plate,table_left,draft_unreviewed
images/train/WIN_20261006_23_48_36_Pro_frame000308.jpg,0,apple,table_left,draft_unreviewed
images/train/WIN_20261006_23_48_36_Pro_frame000308.jpg,1,banana,table_right,draft_unreviewed
images/train/WIN_20261006_23_48_36_Pro_frame000308.jpg,2,fanta_can,table_left,draft_unreviewed
images/train/WIN_20261006_23_48_36_Pro_frame000308.jpg,3,green_apple,table_right,draft_unreviewed
images/train/WIN_20261006_23_48_36_Pro_frame000308.jpg,4,mug,table_left,draft_unreviewed
images/train/WIN_20261006_23_48_36_Pro_frame000308.jpg,5,peach,table_right,draft_unreviewed
images/train/WIN_20261006_23_48_36_Pro_frame000308.jpg,6,plate,table_left,draft_unreviewed
images/train/WIN_20261006_23_48_36_Pro_frame000309.jpg,0,apple,table_left,draft_unreviewed
images/train/WIN_20261006_23_48_36_Pro_frame000309.jpg,1,banana,table_right,draft_unreviewed
images/train/WIN_20261006_23_48_36_Pro_frame000309.jpg,2,fanta_can,table_left,draft_unreviewed
images/train/WIN_20261006_23_48_36_Pro_frame000309.jpg,3,green_apple,table_right,draft_unreviewed
images/train/WIN_20261006_23_48_36_Pro_frame000309.jpg,4,mug,table_left,draft_unreviewed
images/train/WIN_20261006_23_48_36_Pro_frame000309.jpg,5,peach,table_right,draft_unreviewed
images/train/WIN_20261006_23_48_36_Pro_frame000309.jpg,6,plate,table_left,draft_unreviewed
images/train/WIN_20261006_23_48_36_Pro_frame000310.jpg,0,apple,table_left,draft_unreviewed
images/train/WIN_20261006_23_48_36_Pro_frame000310.jpg,1,banana,table_right,draft_unreviewed
images/train/WIN_20261006_23_48_36_Pro_frame000310.jpg,2,fanta_can,table_left,draft_unreviewed
images/train/WIN_20261006_23_48_36_Pro_frame000310.jpg,3,green_apple,table_right,draft_unreviewed
images/train/WIN_20261006_23_48_36_Pro_frame000310.jpg,4,mug,table_left,draft_unreviewed
images/train/WIN_20261006_23_48_36_Pro_frame000310.jpg,5,peach,table_right,draft_unreviewed
images/train/WIN_20261006_23_48_36_Pro_frame000310.jpg,6,plate,table_left,draft_unreviewed
images/train/WIN_20261006_23_48_36_Pro_frame000311.jpg,0,apple,table_left,draft_unreviewed
images/train/WIN_20261006_23_48_36_Pro_frame000311.jpg,1,banana,table_right,draft_unreviewed
images/train/WIN_20261006_23_48_36_Pro_frame000311.jpg,2,fanta_can,table_left,draft_unreviewed
images/train/WIN_20261006_23_48_36_Pro_frame000311.jpg,3,green_apple,table_right,draft_unreviewed
images/train/WIN_20261006_23_48_36_Pro_frame000311.jpg,4,mug,table_left,draft_unreviewed
images/train/WIN_20261006_23_48_36_Pro_frame000311.jpg,5,peach,table_right,draft_unreviewed
images/train/WIN_20261006_23_48_36_Pro_frame000311.jpg,6,plate,table_left,draft_unreviewed
images/train/WIN_20261006_23_48_36_Pro_frame000312.jpg,0,apple,table_left,draft_unreviewed
images/train/WIN_20261006_23_48_36_Pro_frame000312.jpg,1,banana,table_right,draft_unreviewed
images/train/WIN_20261006_23_48_36_Pro_frame000312.jpg,2,fanta_can,table_left,draft_unreviewed
images/train/WIN_20261006_23_48_36_Pro_frame000312.jpg,3,green_apple,table_right,draft_unreviewed
images/train/WIN_20261006_23_48_36_Pro_frame000312.jpg,4,mug,table_left,draft_unreviewed
images/train/WIN_20261006_23_48_36_Pro_frame000312.jpg,5,peach,table_right,draft_unreviewed
images/train/WIN_20261006_23_48_36_Pro_frame000312.jpg,6,plate,table_left,draft_unreviewed
images/train/WIN_20261006_23_48_36_Pro_frame000313.jpg,0,apple,table_left,draft_unreviewed
images/train/WIN_20261006_23_48_36_Pro_frame000313.jpg,1,banana,table_right,draft_unreviewed
images/train/WIN_20261006_23_48_36_Pro_frame000313.jpg,2,fanta_can,table_left,draft_unreviewed
images/train/WIN_20261006_23_48_36_Pro_frame000313.jpg,3,green_apple,table_right,draft_unreviewed
images/train/WIN_20261006_23_48_36_Pro_frame000313.jpg,4,mug,table_left,draft_unreviewed
images/train/WIN_20261006_23_48_36_Pro_frame000313.jpg,5,peach,table_right,draft_unreviewed
images/train/WIN_20261006_23_48_36_Pro_frame000313.jpg,6,plate,table_left,draft_unreviewed
images/train/WIN_20261006_23_48_36_Pro_frame000314.jpg,0,apple,table_left,draft_unreviewed
images/train/WIN_20261006_23_48_36_Pro_frame000314.jpg,1,banana,table_right,draft_unreviewed
images/train/WIN_20261006_23_48_36_Pro_frame000314.jpg,2,fanta_can,table_left,draft_unreviewed
images/train/WIN_20261006_23_48_36_Pro_frame000314.jpg,3,green_apple,table_right,draft_unreviewed
images/train/WIN_20261006_23_48_36_Pro_frame000314.jpg,4,mug,table_left,draft_unreviewed
images/train/WIN_20261006_23_48_36_Pro_frame000314.jpg,5,peach,table_right,draft_unreviewed
images/train/WIN_20261006_23_48_36_Pro_frame000314.jpg,6,plate,table_left,draft_unreviewed
images/train/WIN_20261006_23_48_36_Pro_frame000315.jpg,0,apple,table_left,draft_unreviewed
images/train/WIN_20261006_23_48_36_Pro_frame000315.jpg,1,banana,table_right,draft_unreviewed
images/train/WIN_20261006_23_48_36_Pro_frame000315.jpg,2,fanta_can,table_left,draft_unreviewed
images/train/WIN_20261006_23_48_36_Pro_frame000315.jpg,3,green_apple,table_right,draft_unreviewed
images/train/WIN_20261006_23_48_36_Pro_frame000315.jpg,4,mug,table_left,draft_unreviewed
images/train/WIN_20261006_23_48_36_Pro_frame000315.jpg,5,peach,table_right,draft_unreviewed
images/train/WIN_20261006_23_48_36_Pro_frame000315.jpg,6,plate,table_left,draft_unreviewed
images/train/WIN_20261006_23_48_36_Pro_frame000316.jpg,0,apple,table_left,draft_unreviewed
images/train/WIN_20261006_23_48_36_Pro_frame000316.jpg,1,banana,table_right,draft_unreviewed
images/train/WIN_20261006_23_48_36_Pro_frame000316.jpg,2,fanta_can,table_left,draft_unreviewed
images/train/WIN_20261006_23_48_36_Pro_frame000316.jpg,3,green_apple,table_right,draft_unreviewed
images/train/WIN_20261006_23_48_36_Pro_frame000316.jpg,4,mug,table_left,draft_unreviewed
images/train/WIN_20261006_23_48_36_Pro_frame000316.jpg,5,peach,table_right,draft_unreviewed
images/train/WIN_20261006_23_48_36_Pro_frame000316.jpg,6,plate,table_left,draft_unreviewed
images/train/WIN_20261006_23_48_36_Pro_frame000317.jpg,0,apple,table_left,draft_unreviewed
images/train/WIN_20261006_23_48_36_Pro_frame000317.jpg,1,banana,table_right,draft_unreviewed
images/train/WIN_20261006_23_48_36_Pro_frame000317.jpg,2,fanta_can,table_left,draft_unreviewed
images/train/WIN_20261006_23_48_36_Pro_frame000317.jpg,3,green_apple,table_right,draft_unreviewed
images/train/WIN_20261006_23_48_36_Pro_frame000317.jpg,4,mug,table_left,draft_unreviewed
images/train/WIN_20261006_23_48_36_Pro_frame000317.jpg,5,peach,table_right,draft_unreviewed
images/train/WIN_20261006_23_48_36_Pro_frame000317.jpg,6,plate,table_left,draft_unreviewed
images/train/WIN_20261006_23_48_36_Pro_frame000318.jpg,0,apple,table_left,draft_unreviewed
images/train/WIN_20261006_23_48_36_Pro_frame000318.jpg,1,banana,table_right,draft_unreviewed
images/train/WIN_20261006_23_48_36_Pro_frame000318.jpg,2,fanta_can,table_left,draft_unreviewed
images/train/WIN_20261006_23_48_36_Pro_frame000318.jpg,3,green_apple,table_right,draft_unreviewed
images/train/WIN_20261006_23_48_36_Pro_frame000318.jpg,4,mug,table_left,draft_unreviewed
images/train/WIN_20261006_23_48_36_Pro_frame000318.jpg,5,peach,table_right,draft_unreviewed
images/train/WIN_20261006_23_48_36_Pro_frame000318.jpg,6,plate,table_left,draft_unreviewed
images/train/WIN_20261006_23_48_36_Pro_frame000319.jpg,0,apple,table_left,draft_unreviewed
images/train/WIN_20261006_23_48_36_Pro_frame000319.jpg,1,banana,table_right,draft_unreviewed
images/train/WIN_20261006_23_48_36_Pro_frame000319.jpg,2,fanta_can,table_left,draft_unreviewed
images/train/WIN_20261006_23_48_36_Pro_frame000319.jpg,3,green_apple,table_right,draft_unreviewed
images/train/WIN_20261006_23_48_36_Pro_frame000319.jpg,4,mug,table_left,draft_unreviewed
images/train/WIN_20261006_23_48_36_Pro_frame000319.jpg,5,peach,table_right,draft_unreviewed
images/train/WIN_20261006_23_48_36_Pro_frame000319.jpg,6,plate,table_left,draft_unreviewed
images/train/WIN_20261006_23_48_36_Pro_frame000320.jpg,0,apple,table_left,draft_unreviewed
images/train/WIN_20261006_23_48_36_Pro_frame000320.jpg,1,banana,table_right,draft_unreviewed
images/train/WIN_20261006_23_48_36_Pro_frame000320.jpg,2,fanta_can,table_left,draft_unreviewed
images/train/WIN_20261006_23_48_36_Pro_frame000320.jpg,3,green_apple,table_right,draft_unreviewed
images/train/WIN_20261006_23_48_36_Pro_frame000320.jpg,4,mug,table_left,draft_unreviewed
images/train/WIN_20261006_23_48_36_Pro_frame000320.jpg,5,peach,table_right,draft_unreviewed
images/train/WIN_20261006_23_48_36_Pro_frame000320.jpg,6,plate,table_left,draft_unreviewed
images/train/WIN_20261006_23_48_36_Pro_frame000321.jpg,0,apple,table_left,draft_unreviewed
images/train/WIN_20261006_23_48_36_Pro_frame000321.jpg,1,banana,table_right,draft_unreviewed
images/train/WIN_20261006_23_48_36_Pro_frame000321.jpg,2,fanta_can,table_left,draft_unreviewed
images/train/WIN_20261006_23_48_36_Pro_frame000321.jpg,3,green_apple,table_right,draft_unreviewed
images/train/WIN_20261006_23_48_36_Pro_frame000321.jpg,4,mug,table_left,draft_unreviewed
images/train/WIN_20261006_23_48_36_Pro_frame000321.jpg,5,peach,table_right,draft_unreviewed
images/train/WIN_20261006_23_48_36_Pro_frame000321.jpg,6,plate,table_left,draft_unreviewed
images/train/WIN_20261006_23_48_36_Pro_frame000322.jpg,0,apple,table_left,draft_unreviewed
images/train/WIN_20261006_23_48_36_Pro_frame000322.jpg,1,banana,table_right,draft_unreviewed
images/train/WIN_20261006_23_48_36_Pro_frame000322.jpg,2,fanta_can,table_left,draft_unreviewed
images/train/WIN_20261006_23_48_36_Pro_frame000322.jpg,3,green_apple,table_right,draft_unreviewed
images/train/WIN_20261006_23_48_36_Pro_frame000322.jpg,4,mug,table_left,draft_unreviewed
images/train/WIN_20261006_23_48_36_Pro_frame000322.jpg,5,peach,table_right,draft_unreviewed
images/train/WIN_20261006_23_48_36_Pro_frame000322.jpg,6,plate,table_left,draft_unreviewed
images/train/WIN_20261006_23_48_36_Pro_frame000323.jpg,0,apple,table_left,draft_unreviewed
images/train/WIN_20261006_23_48_36_Pro_frame000323.jpg,1,banana,table_right,draft_unreviewed
images/train/WIN_20261006_23_48_36_Pro_frame000323.jpg,2,fanta_can,table_left,draft_unreviewed
images/train/WIN_20261006_23_48_36_Pro_frame000323.jpg,3,green_apple,table_right,draft_unreviewed
images/train/WIN_20261006_23_48_36_Pro_frame000323.jpg,4,mug,table_left,draft_unreviewed
images/train/WIN_20261006_23_48_36_Pro_frame000323.jpg,5,peach,table_right,draft_unreviewed
images/train/WIN_20261006_23_48_36_Pro_frame000323.jpg,6,plate,table_left,draft_unreviewed
images/train/WIN_20261006_23_48_36_Pro_frame000324.jpg,0,apple,table_left,draft_unreviewed
images/train/WIN_20261006_23_48_36_Pro_frame000324.jpg,1,banana,table_right,draft_unreviewed
images/train/WIN_20261006_23_48_36_Pro_frame000324.jpg,2,fanta_can,table_left,draft_unreviewed
images/train/WIN_20261006_23_48_36_Pro_frame000324.jpg,3,green_apple,table_right,draft_unreviewed
images/train/WIN_20261006_23_48_36_Pro_frame000324.jpg,4,mug,table_left,draft_unreviewed
images/train/WIN_20261006_23_48_36_Pro_frame000324.jpg,5,peach,table_right,draft_unreviewed
images/train/WIN_20261006_23_48_36_Pro_frame000324.jpg,6,plate,table_left,draft_unreviewed
images/train/WIN_20261006_23_48_36_Pro_frame000325.jpg,0,apple,table_left,draft_unreviewed
images/train/WIN_20261006_23_48_36_Pro_frame000325.jpg,1,banana,table_right,draft_unreviewed
images/train/WIN_20261006_23_48_36_Pro_frame000325.jpg,2,fanta_can,table_left,draft_unreviewed
images/train/WIN_20261006_23_48_36_Pro_frame000325.jpg,3,green_apple,table_right,draft_unreviewed
images/train/WIN_20261006_23_48_36_Pro_frame000325.jpg,4,mug,table_left,draft_unreviewed
images/train/WIN_20261006_23_48_36_Pro_frame000325.jpg,5,peach,table_right,draft_unreviewed
images/train/WIN_20261006_23_48_36_Pro_frame000325.jpg,6,plate,table_left,draft_unreviewed
images/train/WIN_20261006_23_48_36_Pro_frame000326.jpg,0,apple,table_left,draft_unreviewed
images/train/WIN_20261006_23_48_36_Pro_frame000326.jpg,1,banana,table_right,draft_unreviewed
images/train/WIN_20261006_23_48_36_Pro_frame000326.jpg,2,fanta_can,table_left,draft_unreviewed
images/train/WIN_20261006_23_48_36_Pro_frame000326.jpg,3,green_apple,table_right,draft_unreviewed
images/train/WIN_20261006_23_48_36_Pro_frame000326.jpg,4,mug,table_left,draft_unreviewed
images/train/WIN_20261006_23_48_36_Pro_frame000326.jpg,5,peach,table_right,draft_unreviewed
images/train/WIN_20261006_23_48_36_Pro_frame000326.jpg,6,plate,table_left,draft_unreviewed
images/train/WIN_20261006_23_48_36_Pro_frame000327.jpg,0,apple,table_left,draft_unreviewed
images/train/WIN_20261006_23_48_36_Pro_frame000327.jpg,1,banana,table_right,draft_unreviewed
images/train/WIN_20261006_23_48_36_Pro_frame000327.jpg,2,fanta_can,table_left,draft_unreviewed
images/train/WIN_20261006_23_48_36_Pro_frame000327.jpg,3,green_apple,table_right,draft_unreviewed
images/train/WIN_20261006_23_48_36_Pro_frame000327.jpg,4,mug,table_left,draft_unreviewed
images/train/WIN_20261006_23_48_36_Pro_frame000327.jpg,5,peach,table_right,draft_unreviewed
images/train/WIN_20261006_23_48_36_Pro_frame000327.jpg,6,plate,table_left,draft_unreviewed
images/train/WIN_20261006_23_48_36_Pro_frame000328.jpg,0,apple,table_left,draft_unreviewed
images/train/WIN_20261006_23_48_36_Pro_frame000328.jpg,1,banana,table_right,draft_unreviewed
images/train/WIN_20261006_23_48_36_Pro_frame000328.jpg,2,fanta_can,table_left,draft_unreviewed
images/train/WIN_20261006_23_48_36_Pro_frame000328.jpg,3,green_apple,table_right,draft_unreviewed
images/train/WIN_20261006_23_48_36_Pro_frame000328.jpg,4,mug,table_left,draft_unreviewed
images/train/WIN_20261006_23_48_36_Pro_frame000328.jpg,5,peach,table_right,draft_unreviewed
images/train/WIN_20261006_23_48_36_Pro_frame000328.jpg,6,plate,table_left,draft_unreviewed
images/train/WIN_20261006_23_48_36_Pro_frame000329.jpg,0,apple,table_left,draft_unreviewed
images/train/WIN_20261006_23_48_36_Pro_frame000329.jpg,1,banana,table_right,draft_unreviewed
images/train/WIN_20261006_23_48_36_Pro_frame000329.jpg,2,fanta_can,table_left,draft_unreviewed
images/train/WIN_20261006_23_48_36_Pro_frame000329.jpg,3,green_apple,table_right,draft_unreviewed
images/train/WIN_20261006_23_48_36_Pro_frame000329.jpg,4,mug,table_left,draft_unreviewed
images/train/WIN_20261006_23_48_36_Pro_frame000329.jpg,5,peach,table_right,draft_unreviewed
images/train/WIN_20261006_23_48_36_Pro_frame000329.jpg,6,plate,table_left,draft_unreviewed
images/train/WIN_20261006_23_48_36_Pro_frame000330.jpg,0,apple,table_left,draft_unreviewed
images/train/WIN_20261006_23_48_36_Pro_frame000330.jpg,1,banana,table_right,draft_unreviewed
images/train/WIN_20261006_23_48_36_Pro_frame000330.jpg,2,fanta_can,table_left,draft_unreviewed
images/train/WIN_20261006_23_48_36_Pro_frame000330.jpg,3,green_apple,table_right,draft_unreviewed
images/train/WIN_20261006_23_48_36_Pro_frame000330.jpg,4,mug,table_left,draft_unreviewed
images/train/WIN_20261006_23_48_36_Pro_frame000330.jpg,5,peach,table_right,draft_unreviewed
images/train/WIN_20261006_23_48_36_Pro_frame000330.jpg,6,plate,table_left,draft_unreviewed
images/train/WIN_20261006_23_48_36_Pro_frame000331.jpg,0,apple,table_left,draft_unreviewed
images/train/WIN_20261006_23_48_36_Pro_frame000331.jpg,1,banana,table_right,draft_unreviewed
images/train/WIN_20261006_23_48_36_Pro_frame000331.jpg,2,fanta_can,table_left,draft_unreviewed
images/train/WIN_20261006_23_48_36_Pro_frame000331.jpg,3,green_apple,table_right,draft_unreviewed
images/train/WIN_20261006_23_48_36_Pro_frame000331.jpg,4,mug,table_left,draft_unreviewed
images/train/WIN_20261006_23_48_36_Pro_frame000331.jpg,5,peach,table_right,draft_unreviewed
images/train/WIN_20261006_23_48_36_Pro_frame000331.jpg,6,plate,table_left,draft_unreviewed
images/train/WIN_20261006_23_48_36_Pro_frame000332.jpg,0,apple,table_left,draft_unreviewed
images/train/WIN_20261006_23_48_36_Pro_frame000332.jpg,1,banana,table_right,draft_unreviewed
images/train/WIN_20261006_23_48_36_Pro_frame000332.jpg,2,fanta_can,table_left,draft_unreviewed
images/train/WIN_20261006_23_48_36_Pro_frame000332.jpg,3,green_apple,table_right,draft_unreviewed
images/train/WIN_20261006_23_48_36_Pro_frame000332.jpg,4,mug,table_left,draft_unreviewed
images/train/WIN_20261006_23_48_36_Pro_frame000332.jpg,5,peach,table_right,draft_unreviewed
images/train/WIN_20261006_23_48_36_Pro_frame000332.jpg,6,plate,table_left,draft_unreviewed
images/train/WIN_20261006_23_48_36_Pro_frame000333.jpg,0,apple,table_left,draft_unreviewed
images/train/WIN_20261006_23_48_36_Pro_frame000333.jpg,1,banana,table_right,draft_unreviewed
images/train/WIN_20261006_23_48_36_Pro_frame000333.jpg,2,fanta_can,table_left,draft_unreviewed
images/train/WIN_20261006_23_48_36_Pro_frame000333.jpg,3,green_apple,table_right,draft_unreviewed
images/train/WIN_20261006_23_48_36_Pro_frame000333.jpg,4,mug,table_left,draft_unreviewed
images/train/WIN_20261006_23_48_36_Pro_frame000333.jpg,5,peach,table_right,draft_unreviewed
images/train/WIN_20261006_23_48_36_Pro_frame000333.jpg,6,plate,table_left,draft_unreviewed
images/train/WIN_20261006_23_48_36_Pro_frame000334.jpg,0,apple,table_left,draft_unreviewed
images/train/WIN_20261006_23_48_36_Pro_frame000334.jpg,1,banana,table_right,draft_unreviewed
images/train/WIN_20261006_23_48_36_Pro_frame000334.jpg,2,fanta_can,table_left,draft_unreviewed
images/train/WIN_20261006_23_48_36_Pro_frame000334.jpg,3,green_apple,table_right,draft_unreviewed
images/train/WIN_20261006_23_48_36_Pro_frame000334.jpg,4,mug,table_left,draft_unreviewed
images/train/WIN_20261006_23_48_36_Pro_frame000334.jpg,5,peach,table_right,draft_unreviewed
images/train/WIN_20261006_23_48_36_Pro_frame000334.jpg,6,plate,table_left,draft_unreviewed
images/train/WIN_20261006_23_48_36_Pro_frame000335.jpg,0,apple,table_left,draft_unreviewed
images/train/WIN_20261006_23_48_36_Pro_frame000335.jpg,1,banana,table_right,draft_unreviewed
images/train/WIN_20261006_23_48_36_Pro_frame000335.jpg,2,fanta_can,table_left,draft_unreviewed
images/train/WIN_20261006_23_48_36_Pro_frame000335.jpg,3,green_apple,table_right,draft_unreviewed
images/train/WIN_20261006_23_48_36_Pro_frame000335.jpg,4,mug,table_left,draft_unreviewed
images/train/WIN_20261006_23_48_36_Pro_frame000335.jpg,5,peach,table_right,draft_unreviewed
images/train/WIN_20261006_23_48_36_Pro_frame000335.jpg,6,plate,table_left,draft_unreviewed
images/train/WIN_20261006_23_48_36_Pro_frame000336.jpg,0,apple,table_left,draft_unreviewed
images/train/WIN_20261006_23_48_36_Pro_frame000336.jpg,1,banana,table_right,draft_unreviewed
images/train/WIN_20261006_23_48_36_Pro_frame000336.jpg,2,fanta_can,table_left,draft_unreviewed
images/train/WIN_20261006_23_48_36_Pro_frame000336.jpg,3,green_apple,table_right,draft_unreviewed
images/train/WIN_20261006_23_48_36_Pro_frame000336.jpg,4,mug,table_left,draft_unreviewed
images/train/WIN_20261006_23_48_36_Pro_frame000336.jpg,5,peach,table_right,draft_unreviewed
images/train/WIN_20261006_23_48_36_Pro_frame000336.jpg,6,plate,table_left,draft_unreviewed
images/train/WIN_20261006_23_48_36_Pro_frame000337.jpg,0,apple,table_left,draft_unreviewed
images/train/WIN_20261006_23_48_36_Pro_frame000337.jpg,1,banana,table_right,draft_unreviewed
images/train/WIN_20261006_23_48_36_Pro_frame000337.jpg,2,fanta_can,table_left,draft_unreviewed
images/train/WIN_20261006_23_48_36_Pro_frame000337.jpg,3,green_apple,table_right,draft_unreviewed
images/train/WIN_20261006_23_48_36_Pro_frame000337.jpg,4,mug,table_left,draft_unreviewed
images/train/WIN_20261006_23_48_36_Pro_frame000337.jpg,5,peach,table_right,draft_unreviewed
images/train/WIN_20261006_23_48_36_Pro_frame000337.jpg,6,plate,table_left,draft_unreviewed
images/train/WIN_20261006_23_48_36_Pro_frame000338.jpg,0,apple,table_left,draft_unreviewed
images/train/WIN_20261006_23_48_36_Pro_frame000338.jpg,1,banana,table_right,draft_unreviewed
images/train/WIN_20261006_23_48_36_Pro_frame000338.jpg,2,fanta_can,table_left,draft_unreviewed
images/train/WIN_20261006_23_48_36_Pro_frame000338.jpg,3,green_apple,table_right,draft_unreviewed
images/train/WIN_20261006_23_48_36_Pro_frame000338.jpg,4,mug,table_left,draft_unreviewed
images/train/WIN_20261006_23_48_36_Pro_frame000338.jpg,5,peach,table_right,draft_unreviewed
images/train/WIN_20261006_23_48_36_Pro_frame000338.jpg,6,plate,table_left,draft_unreviewed
images/train/WIN_20261006_23_48_36_Pro_frame000339.jpg,0,apple,table_left,draft_unreviewed
images/train/WIN_20261006_23_48_36_Pro_frame000339.jpg,1,banana,table_right,draft_unreviewed
images/train/WIN_20261006_23_48_36_Pro_frame000339.jpg,2,fanta_can,table_left,draft_unreviewed
images/train/WIN_20261006_23_48_36_Pro_frame000339.jpg,3,green_apple,table_right,draft_unreviewed
images/train/WIN_20261006_23_48_36_Pro_frame000339.jpg,4,mug,table_left,draft_unreviewed
images/train/WIN_20261006_23_48_36_Pro_frame000339.jpg,5,peach,table_right,draft_unreviewed
images/train/WIN_20261006_23_48_36_Pro_frame000339.jpg,6,plate,table_left,draft_unreviewed
images/train/WIN_20261006_23_48_36_Pro_frame000340.jpg,0,apple,table_left,draft_unreviewed
images/train/WIN_20261006_23_48_36_Pro_frame000340.jpg,1,banana,table_right,draft_unreviewed
images/train/WIN_20261006_23_48_36_Pro_frame000340.jpg,2,fanta_can,table_left,draft_unreviewed
images/train/WIN_20261006_23_48_36_Pro_frame000340.jpg,3,green_apple,table_right,draft_unreviewed
images/train/WIN_20261006_23_48_36_Pro_frame000340.jpg,4,mug,table_left,draft_unreviewed
images/train/WIN_20261006_23_48_36_Pro_frame000340.jpg,5,peach,table_right,draft_unreviewed
images/train/WIN_20261006_23_48_36_Pro_frame000340.jpg,6,plate,table_left,draft_unreviewed
images/train/WIN_20261006_23_48_36_Pro_frame000341.jpg,0,apple,table_left,draft_unreviewed
images/train/WIN_20261006_23_48_36_Pro_frame000341.jpg,1,banana,table_right,draft_unreviewed
images/train/WIN_20261006_23_48_36_Pro_frame000341.jpg,2,fanta_can,table_left,draft_unreviewed
images/train/WIN_20261006_23_48_36_Pro_frame000341.jpg,3,green_apple,table_right,draft_unreviewed
images/train/WIN_20261006_23_48_36_Pro_frame000341.jpg,4,mug,table_left,draft_unreviewed
images/train/WIN_20261006_23_48_36_Pro_frame000341.jpg,5,peach,table_right,draft_unreviewed
images/train/WIN_20261006_23_48_36_Pro_frame000341.jpg,6,plate,table_left,draft_unreviewed
images/train/WIN_20261006_23_48_36_Pro_frame000342.jpg,0,apple,table_left,draft_unreviewed
images/train/WIN_20261006_23_48_36_Pro_frame000342.jpg,1,banana,table_right,draft_unreviewed
images/train/WIN_20261006_23_48_36_Pro_frame000342.jpg,2,fanta_can,table_left,draft_unreviewed
images/train/WIN_20261006_23_48_36_Pro_frame000342.jpg,3,green_apple,table_right,draft_unreviewed
images/train/WIN_20261006_23_48_36_Pro_frame000342.jpg,4,mug,table_left,draft_unreviewed
images/train/WIN_20261006_23_48_36_Pro_frame000342.jpg,5,peach,table_right,draft_unreviewed
images/train/WIN_20261006_23_48_36_Pro_frame000342.jpg,6,plate,table_left,draft_unreviewed
images/train/WIN_20261006_23_48_36_Pro_frame000343.jpg,0,apple,table_left,draft_unreviewed
images/train/WIN_20261006_23_48_36_Pro_frame000343.jpg,1,banana,table_right,draft_unreviewed
images/train/WIN_20261006_23_48_36_Pro_frame000343.jpg,2,fanta_can,table_left,draft_unreviewed
images/train/WIN_20261006_23_48_36_Pro_frame000343.jpg,4,mug,table_left,draft_unreviewed
images/train/WIN_20261006_23_48_36_Pro_frame000343.jpg,5,peach,table_right,draft_unreviewed
images/train/WIN_20261006_23_48_36_Pro_frame000343.jpg,6,plate,table_left,draft_unreviewed
images/train/WIN_20261006_23_48_36_Pro_frame000344.jpg,0,apple,table_left,draft_unreviewed
images/train/WIN_20261006_23_48_36_Pro_frame000344.jpg,1,banana,table_right,draft_unreviewed
images/train/WIN_20261006_23_48_36_Pro_frame000344.jpg,2,fanta_can,table_left,draft_unreviewed
images/train/WIN_20261006_23_48_36_Pro_frame000344.jpg,4,mug,table_left,draft_unreviewed
images/train/WIN_20261006_23_48_36_Pro_frame000344.jpg,5,peach,table_right,draft_unreviewed
images/train/WIN_20261006_23_48_36_Pro_frame000344.jpg,6,plate,table_left,draft_unreviewed
images/train/WIN_20261006_23_48_36_Pro_frame000345.jpg,0,apple,table_left,draft_unreviewed
images/train/WIN_20261006_23_48_36_Pro_frame000345.jpg,1,banana,table_right,draft_unreviewed
images/train/WIN_20261006_23_48_36_Pro_frame000345.jpg,2,fanta_can,table_left,draft_unreviewed
images/train/WIN_20261006_23_48_36_Pro_frame000345.jpg,4,mug,table_left,draft_unreviewed
images/train/WIN_20261006_23_48_36_Pro_frame000345.jpg,5,peach,table_right,draft_unreviewed
images/train/WIN_20261006_23_48_36_Pro_frame000345.jpg,6,plate,table_left,draft_unreviewed
images/train/WIN_20261006_23_48_36_Pro_frame000346.jpg,0,apple,table_left,draft_unreviewed
images/train/WIN_20261006_23_48_36_Pro_frame000346.jpg,1,banana,table_right,draft_unreviewed
images/train/WIN_20261006_23_48_36_Pro_frame000346.jpg,2,fanta_can,table_left,draft_unreviewed
images/train/WIN_20261006_23_48_36_Pro_frame000346.jpg,4,mug,table_left,draft_unreviewed
images/train/WIN_20261006_23_48_36_Pro_frame000346.jpg,5,peach,table_right,draft_unreviewed
images/train/WIN_20261006_23_48_36_Pro_frame000346.jpg,6,plate,table_left,draft_unreviewed
images/train/WIN_20261006_23_48_36_Pro_frame000347.jpg,0,apple,table_left,draft_unreviewed
images/train/WIN_20261006_23_48_36_Pro_frame000347.jpg,1,banana,table_right,draft_unreviewed
images/train/WIN_20261006_23_48_36_Pro_frame000347.jpg,2,fanta_can,table_left,draft_unreviewed
images/train/WIN_20261006_23_48_36_Pro_frame000347.jpg,4,mug,table_left,draft_unreviewed
images/train/WIN_20261006_23_48_36_Pro_frame000347.jpg,5,peach,table_right,draft_unreviewed
images/train/WIN_20261006_23_48_36_Pro_frame000347.jpg,6,plate,table_left,draft_unreviewed
images/train/WIN_20261006_23_48_36_Pro_frame000348.jpg,0,apple,table_left,draft_unreviewed
images/train/WIN_20261006_23_48_36_Pro_frame000348.jpg,1,banana,table_right,draft_unreviewed
images/train/WIN_20261006_23_48_36_Pro_frame000348.jpg,2,fanta_can,table_left,draft_unreviewed
images/train/WIN_20261006_23_48_36_Pro_frame000348.jpg,4,mug,table_left,draft_unreviewed
images/train/WIN_20261006_23_48_36_Pro_frame000348.jpg,5,peach,table_right,draft_unreviewed
images/train/WIN_20261006_23_48_36_Pro_frame000348.jpg,6,plate,table_left,draft_unreviewed
images/train/WIN_20261006_23_48_36_Pro_frame000349.jpg,0,apple,table_left,draft_unreviewed
images/train/WIN_20261006_23_48_36_Pro_frame000349.jpg,1,banana,table_right,draft_unreviewed
images/train/WIN_20261006_23_48_36_Pro_frame000349.jpg,2,fanta_can,table_left,draft_unreviewed
images/train/WIN_20261006_23_48_36_Pro_frame000349.jpg,4,mug,table_left,draft_unreviewed
images/train/WIN_20261006_23_48_36_Pro_frame000349.jpg,5,peach,table_right,draft_unreviewed
images/train/WIN_20261006_23_48_36_Pro_frame000349.jpg,6,plate,table_left,draft_unreviewed
images/train/WIN_20261006_23_48_36_Pro_frame000350.jpg,0,apple,table_left,draft_unreviewed
images/train/WIN_20261006_23_48_36_Pro_frame000350.jpg,1,banana,table_right,draft_unreviewed
images/train/WIN_20261006_23_48_36_Pro_frame000350.jpg,2,fanta_can,table_left,draft_unreviewed
images/train/WIN_20261006_23_48_36_Pro_frame000350.jpg,4,mug,table_left,draft_unreviewed
images/train/WIN_20261006_23_48_36_Pro_frame000350.jpg,5,peach,table_right,draft_unreviewed
images/train/WIN_20261006_23_48_36_Pro_frame000350.jpg,6,plate,table_left,draft_unreviewed
images/train/WIN_20261006_23_48_36_Pro_frame000351.jpg,0,apple,table_left,draft_unreviewed
images/train/WIN_20261006_23_48_36_Pro_frame000351.jpg,1,banana,table_right,draft_unreviewed
images/train/WIN_20261006_23_48_36_Pro_frame000351.jpg,2,fanta_can,table_left,draft_unreviewed
images/train/WIN_20261006_23_48_36_Pro_frame000351.jpg,4,mug,table_left,draft_unreviewed
images/train/WIN_20261006_23_48_36_Pro_frame000351.jpg,5,peach,table_right,draft_unreviewed
images/train/WIN_20261006_23_48_36_Pro_frame000351.jpg,6,plate,table_left,draft_unreviewed
images/train/WIN_20261006_23_48_36_Pro_frame000352.jpg,0,apple,table_left,draft_unreviewed
images/train/WIN_20261006_23_48_36_Pro_frame000352.jpg,1,banana,table_right,draft_unreviewed
images/train/WIN_20261006_23_48_36_Pro_frame000352.jpg,2,fanta_can,table_left,draft_unreviewed
images/train/WIN_20261006_23_48_36_Pro_frame000352.jpg,4,mug,table_left,draft_unreviewed
images/train/WIN_20261006_23_48_36_Pro_frame000352.jpg,5,peach,table_right,draft_unreviewed
images/train/WIN_20261006_23_48_36_Pro_frame000352.jpg,6,plate,table_left,draft_unreviewed
images/train/WIN_20261006_23_48_36_Pro_frame000353.jpg,0,apple,table_left,draft_unreviewed
images/train/WIN_20261006_23_48_36_Pro_frame000353.jpg,1,banana,table_right,draft_unreviewed
images/train/WIN_20261006_23_48_36_Pro_frame000353.jpg,2,fanta_can,table_left,draft_unreviewed
images/train/WIN_20261006_23_48_36_Pro_frame000353.jpg,4,mug,table_left,draft_unreviewed
images/train/WIN_20261006_23_48_36_Pro_frame000353.jpg,5,peach,table_right,draft_unreviewed
images/train/WIN_20261006_23_48_36_Pro_frame000353.jpg,6,plate,table_left,draft_unreviewed
images/train/WIN_20261006_23_48_36_Pro_frame000354.jpg,0,apple,table_left,draft_unreviewed
images/train/WIN_20261006_23_48_36_Pro_frame000354.jpg,1,banana,table_right,draft_unreviewed
images/train/WIN_20261006_23_48_36_Pro_frame000354.jpg,2,fanta_can,table_left,draft_unreviewed
images/train/WIN_20261006_23_48_36_Pro_frame000354.jpg,4,mug,table_left,draft_unreviewed
images/train/WIN_20261006_23_48_36_Pro_frame000354.jpg,5,peach,table_right,draft_unreviewed
images/train/WIN_20261006_23_48_36_Pro_frame000354.jpg,6,plate,table_left,draft_unreviewed
images/train/WIN_20261006_23_48_36_Pro_frame000355.jpg,0,apple,table_left,draft_unreviewed
images/train/WIN_20261006_23_48_36_Pro_frame000355.jpg,1,banana,table_right,draft_unreviewed
images/train/WIN_20261006_23_48_36_Pro_frame000355.jpg,2,fanta_can,table_left,draft_unreviewed
images/train/WIN_20261006_23_48_36_Pro_frame000355.jpg,4,mug,table_left,draft_unreviewed
images/train/WIN_20261006_23_48_36_Pro_frame000355.jpg,5,peach,table_right,draft_unreviewed
images/train/WIN_20261006_23_48_36_Pro_frame000355.jpg,6,plate,table_left,draft_unreviewed
images/train/WIN_20261006_23_48_36_Pro_frame000356.jpg,0,apple,table_left,draft_unreviewed
images/train/WIN_20261006_23_48_36_Pro_frame000356.jpg,1,banana,table_right,draft_unreviewed
images/train/WIN_20261006_23_48_36_Pro_frame000356.jpg,2,fanta_can,table_left,draft_unreviewed
images/train/WIN_20261006_23_48_36_Pro_frame000356.jpg,4,mug,table_left,draft_unreviewed
images/train/WIN_20261006_23_48_36_Pro_frame000356.jpg,5,peach,table_right,draft_unreviewed
images/train/WIN_20261006_23_48_36_Pro_frame000356.jpg,6,plate,table_left,draft_unreviewed
images/train/WIN_20261006_23_48_36_Pro_frame000357.jpg,0,apple,table_left,draft_unreviewed
images/train/WIN_20261006_23_48_36_Pro_frame000357.jpg,1,banana,table_right,draft_unreviewed
images/train/WIN_20261006_23_48_36_Pro_frame000357.jpg,2,fanta_can,table_left,draft_unreviewed
images/train/WIN_20261006_23_48_36_Pro_frame000357.jpg,4,mug,table_left,draft_unreviewed
images/train/WIN_20261006_23_48_36_Pro_frame000357.jpg,5,peach,table_right,draft_unreviewed
images/train/WIN_20261006_23_48_36_Pro_frame000357.jpg,6,plate,table_left,draft_unreviewed
images/train/WIN_20261006_23_48_36_Pro_frame000358.jpg,0,apple,table_left,draft_unreviewed
images/train/WIN_20261006_23_48_36_Pro_frame000358.jpg,1,banana,table_right,draft_unreviewed
images/train/WIN_20261006_23_48_36_Pro_frame000358.jpg,2,fanta_can,table_left,draft_unreviewed
images/train/WIN_20261006_23_48_36_Pro_frame000358.jpg,4,mug,table_left,draft_unreviewed
images/train/WIN_20261006_23_48_36_Pro_frame000358.jpg,5,peach,table_right,draft_unreviewed
images/train/WIN_20261006_23_48_36_Pro_frame000358.jpg,6,plate,table_left,draft_unreviewed
images/train/WIN_20261006_23_48_36_Pro_frame000359.jpg,0,apple,table_left,draft_unreviewed
images/train/WIN_20261006_23_48_36_Pro_frame000359.jpg,1,banana,table_right,draft_unreviewed
images/train/WIN_20261006_23_48_36_Pro_frame000359.jpg,2,fanta_can,table_left,draft_unreviewed
images/train/WIN_20261006_23_48_36_Pro_frame000359.jpg,4,mug,table_left,draft_unreviewed
images/train/WIN_20261006_23_48_36_Pro_frame000359.jpg,5,peach,table_right,draft_unreviewed
images/train/WIN_20261006_23_48_36_Pro_frame000359.jpg,6,plate,table_left,draft_unreviewed
images/train/WIN_20261006_23_48_36_Pro_frame000360.jpg,0,apple,table_left,draft_unreviewed
images/train/WIN_20261006_23_48_36_Pro_frame000360.jpg,1,banana,table_right,draft_unreviewed
images/train/WIN_20261006_23_48_36_Pro_frame000360.jpg,2,fanta_can,table_left,draft_unreviewed
images/train/WIN_20261006_23_48_36_Pro_frame000360.jpg,4,mug,table_left,draft_unreviewed
images/train/WIN_20261006_23_48_36_Pro_frame000360.jpg,5,peach,table_right,draft_unreviewed
images/train/WIN_20261006_23_48_36_Pro_frame000360.jpg,6,plate,table_left,draft_unreviewed
images/train/WIN_20261006_23_48_36_Pro_frame000361.jpg,0,apple,table_left,draft_unreviewed
images/train/WIN_20261006_23_48_36_Pro_frame000361.jpg,1,banana,table_right,draft_unreviewed
images/train/WIN_20261006_23_48_36_Pro_frame000361.jpg,2,fanta_can,table_left,draft_unreviewed
images/train/WIN_20261006_23_48_36_Pro_frame000361.jpg,4,mug,table_left,draft_unreviewed
images/train/WIN_20261006_23_48_36_Pro_frame000361.jpg,5,peach,table_right,draft_unreviewed
images/train/WIN_20261006_23_48_36_Pro_frame000361.jpg,6,plate,table_left,draft_unreviewed
images/train/WIN_20261006_23_48_36_Pro_frame000362.jpg,0,apple,table_left,draft_unreviewed
images/train/WIN_20261006_23_48_36_Pro_frame000362.jpg,1,banana,table_right,draft_unreviewed
images/train/WIN_20261006_23_48_36_Pro_frame000362.jpg,2,fanta_can,table_left,draft_unreviewed
images/train/WIN_20261006_23_48_36_Pro_frame000362.jpg,4,mug,table_left,draft_unreviewed
images/train/WIN_20261006_23_48_36_Pro_frame000362.jpg,5,peach,table_right,draft_unreviewed
images/train/WIN_20261006_23_48_36_Pro_frame000362.jpg,6,plate,table_left,draft_unreviewed
images/train/WIN_20261006_23_48_36_Pro_frame000363.jpg,0,apple,table_left,draft_unreviewed
images/train/WIN_20261006_23_48_36_Pro_frame000363.jpg,1,banana,table_right,draft_unreviewed
images/train/WIN_20261006_23_48_36_Pro_frame000363.jpg,2,fanta_can,table_left,draft_unreviewed
images/train/WIN_20261006_23_48_36_Pro_frame000363.jpg,4,mug,table_left,draft_unreviewed
images/train/WIN_20261006_23_48_36_Pro_frame000363.jpg,5,peach,table_right,draft_unreviewed
images/train/WIN_20261006_23_48_36_Pro_frame000363.jpg,6,plate,table_left,draft_unreviewed
images/train/WIN_20261006_23_48_36_Pro_frame000364.jpg,0,apple,table_left,draft_unreviewed
images/train/WIN_20261006_23_48_36_Pro_frame000364.jpg,1,banana,table_right,draft_unreviewed
images/train/WIN_20261006_23_48_36_Pro_frame000364.jpg,2,fanta_can,table_left,draft_unreviewed
images/train/WIN_20261006_23_48_36_Pro_frame000364.jpg,4,mug,table_left,draft_unreviewed
images/train/WIN_20261006_23_48_36_Pro_frame000364.jpg,5,peach,table_right,draft_unreviewed
images/train/WIN_20261006_23_48_36_Pro_frame000364.jpg,6,plate,table_left,draft_unreviewed
images/train/WIN_20261006_23_48_36_Pro_frame000365.jpg,0,apple,table_left,draft_unreviewed
images/train/WIN_20261006_23_48_36_Pro_frame000365.jpg,1,banana,table_right,draft_unreviewed
images/train/WIN_20261006_23_48_36_Pro_frame000365.jpg,2,fanta_can,table_left,draft_unreviewed
images/train/WIN_20261006_23_48_36_Pro_frame000365.jpg,4,mug,table_left,draft_unreviewed
images/train/WIN_20261006_23_48_36_Pro_frame000365.jpg,5,peach,table_right,draft_unreviewed
images/train/WIN_20261006_23_48_36_Pro_frame000365.jpg,6,plate,table_left,draft_unreviewed
images/train/WIN_20261006_23_48_36_Pro_frame000366.jpg,0,apple,table_left,draft_unreviewed
images/train/WIN_20261006_23_48_36_Pro_frame000366.jpg,1,banana,table_right,draft_unreviewed
images/train/WIN_20261006_23_48_36_Pro_frame000366.jpg,2,fanta_can,table_left,draft_unreviewed
images/train/WIN_20261006_23_48_36_Pro_frame000366.jpg,4,mug,table_left,draft_unreviewed
images/train/WIN_20261006_23_48_36_Pro_frame000366.jpg,5,peach,table_right,draft_unreviewed
images/train/WIN_20261006_23_48_36_Pro_frame000366.jpg,6,plate,table_left,draft_unreviewed
images/train/WIN_20261006_23_48_36_Pro_frame000367.jpg,0,apple,table_left,draft_unreviewed
images/train/WIN_20261006_23_48_36_Pro_frame000367.jpg,1,banana,table_right,draft_unreviewed
images/train/WIN_20261006_23_48_36_Pro_frame000367.jpg,2,fanta_can,table_left,draft_unreviewed
images/train/WIN_20261006_23_48_36_Pro_frame000367.jpg,4,mug,table_left,draft_unreviewed
images/train/WIN_20261006_23_48_36_Pro_frame000367.jpg,5,peach,table_right,draft_unreviewed
images/train/WIN_20261006_23_48_36_Pro_frame000367.jpg,6,plate,table_left,draft_unreviewed
images/train/WIN_20261006_23_48_36_Pro_frame000368.jpg,0,apple,table_left,draft_unreviewed
images/train/WIN_20261006_23_48_36_Pro_frame000368.jpg,1,banana,table_right,draft_unreviewed
images/train/WIN_20261006_23_48_36_Pro_frame000368.jpg,2,fanta_can,table_left,draft_unreviewed
images/train/WIN_20261006_23_48_36_Pro_frame000368.jpg,4,mug,table_left,draft_unreviewed
images/train/WIN_20261006_23_48_36_Pro_frame000368.jpg,5,peach,table_right,draft_unreviewed
images/train/WIN_20261006_23_48_36_Pro_frame000368.jpg,6,plate,table_left,draft_unreviewed
images/train/WIN_20261006_23_48_36_Pro_frame000369.jpg,0,apple,table_left,draft_unreviewed
images/train/WIN_20261006_23_48_36_Pro_frame000369.jpg,1,banana,table_right,draft_unreviewed
images/train/WIN_20261006_23_48_36_Pro_frame000369.jpg,2,fanta_can,table_left,draft_unreviewed
images/train/WIN_20261006_23_48_36_Pro_frame000369.jpg,4,mug,table_left,draft_unreviewed
images/train/WIN_20261006_23_48_36_Pro_frame000369.jpg,5,peach,table_right,draft_unreviewed
images/train/WIN_20261006_23_48_36_Pro_frame000369.jpg,6,plate,table_left,draft_unreviewed
images/train/WIN_20261006_23_50_08_Pro_frame000000.jpg,0,apple,table_left,draft_unreviewed
images/train/WIN_20261006_23_50_08_Pro_frame000000.jpg,1,banana,table_left,draft_unreviewed
images/train/WIN_20261006_23_50_08_Pro_frame000000.jpg,2,fanta_can,table_left,draft_unreviewed
images/train/WIN_20261006_23_50_08_Pro_frame000000.jpg,3,green_apple,table_left,draft_unreviewed
images/train/WIN_20261006_23_50_08_Pro_frame000000.jpg,4,mug,table_left,draft_unreviewed
images/train/WIN_20261006_23_50_08_Pro_frame000000.jpg,5,peach,table_left,draft_unreviewed
images/train/WIN_20261006_23_50_08_Pro_frame000000.jpg,6,plate,table_left,draft_unreviewed
images/train/WIN_20261006_23_50_08_Pro_frame000001.jpg,0,apple,table_left,draft_unreviewed
images/train/WIN_20261006_23_50_08_Pro_frame000001.jpg,1,banana,table_left,draft_unreviewed
images/train/WIN_20261006_23_50_08_Pro_frame000001.jpg,2,fanta_can,table_left,draft_unreviewed
images/train/WIN_20261006_23_50_08_Pro_frame000001.jpg,3,green_apple,table_left,draft_unreviewed
images/train/WIN_20261006_23_50_08_Pro_frame000001.jpg,4,mug,table_left,draft_unreviewed
images/train/WIN_20261006_23_50_08_Pro_frame000001.jpg,5,peach,table_left,draft_unreviewed
images/train/WIN_20261006_23_50_08_Pro_frame000001.jpg,6,plate,table_left,draft_unreviewed
images/train/WIN_20261006_23_50_08_Pro_frame000002.jpg,0,apple,table_left,draft_unreviewed
images/train/WIN_20261006_23_50_08_Pro_frame000002.jpg,1,banana,table_left,draft_unreviewed
images/train/WIN_20261006_23_50_08_Pro_frame000002.jpg,2,fanta_can,table_left,draft_unreviewed
images/train/WIN_20261006_23_50_08_Pro_frame000002.jpg,3,green_apple,table_left,draft_unreviewed
images/train/WIN_20261006_23_50_08_Pro_frame000002.jpg,4,mug,table_left,draft_unreviewed
images/train/WIN_20261006_23_50_08_Pro_frame000002.jpg,5,peach,table_left,draft_unreviewed
images/train/WIN_20261006_23_50_08_Pro_frame000002.jpg,6,plate,table_left,draft_unreviewed
images/train/WIN_20261006_23_50_08_Pro_frame000003.jpg,0,apple,table_left,draft_unreviewed
images/train/WIN_20261006_23_50_08_Pro_frame000003.jpg,1,banana,table_left,draft_unreviewed
images/train/WIN_20261006_23_50_08_Pro_frame000003.jpg,2,fanta_can,table_left,draft_unreviewed
images/train/WIN_20261006_23_50_08_Pro_frame000003.jpg,3,green_apple,table_left,draft_unreviewed
images/train/WIN_20261006_23_50_08_Pro_frame000003.jpg,4,mug,table_left,draft_unreviewed
images/train/WIN_20261006_23_50_08_Pro_frame000003.jpg,5,peach,table_left,draft_unreviewed
images/train/WIN_20261006_23_50_08_Pro_frame000003.jpg,6,plate,table_left,draft_unreviewed
images/train/WIN_20261006_23_50_08_Pro_frame000004.jpg,0,apple,table_left,draft_unreviewed
images/train/WIN_20261006_23_50_08_Pro_frame000004.jpg,1,banana,table_left,draft_unreviewed
images/train/WIN_20261006_23_50_08_Pro_frame000004.jpg,2,fanta_can,table_left,draft_unreviewed
images/train/WIN_20261006_23_50_08_Pro_frame000004.jpg,3,green_apple,table_left,draft_unreviewed
images/train/WIN_20261006_23_50_08_Pro_frame000004.jpg,4,mug,table_left,draft_unreviewed
images/train/WIN_20261006_23_50_08_Pro_frame000004.jpg,5,peach,table_left,draft_unreviewed
images/train/WIN_20261006_23_50_08_Pro_frame000004.jpg,6,plate,table_left,draft_unreviewed
images/train/WIN_20261006_23_50_08_Pro_frame000005.jpg,0,apple,table_left,draft_unreviewed
images/train/WIN_20261006_23_50_08_Pro_frame000005.jpg,1,banana,table_left,draft_unreviewed
images/train/WIN_20261006_23_50_08_Pro_frame000005.jpg,2,fanta_can,table_left,draft_unreviewed
images/train/WIN_20261006_23_50_08_Pro_frame000005.jpg,3,green_apple,table_left,draft_unreviewed
images/train/WIN_20261006_23_50_08_Pro_frame000005.jpg,4,mug,table_left,draft_unreviewed
images/train/WIN_20261006_23_50_08_Pro_frame000005.jpg,5,peach,table_left,draft_unreviewed
images/train/WIN_20261006_23_50_08_Pro_frame000005.jpg,6,plate,table_left,draft_unreviewed
images/train/WIN_20261006_23_50_08_Pro_frame000006.jpg,0,apple,table_left,draft_unreviewed
images/train/WIN_20261006_23_50_08_Pro_frame000006.jpg,1,banana,table_left,draft_unreviewed
images/train/WIN_20261006_23_50_08_Pro_frame000006.jpg,2,fanta_can,table_left,draft_unreviewed
images/train/WIN_20261006_23_50_08_Pro_frame000006.jpg,3,green_apple,table_left,draft_unreviewed
images/train/WIN_20261006_23_50_08_Pro_frame000006.jpg,4,mug,table_left,draft_unreviewed
images/train/WIN_20261006_23_50_08_Pro_frame000006.jpg,5,peach,table_left,draft_unreviewed
images/train/WIN_20261006_23_50_08_Pro_frame000006.jpg,6,plate,table_left,draft_unreviewed
images/train/WIN_20261006_23_50_08_Pro_frame000007.jpg,0,apple,table_left,draft_unreviewed
images/train/WIN_20261006_23_50_08_Pro_frame000007.jpg,1,banana,table_left,draft_unreviewed
images/train/WIN_20261006_23_50_08_Pro_frame000007.jpg,2,fanta_can,table_left,draft_unreviewed
images/train/WIN_20261006_23_50_08_Pro_frame000007.jpg,3,green_apple,table_left,draft_unreviewed
images/train/WIN_20261006_23_50_08_Pro_frame000007.jpg,4,mug,table_left,draft_unreviewed
images/train/WIN_20261006_23_50_08_Pro_frame000007.jpg,5,peach,table_left,draft_unreviewed
images/train/WIN_20261006_23_50_08_Pro_frame000007.jpg,6,plate,table_left,draft_unreviewed
images/train/WIN_20261006_23_50_08_Pro_frame000008.jpg,0,apple,table_left,draft_unreviewed
images/train/WIN_20261006_23_50_08_Pro_frame000008.jpg,1,banana,table_left,draft_unreviewed
images/train/WIN_20261006_23_50_08_Pro_frame000008.jpg,2,fanta_can,table_left,draft_unreviewed
images/train/WIN_20261006_23_50_08_Pro_frame000008.jpg,3,green_apple,table_left,draft_unreviewed
images/train/WIN_20261006_23_50_08_Pro_frame000008.jpg,4,mug,table_left,draft_unreviewed
images/train/WIN_20261006_23_50_08_Pro_frame000008.jpg,5,peach,table_left,draft_unreviewed
images/train/WIN_20261006_23_50_08_Pro_frame000008.jpg,6,plate,table_left,draft_unreviewed
images/train/WIN_20261006_23_50_08_Pro_frame000009.jpg,0,apple,table_left,draft_unreviewed
images/train/WIN_20261006_23_50_08_Pro_frame000009.jpg,1,banana,table_left,draft_unreviewed
images/train/WIN_20261006_23_50_08_Pro_frame000009.jpg,2,fanta_can,table_left,draft_unreviewed
images/train/WIN_20261006_23_50_08_Pro_frame000009.jpg,3,green_apple,table_left,draft_unreviewed
images/train/WIN_20261006_23_50_08_Pro_frame000009.jpg,4,mug,table_left,draft_unreviewed
images/train/WIN_20261006_23_50_08_Pro_frame000009.jpg,5,peach,table_left,draft_unreviewed
images/train/WIN_20261006_23_50_08_Pro_frame000009.jpg,6,plate,table_left,draft_unreviewed
images/train/WIN_20261006_23_50_08_Pro_frame000010.jpg,0,apple,table_left,draft_unreviewed
images/train/WIN_20261006_23_50_08_Pro_frame000010.jpg,1,banana,table_left,draft_unreviewed
images/train/WIN_20261006_23_50_08_Pro_frame000010.jpg,2,fanta_can,table_left,draft_unreviewed
images/train/WIN_20261006_23_50_08_Pro_frame000010.jpg,3,green_apple,table_left,draft_unreviewed
images/train/WIN_20261006_23_50_08_Pro_frame000010.jpg,4,mug,table_left,draft_unreviewed
images/train/WIN_20261006_23_50_08_Pro_frame000010.jpg,5,peach,table_left,draft_unreviewed
images/train/WIN_20261006_23_50_08_Pro_frame000010.jpg,6,plate,table_left,draft_unreviewed
images/train/WIN_20261006_23_50_08_Pro_frame000011.jpg,0,apple,table_left,draft_unreviewed
images/train/WIN_20261006_23_50_08_Pro_frame000011.jpg,1,banana,table_left,draft_unreviewed
images/train/WIN_20261006_23_50_08_Pro_frame000011.jpg,2,fanta_can,table_left,draft_unreviewed
images/train/WIN_20261006_23_50_08_Pro_frame000011.jpg,3,green_apple,table_left,draft_unreviewed
images/train/WIN_20261006_23_50_08_Pro_frame000011.jpg,4,mug,table_left,draft_unreviewed
images/train/WIN_20261006_23_50_08_Pro_frame000011.jpg,5,peach,table_left,draft_unreviewed
images/train/WIN_20261006_23_50_08_Pro_frame000011.jpg,6,plate,table_left,draft_unreviewed
images/train/WIN_20261006_23_50_08_Pro_frame000012.jpg,0,apple,table_left,draft_unreviewed
images/train/WIN_20261006_23_50_08_Pro_frame000012.jpg,1,banana,table_left,draft_unreviewed
images/train/WIN_20261006_23_50_08_Pro_frame000012.jpg,2,fanta_can,table_left,draft_unreviewed
images/train/WIN_20261006_23_50_08_Pro_frame000012.jpg,3,green_apple,table_left,draft_unreviewed
images/train/WIN_20261006_23_50_08_Pro_frame000012.jpg,4,mug,table_left,draft_unreviewed
images/train/WIN_20261006_23_50_08_Pro_frame000012.jpg,5,peach,table_left,draft_unreviewed
images/train/WIN_20261006_23_50_08_Pro_frame000012.jpg,6,plate,table_left,draft_unreviewed
images/train/WIN_20261006_23_50_08_Pro_frame000013.jpg,0,apple,table_left,draft_unreviewed
images/train/WIN_20261006_23_50_08_Pro_frame000013.jpg,1,banana,table_left,draft_unreviewed
images/train/WIN_20261006_23_50_08_Pro_frame000013.jpg,2,fanta_can,table_left,draft_unreviewed
images/train/WIN_20261006_23_50_08_Pro_frame000013.jpg,3,green_apple,table_left,draft_unreviewed
images/train/WIN_20261006_23_50_08_Pro_frame000013.jpg,4,mug,table_left,draft_unreviewed
images/train/WIN_20261006_23_50_08_Pro_frame000013.jpg,5,peach,table_left,draft_unreviewed
images/train/WIN_20261006_23_50_08_Pro_frame000013.jpg,6,plate,table_left,draft_unreviewed
images/train/WIN_20261006_23_50_08_Pro_frame000014.jpg,0,apple,table_left,draft_unreviewed
images/train/WIN_20261006_23_50_08_Pro_frame000014.jpg,1,banana,table_left,draft_unreviewed
images/train/WIN_20261006_23_50_08_Pro_frame000014.jpg,2,fanta_can,table_left,draft_unreviewed
images/train/WIN_20261006_23_50_08_Pro_frame000014.jpg,3,green_apple,table_left,draft_unreviewed
images/train/WIN_20261006_23_50_08_Pro_frame000014.jpg,4,mug,table_left,draft_unreviewed
images/train/WIN_20261006_23_50_08_Pro_frame000014.jpg,5,peach,table_left,draft_unreviewed
images/train/WIN_20261006_23_50_08_Pro_frame000014.jpg,6,plate,table_left,draft_unreviewed
images/train/WIN_20261006_23_50_08_Pro_frame000015.jpg,0,apple,table_left,draft_unreviewed
images/train/WIN_20261006_23_50_08_Pro_frame000015.jpg,1,banana,table_left,draft_unreviewed
images/train/WIN_20261006_23_50_08_Pro_frame000015.jpg,2,fanta_can,table_left,draft_unreviewed
images/train/WIN_20261006_23_50_08_Pro_frame000015.jpg,3,green_apple,table_left,draft_unreviewed
images/train/WIN_20261006_23_50_08_Pro_frame000015.jpg,4,mug,table_left,draft_unreviewed
images/train/WIN_20261006_23_50_08_Pro_frame000015.jpg,5,peach,table_left,draft_unreviewed
images/train/WIN_20261006_23_50_08_Pro_frame000015.jpg,6,plate,table_left,draft_unreviewed
images/train/WIN_20261006_23_50_08_Pro_frame000016.jpg,0,apple,table_left,draft_unreviewed
images/train/WIN_20261006_23_50_08_Pro_frame000016.jpg,1,banana,table_left,draft_unreviewed
images/train/WIN_20261006_23_50_08_Pro_frame000016.jpg,2,fanta_can,table_left,draft_unreviewed
images/train/WIN_20261006_23_50_08_Pro_frame000016.jpg,3,green_apple,table_left,draft_unreviewed
images/train/WIN_20261006_23_50_08_Pro_frame000016.jpg,4,mug,table_left,draft_unreviewed
images/train/WIN_20261006_23_50_08_Pro_frame000016.jpg,5,peach,table_left,draft_unreviewed
images/train/WIN_20261006_23_50_08_Pro_frame000016.jpg,6,plate,table_left,draft_unreviewed
images/train/WIN_20261006_23_50_08_Pro_frame000017.jpg,0,apple,table_left,draft_unreviewed
images/train/WIN_20261006_23_50_08_Pro_frame000017.jpg,1,banana,table_left,draft_unreviewed
images/train/WIN_20261006_23_50_08_Pro_frame000017.jpg,2,fanta_can,table_left,draft_unreviewed
images/train/WIN_20261006_23_50_08_Pro_frame000017.jpg,3,green_apple,table_left,draft_unreviewed
images/train/WIN_20261006_23_50_08_Pro_frame000017.jpg,4,mug,table_left,draft_unreviewed
images/train/WIN_20261006_23_50_08_Pro_frame000017.jpg,5,peach,table_left,draft_unreviewed
images/train/WIN_20261006_23_50_08_Pro_frame000017.jpg,6,plate,table_left,draft_unreviewed
images/train/WIN_20261006_23_50_08_Pro_frame000018.jpg,0,apple,table_left,draft_unreviewed
images/train/WIN_20261006_23_50_08_Pro_frame000018.jpg,1,banana,table_left,draft_unreviewed
images/train/WIN_20261006_23_50_08_Pro_frame000018.jpg,2,fanta_can,table_left,draft_unreviewed
images/train/WIN_20261006_23_50_08_Pro_frame000018.jpg,3,green_apple,table_left,draft_unreviewed
images/train/WIN_20261006_23_50_08_Pro_frame000018.jpg,4,mug,table_left,draft_unreviewed
images/train/WIN_20261006_23_50_08_Pro_frame000018.jpg,5,peach,table_left,draft_unreviewed
images/train/WIN_20261006_23_50_08_Pro_frame000018.jpg,6,plate,table_left,draft_unreviewed
images/train/WIN_20261006_23_50_08_Pro_frame000019.jpg,0,apple,table_left,draft_unreviewed
images/train/WIN_20261006_23_50_08_Pro_frame000019.jpg,1,banana,table_left,draft_unreviewed
images/train/WIN_20261006_23_50_08_Pro_frame000019.jpg,2,fanta_can,table_left,draft_unreviewed
images/train/WIN_20261006_23_50_08_Pro_frame000019.jpg,3,green_apple,table_left,draft_unreviewed
images/train/WIN_20261006_23_50_08_Pro_frame000019.jpg,4,mug,table_left,draft_unreviewed
images/train/WIN_20261006_23_50_08_Pro_frame000019.jpg,5,peach,table_left,draft_unreviewed
images/train/WIN_20261006_23_50_08_Pro_frame000019.jpg,6,plate,table_left,draft_unreviewed
images/train/WIN_20261006_23_50_08_Pro_frame000020.jpg,0,apple,table_left,draft_unreviewed
images/train/WIN_20261006_23_50_08_Pro_frame000020.jpg,1,banana,table_left,draft_unreviewed
images/train/WIN_20261006_23_50_08_Pro_frame000020.jpg,2,fanta_can,table_left,draft_unreviewed
images/train/WIN_20261006_23_50_08_Pro_frame000020.jpg,3,green_apple,table_left,draft_unreviewed
images/train/WIN_20261006_23_50_08_Pro_frame000020.jpg,4,mug,table_left,draft_unreviewed
images/train/WIN_20261006_23_50_08_Pro_frame000020.jpg,5,peach,table_left,draft_unreviewed
images/train/WIN_20261006_23_50_08_Pro_frame000020.jpg,6,plate,table_left,draft_unreviewed
images/train/WIN_20261006_23_50_08_Pro_frame000021.jpg,0,apple,table_left,draft_unreviewed
images/train/WIN_20261006_23_50_08_Pro_frame000021.jpg,1,banana,table_left,draft_unreviewed
images/train/WIN_20261006_23_50_08_Pro_frame000021.jpg,2,fanta_can,table_left,draft_unreviewed
images/train/WIN_20261006_23_50_08_Pro_frame000021.jpg,3,green_apple,table_left,draft_unreviewed
images/train/WIN_20261006_23_50_08_Pro_frame000021.jpg,4,mug,table_left,draft_unreviewed
images/train/WIN_20261006_23_50_08_Pro_frame000021.jpg,5,peach,table_left,draft_unreviewed
images/train/WIN_20261006_23_50_08_Pro_frame000021.jpg,6,plate,table_left,draft_unreviewed
images/train/WIN_20261006_23_50_08_Pro_frame000022.jpg,0,apple,table_left,draft_unreviewed
images/train/WIN_20261006_23_50_08_Pro_frame000022.jpg,1,banana,table_left,draft_unreviewed
images/train/WIN_20261006_23_50_08_Pro_frame000022.jpg,2,fanta_can,table_left,draft_unreviewed
images/train/WIN_20261006_23_50_08_Pro_frame000022.jpg,3,green_apple,table_left,draft_unreviewed
images/train/WIN_20261006_23_50_08_Pro_frame000022.jpg,4,mug,table_left,draft_unreviewed
images/train/WIN_20261006_23_50_08_Pro_frame000022.jpg,5,peach,table_left,draft_unreviewed
images/train/WIN_20261006_23_50_08_Pro_frame000022.jpg,6,plate,table_left,draft_unreviewed
images/train/WIN_20261006_23_50_08_Pro_frame000023.jpg,0,apple,table_left,draft_unreviewed
images/train/WIN_20261006_23_50_08_Pro_frame000023.jpg,1,banana,table_left,draft_unreviewed
images/train/WIN_20261006_23_50_08_Pro_frame000023.jpg,2,fanta_can,table_left,draft_unreviewed
images/train/WIN_20261006_23_50_08_Pro_frame000023.jpg,3,green_apple,table_left,draft_unreviewed
images/train/WIN_20261006_23_50_08_Pro_frame000023.jpg,4,mug,table_left,draft_unreviewed
images/train/WIN_20261006_23_50_08_Pro_frame000023.jpg,5,peach,table_left,draft_unreviewed
images/train/WIN_20261006_23_50_08_Pro_frame000023.jpg,6,plate,table_left,draft_unreviewed
images/train/WIN_20261006_23_50_08_Pro_frame000024.jpg,0,apple,table_left,draft_unreviewed
images/train/WIN_20261006_23_50_08_Pro_frame000024.jpg,1,banana,table_left,draft_unreviewed
images/train/WIN_20261006_23_50_08_Pro_frame000024.jpg,2,fanta_can,table_left,draft_unreviewed
images/train/WIN_20261006_23_50_08_Pro_frame000024.jpg,3,green_apple,table_left,draft_unreviewed
images/train/WIN_20261006_23_50_08_Pro_frame000024.jpg,4,mug,table_left,draft_unreviewed
images/train/WIN_20261006_23_50_08_Pro_frame000024.jpg,5,peach,table_left,draft_unreviewed
images/train/WIN_20261006_23_50_08_Pro_frame000024.jpg,6,plate,table_left,draft_unreviewed
images/train/WIN_20261006_23_50_08_Pro_frame000025.jpg,0,apple,table_left,draft_unreviewed
images/train/WIN_20261006_23_50_08_Pro_frame000025.jpg,1,banana,table_left,draft_unreviewed
images/train/WIN_20261006_23_50_08_Pro_frame000025.jpg,2,fanta_can,table_left,draft_unreviewed
images/train/WIN_20261006_23_50_08_Pro_frame000025.jpg,3,green_apple,table_left,draft_unreviewed
images/train/WIN_20261006_23_50_08_Pro_frame000025.jpg,4,mug,table_left,draft_unreviewed
images/train/WIN_20261006_23_50_08_Pro_frame000025.jpg,5,peach,table_left,draft_unreviewed
images/train/WIN_20261006_23_50_08_Pro_frame000025.jpg,6,plate,table_left,draft_unreviewed
images/train/WIN_20261006_23_50_08_Pro_frame000026.jpg,0,apple,table_left,draft_unreviewed
images/train/WIN_20261006_23_50_08_Pro_frame000026.jpg,1,banana,table_left,draft_unreviewed
images/train/WIN_20261006_23_50_08_Pro_frame000026.jpg,2,fanta_can,table_left,draft_unreviewed
images/train/WIN_20261006_23_50_08_Pro_frame000026.jpg,3,green_apple,table_left,draft_unreviewed
images/train/WIN_20261006_23_50_08_Pro_frame000026.jpg,4,mug,table_left,draft_unreviewed
images/train/WIN_20261006_23_50_08_Pro_frame000026.jpg,5,peach,table_left,draft_unreviewed
images/train/WIN_20261006_23_50_08_Pro_frame000026.jpg,6,plate,table_left,draft_unreviewed
images/train/WIN_20261006_23_50_08_Pro_frame000027.jpg,0,apple,table_left,draft_unreviewed
images/train/WIN_20261006_23_50_08_Pro_frame000027.jpg,1,banana,table_left,draft_unreviewed
images/train/WIN_20261006_23_50_08_Pro_frame000027.jpg,2,fanta_can,table_left,draft_unreviewed
images/train/WIN_20261006_23_50_08_Pro_frame000027.jpg,3,green_apple,table_left,draft_unreviewed
images/train/WIN_20261006_23_50_08_Pro_frame000027.jpg,4,mug,table_left,draft_unreviewed
images/train/WIN_20261006_23_50_08_Pro_frame000027.jpg,5,peach,table_left,draft_unreviewed
images/train/WIN_20261006_23_50_08_Pro_frame000027.jpg,6,plate,table_left,draft_unreviewed
images/train/WIN_20261006_23_50_08_Pro_frame000028.jpg,0,apple,table_left,draft_unreviewed
images/train/WIN_20261006_23_50_08_Pro_frame000028.jpg,1,banana,table_left,draft_unreviewed
images/train/WIN_20261006_23_50_08_Pro_frame000028.jpg,2,fanta_can,table_left,draft_unreviewed
images/train/WIN_20261006_23_50_08_Pro_frame000028.jpg,3,green_apple,table_left,draft_unreviewed
images/train/WIN_20261006_23_50_08_Pro_frame000028.jpg,4,mug,table_left,draft_unreviewed
images/train/WIN_20261006_23_50_08_Pro_frame000028.jpg,5,peach,table_left,draft_unreviewed
images/train/WIN_20261006_23_50_08_Pro_frame000028.jpg,6,plate,table_left,draft_unreviewed
images/train/WIN_20261006_23_50_08_Pro_frame000029.jpg,0,apple,table_left,draft_unreviewed
images/train/WIN_20261006_23_50_08_Pro_frame000029.jpg,1,banana,table_left,draft_unreviewed
images/train/WIN_20261006_23_50_08_Pro_frame000029.jpg,2,fanta_can,table_left,draft_unreviewed
images/train/WIN_20261006_23_50_08_Pro_frame000029.jpg,3,green_apple,table_left,draft_unreviewed
images/train/WIN_20261006_23_50_08_Pro_frame000029.jpg,4,mug,table_left,draft_unreviewed
images/train/WIN_20261006_23_50_08_Pro_frame000029.jpg,5,peach,table_left,draft_unreviewed
images/train/WIN_20261006_23_50_08_Pro_frame000029.jpg,6,plate,table_left,draft_unreviewed
images/train/WIN_20261006_23_50_08_Pro_frame000030.jpg,0,apple,table_left,draft_unreviewed
images/train/WIN_20261006_23_50_08_Pro_frame000030.jpg,1,banana,table_left,draft_unreviewed
images/train/WIN_20261006_23_50_08_Pro_frame000030.jpg,2,fanta_can,table_left,draft_unreviewed
images/train/WIN_20261006_23_50_08_Pro_frame000030.jpg,3,green_apple,table_left,draft_unreviewed
images/train/WIN_20261006_23_50_08_Pro_frame000030.jpg,4,mug,table_left,draft_unreviewed
images/train/WIN_20261006_23_50_08_Pro_frame000030.jpg,5,peach,table_left,draft_unreviewed
images/train/WIN_20261006_23_50_08_Pro_frame000030.jpg,6,plate,table_left,draft_unreviewed
images/train/WIN_20261006_23_50_08_Pro_frame000031.jpg,0,apple,table_left,draft_unreviewed
images/train/WIN_20261006_23_50_08_Pro_frame000031.jpg,1,banana,table_left,draft_unreviewed
images/train/WIN_20261006_23_50_08_Pro_frame000031.jpg,2,fanta_can,table_left,draft_unreviewed
images/train/WIN_20261006_23_50_08_Pro_frame000031.jpg,3,green_apple,table_left,draft_unreviewed
images/train/WIN_20261006_23_50_08_Pro_frame000031.jpg,4,mug,table_left,draft_unreviewed
images/train/WIN_20261006_23_50_08_Pro_frame000031.jpg,5,peach,table_left,draft_unreviewed
images/train/WIN_20261006_23_50_08_Pro_frame000031.jpg,6,plate,table_left,draft_unreviewed
images/train/WIN_20261006_23_50_08_Pro_frame000032.jpg,0,apple,table_left,draft_unreviewed
images/train/WIN_20261006_23_50_08_Pro_frame000032.jpg,1,banana,table_left,draft_unreviewed
images/train/WIN_20261006_23_50_08_Pro_frame000032.jpg,2,fanta_can,table_left,draft_unreviewed
images/train/WIN_20261006_23_50_08_Pro_frame000032.jpg,3,green_apple,table_left,draft_unreviewed
images/train/WIN_20261006_23_50_08_Pro_frame000032.jpg,4,mug,table_left,draft_unreviewed
images/train/WIN_20261006_23_50_08_Pro_frame000032.jpg,5,peach,table_left,draft_unreviewed
images/train/WIN_20261006_23_50_08_Pro_frame000032.jpg,6,plate,table_left,draft_unreviewed
images/train/WIN_20261006_23_50_08_Pro_frame000033.jpg,0,apple,table_left,draft_unreviewed
images/train/WIN_20261006_23_50_08_Pro_frame000033.jpg,1,banana,table_left,draft_unreviewed
images/train/WIN_20261006_23_50_08_Pro_frame000033.jpg,2,fanta_can,table_left,draft_unreviewed
images/train/WIN_20261006_23_50_08_Pro_frame000033.jpg,3,green_apple,table_left,draft_unreviewed
images/train/WIN_20261006_23_50_08_Pro_frame000033.jpg,4,mug,table_left,draft_unreviewed
images/train/WIN_20261006_23_50_08_Pro_frame000033.jpg,5,peach,table_left,draft_unreviewed
images/train/WIN_20261006_23_50_08_Pro_frame000033.jpg,6,plate,table_left,draft_unreviewed
images/train/WIN_20261006_23_50_08_Pro_frame000034.jpg,0,apple,table_left,draft_unreviewed
images/train/WIN_20261006_23_50_08_Pro_frame000034.jpg,1,banana,table_left,draft_unreviewed
images/train/WIN_20261006_23_50_08_Pro_frame000034.jpg,2,fanta_can,table_left,draft_unreviewed
images/train/WIN_20261006_23_50_08_Pro_frame000034.jpg,3,green_apple,table_left,draft_unreviewed
images/train/WIN_20261006_23_50_08_Pro_frame000034.jpg,4,mug,table_left,draft_unreviewed
images/train/WIN_20261006_23_50_08_Pro_frame000034.jpg,5,peach,table_left,draft_unreviewed
images/train/WIN_20261006_23_50_08_Pro_frame000034.jpg,6,plate,table_left,draft_unreviewed
images/train/WIN_20261006_23_50_08_Pro_frame000035.jpg,0,apple,table_left,draft_unreviewed
images/train/WIN_20261006_23_50_08_Pro_frame000035.jpg,1,banana,table_left,draft_unreviewed
images/train/WIN_20261006_23_50_08_Pro_frame000035.jpg,2,fanta_can,table_left,draft_unreviewed
images/train/WIN_20261006_23_50_08_Pro_frame000035.jpg,3,green_apple,table_left,draft_unreviewed
images/train/WIN_20261006_23_50_08_Pro_frame000035.jpg,4,mug,table_left,draft_unreviewed
images/train/WIN_20261006_23_50_08_Pro_frame000035.jpg,5,peach,table_left,draft_unreviewed
images/train/WIN_20261006_23_50_08_Pro_frame000035.jpg,6,plate,table_left,draft_unreviewed
images/train/WIN_20261006_23_50_08_Pro_frame000036.jpg,0,apple,table_left,draft_unreviewed
images/train/WIN_20261006_23_50_08_Pro_frame000036.jpg,1,banana,table_left,draft_unreviewed
images/train/WIN_20261006_23_50_08_Pro_frame000036.jpg,2,fanta_can,table_left,draft_unreviewed
images/train/WIN_20261006_23_50_08_Pro_frame000036.jpg,3,green_apple,table_left,draft_unreviewed
images/train/WIN_20261006_23_50_08_Pro_frame000036.jpg,4,mug,table_left,draft_unreviewed
images/train/WIN_20261006_23_50_08_Pro_frame000036.jpg,5,peach,table_left,draft_unreviewed
images/train/WIN_20261006_23_50_08_Pro_frame000036.jpg,6,plate,table_left,draft_unreviewed
images/train/WIN_20261006_23_50_08_Pro_frame000037.jpg,0,apple,table_left,draft_unreviewed
images/train/WIN_20261006_23_50_08_Pro_frame000037.jpg,1,banana,table_left,draft_unreviewed
images/train/WIN_20261006_23_50_08_Pro_frame000037.jpg,2,fanta_can,table_left,draft_unreviewed
images/train/WIN_20261006_23_50_08_Pro_frame000037.jpg,3,green_apple,table_left,draft_unreviewed
images/train/WIN_20261006_23_50_08_Pro_frame000037.jpg,4,mug,table_left,draft_unreviewed
images/train/WIN_20261006_23_50_08_Pro_frame000037.jpg,5,peach,table_left,draft_unreviewed
images/train/WIN_20261006_23_50_08_Pro_frame000037.jpg,6,plate,table_left,draft_unreviewed
images/train/WIN_20261006_23_50_08_Pro_frame000038.jpg,0,apple,table_left,draft_unreviewed
images/train/WIN_20261006_23_50_08_Pro_frame000038.jpg,1,banana,table_left,draft_unreviewed
images/train/WIN_20261006_23_50_08_Pro_frame000038.jpg,2,fanta_can,table_left,draft_unreviewed
images/train/WIN_20261006_23_50_08_Pro_frame000038.jpg,3,green_apple,table_left,draft_unreviewed
images/train/WIN_20261006_23_50_08_Pro_frame000038.jpg,4,mug,table_left,draft_unreviewed
images/train/WIN_20261006_23_50_08_Pro_frame000038.jpg,5,peach,table_left,draft_unreviewed
images/train/WIN_20261006_23_50_08_Pro_frame000038.jpg,6,plate,table_left,draft_unreviewed
images/train/WIN_20261006_23_50_08_Pro_frame000039.jpg,0,apple,table_left,draft_unreviewed
images/train/WIN_20261006_23_50_08_Pro_frame000039.jpg,1,banana,table_left,draft_unreviewed
images/train/WIN_20261006_23_50_08_Pro_frame000039.jpg,2,fanta_can,table_left,draft_unreviewed
images/train/WIN_20261006_23_50_08_Pro_frame000039.jpg,3,green_apple,table_left,draft_unreviewed
images/train/WIN_20261006_23_50_08_Pro_frame000039.jpg,4,mug,table_left,draft_unreviewed
images/train/WIN_20261006_23_50_08_Pro_frame000039.jpg,5,peach,table_left,draft_unreviewed
images/train/WIN_20261006_23_50_08_Pro_frame000039.jpg,6,plate,table_left,draft_unreviewed
images/train/WIN_20261006_23_50_08_Pro_frame000040.jpg,0,apple,table_left,draft_unreviewed
images/train/WIN_20261006_23_50_08_Pro_frame000040.jpg,1,banana,table_left,draft_unreviewed
images/train/WIN_20261006_23_50_08_Pro_frame000040.jpg,2,fanta_can,table_left,draft_unreviewed
images/train/WIN_20261006_23_50_08_Pro_frame000040.jpg,3,green_apple,table_left,draft_unreviewed
images/train/WIN_20261006_23_50_08_Pro_frame000040.jpg,4,mug,table_left,draft_unreviewed
images/train/WIN_20261006_23_50_08_Pro_frame000040.jpg,5,peach,table_left,draft_unreviewed
images/train/WIN_20261006_23_50_08_Pro_frame000040.jpg,6,plate,table_left,draft_unreviewed
images/train/WIN_20261006_23_50_08_Pro_frame000041.jpg,0,apple,table_left,draft_unreviewed
images/train/WIN_20261006_23_50_08_Pro_frame000041.jpg,1,banana,table_left,draft_unreviewed
images/train/WIN_20261006_23_50_08_Pro_frame000041.jpg,2,fanta_can,table_left,draft_unreviewed
images/train/WIN_20261006_23_50_08_Pro_frame000041.jpg,3,green_apple,table_left,draft_unreviewed
images/train/WIN_20261006_23_50_08_Pro_frame000041.jpg,4,mug,table_left,draft_unreviewed
images/train/WIN_20261006_23_50_08_Pro_frame000041.jpg,5,peach,table_left,draft_unreviewed
images/train/WIN_20261006_23_50_08_Pro_frame000041.jpg,6,plate,table_left,draft_unreviewed
images/train/WIN_20261006_23_50_08_Pro_frame000042.jpg,0,apple,table_left,draft_unreviewed
images/train/WIN_20261006_23_50_08_Pro_frame000042.jpg,1,banana,table_left,draft_unreviewed
images/train/WIN_20261006_23_50_08_Pro_frame000042.jpg,2,fanta_can,table_left,draft_unreviewed
images/train/WIN_20261006_23_50_08_Pro_frame000042.jpg,3,green_apple,table_left,draft_unreviewed
images/train/WIN_20261006_23_50_08_Pro_frame000042.jpg,4,mug,table_left,draft_unreviewed
images/train/WIN_20261006_23_50_08_Pro_frame000042.jpg,5,peach,table_left,draft_unreviewed
images/train/WIN_20261006_23_50_08_Pro_frame000042.jpg,6,plate,table_left,draft_unreviewed
images/train/WIN_20261006_23_50_08_Pro_frame000043.jpg,0,apple,table_left,draft_unreviewed
images/train/WIN_20261006_23_50_08_Pro_frame000043.jpg,1,banana,table_left,draft_unreviewed
images/train/WIN_20261006_23_50_08_Pro_frame000043.jpg,2,fanta_can,table_left,draft_unreviewed
images/train/WIN_20261006_23_50_08_Pro_frame000043.jpg,3,green_apple,table_left,draft_unreviewed
images/train/WIN_20261006_23_50_08_Pro_frame000043.jpg,4,mug,table_left,draft_unreviewed
images/train/WIN_20261006_23_50_08_Pro_frame000043.jpg,5,peach,table_left,draft_unreviewed
images/train/WIN_20261006_23_50_08_Pro_frame000043.jpg,6,plate,table_left,draft_unreviewed
images/train/WIN_20261006_23_50_08_Pro_frame000044.jpg,0,apple,table_left,draft_unreviewed
images/train/WIN_20261006_23_50_08_Pro_frame000044.jpg,1,banana,table_left,draft_unreviewed
images/train/WIN_20261006_23_50_08_Pro_frame000044.jpg,2,fanta_can,table_left,draft_unreviewed
images/train/WIN_20261006_23_50_08_Pro_frame000044.jpg,3,green_apple,table_left,draft_unreviewed
images/train/WIN_20261006_23_50_08_Pro_frame000044.jpg,4,mug,table_left,draft_unreviewed
images/train/WIN_20261006_23_50_08_Pro_frame000044.jpg,5,peach,table_left,draft_unreviewed
images/train/WIN_20261006_23_50_08_Pro_frame000044.jpg,6,plate,table_left,draft_unreviewed
images/train/WIN_20261006_23_50_08_Pro_frame000045.jpg,0,apple,table_left,draft_unreviewed
images/train/WIN_20261006_23_50_08_Pro_frame000045.jpg,1,banana,table_left,draft_unreviewed
images/train/WIN_20261006_23_50_08_Pro_frame000045.jpg,2,fanta_can,table_left,draft_unreviewed
images/train/WIN_20261006_23_50_08_Pro_frame000045.jpg,3,green_apple,table_left,draft_unreviewed
images/train/WIN_20261006_23_50_08_Pro_frame000045.jpg,4,mug,table_left,draft_unreviewed
images/train/WIN_20261006_23_50_08_Pro_frame000045.jpg,5,peach,table_left,draft_unreviewed
images/train/WIN_20261006_23_50_08_Pro_frame000045.jpg,6,plate,table_left,draft_unreviewed
images/train/WIN_20261006_23_50_08_Pro_frame000046.jpg,0,apple,table_left,draft_unreviewed
images/train/WIN_20261006_23_50_08_Pro_frame000046.jpg,1,banana,table_left,draft_unreviewed
images/train/WIN_20261006_23_50_08_Pro_frame000046.jpg,2,fanta_can,table_left,draft_unreviewed
images/train/WIN_20261006_23_50_08_Pro_frame000046.jpg,3,green_apple,table_left,draft_unreviewed
images/train/WIN_20261006_23_50_08_Pro_frame000046.jpg,4,mug,table_left,draft_unreviewed
images/train/WIN_20261006_23_50_08_Pro_frame000046.jpg,5,peach,table_left,draft_unreviewed
images/train/WIN_20261006_23_50_08_Pro_frame000046.jpg,6,plate,table_left,draft_unreviewed
images/train/WIN_20261006_23_50_08_Pro_frame000047.jpg,0,apple,table_left,draft_unreviewed
images/train/WIN_20261006_23_50_08_Pro_frame000047.jpg,1,banana,table_left,draft_unreviewed
images/train/WIN_20261006_23_50_08_Pro_frame000047.jpg,2,fanta_can,table_left,draft_unreviewed
images/train/WIN_20261006_23_50_08_Pro_frame000047.jpg,3,green_apple,table_left,draft_unreviewed
images/train/WIN_20261006_23_50_08_Pro_frame000047.jpg,4,mug,table_left,draft_unreviewed
images/train/WIN_20261006_23_50_08_Pro_frame000047.jpg,5,peach,table_left,draft_unreviewed
images/train/WIN_20261006_23_50_08_Pro_frame000047.jpg,6,plate,table_left,draft_unreviewed
images/train/WIN_20261006_23_50_08_Pro_frame000048.jpg,0,apple,table_left,draft_unreviewed
images/train/WIN_20261006_23_50_08_Pro_frame000048.jpg,1,banana,table_left,draft_unreviewed
images/train/WIN_20261006_23_50_08_Pro_frame000048.jpg,2,fanta_can,table_left,draft_unreviewed
images/train/WIN_20261006_23_50_08_Pro_frame000048.jpg,3,green_apple,table_left,draft_unreviewed
images/train/WIN_20261006_23_50_08_Pro_frame000048.jpg,4,mug,table_left,draft_unreviewed
images/train/WIN_20261006_23_50_08_Pro_frame000048.jpg,5,peach,table_left,draft_unreviewed
images/train/WIN_20261006_23_50_08_Pro_frame000048.jpg,6,plate,table_left,draft_unreviewed
images/train/WIN_20261006_23_50_08_Pro_frame000049.jpg,0,apple,table_left,draft_unreviewed
images/train/WIN_20261006_23_50_08_Pro_frame000049.jpg,1,banana,table_left,draft_unreviewed
images/train/WIN_20261006_23_50_08_Pro_frame000049.jpg,2,fanta_can,table_left,draft_unreviewed
images/train/WIN_20261006_23_50_08_Pro_frame000049.jpg,3,green_apple,table_left,draft_unreviewed
images/train/WIN_20261006_23_50_08_Pro_frame000049.jpg,4,mug,table_left,draft_unreviewed
images/train/WIN_20261006_23_50_08_Pro_frame000049.jpg,5,peach,table_left,draft_unreviewed
images/train/WIN_20261006_23_50_08_Pro_frame000049.jpg,6,plate,table_left,draft_unreviewed
images/train/WIN_20261006_23_50_08_Pro_frame000050.jpg,0,apple,table_left,draft_unreviewed
images/train/WIN_20261006_23_50_08_Pro_frame000050.jpg,1,banana,table_left,draft_unreviewed
images/train/WIN_20261006_23_50_08_Pro_frame000050.jpg,2,fanta_can,table_left,draft_unreviewed
images/train/WIN_20261006_23_50_08_Pro_frame000050.jpg,3,green_apple,table_left,draft_unreviewed
images/train/WIN_20261006_23_50_08_Pro_frame000050.jpg,4,mug,table_left,draft_unreviewed
images/train/WIN_20261006_23_50_08_Pro_frame000050.jpg,5,peach,table_left,draft_unreviewed
images/train/WIN_20261006_23_50_08_Pro_frame000050.jpg,6,plate,table_left,draft_unreviewed
images/train/WIN_20261006_23_50_08_Pro_frame000051.jpg,0,apple,table_left,draft_unreviewed
images/train/WIN_20261006_23_50_08_Pro_frame000051.jpg,1,banana,table_left,draft_unreviewed
images/train/WIN_20261006_23_50_08_Pro_frame000051.jpg,2,fanta_can,table_left,draft_unreviewed
images/train/WIN_20261006_23_50_08_Pro_frame000051.jpg,3,green_apple,table_left,draft_unreviewed
images/train/WIN_20261006_23_50_08_Pro_frame000051.jpg,4,mug,table_left,draft_unreviewed
images/train/WIN_20261006_23_50_08_Pro_frame000051.jpg,5,peach,table_left,draft_unreviewed
images/train/WIN_20261006_23_50_08_Pro_frame000051.jpg,6,plate,table_left,draft_unreviewed
images/train/WIN_20261006_23_50_08_Pro_frame000052.jpg,0,apple,table_left,draft_unreviewed
images/train/WIN_20261006_23_50_08_Pro_frame000052.jpg,1,banana,table_left,draft_unreviewed
images/train/WIN_20261006_23_50_08_Pro_frame000052.jpg,2,fanta_can,table_left,draft_unreviewed
images/train/WIN_20261006_23_50_08_Pro_frame000052.jpg,3,green_apple,table_left,draft_unreviewed
images/train/WIN_20261006_23_50_08_Pro_frame000052.jpg,4,mug,table_left,draft_unreviewed
images/train/WIN_20261006_23_50_08_Pro_frame000052.jpg,5,peach,table_left,draft_unreviewed
images/train/WIN_20261006_23_50_08_Pro_frame000052.jpg,6,plate,table_left,draft_unreviewed
images/train/WIN_20261006_23_50_08_Pro_frame000053.jpg,0,apple,table_left,draft_unreviewed
images/train/WIN_20261006_23_50_08_Pro_frame000053.jpg,1,banana,table_left,draft_unreviewed
images/train/WIN_20261006_23_50_08_Pro_frame000053.jpg,2,fanta_can,table_left,draft_unreviewed
images/train/WIN_20261006_23_50_08_Pro_frame000053.jpg,3,green_apple,table_left,draft_unreviewed
images/train/WIN_20261006_23_50_08_Pro_frame000053.jpg,4,mug,table_left,draft_unreviewed
images/train/WIN_20261006_23_50_08_Pro_frame000053.jpg,5,peach,table_left,draft_unreviewed
images/train/WIN_20261006_23_50_08_Pro_frame000053.jpg,6,plate,table_left,draft_unreviewed
images/train/WIN_20261006_23_50_08_Pro_frame000054.jpg,0,apple,table_left,draft_unreviewed
images/train/WIN_20261006_23_50_08_Pro_frame000054.jpg,1,banana,table_left,draft_unreviewed
images/train/WIN_20261006_23_50_08_Pro_frame000054.jpg,2,fanta_can,table_left,draft_unreviewed
images/train/WIN_20261006_23_50_08_Pro_frame000054.jpg,3,green_apple,table_left,draft_unreviewed
images/train/WIN_20261006_23_50_08_Pro_frame000054.jpg,4,mug,table_left,draft_unreviewed
images/train/WIN_20261006_23_50_08_Pro_frame000054.jpg,5,peach,table_left,draft_unreviewed
images/train/WIN_20261006_23_50_08_Pro_frame000054.jpg,6,plate,table_left,draft_unreviewed
images/train/WIN_20261006_23_50_08_Pro_frame000055.jpg,0,apple,table_left,draft_unreviewed
images/train/WIN_20261006_23_50_08_Pro_frame000055.jpg,1,banana,table_left,draft_unreviewed
images/train/WIN_20261006_23_50_08_Pro_frame000055.jpg,2,fanta_can,table_left,draft_unreviewed
images/train/WIN_20261006_23_50_08_Pro_frame000055.jpg,3,green_apple,table_left,draft_unreviewed
images/train/WIN_20261006_23_50_08_Pro_frame000055.jpg,4,mug,table_left,draft_unreviewed
images/train/WIN_20261006_23_50_08_Pro_frame000055.jpg,5,peach,table_left,draft_unreviewed
images/train/WIN_20261006_23_50_08_Pro_frame000055.jpg,6,plate,table_left,draft_unreviewed
images/train/WIN_20261006_23_50_08_Pro_frame000056.jpg,0,apple,table_left,draft_unreviewed
images/train/WIN_20261006_23_50_08_Pro_frame000056.jpg,1,banana,table_left,draft_unreviewed
images/train/WIN_20261006_23_50_08_Pro_frame000056.jpg,2,fanta_can,table_left,draft_unreviewed
images/train/WIN_20261006_23_50_08_Pro_frame000056.jpg,3,green_apple,table_left,draft_unreviewed
images/train/WIN_20261006_23_50_08_Pro_frame000056.jpg,4,mug,table_left,draft_unreviewed
images/train/WIN_20261006_23_50_08_Pro_frame000056.jpg,5,peach,table_left,draft_unreviewed
images/train/WIN_20261006_23_50_08_Pro_frame000056.jpg,6,plate,table_left,draft_unreviewed
images/train/WIN_20261006_23_50_08_Pro_frame000057.jpg,0,apple,table_left,draft_unreviewed
images/train/WIN_20261006_23_50_08_Pro_frame000057.jpg,1,banana,table_left,draft_unreviewed
images/train/WIN_20261006_23_50_08_Pro_frame000057.jpg,2,fanta_can,table_left,draft_unreviewed
images/train/WIN_20261006_23_50_08_Pro_frame000057.jpg,3,green_apple,table_left,draft_unreviewed
images/train/WIN_20261006_23_50_08_Pro_frame000057.jpg,4,mug,table_left,draft_unreviewed
images/train/WIN_20261006_23_50_08_Pro_frame000057.jpg,5,peach,table_left,draft_unreviewed
images/train/WIN_20261006_23_50_08_Pro_frame000057.jpg,6,plate,table_left,draft_unreviewed
images/train/WIN_20261006_23_50_08_Pro_frame000058.jpg,0,apple,table_left,draft_unreviewed
images/train/WIN_20261006_23_50_08_Pro_frame000058.jpg,1,banana,table_left,draft_unreviewed
images/train/WIN_20261006_23_50_08_Pro_frame000058.jpg,2,fanta_can,table_left,draft_unreviewed
images/train/WIN_20261006_23_50_08_Pro_frame000058.jpg,3,green_apple,table_left,draft_unreviewed
images/train/WIN_20261006_23_50_08_Pro_frame000058.jpg,4,mug,table_left,draft_unreviewed
images/train/WIN_20261006_23_50_08_Pro_frame000058.jpg,5,peach,table_left,draft_unreviewed
images/train/WIN_20261006_23_50_08_Pro_frame000058.jpg,6,plate,table_left,draft_unreviewed
images/train/WIN_20261006_23_50_08_Pro_frame000059.jpg,0,apple,table_left,draft_unreviewed
images/train/WIN_20261006_23_50_08_Pro_frame000059.jpg,1,banana,table_left,draft_unreviewed
images/train/WIN_20261006_23_50_08_Pro_frame000059.jpg,2,fanta_can,table_left,draft_unreviewed
images/train/WIN_20261006_23_50_08_Pro_frame000059.jpg,3,green_apple,table_left,draft_unreviewed
images/train/WIN_20261006_23_50_08_Pro_frame000059.jpg,4,mug,table_left,draft_unreviewed
images/train/WIN_20261006_23_50_08_Pro_frame000059.jpg,5,peach,table_left,draft_unreviewed
images/train/WIN_20261006_23_50_08_Pro_frame000059.jpg,6,plate,table_left,draft_unreviewed
images/train/WIN_20261006_23_50_08_Pro_frame000060.jpg,0,apple,table_left,draft_unreviewed
images/train/WIN_20261006_23_50_08_Pro_frame000060.jpg,1,banana,table_left,draft_unreviewed
images/train/WIN_20261006_23_50_08_Pro_frame000060.jpg,2,fanta_can,table_left,draft_unreviewed
images/train/WIN_20261006_23_50_08_Pro_frame000060.jpg,3,green_apple,table_left,draft_unreviewed
images/train/WIN_20261006_23_50_08_Pro_frame000060.jpg,4,mug,table_left,draft_unreviewed
images/train/WIN_20261006_23_50_08_Pro_frame000060.jpg,5,peach,table_left,draft_unreviewed
images/train/WIN_20261006_23_50_08_Pro_frame000060.jpg,6,plate,table_left,draft_unreviewed
images/train/WIN_20261006_23_50_08_Pro_frame000061.jpg,0,apple,table_left,draft_unreviewed
images/train/WIN_20261006_23_50_08_Pro_frame000061.jpg,1,banana,table_left,draft_unreviewed
images/train/WIN_20261006_23_50_08_Pro_frame000061.jpg,2,fanta_can,table_left,draft_unreviewed
images/train/WIN_20261006_23_50_08_Pro_frame000061.jpg,3,green_apple,table_left,draft_unreviewed
images/train/WIN_20261006_23_50_08_Pro_frame000061.jpg,4,mug,table_left,draft_unreviewed
images/train/WIN_20261006_23_50_08_Pro_frame000061.jpg,5,peach,table_left,draft_unreviewed
images/train/WIN_20261006_23_50_08_Pro_frame000061.jpg,6,plate,table_left,draft_unreviewed
images/train/WIN_20261006_23_50_08_Pro_frame000062.jpg,0,apple,table_left,draft_unreviewed
images/train/WIN_20261006_23_50_08_Pro_frame000062.jpg,1,banana,table_left,draft_unreviewed
images/train/WIN_20261006_23_50_08_Pro_frame000062.jpg,2,fanta_can,table_left,draft_unreviewed
images/train/WIN_20261006_23_50_08_Pro_frame000062.jpg,3,green_apple,table_left,draft_unreviewed
images/train/WIN_20261006_23_50_08_Pro_frame000062.jpg,4,mug,table_left,draft_unreviewed
images/train/WIN_20261006_23_50_08_Pro_frame000062.jpg,5,peach,table_left,draft_unreviewed
images/train/WIN_20261006_23_50_08_Pro_frame000062.jpg,6,plate,table_left,draft_unreviewed
images/train/WIN_20261006_23_50_08_Pro_frame000063.jpg,0,apple,table_left,draft_unreviewed
images/train/WIN_20261006_23_50_08_Pro_frame000063.jpg,1,banana,table_left,draft_unreviewed
images/train/WIN_20261006_23_50_08_Pro_frame000063.jpg,2,fanta_can,table_left,draft_unreviewed
images/train/WIN_20261006_23_50_08_Pro_frame000063.jpg,3,green_apple,table_left,draft_unreviewed
images/train/WIN_20261006_23_50_08_Pro_frame000063.jpg,4,mug,table_left,draft_unreviewed
images/train/WIN_20261006_23_50_08_Pro_frame000063.jpg,5,peach,table_left,draft_unreviewed
images/train/WIN_20261006_23_50_08_Pro_frame000063.jpg,6,plate,table_left,draft_unreviewed
images/train/WIN_20261006_23_50_08_Pro_frame000064.jpg,0,apple,table_left,draft_unreviewed
images/train/WIN_20261006_23_50_08_Pro_frame000064.jpg,1,banana,table_left,draft_unreviewed
images/train/WIN_20261006_23_50_08_Pro_frame000064.jpg,2,fanta_can,table_left,draft_unreviewed
images/train/WIN_20261006_23_50_08_Pro_frame000064.jpg,3,green_apple,table_left,draft_unreviewed
images/train/WIN_20261006_23_50_08_Pro_frame000064.jpg,4,mug,table_left,draft_unreviewed
images/train/WIN_20261006_23_50_08_Pro_frame000064.jpg,5,peach,table_left,draft_unreviewed
images/train/WIN_20261006_23_50_08_Pro_frame000064.jpg,6,plate,table_left,draft_unreviewed
images/train/WIN_20261006_23_50_08_Pro_frame000065.jpg,0,apple,table_left,draft_unreviewed
images/train/WIN_20261006_23_50_08_Pro_frame000065.jpg,1,banana,table_left,draft_unreviewed
images/train/WIN_20261006_23_50_08_Pro_frame000065.jpg,2,fanta_can,table_left,draft_unreviewed
images/train/WIN_20261006_23_50_08_Pro_frame000065.jpg,3,green_apple,table_left,draft_unreviewed
images/train/WIN_20261006_23_50_08_Pro_frame000065.jpg,4,mug,table_left,draft_unreviewed
images/train/WIN_20261006_23_50_08_Pro_frame000065.jpg,5,peach,table_left,draft_unreviewed
images/train/WIN_20261006_23_50_08_Pro_frame000065.jpg,6,plate,table_left,draft_unreviewed
images/train/WIN_20261006_23_50_08_Pro_frame000066.jpg,0,apple,table_left,draft_unreviewed
images/train/WIN_20261006_23_50_08_Pro_frame000066.jpg,1,banana,table_left,draft_unreviewed
images/train/WIN_20261006_23_50_08_Pro_frame000066.jpg,2,fanta_can,table_left,draft_unreviewed
images/train/WIN_20261006_23_50_08_Pro_frame000066.jpg,3,green_apple,table_left,draft_unreviewed
images/train/WIN_20261006_23_50_08_Pro_frame000066.jpg,4,mug,table_left,draft_unreviewed
images/train/WIN_20261006_23_50_08_Pro_frame000066.jpg,5,peach,table_left,draft_unreviewed
images/train/WIN_20261006_23_50_08_Pro_frame000066.jpg,6,plate,table_left,draft_unreviewed
images/train/WIN_20261006_23_50_08_Pro_frame000067.jpg,0,apple,table_left,draft_unreviewed
images/train/WIN_20261006_23_50_08_Pro_frame000067.jpg,1,banana,table_left,draft_unreviewed
images/train/WIN_20261006_23_50_08_Pro_frame000067.jpg,2,fanta_can,table_left,draft_unreviewed
images/train/WIN_20261006_23_50_08_Pro_frame000067.jpg,3,green_apple,table_left,draft_unreviewed
images/train/WIN_20261006_23_50_08_Pro_frame000067.jpg,4,mug,table_left,draft_unreviewed
images/train/WIN_20261006_23_50_08_Pro_frame000067.jpg,5,peach,table_left,draft_unreviewed
images/train/WIN_20261006_23_50_08_Pro_frame000067.jpg,6,plate,table_left,draft_unreviewed
images/train/WIN_20261006_23_50_08_Pro_frame000068.jpg,0,apple,table_left,draft_unreviewed
images/train/WIN_20261006_23_50_08_Pro_frame000068.jpg,1,banana,table_left,draft_unreviewed
images/train/WIN_20261006_23_50_08_Pro_frame000068.jpg,2,fanta_can,table_left,draft_unreviewed
images/train/WIN_20261006_23_50_08_Pro_frame000068.jpg,3,green_apple,table_left,draft_unreviewed
images/train/WIN_20261006_23_50_08_Pro_frame000068.jpg,4,mug,table_left,draft_unreviewed
images/train/WIN_20261006_23_50_08_Pro_frame000068.jpg,5,peach,table_left,draft_unreviewed
images/train/WIN_20261006_23_50_08_Pro_frame000068.jpg,6,plate,table_left,draft_unreviewed
images/train/WIN_20261006_23_50_08_Pro_frame000069.jpg,0,apple,table_left,draft_unreviewed
images/train/WIN_20261006_23_50_08_Pro_frame000069.jpg,1,banana,table_left,draft_unreviewed
images/train/WIN_20261006_23_50_08_Pro_frame000069.jpg,2,fanta_can,table_left,draft_unreviewed
images/train/WIN_20261006_23_50_08_Pro_frame000069.jpg,3,green_apple,table_left,draft_unreviewed
images/train/WIN_20261006_23_50_08_Pro_frame000069.jpg,4,mug,table_left,draft_unreviewed
images/train/WIN_20261006_23_50_08_Pro_frame000069.jpg,5,peach,table_left,draft_unreviewed
images/train/WIN_20261006_23_50_08_Pro_frame000069.jpg,6,plate,table_left,draft_unreviewed
images/train/WIN_20261006_23_50_08_Pro_frame000070.jpg,0,apple,table_left,draft_unreviewed
images/train/WIN_20261006_23_50_08_Pro_frame000070.jpg,1,banana,table_left,draft_unreviewed
images/train/WIN_20261006_23_50_08_Pro_frame000070.jpg,2,fanta_can,table_left,draft_unreviewed
images/train/WIN_20261006_23_50_08_Pro_frame000070.jpg,3,green_apple,table_left,draft_unreviewed
images/train/WIN_20261006_23_50_08_Pro_frame000070.jpg,4,mug,table_left,draft_unreviewed
images/train/WIN_20261006_23_50_08_Pro_frame000070.jpg,5,peach,table_left,draft_unreviewed
images/train/WIN_20261006_23_50_08_Pro_frame000070.jpg,6,plate,table_left,draft_unreviewed
images/train/WIN_20261006_23_50_08_Pro_frame000071.jpg,0,apple,table_left,draft_unreviewed
images/train/WIN_20261006_23_50_08_Pro_frame000071.jpg,1,banana,table_left,draft_unreviewed
images/train/WIN_20261006_23_50_08_Pro_frame000071.jpg,2,fanta_can,table_left,draft_unreviewed
images/train/WIN_20261006_23_50_08_Pro_frame000071.jpg,3,green_apple,table_left,draft_unreviewed
images/train/WIN_20261006_23_50_08_Pro_frame000071.jpg,4,mug,table_left,draft_unreviewed
images/train/WIN_20261006_23_50_08_Pro_frame000071.jpg,5,peach,table_left,draft_unreviewed
images/train/WIN_20261006_23_50_08_Pro_frame000071.jpg,6,plate,table_left,draft_unreviewed
images/train/WIN_20261006_23_50_08_Pro_frame000072.jpg,0,apple,table_left,draft_unreviewed
images/train/WIN_20261006_23_50_08_Pro_frame000072.jpg,1,banana,table_left,draft_unreviewed
images/train/WIN_20261006_23_50_08_Pro_frame000072.jpg,2,fanta_can,table_left,draft_unreviewed
images/train/WIN_20261006_23_50_08_Pro_frame000072.jpg,3,green_apple,table_left,draft_unreviewed
images/train/WIN_20261006_23_50_08_Pro_frame000072.jpg,4,mug,table_left,draft_unreviewed
images/train/WIN_20261006_23_50_08_Pro_frame000072.jpg,5,peach,table_left,draft_unreviewed
images/train/WIN_20261006_23_50_08_Pro_frame000072.jpg,6,plate,table_left,draft_unreviewed
images/train/WIN_20261006_23_50_08_Pro_frame000073.jpg,0,apple,table_left,draft_unreviewed
images/train/WIN_20261006_23_50_08_Pro_frame000073.jpg,1,banana,table_left,draft_unreviewed
images/train/WIN_20261006_23_50_08_Pro_frame000073.jpg,2,fanta_can,table_left,draft_unreviewed
images/train/WIN_20261006_23_50_08_Pro_frame000073.jpg,3,green_apple,table_left,draft_unreviewed
images/train/WIN_20261006_23_50_08_Pro_frame000073.jpg,4,mug,table_left,draft_unreviewed
images/train/WIN_20261006_23_50_08_Pro_frame000073.jpg,5,peach,table_left,draft_unreviewed
images/train/WIN_20261006_23_50_08_Pro_frame000073.jpg,6,plate,table_left,draft_unreviewed
images/train/WIN_20261006_23_50_08_Pro_frame000074.jpg,0,apple,table_left,draft_unreviewed
images/train/WIN_20261006_23_50_08_Pro_frame000074.jpg,1,banana,table_left,draft_unreviewed
images/train/WIN_20261006_23_50_08_Pro_frame000074.jpg,2,fanta_can,table_left,draft_unreviewed
images/train/WIN_20261006_23_50_08_Pro_frame000074.jpg,3,green_apple,table_left,draft_unreviewed
images/train/WIN_20261006_23_50_08_Pro_frame000074.jpg,4,mug,table_left,draft_unreviewed
images/train/WIN_20261006_23_50_08_Pro_frame000074.jpg,5,peach,table_left,draft_unreviewed
images/train/WIN_20261006_23_50_08_Pro_frame000074.jpg,6,plate,table_left,draft_unreviewed
images/train/WIN_20261006_23_50_08_Pro_frame000075.jpg,0,apple,table_left,draft_unreviewed
images/train/WIN_20261006_23_50_08_Pro_frame000075.jpg,1,banana,table_left,draft_unreviewed
images/train/WIN_20261006_23_50_08_Pro_frame000075.jpg,2,fanta_can,table_left,draft_unreviewed
images/train/WIN_20261006_23_50_08_Pro_frame000075.jpg,3,green_apple,table_left,draft_unreviewed
images/train/WIN_20261006_23_50_08_Pro_frame000075.jpg,4,mug,table_left,draft_unreviewed
images/train/WIN_20261006_23_50_08_Pro_frame000075.jpg,5,peach,table_left,draft_unreviewed
images/train/WIN_20261006_23_50_08_Pro_frame000075.jpg,6,plate,table_left,draft_unreviewed
images/train/WIN_20261006_23_50_08_Pro_frame000076.jpg,0,apple,table_left,draft_unreviewed
images/train/WIN_20261006_23_50_08_Pro_frame000076.jpg,1,banana,table_left,draft_unreviewed
images/train/WIN_20261006_23_50_08_Pro_frame000076.jpg,2,fanta_can,table_left,draft_unreviewed
images/train/WIN_20261006_23_50_08_Pro_frame000076.jpg,3,green_apple,table_left,draft_unreviewed
images/train/WIN_20261006_23_50_08_Pro_frame000076.jpg,4,mug,table_left,draft_unreviewed
images/train/WIN_20261006_23_50_08_Pro_frame000076.jpg,5,peach,table_left,draft_unreviewed
images/train/WIN_20261006_23_50_08_Pro_frame000076.jpg,6,plate,table_left,draft_unreviewed
images/train/WIN_20261006_23_50_08_Pro_frame000077.jpg,0,apple,table_left,draft_unreviewed
images/train/WIN_20261006_23_50_08_Pro_frame000077.jpg,1,banana,table_left,draft_unreviewed
images/train/WIN_20261006_23_50_08_Pro_frame000077.jpg,2,fanta_can,table_left,draft_unreviewed
images/train/WIN_20261006_23_50_08_Pro_frame000077.jpg,3,green_apple,table_left,draft_unreviewed
images/train/WIN_20261006_23_50_08_Pro_frame000077.jpg,4,mug,table_left,draft_unreviewed
images/train/WIN_20261006_23_50_08_Pro_frame000077.jpg,5,peach,table_left,draft_unreviewed
images/train/WIN_20261006_23_50_08_Pro_frame000077.jpg,6,plate,table_left,draft_unreviewed
images/train/WIN_20261006_23_50_08_Pro_frame000078.jpg,0,apple,table_left,draft_unreviewed
images/train/WIN_20261006_23_50_08_Pro_frame000078.jpg,1,banana,table_left,draft_unreviewed
images/train/WIN_20261006_23_50_08_Pro_frame000078.jpg,2,fanta_can,table_left,draft_unreviewed
images/train/WIN_20261006_23_50_08_Pro_frame000078.jpg,3,green_apple,table_left,draft_unreviewed
images/train/WIN_20261006_23_50_08_Pro_frame000078.jpg,4,mug,table_left,draft_unreviewed
images/train/WIN_20261006_23_50_08_Pro_frame000078.jpg,5,peach,table_left,draft_unreviewed
images/train/WIN_20261006_23_50_08_Pro_frame000078.jpg,6,plate,table_left,draft_unreviewed
images/train/WIN_20261006_23_50_08_Pro_frame000079.jpg,0,apple,table_left,draft_unreviewed
images/train/WIN_20261006_23_50_08_Pro_frame000079.jpg,1,banana,table_left,draft_unreviewed
images/train/WIN_20261006_23_50_08_Pro_frame000079.jpg,2,fanta_can,table_left,draft_unreviewed
images/train/WIN_20261006_23_50_08_Pro_frame000079.jpg,3,green_apple,table_left,draft_unreviewed
images/train/WIN_20261006_23_50_08_Pro_frame000079.jpg,4,mug,table_left,draft_unreviewed
images/train/WIN_20261006_23_50_08_Pro_frame000079.jpg,5,peach,table_left,draft_unreviewed
images/train/WIN_20261006_23_50_08_Pro_frame000079.jpg,6,plate,table_left,draft_unreviewed
images/train/WIN_20261006_23_50_08_Pro_frame000080.jpg,0,apple,table_left,draft_unreviewed
images/train/WIN_20261006_23_50_08_Pro_frame000080.jpg,1,banana,table_left,draft_unreviewed
images/train/WIN_20261006_23_50_08_Pro_frame000080.jpg,2,fanta_can,table_left,draft_unreviewed
images/train/WIN_20261006_23_50_08_Pro_frame000080.jpg,3,green_apple,table_left,draft_unreviewed
images/train/WIN_20261006_23_50_08_Pro_frame000080.jpg,4,mug,table_left,draft_unreviewed
images/train/WIN_20261006_23_50_08_Pro_frame000080.jpg,5,peach,table_left,draft_unreviewed
images/train/WIN_20261006_23_50_08_Pro_frame000080.jpg,6,plate,table_left,draft_unreviewed
images/train/WIN_20261006_23_50_08_Pro_frame000081.jpg,0,apple,table_left,draft_unreviewed
images/train/WIN_20261006_23_50_08_Pro_frame000081.jpg,1,banana,table_left,draft_unreviewed
images/train/WIN_20261006_23_50_08_Pro_frame000081.jpg,2,fanta_can,table_left,draft_unreviewed
images/train/WIN_20261006_23_50_08_Pro_frame000081.jpg,3,green_apple,table_left,draft_unreviewed
images/train/WIN_20261006_23_50_08_Pro_frame000081.jpg,4,mug,table_left,draft_unreviewed
images/train/WIN_20261006_23_50_08_Pro_frame000081.jpg,5,peach,table_left,draft_unreviewed
images/train/WIN_20261006_23_50_08_Pro_frame000081.jpg,6,plate,table_left,draft_unreviewed
images/train/WIN_20261006_23_50_08_Pro_frame000082.jpg,0,apple,table_left,draft_unreviewed
images/train/WIN_20261006_23_50_08_Pro_frame000082.jpg,1,banana,table_left,draft_unreviewed
images/train/WIN_20261006_23_50_08_Pro_frame000082.jpg,2,fanta_can,table_left,draft_unreviewed
images/train/WIN_20261006_23_50_08_Pro_frame000082.jpg,3,green_apple,table_left,draft_unreviewed
images/train/WIN_20261006_23_50_08_Pro_frame000082.jpg,4,mug,table_left,draft_unreviewed
images/train/WIN_20261006_23_50_08_Pro_frame000082.jpg,5,peach,table_left,draft_unreviewed
images/train/WIN_20261006_23_50_08_Pro_frame000082.jpg,6,plate,table_left,draft_unreviewed
images/train/WIN_20261006_23_50_08_Pro_frame000083.jpg,0,apple,table_left,draft_unreviewed
images/train/WIN_20261006_23_50_08_Pro_frame000083.jpg,1,banana,table_left,draft_unreviewed
images/train/WIN_20261006_23_50_08_Pro_frame000083.jpg,2,fanta_can,table_left,draft_unreviewed
images/train/WIN_20261006_23_50_08_Pro_frame000083.jpg,3,green_apple,table_left,draft_unreviewed
images/train/WIN_20261006_23_50_08_Pro_frame000083.jpg,4,mug,table_left,draft_unreviewed
images/train/WIN_20261006_23_50_08_Pro_frame000083.jpg,5,peach,table_left,draft_unreviewed
images/train/WIN_20261006_23_50_08_Pro_frame000083.jpg,6,plate,table_left,draft_unreviewed
images/train/WIN_20261006_23_50_08_Pro_frame000084.jpg,0,apple,table_left,draft_unreviewed
images/train/WIN_20261006_23_50_08_Pro_frame000084.jpg,1,banana,table_left,draft_unreviewed
images/train/WIN_20261006_23_50_08_Pro_frame000084.jpg,2,fanta_can,table_left,draft_unreviewed
images/train/WIN_20261006_23_50_08_Pro_frame000084.jpg,3,green_apple,table_left,draft_unreviewed
images/train/WIN_20261006_23_50_08_Pro_frame000084.jpg,4,mug,table_left,draft_unreviewed
images/train/WIN_20261006_23_50_08_Pro_frame000084.jpg,5,peach,table_left,draft_unreviewed
images/train/WIN_20261006_23_50_08_Pro_frame000084.jpg,6,plate,table_left,draft_unreviewed
images/train/WIN_20261006_23_50_08_Pro_frame000085.jpg,0,apple,table_left,draft_unreviewed
images/train/WIN_20261006_23_50_08_Pro_frame000085.jpg,1,banana,table_left,draft_unreviewed
images/train/WIN_20261006_23_50_08_Pro_frame000085.jpg,2,fanta_can,table_left,draft_unreviewed
images/train/WIN_20261006_23_50_08_Pro_frame000085.jpg,3,green_apple,table_left,draft_unreviewed
images/train/WIN_20261006_23_50_08_Pro_frame000085.jpg,4,mug,table_left,draft_unreviewed
images/train/WIN_20261006_23_50_08_Pro_frame000085.jpg,5,peach,table_left,draft_unreviewed
images/train/WIN_20261006_23_50_08_Pro_frame000085.jpg,6,plate,table_left,draft_unreviewed
images/train/WIN_20261006_23_50_08_Pro_frame000086.jpg,0,apple,table_left,draft_unreviewed
images/train/WIN_20261006_23_50_08_Pro_frame000086.jpg,1,banana,table_left,draft_unreviewed
images/train/WIN_20261006_23_50_08_Pro_frame000086.jpg,2,fanta_can,table_left,draft_unreviewed
images/train/WIN_20261006_23_50_08_Pro_frame000086.jpg,3,green_apple,table_left,draft_unreviewed
images/train/WIN_20261006_23_50_08_Pro_frame000086.jpg,4,mug,table_left,draft_unreviewed
images/train/WIN_20261006_23_50_08_Pro_frame000086.jpg,5,peach,table_left,draft_unreviewed
images/train/WIN_20261006_23_50_08_Pro_frame000086.jpg,6,plate,table_left,draft_unreviewed
images/train/WIN_20261006_23_50_08_Pro_frame000087.jpg,0,apple,table_left,draft_unreviewed
images/train/WIN_20261006_23_50_08_Pro_frame000087.jpg,1,banana,table_left,draft_unreviewed
images/train/WIN_20261006_23_50_08_Pro_frame000087.jpg,2,fanta_can,table_left,draft_unreviewed
images/train/WIN_20261006_23_50_08_Pro_frame000087.jpg,3,green_apple,table_left,draft_unreviewed
images/train/WIN_20261006_23_50_08_Pro_frame000087.jpg,4,mug,table_left,draft_unreviewed
images/train/WIN_20261006_23_50_08_Pro_frame000087.jpg,5,peach,table_left,draft_unreviewed
images/train/WIN_20261006_23_50_08_Pro_frame000087.jpg,6,plate,table_left,draft_unreviewed
images/train/WIN_20261006_23_50_08_Pro_frame000088.jpg,0,apple,table_left,draft_unreviewed
images/train/WIN_20261006_23_50_08_Pro_frame000088.jpg,1,banana,table_left,draft_unreviewed
images/train/WIN_20261006_23_50_08_Pro_frame000088.jpg,2,fanta_can,table_left,draft_unreviewed
images/train/WIN_20261006_23_50_08_Pro_frame000088.jpg,3,green_apple,table_left,draft_unreviewed
images/train/WIN_20261006_23_50_08_Pro_frame000088.jpg,4,mug,table_left,draft_unreviewed
images/train/WIN_20261006_23_50_08_Pro_frame000088.jpg,5,peach,table_left,draft_unreviewed
images/train/WIN_20261006_23_50_08_Pro_frame000088.jpg,6,plate,table_left,draft_unreviewed
images/train/WIN_20261006_23_50_08_Pro_frame000089.jpg,0,apple,table_left,draft_unreviewed
images/train/WIN_20261006_23_50_08_Pro_frame000089.jpg,1,banana,table_left,draft_unreviewed
images/train/WIN_20261006_23_50_08_Pro_frame000089.jpg,2,fanta_can,table_left,draft_unreviewed
images/train/WIN_20261006_23_50_08_Pro_frame000089.jpg,3,green_apple,table_left,draft_unreviewed
images/train/WIN_20261006_23_50_08_Pro_frame000089.jpg,4,mug,table_left,draft_unreviewed
images/train/WIN_20261006_23_50_08_Pro_frame000089.jpg,5,peach,table_left,draft_unreviewed
images/train/WIN_20261006_23_50_08_Pro_frame000089.jpg,6,plate,table_left,draft_unreviewed
images/train/WIN_20261006_23_50_08_Pro_frame000090.jpg,0,apple,table_left,draft_unreviewed
images/train/WIN_20261006_23_50_08_Pro_frame000090.jpg,1,banana,table_left,draft_unreviewed
images/train/WIN_20261006_23_50_08_Pro_frame000090.jpg,2,fanta_can,table_left,draft_unreviewed
images/train/WIN_20261006_23_50_08_Pro_frame000090.jpg,3,green_apple,table_left,draft_unreviewed
images/train/WIN_20261006_23_50_08_Pro_frame000090.jpg,4,mug,table_left,draft_unreviewed
images/train/WIN_20261006_23_50_08_Pro_frame000090.jpg,5,peach,table_left,draft_unreviewed
images/train/WIN_20261006_23_50_08_Pro_frame000090.jpg,6,plate,table_left,draft_unreviewed
images/train/WIN_20261006_23_50_08_Pro_frame000091.jpg,0,apple,table_left,draft_unreviewed
images/train/WIN_20261006_23_50_08_Pro_frame000091.jpg,1,banana,table_left,draft_unreviewed
images/train/WIN_20261006_23_50_08_Pro_frame000091.jpg,2,fanta_can,table_left,draft_unreviewed
images/train/WIN_20261006_23_50_08_Pro_frame000091.jpg,3,green_apple,table_left,draft_unreviewed
images/train/WIN_20261006_23_50_08_Pro_frame000091.jpg,4,mug,table_left,draft_unreviewed
images/train/WIN_20261006_23_50_08_Pro_frame000091.jpg,5,peach,table_left,draft_unreviewed
images/train/WIN_20261006_23_50_08_Pro_frame000091.jpg,6,plate,table_left,draft_unreviewed
images/train/WIN_20261006_23_50_08_Pro_frame000092.jpg,0,apple,table_left,draft_unreviewed
images/train/WIN_20261006_23_50_08_Pro_frame000092.jpg,1,banana,table_left,draft_unreviewed
images/train/WIN_20261006_23_50_08_Pro_frame000092.jpg,2,fanta_can,table_left,draft_unreviewed
images/train/WIN_20261006_23_50_08_Pro_frame000092.jpg,3,green_apple,table_left,draft_unreviewed
images/train/WIN_20261006_23_50_08_Pro_frame000092.jpg,4,mug,table_left,draft_unreviewed
images/train/WIN_20261006_23_50_08_Pro_frame000092.jpg,5,peach,table_left,draft_unreviewed
images/train/WIN_20261006_23_50_08_Pro_frame000092.jpg,6,plate,table_left,draft_unreviewed
images/train/WIN_20261006_23_50_08_Pro_frame000093.jpg,0,apple,table_left,draft_unreviewed
images/train/WIN_20261006_23_50_08_Pro_frame000093.jpg,1,banana,table_left,draft_unreviewed
images/train/WIN_20261006_23_50_08_Pro_frame000093.jpg,2,fanta_can,table_left,draft_unreviewed
images/train/WIN_20261006_23_50_08_Pro_frame000093.jpg,3,green_apple,table_left,draft_unreviewed
images/train/WIN_20261006_23_50_08_Pro_frame000093.jpg,4,mug,table_left,draft_unreviewed
images/train/WIN_20261006_23_50_08_Pro_frame000093.jpg,5,peach,table_left,draft_unreviewed
images/train/WIN_20261006_23_50_08_Pro_frame000093.jpg,6,plate,table_left,draft_unreviewed
images/train/WIN_20261006_23_50_08_Pro_frame000094.jpg,0,apple,table_left,draft_unreviewed
images/train/WIN_20261006_23_50_08_Pro_frame000094.jpg,1,banana,table_left,draft_unreviewed
images/train/WIN_20261006_23_50_08_Pro_frame000094.jpg,2,fanta_can,table_left,draft_unreviewed
images/train/WIN_20261006_23_50_08_Pro_frame000094.jpg,3,green_apple,table_left,draft_unreviewed
images/train/WIN_20261006_23_50_08_Pro_frame000094.jpg,4,mug,table_left,draft_unreviewed
images/train/WIN_20261006_23_50_08_Pro_frame000094.jpg,5,peach,table_left,draft_unreviewed
images/train/WIN_20261006_23_50_08_Pro_frame000094.jpg,6,plate,table_left,draft_unreviewed
images/train/WIN_20261006_23_50_08_Pro_frame000095.jpg,0,apple,table_left,draft_unreviewed
images/train/WIN_20261006_23_50_08_Pro_frame000095.jpg,1,banana,table_left,draft_unreviewed
images/train/WIN_20261006_23_50_08_Pro_frame000095.jpg,2,fanta_can,table_left,draft_unreviewed
images/train/WIN_20261006_23_50_08_Pro_frame000095.jpg,3,green_apple,table_left,draft_unreviewed
images/train/WIN_20261006_23_50_08_Pro_frame000095.jpg,4,mug,table_left,draft_unreviewed
images/train/WIN_20261006_23_50_08_Pro_frame000095.jpg,5,peach,table_left,draft_unreviewed
images/train/WIN_20261006_23_50_08_Pro_frame000095.jpg,6,plate,table_left,draft_unreviewed
images/train/WIN_20261006_23_50_08_Pro_frame000096.jpg,0,apple,table_left,draft_unreviewed
images/train/WIN_20261006_23_50_08_Pro_frame000096.jpg,1,banana,table_left,draft_unreviewed
images/train/WIN_20261006_23_50_08_Pro_frame000096.jpg,2,fanta_can,table_left,draft_unreviewed
images/train/WIN_20261006_23_50_08_Pro_frame000096.jpg,3,green_apple,table_left,draft_unreviewed
images/train/WIN_20261006_23_50_08_Pro_frame000096.jpg,4,mug,table_left,draft_unreviewed
images/train/WIN_20261006_23_50_08_Pro_frame000096.jpg,5,peach,table_left,draft_unreviewed
images/train/WIN_20261006_23_50_08_Pro_frame000096.jpg,6,plate,table_left,draft_unreviewed
images/train/WIN_20261006_23_50_08_Pro_frame000097.jpg,0,apple,table_left,draft_unreviewed
images/train/WIN_20261006_23_50_08_Pro_frame000097.jpg,1,banana,table_left,draft_unreviewed
images/train/WIN_20261006_23_50_08_Pro_frame000097.jpg,2,fanta_can,table_left,draft_unreviewed
images/train/WIN_20261006_23_50_08_Pro_frame000097.jpg,3,green_apple,table_left,draft_unreviewed
images/train/WIN_20261006_23_50_08_Pro_frame000097.jpg,4,mug,table_left,draft_unreviewed
images/train/WIN_20261006_23_50_08_Pro_frame000097.jpg,5,peach,table_left,draft_unreviewed
images/train/WIN_20261006_23_50_08_Pro_frame000097.jpg,6,plate,table_left,draft_unreviewed
images/train/WIN_20261006_23_50_08_Pro_frame000098.jpg,0,apple,table_left,draft_unreviewed
images/train/WIN_20261006_23_50_08_Pro_frame000098.jpg,1,banana,table_left,draft_unreviewed
images/train/WIN_20261006_23_50_08_Pro_frame000098.jpg,2,fanta_can,table_left,draft_unreviewed
images/train/WIN_20261006_23_50_08_Pro_frame000098.jpg,3,green_apple,table_left,draft_unreviewed
images/train/WIN_20261006_23_50_08_Pro_frame000098.jpg,4,mug,table_left,draft_unreviewed
images/train/WIN_20261006_23_50_08_Pro_frame000098.jpg,5,peach,table_left,draft_unreviewed
images/train/WIN_20261006_23_50_08_Pro_frame000098.jpg,6,plate,table_left,draft_unreviewed
images/train/WIN_20261006_23_50_08_Pro_frame000099.jpg,0,apple,table_left,draft_unreviewed
images/train/WIN_20261006_23_50_08_Pro_frame000099.jpg,1,banana,table_left,draft_unreviewed
images/train/WIN_20261006_23_50_08_Pro_frame000099.jpg,2,fanta_can,table_left,draft_unreviewed
images/train/WIN_20261006_23_50_08_Pro_frame000099.jpg,3,green_apple,table_left,draft_unreviewed
images/train/WIN_20261006_23_50_08_Pro_frame000099.jpg,4,mug,table_left,draft_unreviewed
images/train/WIN_20261006_23_50_08_Pro_frame000099.jpg,5,peach,table_left,draft_unreviewed
images/train/WIN_20261006_23_50_08_Pro_frame000099.jpg,6,plate,table_left,draft_unreviewed
images/train/WIN_20261006_23_50_08_Pro_frame000100.jpg,0,apple,table_left,draft_unreviewed
images/train/WIN_20261006_23_50_08_Pro_frame000100.jpg,1,banana,table_left,draft_unreviewed
images/train/WIN_20261006_23_50_08_Pro_frame000100.jpg,2,fanta_can,table_left,draft_unreviewed
images/train/WIN_20261006_23_50_08_Pro_frame000100.jpg,3,green_apple,table_left,draft_unreviewed
images/train/WIN_20261006_23_50_08_Pro_frame000100.jpg,4,mug,table_left,draft_unreviewed
images/train/WIN_20261006_23_50_08_Pro_frame000100.jpg,5,peach,table_left,draft_unreviewed
images/train/WIN_20261006_23_50_08_Pro_frame000100.jpg,6,plate,table_left,draft_unreviewed
images/train/WIN_20261006_23_50_08_Pro_frame000101.jpg,0,apple,table_left,draft_unreviewed
images/train/WIN_20261006_23_50_08_Pro_frame000101.jpg,1,banana,table_left,draft_unreviewed
images/train/WIN_20261006_23_50_08_Pro_frame000101.jpg,2,fanta_can,table_left,draft_unreviewed
images/train/WIN_20261006_23_50_08_Pro_frame000101.jpg,3,green_apple,table_left,draft_unreviewed
images/train/WIN_20261006_23_50_08_Pro_frame000101.jpg,4,mug,table_left,draft_unreviewed
images/train/WIN_20261006_23_50_08_Pro_frame000101.jpg,5,peach,table_left,draft_unreviewed
images/train/WIN_20261006_23_50_08_Pro_frame000101.jpg,6,plate,table_left,draft_unreviewed
images/train/WIN_20261006_23_50_08_Pro_frame000102.jpg,0,apple,table_left,draft_unreviewed
images/train/WIN_20261006_23_50_08_Pro_frame000102.jpg,1,banana,table_left,draft_unreviewed
images/train/WIN_20261006_23_50_08_Pro_frame000102.jpg,2,fanta_can,table_left,draft_unreviewed
images/train/WIN_20261006_23_50_08_Pro_frame000102.jpg,3,green_apple,table_left,draft_unreviewed
images/train/WIN_20261006_23_50_08_Pro_frame000102.jpg,4,mug,table_left,draft_unreviewed
images/train/WIN_20261006_23_50_08_Pro_frame000102.jpg,5,peach,table_left,draft_unreviewed
images/train/WIN_20261006_23_50_08_Pro_frame000102.jpg,6,plate,table_left,draft_unreviewed
images/train/WIN_20261006_23_50_08_Pro_frame000103.jpg,0,apple,table_left,draft_unreviewed
images/train/WIN_20261006_23_50_08_Pro_frame000103.jpg,1,banana,table_left,draft_unreviewed
images/train/WIN_20261006_23_50_08_Pro_frame000103.jpg,2,fanta_can,table_left,draft_unreviewed
images/train/WIN_20261006_23_50_08_Pro_frame000103.jpg,3,green_apple,table_left,draft_unreviewed
images/train/WIN_20261006_23_50_08_Pro_frame000103.jpg,4,mug,table_left,draft_unreviewed
images/train/WIN_20261006_23_50_08_Pro_frame000103.jpg,5,peach,table_left,draft_unreviewed
images/train/WIN_20261006_23_50_08_Pro_frame000103.jpg,6,plate,table_left,draft_unreviewed
images/train/WIN_20261006_23_50_08_Pro_frame000104.jpg,0,apple,table_left,draft_unreviewed
images/train/WIN_20261006_23_50_08_Pro_frame000104.jpg,1,banana,table_left,draft_unreviewed
images/train/WIN_20261006_23_50_08_Pro_frame000104.jpg,2,fanta_can,table_left,draft_unreviewed
images/train/WIN_20261006_23_50_08_Pro_frame000104.jpg,3,green_apple,table_left,draft_unreviewed
images/train/WIN_20261006_23_50_08_Pro_frame000104.jpg,4,mug,table_left,draft_unreviewed
images/train/WIN_20261006_23_50_08_Pro_frame000104.jpg,5,peach,table_left,draft_unreviewed
images/train/WIN_20261006_23_50_08_Pro_frame000104.jpg,6,plate,table_left,draft_unreviewed
images/train/WIN_20261006_23_50_08_Pro_frame000105.jpg,0,apple,table_left,draft_unreviewed
images/train/WIN_20261006_23_50_08_Pro_frame000105.jpg,1,banana,table_left,draft_unreviewed
images/train/WIN_20261006_23_50_08_Pro_frame000105.jpg,2,fanta_can,table_left,draft_unreviewed
images/train/WIN_20261006_23_50_08_Pro_frame000105.jpg,3,green_apple,table_left,draft_unreviewed
images/train/WIN_20261006_23_50_08_Pro_frame000105.jpg,4,mug,table_left,draft_unreviewed
images/train/WIN_20261006_23_50_08_Pro_frame000105.jpg,5,peach,table_left,draft_unreviewed
images/train/WIN_20261006_23_50_08_Pro_frame000105.jpg,6,plate,table_left,draft_unreviewed
images/train/WIN_20261006_23_50_08_Pro_frame000106.jpg,0,apple,table_left,draft_unreviewed
images/train/WIN_20261006_23_50_08_Pro_frame000106.jpg,1,banana,table_left,draft_unreviewed
images/train/WIN_20261006_23_50_08_Pro_frame000106.jpg,2,fanta_can,table_left,draft_unreviewed
images/train/WIN_20261006_23_50_08_Pro_frame000106.jpg,3,green_apple,table_left,draft_unreviewed
images/train/WIN_20261006_23_50_08_Pro_frame000106.jpg,4,mug,table_left,draft_unreviewed
images/train/WIN_20261006_23_50_08_Pro_frame000106.jpg,5,peach,table_left,draft_unreviewed
images/train/WIN_20261006_23_50_08_Pro_frame000106.jpg,6,plate,table_left,draft_unreviewed
images/train/WIN_20261006_23_50_08_Pro_frame000107.jpg,0,apple,table_left,draft_unreviewed
images/train/WIN_20261006_23_50_08_Pro_frame000107.jpg,1,banana,table_left,draft_unreviewed
images/train/WIN_20261006_23_50_08_Pro_frame000107.jpg,2,fanta_can,table_left,draft_unreviewed
images/train/WIN_20261006_23_50_08_Pro_frame000107.jpg,3,green_apple,table_left,draft_unreviewed
images/train/WIN_20261006_23_50_08_Pro_frame000107.jpg,4,mug,table_left,draft_unreviewed
images/train/WIN_20261006_23_50_08_Pro_frame000107.jpg,5,peach,table_left,draft_unreviewed
images/train/WIN_20261006_23_50_08_Pro_frame000107.jpg,6,plate,table_left,draft_unreviewed
images/train/WIN_20261006_23_50_08_Pro_frame000108.jpg,0,apple,table_left,draft_unreviewed
images/train/WIN_20261006_23_50_08_Pro_frame000108.jpg,1,banana,table_left,draft_unreviewed
images/train/WIN_20261006_23_50_08_Pro_frame000108.jpg,2,fanta_can,table_left,draft_unreviewed
images/train/WIN_20261006_23_50_08_Pro_frame000108.jpg,3,green_apple,table_left,draft_unreviewed
images/train/WIN_20261006_23_50_08_Pro_frame000108.jpg,4,mug,table_left,draft_unreviewed
images/train/WIN_20261006_23_50_08_Pro_frame000108.jpg,5,peach,table_left,draft_unreviewed
images/train/WIN_20261006_23_50_08_Pro_frame000108.jpg,6,plate,table_left,draft_unreviewed
images/train/WIN_20261006_23_50_08_Pro_frame000109.jpg,0,apple,table_left,draft_unreviewed
images/train/WIN_20261006_23_50_08_Pro_frame000109.jpg,1,banana,table_left,draft_unreviewed
images/train/WIN_20261006_23_50_08_Pro_frame000109.jpg,2,fanta_can,table_left,draft_unreviewed
images/train/WIN_20261006_23_50_08_Pro_frame000109.jpg,3,green_apple,table_left,draft_unreviewed
images/train/WIN_20261006_23_50_08_Pro_frame000109.jpg,4,mug,table_left,draft_unreviewed
images/train/WIN_20261006_23_50_08_Pro_frame000109.jpg,5,peach,table_left,draft_unreviewed
images/train/WIN_20261006_23_50_08_Pro_frame000109.jpg,6,plate,table_left,draft_unreviewed
images/train/WIN_20261006_23_50_08_Pro_frame000110.jpg,0,apple,table_left,draft_unreviewed
images/train/WIN_20261006_23_50_08_Pro_frame000110.jpg,1,banana,table_left,draft_unreviewed
images/train/WIN_20261006_23_50_08_Pro_frame000110.jpg,2,fanta_can,table_left,draft_unreviewed
images/train/WIN_20261006_23_50_08_Pro_frame000110.jpg,3,green_apple,table_left,draft_unreviewed
images/train/WIN_20261006_23_50_08_Pro_frame000110.jpg,4,mug,table_left,draft_unreviewed
images/train/WIN_20261006_23_50_08_Pro_frame000110.jpg,5,peach,table_left,draft_unreviewed
images/train/WIN_20261006_23_50_08_Pro_frame000110.jpg,6,plate,table_left,draft_unreviewed
images/train/WIN_20261006_23_50_08_Pro_frame000111.jpg,0,apple,table_left,draft_unreviewed
images/train/WIN_20261006_23_50_08_Pro_frame000111.jpg,1,banana,table_left,draft_unreviewed
images/train/WIN_20261006_23_50_08_Pro_frame000111.jpg,2,fanta_can,table_left,draft_unreviewed
images/train/WIN_20261006_23_50_08_Pro_frame000111.jpg,3,green_apple,table_left,draft_unreviewed
images/train/WIN_20261006_23_50_08_Pro_frame000111.jpg,4,mug,table_left,draft_unreviewed
images/train/WIN_20261006_23_50_08_Pro_frame000111.jpg,5,peach,table_left,draft_unreviewed
images/train/WIN_20261006_23_50_08_Pro_frame000111.jpg,6,plate,table_left,draft_unreviewed
images/train/WIN_20261006_23_50_08_Pro_frame000112.jpg,0,apple,table_left,draft_unreviewed
images/train/WIN_20261006_23_50_08_Pro_frame000112.jpg,1,banana,table_left,draft_unreviewed
images/train/WIN_20261006_23_50_08_Pro_frame000112.jpg,2,fanta_can,table_left,draft_unreviewed
images/train/WIN_20261006_23_50_08_Pro_frame000112.jpg,3,green_apple,table_left,draft_unreviewed
images/train/WIN_20261006_23_50_08_Pro_frame000112.jpg,4,mug,table_left,draft_unreviewed
images/train/WIN_20261006_23_50_08_Pro_frame000112.jpg,5,peach,table_left,draft_unreviewed
images/train/WIN_20261006_23_50_08_Pro_frame000112.jpg,6,plate,table_left,draft_unreviewed
images/train/WIN_20261006_23_50_08_Pro_frame000113.jpg,0,apple,table_left,draft_unreviewed
images/train/WIN_20261006_23_50_08_Pro_frame000113.jpg,1,banana,table_left,draft_unreviewed
images/train/WIN_20261006_23_50_08_Pro_frame000113.jpg,2,fanta_can,table_left,draft_unreviewed
images/train/WIN_20261006_23_50_08_Pro_frame000113.jpg,3,green_apple,table_left,draft_unreviewed
images/train/WIN_20261006_23_50_08_Pro_frame000113.jpg,4,mug,table_left,draft_unreviewed
images/train/WIN_20261006_23_50_08_Pro_frame000113.jpg,5,peach,table_left,draft_unreviewed
images/train/WIN_20261006_23_50_08_Pro_frame000113.jpg,6,plate,table_left,draft_unreviewed
images/train/WIN_20261006_23_50_08_Pro_frame000114.jpg,0,apple,table_left,draft_unreviewed
images/train/WIN_20261006_23_50_08_Pro_frame000114.jpg,1,banana,table_left,draft_unreviewed
images/train/WIN_20261006_23_50_08_Pro_frame000114.jpg,2,fanta_can,table_left,draft_unreviewed
images/train/WIN_20261006_23_50_08_Pro_frame000114.jpg,3,green_apple,table_left,draft_unreviewed
images/train/WIN_20261006_23_50_08_Pro_frame000114.jpg,4,mug,table_left,draft_unreviewed
images/train/WIN_20261006_23_50_08_Pro_frame000114.jpg,5,peach,table_left,draft_unreviewed
images/train/WIN_20261006_23_50_08_Pro_frame000114.jpg,6,plate,table_left,draft_unreviewed
images/train/WIN_20261006_23_50_08_Pro_frame000115.jpg,0,apple,table_left,draft_unreviewed
images/train/WIN_20261006_23_50_08_Pro_frame000115.jpg,1,banana,table_left,draft_unreviewed
images/train/WIN_20261006_23_50_08_Pro_frame000115.jpg,2,fanta_can,table_left,draft_unreviewed
images/train/WIN_20261006_23_50_08_Pro_frame000115.jpg,3,green_apple,table_left,draft_unreviewed
images/train/WIN_20261006_23_50_08_Pro_frame000115.jpg,4,mug,table_left,draft_unreviewed
images/train/WIN_20261006_23_50_08_Pro_frame000115.jpg,5,peach,table_left,draft_unreviewed
images/train/WIN_20261006_23_50_08_Pro_frame000115.jpg,6,plate,table_left,draft_unreviewed
images/train/WIN_20261006_23_50_08_Pro_frame000116.jpg,0,apple,table_left,draft_unreviewed
images/train/WIN_20261006_23_50_08_Pro_frame000116.jpg,1,banana,table_left,draft_unreviewed
images/train/WIN_20261006_23_50_08_Pro_frame000116.jpg,2,fanta_can,table_left,draft_unreviewed
images/train/WIN_20261006_23_50_08_Pro_frame000116.jpg,3,green_apple,table_left,draft_unreviewed
images/train/WIN_20261006_23_50_08_Pro_frame000116.jpg,4,mug,table_left,draft_unreviewed
images/train/WIN_20261006_23_50_08_Pro_frame000116.jpg,5,peach,table_left,draft_unreviewed
images/train/WIN_20261006_23_50_08_Pro_frame000116.jpg,6,plate,table_left,draft_unreviewed
images/train/WIN_20261006_23_50_08_Pro_frame000117.jpg,0,apple,table_left,draft_unreviewed
images/train/WIN_20261006_23_50_08_Pro_frame000117.jpg,1,banana,table_left,draft_unreviewed
images/train/WIN_20261006_23_50_08_Pro_frame000117.jpg,2,fanta_can,table_left,draft_unreviewed
images/train/WIN_20261006_23_50_08_Pro_frame000117.jpg,3,green_apple,table_left,draft_unreviewed
images/train/WIN_20261006_23_50_08_Pro_frame000117.jpg,4,mug,table_left,draft_unreviewed
images/train/WIN_20261006_23_50_08_Pro_frame000117.jpg,5,peach,table_left,draft_unreviewed
images/train/WIN_20261006_23_50_08_Pro_frame000117.jpg,6,plate,table_left,draft_unreviewed
images/train/WIN_20261006_23_50_08_Pro_frame000118.jpg,0,apple,table_left,draft_unreviewed
images/train/WIN_20261006_23_50_08_Pro_frame000118.jpg,1,banana,table_left,draft_unreviewed
images/train/WIN_20261006_23_50_08_Pro_frame000118.jpg,2,fanta_can,table_left,draft_unreviewed
images/train/WIN_20261006_23_50_08_Pro_frame000118.jpg,3,green_apple,table_left,draft_unreviewed
images/train/WIN_20261006_23_50_08_Pro_frame000118.jpg,4,mug,table_left,draft_unreviewed
images/train/WIN_20261006_23_50_08_Pro_frame000118.jpg,5,peach,table_left,draft_unreviewed
images/train/WIN_20261006_23_50_08_Pro_frame000118.jpg,6,plate,table_left,draft_unreviewed
images/train/WIN_20261006_23_50_08_Pro_frame000119.jpg,0,apple,table_left,draft_unreviewed
images/train/WIN_20261006_23_50_08_Pro_frame000119.jpg,1,banana,table_left,draft_unreviewed
images/train/WIN_20261006_23_50_08_Pro_frame000119.jpg,2,fanta_can,table_left,draft_unreviewed
images/train/WIN_20261006_23_50_08_Pro_frame000119.jpg,3,green_apple,table_left,draft_unreviewed
images/train/WIN_20261006_23_50_08_Pro_frame000119.jpg,4,mug,table_left,draft_unreviewed
images/train/WIN_20261006_23_50_08_Pro_frame000119.jpg,5,peach,table_left,draft_unreviewed
images/train/WIN_20261006_23_50_08_Pro_frame000119.jpg,6,plate,table_left,draft_unreviewed
images/train/WIN_20261006_23_50_08_Pro_frame000120.jpg,0,apple,table_left,draft_unreviewed
images/train/WIN_20261006_23_50_08_Pro_frame000120.jpg,1,banana,table_left,draft_unreviewed
images/train/WIN_20261006_23_50_08_Pro_frame000120.jpg,2,fanta_can,table_left,draft_unreviewed
images/train/WIN_20261006_23_50_08_Pro_frame000120.jpg,3,green_apple,table_left,draft_unreviewed
images/train/WIN_20261006_23_50_08_Pro_frame000120.jpg,4,mug,table_left,draft_unreviewed
images/train/WIN_20261006_23_50_08_Pro_frame000120.jpg,5,peach,table_left,draft_unreviewed
images/train/WIN_20261006_23_50_08_Pro_frame000120.jpg,6,plate,table_left,draft_unreviewed
images/train/WIN_20261006_23_50_08_Pro_frame000121.jpg,0,apple,table_left,draft_unreviewed
images/train/WIN_20261006_23_50_08_Pro_frame000121.jpg,1,banana,table_left,draft_unreviewed
images/train/WIN_20261006_23_50_08_Pro_frame000121.jpg,2,fanta_can,table_left,draft_unreviewed
images/train/WIN_20261006_23_50_08_Pro_frame000121.jpg,3,green_apple,table_left,draft_unreviewed
images/train/WIN_20261006_23_50_08_Pro_frame000121.jpg,4,mug,table_left,draft_unreviewed
images/train/WIN_20261006_23_50_08_Pro_frame000121.jpg,5,peach,table_left,draft_unreviewed
images/train/WIN_20261006_23_50_08_Pro_frame000121.jpg,6,plate,table_left,draft_unreviewed
images/train/WIN_20261006_23_50_08_Pro_frame000122.jpg,0,apple,table_left,draft_unreviewed
images/train/WIN_20261006_23_50_08_Pro_frame000122.jpg,1,banana,table_left,draft_unreviewed
images/train/WIN_20261006_23_50_08_Pro_frame000122.jpg,2,fanta_can,table_left,draft_unreviewed
images/train/WIN_20261006_23_50_08_Pro_frame000122.jpg,3,green_apple,table_left,draft_unreviewed
images/train/WIN_20261006_23_50_08_Pro_frame000122.jpg,4,mug,table_left,draft_unreviewed
images/train/WIN_20261006_23_50_08_Pro_frame000122.jpg,5,peach,table_left,draft_unreviewed
images/train/WIN_20261006_23_50_08_Pro_frame000122.jpg,6,plate,table_left,draft_unreviewed
images/train/WIN_20261006_23_50_08_Pro_frame000123.jpg,0,apple,table_left,draft_unreviewed
images/train/WIN_20261006_23_50_08_Pro_frame000123.jpg,1,banana,table_left,draft_unreviewed
images/train/WIN_20261006_23_50_08_Pro_frame000123.jpg,2,fanta_can,table_left,draft_unreviewed
images/train/WIN_20261006_23_50_08_Pro_frame000123.jpg,3,green_apple,table_left,draft_unreviewed
images/train/WIN_20261006_23_50_08_Pro_frame000123.jpg,4,mug,table_left,draft_unreviewed
images/train/WIN_20261006_23_50_08_Pro_frame000123.jpg,5,peach,table_left,draft_unreviewed
images/train/WIN_20261006_23_50_08_Pro_frame000123.jpg,6,plate,table_left,draft_unreviewed
images/train/WIN_20261006_23_50_08_Pro_frame000124.jpg,0,apple,table_left,draft_unreviewed
images/train/WIN_20261006_23_50_08_Pro_frame000124.jpg,1,banana,table_left,draft_unreviewed
images/train/WIN_20261006_23_50_08_Pro_frame000124.jpg,2,fanta_can,table_left,draft_unreviewed
images/train/WIN_20261006_23_50_08_Pro_frame000124.jpg,3,green_apple,table_left,draft_unreviewed
images/train/WIN_20261006_23_50_08_Pro_frame000124.jpg,4,mug,table_left,draft_unreviewed
images/train/WIN_20261006_23_50_08_Pro_frame000124.jpg,5,peach,table_left,draft_unreviewed
images/train/WIN_20261006_23_50_08_Pro_frame000124.jpg,6,plate,table_left,draft_unreviewed
images/train/WIN_20261006_23_50_08_Pro_frame000125.jpg,0,apple,table_left,draft_unreviewed
images/train/WIN_20261006_23_50_08_Pro_frame000125.jpg,1,banana,table_left,draft_unreviewed
images/train/WIN_20261006_23_50_08_Pro_frame000125.jpg,2,fanta_can,table_left,draft_unreviewed
images/train/WIN_20261006_23_50_08_Pro_frame000125.jpg,3,green_apple,table_left,draft_unreviewed
images/train/WIN_20261006_23_50_08_Pro_frame000125.jpg,4,mug,table_left,draft_unreviewed
images/train/WIN_20261006_23_50_08_Pro_frame000125.jpg,5,peach,table_left,draft_unreviewed
images/train/WIN_20261006_23_50_08_Pro_frame000125.jpg,6,plate,table_left,draft_unreviewed
images/train/WIN_20261006_23_50_08_Pro_frame000126.jpg,0,apple,table_left,draft_unreviewed
images/train/WIN_20261006_23_50_08_Pro_frame000126.jpg,1,banana,table_left,draft_unreviewed
images/train/WIN_20261006_23_50_08_Pro_frame000126.jpg,2,fanta_can,table_left,draft_unreviewed
images/train/WIN_20261006_23_50_08_Pro_frame000126.jpg,3,green_apple,table_left,draft_unreviewed
images/train/WIN_20261006_23_50_08_Pro_frame000126.jpg,4,mug,table_left,draft_unreviewed
images/train/WIN_20261006_23_50_08_Pro_frame000126.jpg,5,peach,table_left,draft_unreviewed
images/train/WIN_20261006_23_50_08_Pro_frame000126.jpg,6,plate,table_left,draft_unreviewed
images/train/WIN_20261006_23_50_08_Pro_frame000127.jpg,0,apple,table_left,draft_unreviewed
images/train/WIN_20261006_23_50_08_Pro_frame000127.jpg,1,banana,table_left,draft_unreviewed
images/train/WIN_20261006_23_50_08_Pro_frame000127.jpg,2,fanta_can,table_left,draft_unreviewed
images/train/WIN_20261006_23_50_08_Pro_frame000127.jpg,3,green_apple,table_left,draft_unreviewed
images/train/WIN_20261006_23_50_08_Pro_frame000127.jpg,4,mug,table_left,draft_unreviewed
images/train/WIN_20261006_23_50_08_Pro_frame000127.jpg,5,peach,table_left,draft_unreviewed
images/train/WIN_20261006_23_50_08_Pro_frame000127.jpg,6,plate,table_left,draft_unreviewed
images/train/WIN_20261006_23_50_08_Pro_frame000128.jpg,0,apple,table_left,draft_unreviewed
images/train/WIN_20261006_23_50_08_Pro_frame000128.jpg,1,banana,table_left,draft_unreviewed
images/train/WIN_20261006_23_50_08_Pro_frame000128.jpg,2,fanta_can,table_left,draft_unreviewed
images/train/WIN_20261006_23_50_08_Pro_frame000128.jpg,3,green_apple,table_left,draft_unreviewed
images/train/WIN_20261006_23_50_08_Pro_frame000128.jpg,4,mug,table_left,draft_unreviewed
images/train/WIN_20261006_23_50_08_Pro_frame000128.jpg,5,peach,table_left,draft_unreviewed
images/train/WIN_20261006_23_50_08_Pro_frame000128.jpg,6,plate,table_left,draft_unreviewed
images/train/WIN_20261006_23_50_08_Pro_frame000129.jpg,0,apple,table_left,draft_unreviewed
images/train/WIN_20261006_23_50_08_Pro_frame000129.jpg,1,banana,table_left,draft_unreviewed
images/train/WIN_20261006_23_50_08_Pro_frame000129.jpg,2,fanta_can,table_left,draft_unreviewed
images/train/WIN_20261006_23_50_08_Pro_frame000129.jpg,3,green_apple,table_left,draft_unreviewed
images/train/WIN_20261006_23_50_08_Pro_frame000129.jpg,4,mug,table_left,draft_unreviewed
images/train/WIN_20261006_23_50_08_Pro_frame000129.jpg,5,peach,table_left,draft_unreviewed
images/train/WIN_20261006_23_50_08_Pro_frame000129.jpg,6,plate,table_left,draft_unreviewed
images/train/WIN_20261006_23_50_08_Pro_frame000130.jpg,0,apple,table_left,draft_unreviewed
images/train/WIN_20261006_23_50_08_Pro_frame000130.jpg,1,banana,table_left,draft_unreviewed
images/train/WIN_20261006_23_50_08_Pro_frame000130.jpg,2,fanta_can,table_left,draft_unreviewed
images/train/WIN_20261006_23_50_08_Pro_frame000130.jpg,3,green_apple,table_left,draft_unreviewed
images/train/WIN_20261006_23_50_08_Pro_frame000130.jpg,4,mug,table_left,draft_unreviewed
images/train/WIN_20261006_23_50_08_Pro_frame000130.jpg,5,peach,table_left,draft_unreviewed
images/train/WIN_20261006_23_50_08_Pro_frame000130.jpg,6,plate,table_left,draft_unreviewed
images/train/WIN_20261006_23_50_08_Pro_frame000131.jpg,0,apple,table_left,draft_unreviewed
images/train/WIN_20261006_23_50_08_Pro_frame000131.jpg,1,banana,table_left,draft_unreviewed
images/train/WIN_20261006_23_50_08_Pro_frame000131.jpg,2,fanta_can,table_left,draft_unreviewed
images/train/WIN_20261006_23_50_08_Pro_frame000131.jpg,3,green_apple,table_left,draft_unreviewed
images/train/WIN_20261006_23_50_08_Pro_frame000131.jpg,4,mug,table_left,draft_unreviewed
images/train/WIN_20261006_23_50_08_Pro_frame000131.jpg,5,peach,table_left,draft_unreviewed
images/train/WIN_20261006_23_50_08_Pro_frame000131.jpg,6,plate,table_left,draft_unreviewed
images/train/WIN_20261006_23_50_08_Pro_frame000132.jpg,0,apple,table_left,draft_unreviewed
images/train/WIN_20261006_23_50_08_Pro_frame000132.jpg,1,banana,table_left,draft_unreviewed
images/train/WIN_20261006_23_50_08_Pro_frame000132.jpg,2,fanta_can,table_left,draft_unreviewed
images/train/WIN_20261006_23_50_08_Pro_frame000132.jpg,3,green_apple,table_left,draft_unreviewed
images/train/WIN_20261006_23_50_08_Pro_frame000132.jpg,4,mug,table_left,draft_unreviewed
images/train/WIN_20261006_23_50_08_Pro_frame000132.jpg,5,peach,table_left,draft_unreviewed
images/train/WIN_20261006_23_50_08_Pro_frame000132.jpg,6,plate,table_left,draft_unreviewed
images/train/WIN_20261006_23_50_08_Pro_frame000133.jpg,0,apple,table_left,draft_unreviewed
images/train/WIN_20261006_23_50_08_Pro_frame000133.jpg,1,banana,table_left,draft_unreviewed
images/train/WIN_20261006_23_50_08_Pro_frame000133.jpg,2,fanta_can,table_left,draft_unreviewed
images/train/WIN_20261006_23_50_08_Pro_frame000133.jpg,3,green_apple,table_left,draft_unreviewed
images/train/WIN_20261006_23_50_08_Pro_frame000133.jpg,4,mug,table_left,draft_unreviewed
images/train/WIN_20261006_23_50_08_Pro_frame000133.jpg,5,peach,table_left,draft_unreviewed
images/train/WIN_20261006_23_50_08_Pro_frame000133.jpg,6,plate,table_left,draft_unreviewed
images/train/WIN_20261006_23_50_08_Pro_frame000134.jpg,0,apple,table_left,draft_unreviewed
images/train/WIN_20261006_23_50_08_Pro_frame000134.jpg,1,banana,table_left,draft_unreviewed
images/train/WIN_20261006_23_50_08_Pro_frame000134.jpg,2,fanta_can,table_left,draft_unreviewed
images/train/WIN_20261006_23_50_08_Pro_frame000134.jpg,3,green_apple,table_left,draft_unreviewed
images/train/WIN_20261006_23_50_08_Pro_frame000134.jpg,4,mug,table_left,draft_unreviewed
images/train/WIN_20261006_23_50_08_Pro_frame000134.jpg,5,peach,table_left,draft_unreviewed
images/train/WIN_20261006_23_50_08_Pro_frame000134.jpg,6,plate,table_left,draft_unreviewed
images/train/WIN_20261006_23_50_08_Pro_frame000135.jpg,0,apple,table_left,draft_unreviewed
images/train/WIN_20261006_23_50_08_Pro_frame000135.jpg,1,banana,table_left,draft_unreviewed
images/train/WIN_20261006_23_50_08_Pro_frame000135.jpg,2,fanta_can,table_left,draft_unreviewed
images/train/WIN_20261006_23_50_08_Pro_frame000135.jpg,3,green_apple,table_left,draft_unreviewed
images/train/WIN_20261006_23_50_08_Pro_frame000135.jpg,4,mug,table_left,draft_unreviewed
images/train/WIN_20261006_23_50_08_Pro_frame000135.jpg,5,peach,table_left,draft_unreviewed
images/train/WIN_20261006_23_50_08_Pro_frame000135.jpg,6,plate,table_left,draft_unreviewed
images/train/WIN_20261006_23_50_08_Pro_frame000136.jpg,0,apple,table_left,draft_unreviewed
images/train/WIN_20261006_23_50_08_Pro_frame000136.jpg,1,banana,table_left,draft_unreviewed
images/train/WIN_20261006_23_50_08_Pro_frame000136.jpg,2,fanta_can,table_left,draft_unreviewed
images/train/WIN_20261006_23_50_08_Pro_frame000136.jpg,3,green_apple,table_left,draft_unreviewed
images/train/WIN_20261006_23_50_08_Pro_frame000136.jpg,4,mug,table_left,draft_unreviewed
images/train/WIN_20261006_23_50_08_Pro_frame000136.jpg,5,peach,table_left,draft_unreviewed
images/train/WIN_20261006_23_50_08_Pro_frame000136.jpg,6,plate,table_left,draft_unreviewed
images/train/WIN_20261006_23_50_08_Pro_frame000137.jpg,0,apple,table_left,draft_unreviewed
images/train/WIN_20261006_23_50_08_Pro_frame000137.jpg,1,banana,table_left,draft_unreviewed
images/train/WIN_20261006_23_50_08_Pro_frame000137.jpg,2,fanta_can,table_left,draft_unreviewed
images/train/WIN_20261006_23_50_08_Pro_frame000137.jpg,3,green_apple,table_left,draft_unreviewed
images/train/WIN_20261006_23_50_08_Pro_frame000137.jpg,4,mug,table_left,draft_unreviewed
images/train/WIN_20261006_23_50_08_Pro_frame000137.jpg,5,peach,table_left,draft_unreviewed
images/train/WIN_20261006_23_50_08_Pro_frame000137.jpg,6,plate,table_left,draft_unreviewed
images/train/WIN_20261006_23_50_08_Pro_frame000138.jpg,0,apple,table_left,draft_unreviewed
images/train/WIN_20261006_23_50_08_Pro_frame000138.jpg,1,banana,table_left,draft_unreviewed
images/train/WIN_20261006_23_50_08_Pro_frame000138.jpg,2,fanta_can,table_left,draft_unreviewed
images/train/WIN_20261006_23_50_08_Pro_frame000138.jpg,3,green_apple,table_left,draft_unreviewed
images/train/WIN_20261006_23_50_08_Pro_frame000138.jpg,4,mug,table_left,draft_unreviewed
images/train/WIN_20261006_23_50_08_Pro_frame000138.jpg,5,peach,table_left,draft_unreviewed
images/train/WIN_20261006_23_50_08_Pro_frame000138.jpg,6,plate,table_left,draft_unreviewed
images/train/WIN_20261006_23_50_08_Pro_frame000139.jpg,0,apple,table_left,draft_unreviewed
images/train/WIN_20261006_23_50_08_Pro_frame000139.jpg,1,banana,table_left,draft_unreviewed
images/train/WIN_20261006_23_50_08_Pro_frame000139.jpg,2,fanta_can,table_left,draft_unreviewed
images/train/WIN_20261006_23_50_08_Pro_frame000139.jpg,3,green_apple,table_left,draft_unreviewed
images/train/WIN_20261006_23_50_08_Pro_frame000139.jpg,4,mug,table_left,draft_unreviewed
images/train/WIN_20261006_23_50_08_Pro_frame000139.jpg,5,peach,table_left,draft_unreviewed
images/train/WIN_20261006_23_50_08_Pro_frame000139.jpg,6,plate,table_left,draft_unreviewed
images/train/WIN_20261006_23_50_08_Pro_frame000140.jpg,0,apple,table_left,draft_unreviewed
images/train/WIN_20261006_23_50_08_Pro_frame000140.jpg,1,banana,table_left,draft_unreviewed
images/train/WIN_20261006_23_50_08_Pro_frame000140.jpg,2,fanta_can,table_left,draft_unreviewed
images/train/WIN_20261006_23_50_08_Pro_frame000140.jpg,3,green_apple,table_left,draft_unreviewed
images/train/WIN_20261006_23_50_08_Pro_frame000140.jpg,4,mug,table_left,draft_unreviewed
images/train/WIN_20261006_23_50_08_Pro_frame000140.jpg,5,peach,table_left,draft_unreviewed
images/train/WIN_20261006_23_50_08_Pro_frame000140.jpg,6,plate,table_left,draft_unreviewed
images/train/WIN_20261006_23_50_08_Pro_frame000141.jpg,0,apple,table_left,draft_unreviewed
images/train/WIN_20261006_23_50_08_Pro_frame000141.jpg,1,banana,table_left,draft_unreviewed
images/train/WIN_20261006_23_50_08_Pro_frame000141.jpg,2,fanta_can,table_left,draft_unreviewed
images/train/WIN_20261006_23_50_08_Pro_frame000141.jpg,3,green_apple,table_left,draft_unreviewed
images/train/WIN_20261006_23_50_08_Pro_frame000141.jpg,4,mug,table_left,draft_unreviewed
images/train/WIN_20261006_23_50_08_Pro_frame000141.jpg,5,peach,table_left,draft_unreviewed
images/train/WIN_20261006_23_50_08_Pro_frame000141.jpg,6,plate,table_left,draft_unreviewed
images/train/WIN_20261006_23_50_08_Pro_frame000142.jpg,0,apple,table_left,draft_unreviewed
images/train/WIN_20261006_23_50_08_Pro_frame000142.jpg,1,banana,table_left,draft_unreviewed
images/train/WIN_20261006_23_50_08_Pro_frame000142.jpg,2,fanta_can,table_left,draft_unreviewed
images/train/WIN_20261006_23_50_08_Pro_frame000142.jpg,3,green_apple,table_left,draft_unreviewed
images/train/WIN_20261006_23_50_08_Pro_frame000142.jpg,4,mug,table_left,draft_unreviewed
images/train/WIN_20261006_23_50_08_Pro_frame000142.jpg,5,peach,table_left,draft_unreviewed
images/train/WIN_20261006_23_50_08_Pro_frame000142.jpg,6,plate,table_left,draft_unreviewed
images/train/WIN_20261006_23_50_08_Pro_frame000143.jpg,0,apple,table_left,draft_unreviewed
images/train/WIN_20261006_23_50_08_Pro_frame000143.jpg,1,banana,table_left,draft_unreviewed
images/train/WIN_20261006_23_50_08_Pro_frame000143.jpg,2,fanta_can,table_left,draft_unreviewed
images/train/WIN_20261006_23_50_08_Pro_frame000143.jpg,3,green_apple,table_left,draft_unreviewed
images/train/WIN_20261006_23_50_08_Pro_frame000143.jpg,4,mug,table_left,draft_unreviewed
images/train/WIN_20261006_23_50_08_Pro_frame000143.jpg,5,peach,table_left,draft_unreviewed
images/train/WIN_20261006_23_50_08_Pro_frame000143.jpg,6,plate,table_left,draft_unreviewed
images/train/WIN_20261006_23_50_08_Pro_frame000144.jpg,0,apple,table_left,draft_unreviewed
images/train/WIN_20261006_23_50_08_Pro_frame000144.jpg,1,banana,table_left,draft_unreviewed
images/train/WIN_20261006_23_50_08_Pro_frame000144.jpg,2,fanta_can,table_left,draft_unreviewed
images/train/WIN_20261006_23_50_08_Pro_frame000144.jpg,3,green_apple,table_left,draft_unreviewed
images/train/WIN_20261006_23_50_08_Pro_frame000144.jpg,4,mug,table_left,draft_unreviewed
images/train/WIN_20261006_23_50_08_Pro_frame000144.jpg,5,peach,table_left,draft_unreviewed
images/train/WIN_20261006_23_50_08_Pro_frame000144.jpg,6,plate,table_left,draft_unreviewed
images/train/WIN_20261006_23_50_08_Pro_frame000145.jpg,0,apple,table_left,draft_unreviewed
images/train/WIN_20261006_23_50_08_Pro_frame000145.jpg,1,banana,table_left,draft_unreviewed
images/train/WIN_20261006_23_50_08_Pro_frame000145.jpg,2,fanta_can,table_left,draft_unreviewed
images/train/WIN_20261006_23_50_08_Pro_frame000145.jpg,3,green_apple,table_left,draft_unreviewed
images/train/WIN_20261006_23_50_08_Pro_frame000145.jpg,4,mug,table_left,draft_unreviewed
images/train/WIN_20261006_23_50_08_Pro_frame000145.jpg,5,peach,table_left,draft_unreviewed
images/train/WIN_20261006_23_50_08_Pro_frame000145.jpg,6,plate,table_left,draft_unreviewed
images/train/WIN_20261006_23_50_08_Pro_frame000146.jpg,0,apple,table_left,draft_unreviewed
images/train/WIN_20261006_23_50_08_Pro_frame000146.jpg,1,banana,table_left,draft_unreviewed
images/train/WIN_20261006_23_50_08_Pro_frame000146.jpg,2,fanta_can,table_left,draft_unreviewed
images/train/WIN_20261006_23_50_08_Pro_frame000146.jpg,3,green_apple,table_left,draft_unreviewed
images/train/WIN_20261006_23_50_08_Pro_frame000146.jpg,4,mug,table_left,draft_unreviewed
images/train/WIN_20261006_23_50_08_Pro_frame000146.jpg,5,peach,table_left,draft_unreviewed
images/train/WIN_20261006_23_50_08_Pro_frame000146.jpg,6,plate,table_left,draft_unreviewed
images/train/WIN_20261006_23_50_08_Pro_frame000147.jpg,0,apple,table_left,draft_unreviewed
images/train/WIN_20261006_23_50_08_Pro_frame000147.jpg,1,banana,table_left,draft_unreviewed
images/train/WIN_20261006_23_50_08_Pro_frame000147.jpg,2,fanta_can,table_left,draft_unreviewed
images/train/WIN_20261006_23_50_08_Pro_frame000147.jpg,3,green_apple,table_left,draft_unreviewed
images/train/WIN_20261006_23_50_08_Pro_frame000147.jpg,4,mug,table_left,draft_unreviewed
images/train/WIN_20261006_23_50_08_Pro_frame000147.jpg,5,peach,table_left,draft_unreviewed
images/train/WIN_20261006_23_50_08_Pro_frame000147.jpg,6,plate,table_left,draft_unreviewed
images/train/WIN_20261006_23_50_08_Pro_frame000148.jpg,0,apple,table_left,draft_unreviewed
images/train/WIN_20261006_23_50_08_Pro_frame000148.jpg,1,banana,table_left,draft_unreviewed
images/train/WIN_20261006_23_50_08_Pro_frame000148.jpg,2,fanta_can,table_left,draft_unreviewed
images/train/WIN_20261006_23_50_08_Pro_frame000148.jpg,3,green_apple,table_left,draft_unreviewed
images/train/WIN_20261006_23_50_08_Pro_frame000148.jpg,4,mug,table_left,draft_unreviewed
images/train/WIN_20261006_23_50_08_Pro_frame000148.jpg,5,peach,table_left,draft_unreviewed
images/train/WIN_20261006_23_50_08_Pro_frame000148.jpg,6,plate,table_left,draft_unreviewed
images/train/WIN_20261006_23_50_08_Pro_frame000149.jpg,0,apple,table_left,draft_unreviewed
images/train/WIN_20261006_23_50_08_Pro_frame000149.jpg,1,banana,table_left,draft_unreviewed
images/train/WIN_20261006_23_50_08_Pro_frame000149.jpg,2,fanta_can,table_left,draft_unreviewed
images/train/WIN_20261006_23_50_08_Pro_frame000149.jpg,3,green_apple,table_left,draft_unreviewed
images/train/WIN_20261006_23_50_08_Pro_frame000149.jpg,4,mug,table_left,draft_unreviewed
images/train/WIN_20261006_23_50_08_Pro_frame000149.jpg,5,peach,table_left,draft_unreviewed
images/train/WIN_20261006_23_50_08_Pro_frame000149.jpg,6,plate,table_left,draft_unreviewed
images/train/WIN_20261006_23_50_08_Pro_frame000150.jpg,0,apple,table_left,draft_unreviewed
images/train/WIN_20261006_23_50_08_Pro_frame000150.jpg,1,banana,table_left,draft_unreviewed
images/train/WIN_20261006_23_50_08_Pro_frame000150.jpg,2,fanta_can,table_left,draft_unreviewed
images/train/WIN_20261006_23_50_08_Pro_frame000150.jpg,3,green_apple,table_left,draft_unreviewed
images/train/WIN_20261006_23_50_08_Pro_frame000150.jpg,4,mug,table_left,draft_unreviewed
images/train/WIN_20261006_23_50_08_Pro_frame000150.jpg,5,peach,table_left,draft_unreviewed
images/train/WIN_20261006_23_50_08_Pro_frame000150.jpg,6,plate,table_left,draft_unreviewed
images/train/WIN_20261006_23_50_08_Pro_frame000151.jpg,0,apple,table_left,draft_unreviewed
images/train/WIN_20261006_23_50_08_Pro_frame000151.jpg,1,banana,table_left,draft_unreviewed
images/train/WIN_20261006_23_50_08_Pro_frame000151.jpg,2,fanta_can,table_left,draft_unreviewed
images/train/WIN_20261006_23_50_08_Pro_frame000151.jpg,3,green_apple,table_left,draft_unreviewed
images/train/WIN_20261006_23_50_08_Pro_frame000151.jpg,4,mug,table_left,draft_unreviewed
images/train/WIN_20261006_23_50_08_Pro_frame000151.jpg,5,peach,table_left,draft_unreviewed
images/train/WIN_20261006_23_50_08_Pro_frame000151.jpg,6,plate,table_left,draft_unreviewed
images/train/WIN_20261006_23_50_08_Pro_frame000152.jpg,0,apple,table_left,draft_unreviewed
images/train/WIN_20261006_23_50_08_Pro_frame000152.jpg,1,banana,table_left,draft_unreviewed
images/train/WIN_20261006_23_50_08_Pro_frame000152.jpg,2,fanta_can,table_left,draft_unreviewed
images/train/WIN_20261006_23_50_08_Pro_frame000152.jpg,3,green_apple,table_left,draft_unreviewed
images/train/WIN_20261006_23_50_08_Pro_frame000152.jpg,4,mug,table_left,draft_unreviewed
images/train/WIN_20261006_23_50_08_Pro_frame000152.jpg,5,peach,table_left,draft_unreviewed
images/train/WIN_20261006_23_50_08_Pro_frame000152.jpg,6,plate,table_left,draft_unreviewed
images/train/WIN_20261006_23_50_08_Pro_frame000153.jpg,0,apple,table_left,draft_unreviewed
images/train/WIN_20261006_23_50_08_Pro_frame000153.jpg,1,banana,table_left,draft_unreviewed
images/train/WIN_20261006_23_50_08_Pro_frame000153.jpg,2,fanta_can,table_left,draft_unreviewed
images/train/WIN_20261006_23_50_08_Pro_frame000153.jpg,3,green_apple,table_left,draft_unreviewed
images/train/WIN_20261006_23_50_08_Pro_frame000153.jpg,4,mug,table_left,draft_unreviewed
images/train/WIN_20261006_23_50_08_Pro_frame000153.jpg,5,peach,table_left,draft_unreviewed
images/train/WIN_20261006_23_50_08_Pro_frame000153.jpg,6,plate,table_left,draft_unreviewed
images/train/WIN_20261006_23_50_08_Pro_frame000154.jpg,0,apple,table_left,draft_unreviewed
images/train/WIN_20261006_23_50_08_Pro_frame000154.jpg,1,banana,table_left,draft_unreviewed
images/train/WIN_20261006_23_50_08_Pro_frame000154.jpg,2,fanta_can,table_left,draft_unreviewed
images/train/WIN_20261006_23_50_08_Pro_frame000154.jpg,3,green_apple,table_left,draft_unreviewed
images/train/WIN_20261006_23_50_08_Pro_frame000154.jpg,4,mug,table_left,draft_unreviewed
images/train/WIN_20261006_23_50_08_Pro_frame000154.jpg,5,peach,table_left,draft_unreviewed
images/train/WIN_20261006_23_50_08_Pro_frame000154.jpg,6,plate,table_left,draft_unreviewed
images/train/WIN_20261006_23_50_08_Pro_frame000155.jpg,0,apple,table_left,draft_unreviewed
images/train/WIN_20261006_23_50_08_Pro_frame000155.jpg,1,banana,table_left,draft_unreviewed
images/train/WIN_20261006_23_50_08_Pro_frame000155.jpg,2,fanta_can,table_left,draft_unreviewed
images/train/WIN_20261006_23_50_08_Pro_frame000155.jpg,3,green_apple,table_left,draft_unreviewed
images/train/WIN_20261006_23_50_08_Pro_frame000155.jpg,4,mug,table_left,draft_unreviewed
images/train/WIN_20261006_23_50_08_Pro_frame000155.jpg,5,peach,table_left,draft_unreviewed
images/train/WIN_20261006_23_50_08_Pro_frame000155.jpg,6,plate,table_left,draft_unreviewed
images/train/WIN_20261006_23_50_08_Pro_frame000156.jpg,0,apple,table_left,draft_unreviewed
images/train/WIN_20261006_23_50_08_Pro_frame000156.jpg,1,banana,table_left,draft_unreviewed
images/train/WIN_20261006_23_50_08_Pro_frame000156.jpg,2,fanta_can,table_left,draft_unreviewed
images/train/WIN_20261006_23_50_08_Pro_frame000156.jpg,3,green_apple,table_left,draft_unreviewed
images/train/WIN_20261006_23_50_08_Pro_frame000156.jpg,4,mug,table_left,draft_unreviewed
images/train/WIN_20261006_23_50_08_Pro_frame000156.jpg,5,peach,table_left,draft_unreviewed
images/train/WIN_20261006_23_50_08_Pro_frame000156.jpg,6,plate,table_left,draft_unreviewed
images/train/WIN_20261006_23_50_08_Pro_frame000157.jpg,0,apple,table_left,draft_unreviewed
images/train/WIN_20261006_23_50_08_Pro_frame000157.jpg,1,banana,table_left,draft_unreviewed
images/train/WIN_20261006_23_50_08_Pro_frame000157.jpg,2,fanta_can,table_left,draft_unreviewed
images/train/WIN_20261006_23_50_08_Pro_frame000157.jpg,3,green_apple,table_left,draft_unreviewed
images/train/WIN_20261006_23_50_08_Pro_frame000157.jpg,4,mug,table_left,draft_unreviewed
images/train/WIN_20261006_23_50_08_Pro_frame000157.jpg,5,peach,table_left,draft_unreviewed
images/train/WIN_20261006_23_50_08_Pro_frame000157.jpg,6,plate,table_left,draft_unreviewed
images/train/WIN_20261006_23_50_08_Pro_frame000158.jpg,0,apple,table_left,draft_unreviewed
images/train/WIN_20261006_23_50_08_Pro_frame000158.jpg,1,banana,table_left,draft_unreviewed
images/train/WIN_20261006_23_50_08_Pro_frame000158.jpg,2,fanta_can,table_left,draft_unreviewed
images/train/WIN_20261006_23_50_08_Pro_frame000158.jpg,3,green_apple,table_left,draft_unreviewed
images/train/WIN_20261006_23_50_08_Pro_frame000158.jpg,4,mug,table_left,draft_unreviewed
images/train/WIN_20261006_23_50_08_Pro_frame000158.jpg,5,peach,table_left,draft_unreviewed
images/train/WIN_20261006_23_50_08_Pro_frame000158.jpg,6,plate,table_left,draft_unreviewed
images/train/WIN_20261006_23_50_08_Pro_frame000159.jpg,0,apple,table_left,draft_unreviewed
images/train/WIN_20261006_23_50_08_Pro_frame000159.jpg,1,banana,table_left,draft_unreviewed
images/train/WIN_20261006_23_50_08_Pro_frame000159.jpg,2,fanta_can,table_left,draft_unreviewed
images/train/WIN_20261006_23_50_08_Pro_frame000159.jpg,3,green_apple,table_left,draft_unreviewed
images/train/WIN_20261006_23_50_08_Pro_frame000159.jpg,4,mug,table_left,draft_unreviewed
images/train/WIN_20261006_23_50_08_Pro_frame000159.jpg,5,peach,table_left,draft_unreviewed
images/train/WIN_20261006_23_50_08_Pro_frame000159.jpg,6,plate,table_left,draft_unreviewed
images/train/WIN_20261006_23_50_08_Pro_frame000160.jpg,0,apple,table_left,draft_unreviewed
images/train/WIN_20261006_23_50_08_Pro_frame000160.jpg,1,banana,table_left,draft_unreviewed
images/train/WIN_20261006_23_50_08_Pro_frame000160.jpg,2,fanta_can,table_left,draft_unreviewed
images/train/WIN_20261006_23_50_08_Pro_frame000160.jpg,3,green_apple,table_left,draft_unreviewed
images/train/WIN_20261006_23_50_08_Pro_frame000160.jpg,4,mug,table_left,draft_unreviewed
images/train/WIN_20261006_23_50_08_Pro_frame000160.jpg,5,peach,table_left,draft_unreviewed
images/train/WIN_20261006_23_50_08_Pro_frame000160.jpg,6,plate,table_left,draft_unreviewed
images/train/WIN_20261006_23_50_08_Pro_frame000161.jpg,0,apple,table_left,draft_unreviewed
images/train/WIN_20261006_23_50_08_Pro_frame000161.jpg,1,banana,table_left,draft_unreviewed
images/train/WIN_20261006_23_50_08_Pro_frame000161.jpg,2,fanta_can,table_left,draft_unreviewed
images/train/WIN_20261006_23_50_08_Pro_frame000161.jpg,3,green_apple,table_left,draft_unreviewed
images/train/WIN_20261006_23_50_08_Pro_frame000161.jpg,4,mug,table_left,draft_unreviewed
images/train/WIN_20261006_23_50_08_Pro_frame000161.jpg,5,peach,table_left,draft_unreviewed
images/train/WIN_20261006_23_50_08_Pro_frame000161.jpg,6,plate,table_left,draft_unreviewed
images/train/WIN_20261006_23_50_08_Pro_frame000162.jpg,0,apple,table_left,draft_unreviewed
images/train/WIN_20261006_23_50_08_Pro_frame000162.jpg,1,banana,table_left,draft_unreviewed
images/train/WIN_20261006_23_50_08_Pro_frame000162.jpg,2,fanta_can,table_left,draft_unreviewed
images/train/WIN_20261006_23_50_08_Pro_frame000162.jpg,3,green_apple,table_left,draft_unreviewed
images/train/WIN_20261006_23_50_08_Pro_frame000162.jpg,4,mug,table_left,draft_unreviewed
images/train/WIN_20261006_23_50_08_Pro_frame000162.jpg,5,peach,table_left,draft_unreviewed
images/train/WIN_20261006_23_50_08_Pro_frame000162.jpg,6,plate,table_left,draft_unreviewed
images/train/WIN_20261006_23_50_08_Pro_frame000163.jpg,0,apple,table_left,draft_unreviewed
images/train/WIN_20261006_23_50_08_Pro_frame000163.jpg,1,banana,table_left,draft_unreviewed
images/train/WIN_20261006_23_50_08_Pro_frame000163.jpg,2,fanta_can,table_left,draft_unreviewed
images/train/WIN_20261006_23_50_08_Pro_frame000163.jpg,3,green_apple,table_left,draft_unreviewed
images/train/WIN_20261006_23_50_08_Pro_frame000163.jpg,4,mug,table_left,draft_unreviewed
images/train/WIN_20261006_23_50_08_Pro_frame000163.jpg,5,peach,table_left,draft_unreviewed
images/train/WIN_20261006_23_50_08_Pro_frame000163.jpg,6,plate,table_left,draft_unreviewed
images/train/WIN_20261006_23_50_08_Pro_frame000164.jpg,0,apple,table_left,draft_unreviewed
images/train/WIN_20261006_23_50_08_Pro_frame000164.jpg,1,banana,table_left,draft_unreviewed
images/train/WIN_20261006_23_50_08_Pro_frame000164.jpg,2,fanta_can,table_left,draft_unreviewed
images/train/WIN_20261006_23_50_08_Pro_frame000164.jpg,3,green_apple,table_left,draft_unreviewed
images/train/WIN_20261006_23_50_08_Pro_frame000164.jpg,4,mug,table_left,draft_unreviewed
images/train/WIN_20261006_23_50_08_Pro_frame000164.jpg,5,peach,table_left,draft_unreviewed
images/train/WIN_20261006_23_50_08_Pro_frame000164.jpg,6,plate,table_left,draft_unreviewed
images/train/WIN_20261006_23_50_08_Pro_frame000165.jpg,0,apple,table_left,draft_unreviewed
images/train/WIN_20261006_23_50_08_Pro_frame000165.jpg,1,banana,table_left,draft_unreviewed
images/train/WIN_20261006_23_50_08_Pro_frame000165.jpg,2,fanta_can,table_left,draft_unreviewed
images/train/WIN_20261006_23_50_08_Pro_frame000165.jpg,3,green_apple,table_left,draft_unreviewed
images/train/WIN_20261006_23_50_08_Pro_frame000165.jpg,4,mug,table_left,draft_unreviewed
images/train/WIN_20261006_23_50_08_Pro_frame000165.jpg,5,peach,table_left,draft_unreviewed
images/train/WIN_20261006_23_50_08_Pro_frame000165.jpg,6,plate,table_left,draft_unreviewed
images/train/WIN_20261006_23_50_08_Pro_frame000166.jpg,0,apple,table_left,draft_unreviewed
images/train/WIN_20261006_23_50_08_Pro_frame000166.jpg,1,banana,table_left,draft_unreviewed
images/train/WIN_20261006_23_50_08_Pro_frame000166.jpg,2,fanta_can,table_left,draft_unreviewed
images/train/WIN_20261006_23_50_08_Pro_frame000166.jpg,3,green_apple,table_left,draft_unreviewed
images/train/WIN_20261006_23_50_08_Pro_frame000166.jpg,4,mug,table_left,draft_unreviewed
images/train/WIN_20261006_23_50_08_Pro_frame000166.jpg,5,peach,table_left,draft_unreviewed
images/train/WIN_20261006_23_50_08_Pro_frame000166.jpg,6,plate,table_left,draft_unreviewed
images/train/WIN_20261006_23_50_08_Pro_frame000167.jpg,0,apple,table_left,draft_unreviewed
images/train/WIN_20261006_23_50_08_Pro_frame000167.jpg,1,banana,table_left,draft_unreviewed
images/train/WIN_20261006_23_50_08_Pro_frame000167.jpg,2,fanta_can,table_left,draft_unreviewed
images/train/WIN_20261006_23_50_08_Pro_frame000167.jpg,3,green_apple,table_left,draft_unreviewed
images/train/WIN_20261006_23_50_08_Pro_frame000167.jpg,4,mug,table_left,draft_unreviewed
images/train/WIN_20261006_23_50_08_Pro_frame000167.jpg,5,peach,table_left,draft_unreviewed
images/train/WIN_20261006_23_50_08_Pro_frame000167.jpg,6,plate,table_left,draft_unreviewed
images/train/WIN_20261006_23_50_08_Pro_frame000168.jpg,0,apple,table_left,draft_unreviewed
images/train/WIN_20261006_23_50_08_Pro_frame000168.jpg,1,banana,table_left,draft_unreviewed
images/train/WIN_20261006_23_50_08_Pro_frame000168.jpg,2,fanta_can,table_left,draft_unreviewed
images/train/WIN_20261006_23_50_08_Pro_frame000168.jpg,3,green_apple,table_left,draft_unreviewed
images/train/WIN_20261006_23_50_08_Pro_frame000168.jpg,4,mug,table_left,draft_unreviewed
images/train/WIN_20261006_23_50_08_Pro_frame000168.jpg,5,peach,table_left,draft_unreviewed
images/train/WIN_20261006_23_50_08_Pro_frame000168.jpg,6,plate,table_left,draft_unreviewed
images/train/WIN_20261006_23_50_08_Pro_frame000169.jpg,0,apple,table_left,draft_unreviewed
images/train/WIN_20261006_23_50_08_Pro_frame000169.jpg,1,banana,table_left,draft_unreviewed
images/train/WIN_20261006_23_50_08_Pro_frame000169.jpg,2,fanta_can,table_left,draft_unreviewed
images/train/WIN_20261006_23_50_08_Pro_frame000169.jpg,3,green_apple,table_left,draft_unreviewed
images/train/WIN_20261006_23_50_08_Pro_frame000169.jpg,4,mug,table_left,draft_unreviewed
images/train/WIN_20261006_23_50_08_Pro_frame000169.jpg,5,peach,table_left,draft_unreviewed
images/train/WIN_20261006_23_50_08_Pro_frame000169.jpg,6,plate,table_left,draft_unreviewed
images/train/WIN_20261006_23_50_08_Pro_frame000170.jpg,0,apple,table_left,draft_unreviewed
images/train/WIN_20261006_23_50_08_Pro_frame000170.jpg,1,banana,table_left,draft_unreviewed
images/train/WIN_20261006_23_50_08_Pro_frame000170.jpg,2,fanta_can,table_left,draft_unreviewed
images/train/WIN_20261006_23_50_08_Pro_frame000170.jpg,3,green_apple,table_left,draft_unreviewed
images/train/WIN_20261006_23_50_08_Pro_frame000170.jpg,4,mug,table_left,draft_unreviewed
images/train/WIN_20261006_23_50_08_Pro_frame000170.jpg,5,peach,table_left,draft_unreviewed
images/train/WIN_20261006_23_50_08_Pro_frame000170.jpg,6,plate,table_left,draft_unreviewed
images/train/WIN_20261006_23_50_08_Pro_frame000171.jpg,0,apple,table_left,draft_unreviewed
images/train/WIN_20261006_23_50_08_Pro_frame000171.jpg,1,banana,table_left,draft_unreviewed
images/train/WIN_20261006_23_50_08_Pro_frame000171.jpg,2,fanta_can,table_left,draft_unreviewed
images/train/WIN_20261006_23_50_08_Pro_frame000171.jpg,3,green_apple,table_left,draft_unreviewed
images/train/WIN_20261006_23_50_08_Pro_frame000171.jpg,4,mug,table_left,draft_unreviewed
images/train/WIN_20261006_23_50_08_Pro_frame000171.jpg,5,peach,table_left,draft_unreviewed
images/train/WIN_20261006_23_50_08_Pro_frame000171.jpg,6,plate,table_left,draft_unreviewed
images/train/WIN_20261006_23_50_08_Pro_frame000172.jpg,0,apple,table_left,draft_unreviewed
images/train/WIN_20261006_23_50_08_Pro_frame000172.jpg,1,banana,table_left,draft_unreviewed
images/train/WIN_20261006_23_50_08_Pro_frame000172.jpg,2,fanta_can,table_left,draft_unreviewed
images/train/WIN_20261006_23_50_08_Pro_frame000172.jpg,3,green_apple,table_left,draft_unreviewed
images/train/WIN_20261006_23_50_08_Pro_frame000172.jpg,4,mug,table_left,draft_unreviewed
images/train/WIN_20261006_23_50_08_Pro_frame000172.jpg,5,peach,table_left,draft_unreviewed
images/train/WIN_20261006_23_50_08_Pro_frame000172.jpg,6,plate,table_left,draft_unreviewed
images/val/WIN_20261006_23_50_46_Pro_frame000000.jpg,0,apple,table_left,draft_unreviewed
images/val/WIN_20261006_23_50_46_Pro_frame000000.jpg,1,banana,table_left,draft_unreviewed
images/val/WIN_20261006_23_50_46_Pro_frame000000.jpg,3,green_apple,table_left,draft_unreviewed
images/val/WIN_20261006_23_50_46_Pro_frame000000.jpg,6,plate,table_left,draft_unreviewed
images/val/WIN_20261006_23_50_46_Pro_frame000001.jpg,0,apple,table_left,draft_unreviewed
images/val/WIN_20261006_23_50_46_Pro_frame000001.jpg,1,banana,table_left,draft_unreviewed
images/val/WIN_20261006_23_50_46_Pro_frame000001.jpg,3,green_apple,table_left,draft_unreviewed
images/val/WIN_20261006_23_50_46_Pro_frame000001.jpg,6,plate,table_left,draft_unreviewed
images/val/WIN_20261006_23_50_46_Pro_frame000002.jpg,0,apple,table_left,draft_unreviewed
images/val/WIN_20261006_23_50_46_Pro_frame000002.jpg,1,banana,table_left,draft_unreviewed
images/val/WIN_20261006_23_50_46_Pro_frame000002.jpg,3,green_apple,table_left,draft_unreviewed
images/val/WIN_20261006_23_50_46_Pro_frame000002.jpg,6,plate,table_left,draft_unreviewed
images/val/WIN_20261006_23_50_46_Pro_frame000003.jpg,0,apple,table_left,draft_unreviewed
images/val/WIN_20261006_23_50_46_Pro_frame000003.jpg,1,banana,table_left,draft_unreviewed
images/val/WIN_20261006_23_50_46_Pro_frame000003.jpg,3,green_apple,table_left,draft_unreviewed
images/val/WIN_20261006_23_50_46_Pro_frame000003.jpg,6,plate,table_left,draft_unreviewed
images/val/WIN_20261006_23_50_46_Pro_frame000004.jpg,0,apple,table_left,draft_unreviewed
images/val/WIN_20261006_23_50_46_Pro_frame000004.jpg,1,banana,table_left,draft_unreviewed
images/val/WIN_20261006_23_50_46_Pro_frame000004.jpg,3,green_apple,table_left,draft_unreviewed
images/val/WIN_20261006_23_50_46_Pro_frame000004.jpg,6,plate,table_left,draft_unreviewed
images/val/WIN_20261006_23_50_46_Pro_frame000005.jpg,0,apple,table_left,draft_unreviewed
images/val/WIN_20261006_23_50_46_Pro_frame000005.jpg,1,banana,table_left,draft_unreviewed
images/val/WIN_20261006_23_50_46_Pro_frame000005.jpg,3,green_apple,table_left,draft_unreviewed
images/val/WIN_20261006_23_50_46_Pro_frame000005.jpg,6,plate,table_left,draft_unreviewed
images/val/WIN_20261006_23_50_46_Pro_frame000006.jpg,0,apple,table_left,draft_unreviewed
images/val/WIN_20261006_23_50_46_Pro_frame000006.jpg,1,banana,table_left,draft_unreviewed
images/val/WIN_20261006_23_50_46_Pro_frame000006.jpg,3,green_apple,table_left,draft_unreviewed
images/val/WIN_20261006_23_50_46_Pro_frame000006.jpg,6,plate,table_left,draft_unreviewed
images/val/WIN_20261006_23_50_46_Pro_frame000007.jpg,0,apple,table_left,draft_unreviewed
images/val/WIN_20261006_23_50_46_Pro_frame000007.jpg,1,banana,table_left,draft_unreviewed
images/val/WIN_20261006_23_50_46_Pro_frame000007.jpg,3,green_apple,table_left,draft_unreviewed
images/val/WIN_20261006_23_50_46_Pro_frame000007.jpg,6,plate,table_left,draft_unreviewed
images/val/WIN_20261006_23_50_46_Pro_frame000008.jpg,0,apple,table_left,draft_unreviewed
images/val/WIN_20261006_23_50_46_Pro_frame000008.jpg,1,banana,table_left,draft_unreviewed
images/val/WIN_20261006_23_50_46_Pro_frame000008.jpg,3,green_apple,table_left,draft_unreviewed
images/val/WIN_20261006_23_50_46_Pro_frame000008.jpg,6,plate,table_left,draft_unreviewed
images/val/WIN_20261006_23_50_46_Pro_frame000009.jpg,0,apple,table_left,draft_unreviewed
images/val/WIN_20261006_23_50_46_Pro_frame000009.jpg,1,banana,table_left,draft_unreviewed
images/val/WIN_20261006_23_50_46_Pro_frame000009.jpg,3,green_apple,table_left,draft_unreviewed
images/val/WIN_20261006_23_50_46_Pro_frame000009.jpg,6,plate,table_left,draft_unreviewed
images/val/WIN_20261006_23_50_46_Pro_frame000010.jpg,0,apple,table_left,draft_unreviewed
images/val/WIN_20261006_23_50_46_Pro_frame000010.jpg,1,banana,table_left,draft_unreviewed
images/val/WIN_20261006_23_50_46_Pro_frame000010.jpg,3,green_apple,table_left,draft_unreviewed
images/val/WIN_20261006_23_50_46_Pro_frame000010.jpg,6,plate,table_left,draft_unreviewed
images/val/WIN_20261006_23_50_46_Pro_frame000011.jpg,0,apple,table_left,draft_unreviewed
images/val/WIN_20261006_23_50_46_Pro_frame000011.jpg,1,banana,table_left,draft_unreviewed
images/val/WIN_20261006_23_50_46_Pro_frame000011.jpg,3,green_apple,table_left,draft_unreviewed
images/val/WIN_20261006_23_50_46_Pro_frame000011.jpg,6,plate,table_left,draft_unreviewed
images/val/WIN_20261006_23_50_46_Pro_frame000012.jpg,0,apple,table_left,draft_unreviewed
images/val/WIN_20261006_23_50_46_Pro_frame000012.jpg,1,banana,table_left,draft_unreviewed
images/val/WIN_20261006_23_50_46_Pro_frame000012.jpg,3,green_apple,table_left,draft_unreviewed
images/val/WIN_20261006_23_50_46_Pro_frame000012.jpg,6,plate,table_left,draft_unreviewed
images/val/WIN_20261006_23_50_46_Pro_frame000013.jpg,0,apple,table_left,draft_unreviewed
images/val/WIN_20261006_23_50_46_Pro_frame000013.jpg,1,banana,table_left,draft_unreviewed
images/val/WIN_20261006_23_50_46_Pro_frame000013.jpg,3,green_apple,table_left,draft_unreviewed
images/val/WIN_20261006_23_50_46_Pro_frame000013.jpg,6,plate,table_left,draft_unreviewed
images/val/WIN_20261006_23_50_46_Pro_frame000014.jpg,0,apple,table_left,draft_unreviewed
images/val/WIN_20261006_23_50_46_Pro_frame000014.jpg,1,banana,table_left,draft_unreviewed
images/val/WIN_20261006_23_50_46_Pro_frame000014.jpg,3,green_apple,table_left,draft_unreviewed
images/val/WIN_20261006_23_50_46_Pro_frame000014.jpg,6,plate,table_left,draft_unreviewed
images/val/WIN_20261006_23_50_46_Pro_frame000015.jpg,0,apple,table_left,draft_unreviewed
images/val/WIN_20261006_23_50_46_Pro_frame000015.jpg,1,banana,table_left,draft_unreviewed
images/val/WIN_20261006_23_50_46_Pro_frame000015.jpg,3,green_apple,table_left,draft_unreviewed
images/val/WIN_20261006_23_50_46_Pro_frame000015.jpg,6,plate,table_left,draft_unreviewed
images/val/WIN_20261006_23_50_46_Pro_frame000016.jpg,0,apple,table_left,draft_unreviewed
images/val/WIN_20261006_23_50_46_Pro_frame000016.jpg,1,banana,table_left,draft_unreviewed
images/val/WIN_20261006_23_50_46_Pro_frame000016.jpg,3,green_apple,table_left,draft_unreviewed
images/val/WIN_20261006_23_50_46_Pro_frame000016.jpg,6,plate,table_left,draft_unreviewed
images/val/WIN_20261006_23_50_46_Pro_frame000017.jpg,1,banana,table_left,draft_unreviewed
images/val/WIN_20261006_23_50_46_Pro_frame000017.jpg,3,green_apple,table_left,draft_unreviewed
images/val/WIN_20261006_23_50_46_Pro_frame000017.jpg,6,plate,table_left,draft_unreviewed
images/val/WIN_20261006_23_50_46_Pro_frame000018.jpg,1,banana,table_left,draft_unreviewed
images/val/WIN_20261006_23_50_46_Pro_frame000018.jpg,3,green_apple,table_left,draft_unreviewed
images/val/WIN_20261006_23_50_46_Pro_frame000018.jpg,6,plate,table_left,draft_unreviewed
images/val/WIN_20261006_23_50_46_Pro_frame000019.jpg,1,banana,table_left,draft_unreviewed
images/val/WIN_20261006_23_50_46_Pro_frame000019.jpg,3,green_apple,table_left,draft_unreviewed
images/val/WIN_20261006_23_50_46_Pro_frame000019.jpg,6,plate,table_left,draft_unreviewed
images/val/WIN_20261006_23_50_46_Pro_frame000020.jpg,1,banana,table_left,draft_unreviewed
images/val/WIN_20261006_23_50_46_Pro_frame000020.jpg,3,green_apple,table_left,draft_unreviewed
images/val/WIN_20261006_23_50_46_Pro_frame000020.jpg,6,plate,table_left,draft_unreviewed
images/val/WIN_20261006_23_50_46_Pro_frame000021.jpg,1,banana,table_left,draft_unreviewed
images/val/WIN_20261006_23_50_46_Pro_frame000021.jpg,3,green_apple,table_left,draft_unreviewed
images/val/WIN_20261006_23_50_46_Pro_frame000021.jpg,6,plate,table_left,draft_unreviewed
images/val/WIN_20261006_23_50_46_Pro_frame000022.jpg,1,banana,table_left,draft_unreviewed
images/val/WIN_20261006_23_50_46_Pro_frame000022.jpg,3,green_apple,table_left,draft_unreviewed
images/val/WIN_20261006_23_50_46_Pro_frame000022.jpg,6,plate,table_left,draft_unreviewed
images/val/WIN_20261006_23_50_46_Pro_frame000023.jpg,0,apple,table_left,draft_unreviewed
images/val/WIN_20261006_23_50_46_Pro_frame000023.jpg,1,banana,table_left,draft_unreviewed
images/val/WIN_20261006_23_50_46_Pro_frame000023.jpg,3,green_apple,table_left,draft_unreviewed
images/val/WIN_20261006_23_50_46_Pro_frame000023.jpg,6,plate,table_left,draft_unreviewed
images/val/WIN_20261006_23_50_46_Pro_frame000024.jpg,0,apple,table_left,draft_unreviewed
images/val/WIN_20261006_23_50_46_Pro_frame000024.jpg,1,banana,table_left,draft_unreviewed
images/val/WIN_20261006_23_50_46_Pro_frame000024.jpg,3,green_apple,table_left,draft_unreviewed
images/val/WIN_20261006_23_50_46_Pro_frame000024.jpg,6,plate,table_left,draft_unreviewed
images/val/WIN_20261006_23_50_46_Pro_frame000025.jpg,0,apple,table_left,draft_unreviewed
images/val/WIN_20261006_23_50_46_Pro_frame000025.jpg,1,banana,table_left,draft_unreviewed
images/val/WIN_20261006_23_50_46_Pro_frame000025.jpg,3,green_apple,table_left,draft_unreviewed
images/val/WIN_20261006_23_50_46_Pro_frame000025.jpg,6,plate,table_left,draft_unreviewed
images/val/WIN_20261006_23_50_46_Pro_frame000026.jpg,0,apple,table_left,draft_unreviewed
images/val/WIN_20261006_23_50_46_Pro_frame000026.jpg,1,banana,table_left,draft_unreviewed
images/val/WIN_20261006_23_50_46_Pro_frame000026.jpg,2,fanta_can,table_left,draft_unreviewed
images/val/WIN_20261006_23_50_46_Pro_frame000026.jpg,3,green_apple,table_left,draft_unreviewed
images/val/WIN_20261006_23_50_46_Pro_frame000026.jpg,6,plate,table_left,draft_unreviewed
images/val/WIN_20261006_23_50_46_Pro_frame000027.jpg,0,apple,table_left,draft_unreviewed
images/val/WIN_20261006_23_50_46_Pro_frame000027.jpg,1,banana,table_left,draft_unreviewed
images/val/WIN_20261006_23_50_46_Pro_frame000027.jpg,2,fanta_can,table_left,draft_unreviewed
images/val/WIN_20261006_23_50_46_Pro_frame000027.jpg,3,green_apple,table_left,draft_unreviewed
images/val/WIN_20261006_23_50_46_Pro_frame000027.jpg,4,mug,table_left,draft_unreviewed
images/val/WIN_20261006_23_50_46_Pro_frame000027.jpg,6,plate,table_left,draft_unreviewed
images/val/WIN_20261006_23_50_46_Pro_frame000028.jpg,0,apple,table_left,draft_unreviewed
images/val/WIN_20261006_23_50_46_Pro_frame000028.jpg,1,banana,table_left,draft_unreviewed
images/val/WIN_20261006_23_50_46_Pro_frame000028.jpg,2,fanta_can,table_left,draft_unreviewed
images/val/WIN_20261006_23_50_46_Pro_frame000028.jpg,3,green_apple,table_left,draft_unreviewed
images/val/WIN_20261006_23_50_46_Pro_frame000028.jpg,4,mug,table_left,draft_unreviewed
images/val/WIN_20261006_23_50_46_Pro_frame000028.jpg,6,plate,table_left,draft_unreviewed
images/val/WIN_20261006_23_50_46_Pro_frame000029.jpg,0,apple,table_left,draft_unreviewed
images/val/WIN_20261006_23_50_46_Pro_frame000029.jpg,1,banana,table_left,draft_unreviewed
images/val/WIN_20261006_23_50_46_Pro_frame000029.jpg,2,fanta_can,table_left,draft_unreviewed
images/val/WIN_20261006_23_50_46_Pro_frame000029.jpg,3,green_apple,table_left,draft_unreviewed
images/val/WIN_20261006_23_50_46_Pro_frame000029.jpg,4,mug,table_left,draft_unreviewed
images/val/WIN_20261006_23_50_46_Pro_frame000029.jpg,5,peach,table_left,draft_unreviewed
images/val/WIN_20261006_23_50_46_Pro_frame000029.jpg,6,plate,table_left,draft_unreviewed
images/val/WIN_20261006_23_50_46_Pro_frame000030.jpg,0,apple,table_left,draft_unreviewed
images/val/WIN_20261006_23_50_46_Pro_frame000030.jpg,1,banana,table_left,draft_unreviewed
images/val/WIN_20261006_23_50_46_Pro_frame000030.jpg,2,fanta_can,table_left,draft_unreviewed
images/val/WIN_20261006_23_50_46_Pro_frame000030.jpg,3,green_apple,table_left,draft_unreviewed
images/val/WIN_20261006_23_50_46_Pro_frame000030.jpg,4,mug,table_left,draft_unreviewed
images/val/WIN_20261006_23_50_46_Pro_frame000030.jpg,5,peach,table_left,draft_unreviewed
images/val/WIN_20261006_23_50_46_Pro_frame000030.jpg,6,plate,table_left,draft_unreviewed
images/val/WIN_20261006_23_50_46_Pro_frame000031.jpg,0,apple,table_left,draft_unreviewed
images/val/WIN_20261006_23_50_46_Pro_frame000031.jpg,1,banana,table_left,draft_unreviewed
images/val/WIN_20261006_23_50_46_Pro_frame000031.jpg,2,fanta_can,table_left,draft_unreviewed
images/val/WIN_20261006_23_50_46_Pro_frame000031.jpg,3,green_apple,table_left,draft_unreviewed
images/val/WIN_20261006_23_50_46_Pro_frame000031.jpg,4,mug,table_left,draft_unreviewed
images/val/WIN_20261006_23_50_46_Pro_frame000031.jpg,5,peach,table_left,draft_unreviewed
images/val/WIN_20261006_23_50_46_Pro_frame000031.jpg,6,plate,table_left,draft_unreviewed
images/val/WIN_20261006_23_50_46_Pro_frame000032.jpg,0,apple,table_left,draft_unreviewed
images/val/WIN_20261006_23_50_46_Pro_frame000032.jpg,1,banana,table_left,draft_unreviewed
images/val/WIN_20261006_23_50_46_Pro_frame000032.jpg,2,fanta_can,table_left,draft_unreviewed
images/val/WIN_20261006_23_50_46_Pro_frame000032.jpg,3,green_apple,table_left,draft_unreviewed
images/val/WIN_20261006_23_50_46_Pro_frame000032.jpg,4,mug,table_left,draft_unreviewed
images/val/WIN_20261006_23_50_46_Pro_frame000032.jpg,5,peach,table_left,draft_unreviewed
images/val/WIN_20261006_23_50_46_Pro_frame000032.jpg,6,plate,table_left,draft_unreviewed
images/val/WIN_20261006_23_50_46_Pro_frame000033.jpg,0,apple,table_left,draft_unreviewed
images/val/WIN_20261006_23_50_46_Pro_frame000033.jpg,1,banana,table_left,draft_unreviewed
images/val/WIN_20261006_23_50_46_Pro_frame000033.jpg,2,fanta_can,table_left,draft_unreviewed
images/val/WIN_20261006_23_50_46_Pro_frame000033.jpg,3,green_apple,table_left,draft_unreviewed
images/val/WIN_20261006_23_50_46_Pro_frame000033.jpg,4,mug,table_left,draft_unreviewed
images/val/WIN_20261006_23_50_46_Pro_frame000033.jpg,5,peach,table_left,draft_unreviewed
images/val/WIN_20261006_23_50_46_Pro_frame000033.jpg,6,plate,table_left,draft_unreviewed
images/val/WIN_20261006_23_50_46_Pro_frame000034.jpg,0,apple,table_left,draft_unreviewed
images/val/WIN_20261006_23_50_46_Pro_frame000034.jpg,1,banana,table_left,draft_unreviewed
images/val/WIN_20261006_23_50_46_Pro_frame000034.jpg,2,fanta_can,table_left,draft_unreviewed
images/val/WIN_20261006_23_50_46_Pro_frame000034.jpg,3,green_apple,table_left,draft_unreviewed
images/val/WIN_20261006_23_50_46_Pro_frame000034.jpg,4,mug,table_left,draft_unreviewed
images/val/WIN_20261006_23_50_46_Pro_frame000034.jpg,5,peach,table_left,draft_unreviewed
images/val/WIN_20261006_23_50_46_Pro_frame000034.jpg,6,plate,table_left,draft_unreviewed
images/val/WIN_20261006_23_50_46_Pro_frame000035.jpg,0,apple,table_left,draft_unreviewed
images/val/WIN_20261006_23_50_46_Pro_frame000035.jpg,1,banana,table_left,draft_unreviewed
images/val/WIN_20261006_23_50_46_Pro_frame000035.jpg,2,fanta_can,table_left,draft_unreviewed
images/val/WIN_20261006_23_50_46_Pro_frame000035.jpg,3,green_apple,table_left,draft_unreviewed
images/val/WIN_20261006_23_50_46_Pro_frame000035.jpg,4,mug,table_left,draft_unreviewed
images/val/WIN_20261006_23_50_46_Pro_frame000035.jpg,5,peach,table_left,draft_unreviewed
images/val/WIN_20261006_23_50_46_Pro_frame000035.jpg,6,plate,table_left,draft_unreviewed
images/val/WIN_20261006_23_50_46_Pro_frame000036.jpg,0,apple,table_left,draft_unreviewed
images/val/WIN_20261006_23_50_46_Pro_frame000036.jpg,1,banana,table_left,draft_unreviewed
images/val/WIN_20261006_23_50_46_Pro_frame000036.jpg,2,fanta_can,table_left,draft_unreviewed
images/val/WIN_20261006_23_50_46_Pro_frame000036.jpg,3,green_apple,table_left,draft_unreviewed
images/val/WIN_20261006_23_50_46_Pro_frame000036.jpg,4,mug,table_left,draft_unreviewed
images/val/WIN_20261006_23_50_46_Pro_frame000036.jpg,5,peach,table_left,draft_unreviewed
images/val/WIN_20261006_23_50_46_Pro_frame000036.jpg,6,plate,table_left,draft_unreviewed
images/val/WIN_20261006_23_50_46_Pro_frame000037.jpg,0,apple,table_left,draft_unreviewed
images/val/WIN_20261006_23_50_46_Pro_frame000037.jpg,1,banana,table_left,draft_unreviewed
images/val/WIN_20261006_23_50_46_Pro_frame000037.jpg,2,fanta_can,table_left,draft_unreviewed
images/val/WIN_20261006_23_50_46_Pro_frame000037.jpg,3,green_apple,table_left,draft_unreviewed
images/val/WIN_20261006_23_50_46_Pro_frame000037.jpg,4,mug,table_left,draft_unreviewed
images/val/WIN_20261006_23_50_46_Pro_frame000037.jpg,5,peach,table_left,draft_unreviewed
images/val/WIN_20261006_23_50_46_Pro_frame000037.jpg,6,plate,table_left,draft_unreviewed
images/val/WIN_20261006_23_50_46_Pro_frame000038.jpg,0,apple,table_left,draft_unreviewed
images/val/WIN_20261006_23_50_46_Pro_frame000038.jpg,1,banana,table_left,draft_unreviewed
images/val/WIN_20261006_23_50_46_Pro_frame000038.jpg,2,fanta_can,table_left,draft_unreviewed
images/val/WIN_20261006_23_50_46_Pro_frame000038.jpg,3,green_apple,table_left,draft_unreviewed
images/val/WIN_20261006_23_50_46_Pro_frame000038.jpg,4,mug,table_left,draft_unreviewed
images/val/WIN_20261006_23_50_46_Pro_frame000038.jpg,5,peach,table_left,draft_unreviewed
images/val/WIN_20261006_23_50_46_Pro_frame000038.jpg,6,plate,table_left,draft_unreviewed
images/val/WIN_20261006_23_50_46_Pro_frame000039.jpg,0,apple,table_left,draft_unreviewed
images/val/WIN_20261006_23_50_46_Pro_frame000039.jpg,1,banana,table_left,draft_unreviewed
images/val/WIN_20261006_23_50_46_Pro_frame000039.jpg,2,fanta_can,table_left,draft_unreviewed
images/val/WIN_20261006_23_50_46_Pro_frame000039.jpg,3,green_apple,table_left,draft_unreviewed
images/val/WIN_20261006_23_50_46_Pro_frame000039.jpg,4,mug,table_left,draft_unreviewed
images/val/WIN_20261006_23_50_46_Pro_frame000039.jpg,5,peach,table_left,draft_unreviewed
images/val/WIN_20261006_23_50_46_Pro_frame000039.jpg,6,plate,table_left,draft_unreviewed
images/val/WIN_20261006_23_50_46_Pro_frame000040.jpg,0,apple,table_left,draft_unreviewed
images/val/WIN_20261006_23_50_46_Pro_frame000040.jpg,1,banana,table_left,draft_unreviewed
images/val/WIN_20261006_23_50_46_Pro_frame000040.jpg,2,fanta_can,table_left,draft_unreviewed
images/val/WIN_20261006_23_50_46_Pro_frame000040.jpg,3,green_apple,table_left,draft_unreviewed
images/val/WIN_20261006_23_50_46_Pro_frame000040.jpg,4,mug,table_left,draft_unreviewed
images/val/WIN_20261006_23_50_46_Pro_frame000040.jpg,5,peach,table_left,draft_unreviewed
images/val/WIN_20261006_23_50_46_Pro_frame000040.jpg,6,plate,table_left,draft_unreviewed
images/val/WIN_20261006_23_50_46_Pro_frame000041.jpg,0,apple,table_left,draft_unreviewed
images/val/WIN_20261006_23_50_46_Pro_frame000041.jpg,1,banana,table_left,draft_unreviewed
images/val/WIN_20261006_23_50_46_Pro_frame000041.jpg,2,fanta_can,table_left,draft_unreviewed
images/val/WIN_20261006_23_50_46_Pro_frame000041.jpg,3,green_apple,table_left,draft_unreviewed
images/val/WIN_20261006_23_50_46_Pro_frame000041.jpg,4,mug,table_left,draft_unreviewed
images/val/WIN_20261006_23_50_46_Pro_frame000041.jpg,5,peach,table_left,draft_unreviewed
images/val/WIN_20261006_23_50_46_Pro_frame000041.jpg,6,plate,table_left,draft_unreviewed
images/val/WIN_20261006_23_50_46_Pro_frame000042.jpg,0,apple,table_left,draft_unreviewed
images/val/WIN_20261006_23_50_46_Pro_frame000042.jpg,1,banana,table_left,draft_unreviewed
images/val/WIN_20261006_23_50_46_Pro_frame000042.jpg,2,fanta_can,table_left,draft_unreviewed
images/val/WIN_20261006_23_50_46_Pro_frame000042.jpg,3,green_apple,table_left,draft_unreviewed
images/val/WIN_20261006_23_50_46_Pro_frame000042.jpg,4,mug,table_left,draft_unreviewed
images/val/WIN_20261006_23_50_46_Pro_frame000042.jpg,5,peach,table_left,draft_unreviewed
images/val/WIN_20261006_23_50_46_Pro_frame000042.jpg,6,plate,table_left,draft_unreviewed
images/val/WIN_20261006_23_50_46_Pro_frame000043.jpg,0,apple,table_left,draft_unreviewed
images/val/WIN_20261006_23_50_46_Pro_frame000043.jpg,1,banana,table_left,draft_unreviewed
images/val/WIN_20261006_23_50_46_Pro_frame000043.jpg,2,fanta_can,table_left,draft_unreviewed
images/val/WIN_20261006_23_50_46_Pro_frame000043.jpg,3,green_apple,table_left,draft_unreviewed
images/val/WIN_20261006_23_50_46_Pro_frame000043.jpg,4,mug,table_left,draft_unreviewed
images/val/WIN_20261006_23_50_46_Pro_frame000043.jpg,5,peach,table_left,draft_unreviewed
images/val/WIN_20261006_23_50_46_Pro_frame000043.jpg,6,plate,table_left,draft_unreviewed
images/val/WIN_20261006_23_50_46_Pro_frame000044.jpg,0,apple,table_left,draft_unreviewed
images/val/WIN_20261006_23_50_46_Pro_frame000044.jpg,1,banana,table_left,draft_unreviewed
images/val/WIN_20261006_23_50_46_Pro_frame000044.jpg,2,fanta_can,table_left,draft_unreviewed
images/val/WIN_20261006_23_50_46_Pro_frame000044.jpg,3,green_apple,table_left,draft_unreviewed
images/val/WIN_20261006_23_50_46_Pro_frame000044.jpg,4,mug,table_left,draft_unreviewed
images/val/WIN_20261006_23_50_46_Pro_frame000044.jpg,5,peach,table_left,draft_unreviewed
images/val/WIN_20261006_23_50_46_Pro_frame000044.jpg,6,plate,table_left,draft_unreviewed
images/val/WIN_20261006_23_50_46_Pro_frame000045.jpg,0,apple,table_left,draft_unreviewed
images/val/WIN_20261006_23_50_46_Pro_frame000045.jpg,1,banana,table_left,draft_unreviewed
images/val/WIN_20261006_23_50_46_Pro_frame000045.jpg,2,fanta_can,table_left,draft_unreviewed
images/val/WIN_20261006_23_50_46_Pro_frame000045.jpg,3,green_apple,table_left,draft_unreviewed
images/val/WIN_20261006_23_50_46_Pro_frame000045.jpg,4,mug,table_left,draft_unreviewed
images/val/WIN_20261006_23_50_46_Pro_frame000045.jpg,5,peach,table_left,draft_unreviewed
images/val/WIN_20261006_23_50_46_Pro_frame000045.jpg,6,plate,table_left,draft_unreviewed
images/val/WIN_20261006_23_50_46_Pro_frame000046.jpg,0,apple,table_left,draft_unreviewed
images/val/WIN_20261006_23_50_46_Pro_frame000046.jpg,1,banana,table_left,draft_unreviewed
images/val/WIN_20261006_23_50_46_Pro_frame000046.jpg,2,fanta_can,table_left,draft_unreviewed
images/val/WIN_20261006_23_50_46_Pro_frame000046.jpg,3,green_apple,table_left,draft_unreviewed
images/val/WIN_20261006_23_50_46_Pro_frame000046.jpg,4,mug,table_left,draft_unreviewed
images/val/WIN_20261006_23_50_46_Pro_frame000046.jpg,5,peach,table_left,draft_unreviewed
images/val/WIN_20261006_23_50_46_Pro_frame000046.jpg,6,plate,table_left,draft_unreviewed
images/val/WIN_20261006_23_50_46_Pro_frame000047.jpg,0,apple,table_left,draft_unreviewed
images/val/WIN_20261006_23_50_46_Pro_frame000047.jpg,1,banana,table_left,draft_unreviewed
images/val/WIN_20261006_23_50_46_Pro_frame000047.jpg,2,fanta_can,table_left,draft_unreviewed
images/val/WIN_20261006_23_50_46_Pro_frame000047.jpg,3,green_apple,table_left,draft_unreviewed
images/val/WIN_20261006_23_50_46_Pro_frame000047.jpg,4,mug,table_left,draft_unreviewed
images/val/WIN_20261006_23_50_46_Pro_frame000047.jpg,5,peach,table_left,draft_unreviewed
images/val/WIN_20261006_23_50_46_Pro_frame000047.jpg,6,plate,table_left,draft_unreviewed
images/val/WIN_20261006_23_50_46_Pro_frame000048.jpg,0,apple,table_left,draft_unreviewed
images/val/WIN_20261006_23_50_46_Pro_frame000048.jpg,1,banana,table_left,draft_unreviewed
images/val/WIN_20261006_23_50_46_Pro_frame000048.jpg,2,fanta_can,table_left,draft_unreviewed
images/val/WIN_20261006_23_50_46_Pro_frame000048.jpg,3,green_apple,table_left,draft_unreviewed
images/val/WIN_20261006_23_50_46_Pro_frame000048.jpg,4,mug,table_left,draft_unreviewed
images/val/WIN_20261006_23_50_46_Pro_frame000048.jpg,5,peach,table_left,draft_unreviewed
images/val/WIN_20261006_23_50_46_Pro_frame000048.jpg,6,plate,table_left,draft_unreviewed
images/val/WIN_20261006_23_50_46_Pro_frame000049.jpg,0,apple,table_left,draft_unreviewed
images/val/WIN_20261006_23_50_46_Pro_frame000049.jpg,1,banana,table_left,draft_unreviewed
images/val/WIN_20261006_23_50_46_Pro_frame000049.jpg,2,fanta_can,table_left,draft_unreviewed
images/val/WIN_20261006_23_50_46_Pro_frame000049.jpg,3,green_apple,table_left,draft_unreviewed
images/val/WIN_20261006_23_50_46_Pro_frame000049.jpg,4,mug,table_left,draft_unreviewed
images/val/WIN_20261006_23_50_46_Pro_frame000049.jpg,5,peach,table_left,draft_unreviewed
images/val/WIN_20261006_23_50_46_Pro_frame000049.jpg,6,plate,table_left,draft_unreviewed
images/val/WIN_20261006_23_50_46_Pro_frame000050.jpg,0,apple,table_left,draft_unreviewed
images/val/WIN_20261006_23_50_46_Pro_frame000050.jpg,1,banana,table_left,draft_unreviewed
images/val/WIN_20261006_23_50_46_Pro_frame000050.jpg,2,fanta_can,table_left,draft_unreviewed
images/val/WIN_20261006_23_50_46_Pro_frame000050.jpg,3,green_apple,table_left,draft_unreviewed
images/val/WIN_20261006_23_50_46_Pro_frame000050.jpg,4,mug,table_left,draft_unreviewed
images/val/WIN_20261006_23_50_46_Pro_frame000050.jpg,5,peach,table_left,draft_unreviewed
images/val/WIN_20261006_23_50_46_Pro_frame000050.jpg,6,plate,table_left,draft_unreviewed
images/val/WIN_20261006_23_50_46_Pro_frame000051.jpg,0,apple,table_left,draft_unreviewed
images/val/WIN_20261006_23_50_46_Pro_frame000051.jpg,1,banana,table_left,draft_unreviewed
images/val/WIN_20261006_23_50_46_Pro_frame000051.jpg,2,fanta_can,table_left,draft_unreviewed
images/val/WIN_20261006_23_50_46_Pro_frame000051.jpg,3,green_apple,table_left,draft_unreviewed
images/val/WIN_20261006_23_50_46_Pro_frame000051.jpg,4,mug,table_left,draft_unreviewed
images/val/WIN_20261006_23_50_46_Pro_frame000051.jpg,5,peach,table_left,draft_unreviewed
images/val/WIN_20261006_23_50_46_Pro_frame000051.jpg,6,plate,table_left,draft_unreviewed
images/val/WIN_20261006_23_50_46_Pro_frame000052.jpg,0,apple,table_left,draft_unreviewed
images/val/WIN_20261006_23_50_46_Pro_frame000052.jpg,1,banana,table_left,draft_unreviewed
images/val/WIN_20261006_23_50_46_Pro_frame000052.jpg,2,fanta_can,table_left,draft_unreviewed
images/val/WIN_20261006_23_50_46_Pro_frame000052.jpg,3,green_apple,table_left,draft_unreviewed
images/val/WIN_20261006_23_50_46_Pro_frame000052.jpg,4,mug,table_left,draft_unreviewed
images/val/WIN_20261006_23_50_46_Pro_frame000052.jpg,5,peach,table_left,draft_unreviewed
images/val/WIN_20261006_23_50_46_Pro_frame000052.jpg,6,plate,table_left,draft_unreviewed
images/val/WIN_20261006_23_50_46_Pro_frame000053.jpg,0,apple,table_left,draft_unreviewed
images/val/WIN_20261006_23_50_46_Pro_frame000053.jpg,1,banana,table_left,draft_unreviewed
images/val/WIN_20261006_23_50_46_Pro_frame000053.jpg,2,fanta_can,table_left,draft_unreviewed
images/val/WIN_20261006_23_50_46_Pro_frame000053.jpg,3,green_apple,table_left,draft_unreviewed
images/val/WIN_20261006_23_50_46_Pro_frame000053.jpg,4,mug,table_left,draft_unreviewed
images/val/WIN_20261006_23_50_46_Pro_frame000053.jpg,5,peach,table_left,draft_unreviewed
images/val/WIN_20261006_23_50_46_Pro_frame000053.jpg,6,plate,table_left,draft_unreviewed
images/val/WIN_20261006_23_50_46_Pro_frame000054.jpg,0,apple,table_left,draft_unreviewed
images/val/WIN_20261006_23_50_46_Pro_frame000054.jpg,1,banana,table_left,draft_unreviewed
images/val/WIN_20261006_23_50_46_Pro_frame000054.jpg,2,fanta_can,table_left,draft_unreviewed
images/val/WIN_20261006_23_50_46_Pro_frame000054.jpg,3,green_apple,table_left,draft_unreviewed
images/val/WIN_20261006_23_50_46_Pro_frame000054.jpg,4,mug,table_left,draft_unreviewed
images/val/WIN_20261006_23_50_46_Pro_frame000054.jpg,5,peach,table_left,draft_unreviewed
images/val/WIN_20261006_23_50_46_Pro_frame000054.jpg,6,plate,table_left,draft_unreviewed
images/val/WIN_20261006_23_50_46_Pro_frame000055.jpg,0,apple,table_left,draft_unreviewed
images/val/WIN_20261006_23_50_46_Pro_frame000055.jpg,1,banana,table_left,draft_unreviewed
images/val/WIN_20261006_23_50_46_Pro_frame000055.jpg,2,fanta_can,table_left,draft_unreviewed
images/val/WIN_20261006_23_50_46_Pro_frame000055.jpg,3,green_apple,table_left,draft_unreviewed
images/val/WIN_20261006_23_50_46_Pro_frame000055.jpg,4,mug,table_left,draft_unreviewed
images/val/WIN_20261006_23_50_46_Pro_frame000055.jpg,5,peach,table_left,draft_unreviewed
images/val/WIN_20261006_23_50_46_Pro_frame000055.jpg,6,plate,table_left,draft_unreviewed
images/val/WIN_20261006_23_50_46_Pro_frame000056.jpg,0,apple,table_left,draft_unreviewed
images/val/WIN_20261006_23_50_46_Pro_frame000056.jpg,1,banana,table_left,draft_unreviewed
images/val/WIN_20261006_23_50_46_Pro_frame000056.jpg,2,fanta_can,table_left,draft_unreviewed
images/val/WIN_20261006_23_50_46_Pro_frame000056.jpg,3,green_apple,table_left,draft_unreviewed
images/val/WIN_20261006_23_50_46_Pro_frame000056.jpg,4,mug,table_left,draft_unreviewed
images/val/WIN_20261006_23_50_46_Pro_frame000056.jpg,5,peach,table_left,draft_unreviewed
images/val/WIN_20261006_23_50_46_Pro_frame000056.jpg,6,plate,table_left,draft_unreviewed
images/val/WIN_20261006_23_50_46_Pro_frame000057.jpg,0,apple,table_left,draft_unreviewed
images/val/WIN_20261006_23_50_46_Pro_frame000057.jpg,1,banana,table_left,draft_unreviewed
images/val/WIN_20261006_23_50_46_Pro_frame000057.jpg,2,fanta_can,table_left,draft_unreviewed
images/val/WIN_20261006_23_50_46_Pro_frame000057.jpg,3,green_apple,table_left,draft_unreviewed
images/val/WIN_20261006_23_50_46_Pro_frame000057.jpg,4,mug,table_left,draft_unreviewed
images/val/WIN_20261006_23_50_46_Pro_frame000057.jpg,5,peach,table_left,draft_unreviewed
images/val/WIN_20261006_23_50_46_Pro_frame000057.jpg,6,plate,table_left,draft_unreviewed
images/val/WIN_20261006_23_50_46_Pro_frame000058.jpg,0,apple,table_left,draft_unreviewed
images/val/WIN_20261006_23_50_46_Pro_frame000058.jpg,1,banana,table_left,draft_unreviewed
images/val/WIN_20261006_23_50_46_Pro_frame000058.jpg,2,fanta_can,table_left,draft_unreviewed
images/val/WIN_20261006_23_50_46_Pro_frame000058.jpg,3,green_apple,table_left,draft_unreviewed
images/val/WIN_20261006_23_50_46_Pro_frame000058.jpg,4,mug,table_left,draft_unreviewed
images/val/WIN_20261006_23_50_46_Pro_frame000058.jpg,5,peach,table_left,draft_unreviewed
images/val/WIN_20261006_23_50_46_Pro_frame000058.jpg,6,plate,table_left,draft_unreviewed
images/val/WIN_20261006_23_50_46_Pro_frame000059.jpg,0,apple,table_left,draft_unreviewed
images/val/WIN_20261006_23_50_46_Pro_frame000059.jpg,1,banana,table_left,draft_unreviewed
images/val/WIN_20261006_23_50_46_Pro_frame000059.jpg,2,fanta_can,table_left,draft_unreviewed
images/val/WIN_20261006_23_50_46_Pro_frame000059.jpg,3,green_apple,table_left,draft_unreviewed
images/val/WIN_20261006_23_50_46_Pro_frame000059.jpg,4,mug,table_left,draft_unreviewed
images/val/WIN_20261006_23_50_46_Pro_frame000059.jpg,5,peach,table_left,draft_unreviewed
images/val/WIN_20261006_23_50_46_Pro_frame000059.jpg,6,plate,table_left,draft_unreviewed
images/val/WIN_20261006_23_50_46_Pro_frame000060.jpg,0,apple,table_left,draft_unreviewed
images/val/WIN_20261006_23_50_46_Pro_frame000060.jpg,1,banana,table_left,draft_unreviewed
images/val/WIN_20261006_23_50_46_Pro_frame000060.jpg,2,fanta_can,table_left,draft_unreviewed
images/val/WIN_20261006_23_50_46_Pro_frame000060.jpg,3,green_apple,table_left,draft_unreviewed
images/val/WIN_20261006_23_50_46_Pro_frame000060.jpg,4,mug,table_left,draft_unreviewed
images/val/WIN_20261006_23_50_46_Pro_frame000060.jpg,5,peach,table_left,draft_unreviewed
images/val/WIN_20261006_23_50_46_Pro_frame000060.jpg,6,plate,table_left,draft_unreviewed
images/val/WIN_20261006_23_50_46_Pro_frame000061.jpg,0,apple,table_left,draft_unreviewed
images/val/WIN_20261006_23_50_46_Pro_frame000061.jpg,1,banana,table_left,draft_unreviewed
images/val/WIN_20261006_23_50_46_Pro_frame000061.jpg,2,fanta_can,table_left,draft_unreviewed
images/val/WIN_20261006_23_50_46_Pro_frame000061.jpg,3,green_apple,table_left,draft_unreviewed
images/val/WIN_20261006_23_50_46_Pro_frame000061.jpg,4,mug,table_left,draft_unreviewed
images/val/WIN_20261006_23_50_46_Pro_frame000061.jpg,5,peach,table_left,draft_unreviewed
images/val/WIN_20261006_23_50_46_Pro_frame000061.jpg,6,plate,table_left,draft_unreviewed
images/val/WIN_20261006_23_50_46_Pro_frame000062.jpg,0,apple,table_left,draft_unreviewed
images/val/WIN_20261006_23_50_46_Pro_frame000062.jpg,1,banana,table_left,draft_unreviewed
images/val/WIN_20261006_23_50_46_Pro_frame000062.jpg,2,fanta_can,table_left,draft_unreviewed
images/val/WIN_20261006_23_50_46_Pro_frame000062.jpg,3,green_apple,table_left,draft_unreviewed
images/val/WIN_20261006_23_50_46_Pro_frame000062.jpg,4,mug,table_left,draft_unreviewed
images/val/WIN_20261006_23_50_46_Pro_frame000062.jpg,5,peach,table_left,draft_unreviewed
images/val/WIN_20261006_23_50_46_Pro_frame000062.jpg,6,plate,table_left,draft_unreviewed
images/val/WIN_20261006_23_50_46_Pro_frame000063.jpg,0,apple,table_left,draft_unreviewed
images/val/WIN_20261006_23_50_46_Pro_frame000063.jpg,1,banana,table_left,draft_unreviewed
images/val/WIN_20261006_23_50_46_Pro_frame000063.jpg,2,fanta_can,table_left,draft_unreviewed
images/val/WIN_20261006_23_50_46_Pro_frame000063.jpg,3,green_apple,table_left,draft_unreviewed
images/val/WIN_20261006_23_50_46_Pro_frame000063.jpg,4,mug,table_left,draft_unreviewed
images/val/WIN_20261006_23_50_46_Pro_frame000063.jpg,5,peach,table_left,draft_unreviewed
images/val/WIN_20261006_23_50_46_Pro_frame000063.jpg,6,plate,table_left,draft_unreviewed
images/val/WIN_20261006_23_50_46_Pro_frame000064.jpg,0,apple,table_left,draft_unreviewed
images/val/WIN_20261006_23_50_46_Pro_frame000064.jpg,1,banana,table_left,draft_unreviewed
images/val/WIN_20261006_23_50_46_Pro_frame000064.jpg,2,fanta_can,table_left,draft_unreviewed
images/val/WIN_20261006_23_50_46_Pro_frame000064.jpg,3,green_apple,table_left,draft_unreviewed
images/val/WIN_20261006_23_50_46_Pro_frame000064.jpg,4,mug,table_left,draft_unreviewed
images/val/WIN_20261006_23_50_46_Pro_frame000064.jpg,5,peach,table_left,draft_unreviewed
images/val/WIN_20261006_23_50_46_Pro_frame000064.jpg,6,plate,table_left,draft_unreviewed
images/val/WIN_20261006_23_50_46_Pro_frame000065.jpg,0,apple,table_left,draft_unreviewed
images/val/WIN_20261006_23_50_46_Pro_frame000065.jpg,1,banana,table_left,draft_unreviewed
images/val/WIN_20261006_23_50_46_Pro_frame000065.jpg,2,fanta_can,table_left,draft_unreviewed
images/val/WIN_20261006_23_50_46_Pro_frame000065.jpg,3,green_apple,table_left,draft_unreviewed
images/val/WIN_20261006_23_50_46_Pro_frame000065.jpg,4,mug,table_left,draft_unreviewed
images/val/WIN_20261006_23_50_46_Pro_frame000065.jpg,5,peach,table_left,draft_unreviewed
images/val/WIN_20261006_23_50_46_Pro_frame000065.jpg,6,plate,table_left,draft_unreviewed
images/val/WIN_20261006_23_50_46_Pro_frame000066.jpg,0,apple,table_left,draft_unreviewed
images/val/WIN_20261006_23_50_46_Pro_frame000066.jpg,1,banana,table_left,draft_unreviewed
images/val/WIN_20261006_23_50_46_Pro_frame000066.jpg,2,fanta_can,table_left,draft_unreviewed
images/val/WIN_20261006_23_50_46_Pro_frame000066.jpg,3,green_apple,table_left,draft_unreviewed
images/val/WIN_20261006_23_50_46_Pro_frame000066.jpg,4,mug,table_left,draft_unreviewed
images/val/WIN_20261006_23_50_46_Pro_frame000066.jpg,5,peach,table_left,draft_unreviewed
images/val/WIN_20261006_23_50_46_Pro_frame000066.jpg,6,plate,table_left,draft_unreviewed
images/val/WIN_20261006_23_50_46_Pro_frame000067.jpg,0,apple,table_left,draft_unreviewed
images/val/WIN_20261006_23_50_46_Pro_frame000067.jpg,1,banana,table_left,draft_unreviewed
images/val/WIN_20261006_23_50_46_Pro_frame000067.jpg,2,fanta_can,table_left,draft_unreviewed
images/val/WIN_20261006_23_50_46_Pro_frame000067.jpg,3,green_apple,table_left,draft_unreviewed
images/val/WIN_20261006_23_50_46_Pro_frame000067.jpg,4,mug,table_left,draft_unreviewed
images/val/WIN_20261006_23_50_46_Pro_frame000067.jpg,5,peach,table_left,draft_unreviewed
images/val/WIN_20261006_23_50_46_Pro_frame000067.jpg,6,plate,table_left,draft_unreviewed
images/val/WIN_20261006_23_50_46_Pro_frame000068.jpg,0,apple,table_left,draft_unreviewed
images/val/WIN_20261006_23_50_46_Pro_frame000068.jpg,1,banana,table_left,draft_unreviewed
images/val/WIN_20261006_23_50_46_Pro_frame000068.jpg,2,fanta_can,table_left,draft_unreviewed
images/val/WIN_20261006_23_50_46_Pro_frame000068.jpg,3,green_apple,table_left,draft_unreviewed
images/val/WIN_20261006_23_50_46_Pro_frame000068.jpg,4,mug,table_left,draft_unreviewed
images/val/WIN_20261006_23_50_46_Pro_frame000068.jpg,5,peach,table_left,draft_unreviewed
images/val/WIN_20261006_23_50_46_Pro_frame000068.jpg,6,plate,table_left,draft_unreviewed
images/val/WIN_20261006_23_50_46_Pro_frame000069.jpg,0,apple,table_left,draft_unreviewed
images/val/WIN_20261006_23_50_46_Pro_frame000069.jpg,1,banana,table_left,draft_unreviewed
images/val/WIN_20261006_23_50_46_Pro_frame000069.jpg,2,fanta_can,table_left,draft_unreviewed
images/val/WIN_20261006_23_50_46_Pro_frame000069.jpg,3,green_apple,table_left,draft_unreviewed
images/val/WIN_20261006_23_50_46_Pro_frame000069.jpg,4,mug,table_left,draft_unreviewed
images/val/WIN_20261006_23_50_46_Pro_frame000069.jpg,5,peach,table_left,draft_unreviewed
images/val/WIN_20261006_23_50_46_Pro_frame000069.jpg,6,plate,table_left,draft_unreviewed
images/val/WIN_20261006_23_50_46_Pro_frame000070.jpg,0,apple,table_left,draft_unreviewed
images/val/WIN_20261006_23_50_46_Pro_frame000070.jpg,1,banana,table_left,draft_unreviewed
images/val/WIN_20261006_23_50_46_Pro_frame000070.jpg,2,fanta_can,table_left,draft_unreviewed
images/val/WIN_20261006_23_50_46_Pro_frame000070.jpg,3,green_apple,table_left,draft_unreviewed
images/val/WIN_20261006_23_50_46_Pro_frame000070.jpg,4,mug,table_left,draft_unreviewed
images/val/WIN_20261006_23_50_46_Pro_frame000070.jpg,5,peach,table_left,draft_unreviewed
images/val/WIN_20261006_23_50_46_Pro_frame000070.jpg,6,plate,table_left,draft_unreviewed
images/val/WIN_20261006_23_50_46_Pro_frame000071.jpg,0,apple,table_left,draft_unreviewed
images/val/WIN_20261006_23_50_46_Pro_frame000071.jpg,1,banana,table_left,draft_unreviewed
images/val/WIN_20261006_23_50_46_Pro_frame000071.jpg,2,fanta_can,table_left,draft_unreviewed
images/val/WIN_20261006_23_50_46_Pro_frame000071.jpg,3,green_apple,table_left,draft_unreviewed
images/val/WIN_20261006_23_50_46_Pro_frame000071.jpg,4,mug,table_left,draft_unreviewed
images/val/WIN_20261006_23_50_46_Pro_frame000071.jpg,5,peach,table_left,draft_unreviewed
images/val/WIN_20261006_23_50_46_Pro_frame000071.jpg,6,plate,table_left,draft_unreviewed
images/val/WIN_20261006_23_50_46_Pro_frame000072.jpg,0,apple,table_left,draft_unreviewed
images/val/WIN_20261006_23_50_46_Pro_frame000072.jpg,1,banana,table_left,draft_unreviewed
images/val/WIN_20261006_23_50_46_Pro_frame000072.jpg,2,fanta_can,table_left,draft_unreviewed
images/val/WIN_20261006_23_50_46_Pro_frame000072.jpg,3,green_apple,table_left,draft_unreviewed
images/val/WIN_20261006_23_50_46_Pro_frame000072.jpg,4,mug,table_left,draft_unreviewed
images/val/WIN_20261006_23_50_46_Pro_frame000072.jpg,5,peach,table_left,draft_unreviewed
images/val/WIN_20261006_23_50_46_Pro_frame000072.jpg,6,plate,table_left,draft_unreviewed
images/val/WIN_20261006_23_50_46_Pro_frame000073.jpg,0,apple,table_left,draft_unreviewed
images/val/WIN_20261006_23_50_46_Pro_frame000073.jpg,1,banana,table_left,draft_unreviewed
images/val/WIN_20261006_23_50_46_Pro_frame000073.jpg,2,fanta_can,table_left,draft_unreviewed
images/val/WIN_20261006_23_50_46_Pro_frame000073.jpg,3,green_apple,table_left,draft_unreviewed
images/val/WIN_20261006_23_50_46_Pro_frame000073.jpg,4,mug,table_left,draft_unreviewed
images/val/WIN_20261006_23_50_46_Pro_frame000073.jpg,5,peach,table_left,draft_unreviewed
images/val/WIN_20261006_23_50_46_Pro_frame000073.jpg,6,plate,table_left,draft_unreviewed
images/val/WIN_20261006_23_50_46_Pro_frame000074.jpg,0,apple,table_left,draft_unreviewed
images/val/WIN_20261006_23_50_46_Pro_frame000074.jpg,1,banana,table_left,draft_unreviewed
images/val/WIN_20261006_23_50_46_Pro_frame000074.jpg,2,fanta_can,table_left,draft_unreviewed
images/val/WIN_20261006_23_50_46_Pro_frame000074.jpg,3,green_apple,table_left,draft_unreviewed
images/val/WIN_20261006_23_50_46_Pro_frame000074.jpg,4,mug,table_left,draft_unreviewed
images/val/WIN_20261006_23_50_46_Pro_frame000074.jpg,5,peach,table_left,draft_unreviewed
images/val/WIN_20261006_23_50_46_Pro_frame000074.jpg,6,plate,table_left,draft_unreviewed
images/val/WIN_20261006_23_50_46_Pro_frame000075.jpg,0,apple,table_left,draft_unreviewed
images/val/WIN_20261006_23_50_46_Pro_frame000075.jpg,1,banana,table_left,draft_unreviewed
images/val/WIN_20261006_23_50_46_Pro_frame000075.jpg,2,fanta_can,table_left,draft_unreviewed
images/val/WIN_20261006_23_50_46_Pro_frame000075.jpg,3,green_apple,table_left,draft_unreviewed
images/val/WIN_20261006_23_50_46_Pro_frame000075.jpg,4,mug,table_left,draft_unreviewed
images/val/WIN_20261006_23_50_46_Pro_frame000075.jpg,5,peach,table_left,draft_unreviewed
images/val/WIN_20261006_23_50_46_Pro_frame000075.jpg,6,plate,table_left,draft_unreviewed
images/val/WIN_20261006_23_50_46_Pro_frame000076.jpg,0,apple,table_left,draft_unreviewed
images/val/WIN_20261006_23_50_46_Pro_frame000076.jpg,1,banana,table_left,draft_unreviewed
images/val/WIN_20261006_23_50_46_Pro_frame000076.jpg,2,fanta_can,table_left,draft_unreviewed
images/val/WIN_20261006_23_50_46_Pro_frame000076.jpg,3,green_apple,table_left,draft_unreviewed
images/val/WIN_20261006_23_50_46_Pro_frame000076.jpg,4,mug,table_left,draft_unreviewed
images/val/WIN_20261006_23_50_46_Pro_frame000076.jpg,5,peach,table_left,draft_unreviewed
images/val/WIN_20261006_23_50_46_Pro_frame000076.jpg,6,plate,table_left,draft_unreviewed
images/val/WIN_20261006_23_50_46_Pro_frame000077.jpg,0,apple,table_left,draft_unreviewed
images/val/WIN_20261006_23_50_46_Pro_frame000077.jpg,1,banana,table_left,draft_unreviewed
images/val/WIN_20261006_23_50_46_Pro_frame000077.jpg,2,fanta_can,table_left,draft_unreviewed
images/val/WIN_20261006_23_50_46_Pro_frame000077.jpg,3,green_apple,table_left,draft_unreviewed
images/val/WIN_20261006_23_50_46_Pro_frame000077.jpg,4,mug,table_left,draft_unreviewed
images/val/WIN_20261006_23_50_46_Pro_frame000077.jpg,5,peach,table_left,draft_unreviewed
images/val/WIN_20261006_23_50_46_Pro_frame000077.jpg,6,plate,table_left,draft_unreviewed
images/val/WIN_20261006_23_50_46_Pro_frame000078.jpg,0,apple,table_left,draft_unreviewed
images/val/WIN_20261006_23_50_46_Pro_frame000078.jpg,1,banana,table_left,draft_unreviewed
images/val/WIN_20261006_23_50_46_Pro_frame000078.jpg,2,fanta_can,table_left,draft_unreviewed
images/val/WIN_20261006_23_50_46_Pro_frame000078.jpg,3,green_apple,table_left,draft_unreviewed
images/val/WIN_20261006_23_50_46_Pro_frame000078.jpg,4,mug,table_left,draft_unreviewed
images/val/WIN_20261006_23_50_46_Pro_frame000078.jpg,5,peach,table_left,draft_unreviewed
images/val/WIN_20261006_23_50_46_Pro_frame000078.jpg,6,plate,table_left,draft_unreviewed
images/val/WIN_20261006_23_50_46_Pro_frame000079.jpg,0,apple,table_left,draft_unreviewed
images/val/WIN_20261006_23_50_46_Pro_frame000079.jpg,1,banana,table_left,draft_unreviewed
images/val/WIN_20261006_23_50_46_Pro_frame000079.jpg,2,fanta_can,table_left,draft_unreviewed
images/val/WIN_20261006_23_50_46_Pro_frame000079.jpg,3,green_apple,table_left,draft_unreviewed
images/val/WIN_20261006_23_50_46_Pro_frame000079.jpg,4,mug,table_left,draft_unreviewed
images/val/WIN_20261006_23_50_46_Pro_frame000079.jpg,5,peach,table_left,draft_unreviewed
images/val/WIN_20261006_23_50_46_Pro_frame000079.jpg,6,plate,table_left,draft_unreviewed
images/val/WIN_20261006_23_50_46_Pro_frame000080.jpg,0,apple,table_left,draft_unreviewed
images/val/WIN_20261006_23_50_46_Pro_frame000080.jpg,1,banana,table_left,draft_unreviewed
images/val/WIN_20261006_23_50_46_Pro_frame000080.jpg,2,fanta_can,table_left,draft_unreviewed
images/val/WIN_20261006_23_50_46_Pro_frame000080.jpg,3,green_apple,table_left,draft_unreviewed
images/val/WIN_20261006_23_50_46_Pro_frame000080.jpg,4,mug,table_left,draft_unreviewed
images/val/WIN_20261006_23_50_46_Pro_frame000080.jpg,5,peach,table_left,draft_unreviewed
images/val/WIN_20261006_23_50_46_Pro_frame000080.jpg,6,plate,table_left,draft_unreviewed
images/val/WIN_20261006_23_50_46_Pro_frame000081.jpg,0,apple,table_left,draft_unreviewed
images/val/WIN_20261006_23_50_46_Pro_frame000081.jpg,1,banana,table_left,draft_unreviewed
images/val/WIN_20261006_23_50_46_Pro_frame000081.jpg,2,fanta_can,table_left,draft_unreviewed
images/val/WIN_20261006_23_50_46_Pro_frame000081.jpg,3,green_apple,table_left,draft_unreviewed
images/val/WIN_20261006_23_50_46_Pro_frame000081.jpg,4,mug,table_left,draft_unreviewed
images/val/WIN_20261006_23_50_46_Pro_frame000081.jpg,5,peach,table_left,draft_unreviewed
images/val/WIN_20261006_23_50_46_Pro_frame000081.jpg,6,plate,table_left,draft_unreviewed
images/val/WIN_20261006_23_50_46_Pro_frame000082.jpg,0,apple,table_left,draft_unreviewed
images/val/WIN_20261006_23_50_46_Pro_frame000082.jpg,1,banana,table_left,draft_unreviewed
images/val/WIN_20261006_23_50_46_Pro_frame000082.jpg,2,fanta_can,table_left,draft_unreviewed
images/val/WIN_20261006_23_50_46_Pro_frame000082.jpg,3,green_apple,table_left,draft_unreviewed
images/val/WIN_20261006_23_50_46_Pro_frame000082.jpg,4,mug,table_left,draft_unreviewed
images/val/WIN_20261006_23_50_46_Pro_frame000082.jpg,5,peach,table_left,draft_unreviewed
images/val/WIN_20261006_23_50_46_Pro_frame000082.jpg,6,plate,table_left,draft_unreviewed
images/val/WIN_20261006_23_50_46_Pro_frame000083.jpg,0,apple,table_left,draft_unreviewed
images/val/WIN_20261006_23_50_46_Pro_frame000083.jpg,1,banana,table_left,draft_unreviewed
images/val/WIN_20261006_23_50_46_Pro_frame000083.jpg,2,fanta_can,table_left,draft_unreviewed
images/val/WIN_20261006_23_50_46_Pro_frame000083.jpg,3,green_apple,table_left,draft_unreviewed
images/val/WIN_20261006_23_50_46_Pro_frame000083.jpg,4,mug,table_left,draft_unreviewed
images/val/WIN_20261006_23_50_46_Pro_frame000083.jpg,5,peach,table_left,draft_unreviewed
images/val/WIN_20261006_23_50_46_Pro_frame000083.jpg,6,plate,table_left,draft_unreviewed
images/val/WIN_20261006_23_50_46_Pro_frame000084.jpg,0,apple,table_left,draft_unreviewed
images/val/WIN_20261006_23_50_46_Pro_frame000084.jpg,1,banana,table_left,draft_unreviewed
images/val/WIN_20261006_23_50_46_Pro_frame000084.jpg,2,fanta_can,table_left,draft_unreviewed
images/val/WIN_20261006_23_50_46_Pro_frame000084.jpg,3,green_apple,table_left,draft_unreviewed
images/val/WIN_20261006_23_50_46_Pro_frame000084.jpg,4,mug,table_left,draft_unreviewed
images/val/WIN_20261006_23_50_46_Pro_frame000084.jpg,5,peach,table_left,draft_unreviewed
images/val/WIN_20261006_23_50_46_Pro_frame000084.jpg,6,plate,table_left,draft_unreviewed
images/val/WIN_20261006_23_50_46_Pro_frame000085.jpg,0,apple,table_left,draft_unreviewed
images/val/WIN_20261006_23_50_46_Pro_frame000085.jpg,1,banana,table_left,draft_unreviewed
images/val/WIN_20261006_23_50_46_Pro_frame000085.jpg,2,fanta_can,table_left,draft_unreviewed
images/val/WIN_20261006_23_50_46_Pro_frame000085.jpg,3,green_apple,table_left,draft_unreviewed
images/val/WIN_20261006_23_50_46_Pro_frame000085.jpg,4,mug,table_left,draft_unreviewed
images/val/WIN_20261006_23_50_46_Pro_frame000085.jpg,5,peach,table_left,draft_unreviewed
images/val/WIN_20261006_23_50_46_Pro_frame000085.jpg,6,plate,table_left,draft_unreviewed
images/val/WIN_20261006_23_50_46_Pro_frame000086.jpg,0,apple,table_left,draft_unreviewed
images/val/WIN_20261006_23_50_46_Pro_frame000086.jpg,1,banana,table_left,draft_unreviewed
images/val/WIN_20261006_23_50_46_Pro_frame000086.jpg,2,fanta_can,table_left,draft_unreviewed
images/val/WIN_20261006_23_50_46_Pro_frame000086.jpg,3,green_apple,table_left,draft_unreviewed
images/val/WIN_20261006_23_50_46_Pro_frame000086.jpg,4,mug,table_left,draft_unreviewed
images/val/WIN_20261006_23_50_46_Pro_frame000086.jpg,5,peach,table_left,draft_unreviewed
images/val/WIN_20261006_23_50_46_Pro_frame000086.jpg,6,plate,table_left,draft_unreviewed
images/val/WIN_20261006_23_50_46_Pro_frame000087.jpg,0,apple,table_left,draft_unreviewed
images/val/WIN_20261006_23_50_46_Pro_frame000087.jpg,1,banana,table_left,draft_unreviewed
images/val/WIN_20261006_23_50_46_Pro_frame000087.jpg,2,fanta_can,table_left,draft_unreviewed
images/val/WIN_20261006_23_50_46_Pro_frame000087.jpg,3,green_apple,table_left,draft_unreviewed
images/val/WIN_20261006_23_50_46_Pro_frame000087.jpg,4,mug,table_left,draft_unreviewed
images/val/WIN_20261006_23_50_46_Pro_frame000087.jpg,5,peach,table_left,draft_unreviewed
images/val/WIN_20261006_23_50_46_Pro_frame000087.jpg,6,plate,table_left,draft_unreviewed
images/val/WIN_20261006_23_50_46_Pro_frame000088.jpg,0,apple,table_left,draft_unreviewed
images/val/WIN_20261006_23_50_46_Pro_frame000088.jpg,1,banana,table_left,draft_unreviewed
images/val/WIN_20261006_23_50_46_Pro_frame000088.jpg,2,fanta_can,table_left,draft_unreviewed
images/val/WIN_20261006_23_50_46_Pro_frame000088.jpg,3,green_apple,table_left,draft_unreviewed
images/val/WIN_20261006_23_50_46_Pro_frame000088.jpg,4,mug,table_left,draft_unreviewed
images/val/WIN_20261006_23_50_46_Pro_frame000088.jpg,5,peach,table_left,draft_unreviewed
images/val/WIN_20261006_23_50_46_Pro_frame000088.jpg,6,plate,table_left,draft_unreviewed
images/val/WIN_20261006_23_50_46_Pro_frame000089.jpg,0,apple,table_left,draft_unreviewed
images/val/WIN_20261006_23_50_46_Pro_frame000089.jpg,1,banana,table_left,draft_unreviewed
images/val/WIN_20261006_23_50_46_Pro_frame000089.jpg,2,fanta_can,table_left,draft_unreviewed
images/val/WIN_20261006_23_50_46_Pro_frame000089.jpg,3,green_apple,table_left,draft_unreviewed
images/val/WIN_20261006_23_50_46_Pro_frame000089.jpg,4,mug,table_left,draft_unreviewed
images/val/WIN_20261006_23_50_46_Pro_frame000089.jpg,5,peach,table_left,draft_unreviewed
images/val/WIN_20261006_23_50_46_Pro_frame000089.jpg,6,plate,table_left,draft_unreviewed
images/val/WIN_20261006_23_50_46_Pro_frame000090.jpg,0,apple,table_left,draft_unreviewed
images/val/WIN_20261006_23_50_46_Pro_frame000090.jpg,1,banana,table_left,draft_unreviewed
images/val/WIN_20261006_23_50_46_Pro_frame000090.jpg,2,fanta_can,table_left,draft_unreviewed
images/val/WIN_20261006_23_50_46_Pro_frame000090.jpg,3,green_apple,table_left,draft_unreviewed
images/val/WIN_20261006_23_50_46_Pro_frame000090.jpg,4,mug,table_left,draft_unreviewed
images/val/WIN_20261006_23_50_46_Pro_frame000090.jpg,5,peach,table_left,draft_unreviewed
images/val/WIN_20261006_23_50_46_Pro_frame000090.jpg,6,plate,table_left,draft_unreviewed
images/val/WIN_20261006_23_50_46_Pro_frame000091.jpg,0,apple,table_left,draft_unreviewed
images/val/WIN_20261006_23_50_46_Pro_frame000091.jpg,1,banana,table_left,draft_unreviewed
images/val/WIN_20261006_23_50_46_Pro_frame000091.jpg,2,fanta_can,table_left,draft_unreviewed
images/val/WIN_20261006_23_50_46_Pro_frame000091.jpg,3,green_apple,table_left,draft_unreviewed
images/val/WIN_20261006_23_50_46_Pro_frame000091.jpg,4,mug,table_left,draft_unreviewed
images/val/WIN_20261006_23_50_46_Pro_frame000091.jpg,5,peach,table_left,draft_unreviewed
images/val/WIN_20261006_23_50_46_Pro_frame000091.jpg,6,plate,table_left,draft_unreviewed
images/val/WIN_20261006_23_50_46_Pro_frame000092.jpg,0,apple,table_left,draft_unreviewed
images/val/WIN_20261006_23_50_46_Pro_frame000092.jpg,1,banana,table_left,draft_unreviewed
images/val/WIN_20261006_23_50_46_Pro_frame000092.jpg,2,fanta_can,table_left,draft_unreviewed
images/val/WIN_20261006_23_50_46_Pro_frame000092.jpg,3,green_apple,table_left,draft_unreviewed
images/val/WIN_20261006_23_50_46_Pro_frame000092.jpg,4,mug,table_left,draft_unreviewed
images/val/WIN_20261006_23_50_46_Pro_frame000092.jpg,5,peach,table_left,draft_unreviewed
images/val/WIN_20261006_23_50_46_Pro_frame000092.jpg,6,plate,table_left,draft_unreviewed
images/val/WIN_20261006_23_50_46_Pro_frame000093.jpg,0,apple,table_left,draft_unreviewed
images/val/WIN_20261006_23_50_46_Pro_frame000093.jpg,1,banana,table_left,draft_unreviewed
images/val/WIN_20261006_23_50_46_Pro_frame000093.jpg,2,fanta_can,table_left,draft_unreviewed
images/val/WIN_20261006_23_50_46_Pro_frame000093.jpg,3,green_apple,table_left,draft_unreviewed
images/val/WIN_20261006_23_50_46_Pro_frame000093.jpg,4,mug,table_left,draft_unreviewed
images/val/WIN_20261006_23_50_46_Pro_frame000093.jpg,5,peach,table_left,draft_unreviewed
images/val/WIN_20261006_23_50_46_Pro_frame000093.jpg,6,plate,table_left,draft_unreviewed
images/val/WIN_20261006_23_50_46_Pro_frame000094.jpg,0,apple,table_left,draft_unreviewed
images/val/WIN_20261006_23_50_46_Pro_frame000094.jpg,1,banana,table_left,draft_unreviewed
images/val/WIN_20261006_23_50_46_Pro_frame000094.jpg,2,fanta_can,table_left,draft_unreviewed
images/val/WIN_20261006_23_50_46_Pro_frame000094.jpg,3,green_apple,table_left,draft_unreviewed
images/val/WIN_20261006_23_50_46_Pro_frame000094.jpg,4,mug,table_left,draft_unreviewed
images/val/WIN_20261006_23_50_46_Pro_frame000094.jpg,5,peach,table_left,draft_unreviewed
images/val/WIN_20261006_23_50_46_Pro_frame000094.jpg,6,plate,table_left,draft_unreviewed
images/val/WIN_20261006_23_50_46_Pro_frame000095.jpg,0,apple,table_left,draft_unreviewed
images/val/WIN_20261006_23_50_46_Pro_frame000095.jpg,1,banana,table_left,draft_unreviewed
images/val/WIN_20261006_23_50_46_Pro_frame000095.jpg,2,fanta_can,table_left,draft_unreviewed
images/val/WIN_20261006_23_50_46_Pro_frame000095.jpg,3,green_apple,table_left,draft_unreviewed
images/val/WIN_20261006_23_50_46_Pro_frame000095.jpg,4,mug,table_left,draft_unreviewed
images/val/WIN_20261006_23_50_46_Pro_frame000095.jpg,5,peach,table_left,draft_unreviewed
images/val/WIN_20261006_23_50_46_Pro_frame000095.jpg,6,plate,table_left,draft_unreviewed
images/val/WIN_20261006_23_50_46_Pro_frame000096.jpg,0,apple,table_left,draft_unreviewed
images/val/WIN_20261006_23_50_46_Pro_frame000096.jpg,1,banana,table_left,draft_unreviewed
images/val/WIN_20261006_23_50_46_Pro_frame000096.jpg,2,fanta_can,table_left,draft_unreviewed
images/val/WIN_20261006_23_50_46_Pro_frame000096.jpg,3,green_apple,table_left,draft_unreviewed
images/val/WIN_20261006_23_50_46_Pro_frame000096.jpg,4,mug,table_left,draft_unreviewed
images/val/WIN_20261006_23_50_46_Pro_frame000096.jpg,5,peach,table_left,draft_unreviewed
images/val/WIN_20261006_23_50_46_Pro_frame000096.jpg,6,plate,table_left,draft_unreviewed
images/val/WIN_20261006_23_50_46_Pro_frame000097.jpg,0,apple,table_left,draft_unreviewed
images/val/WIN_20261006_23_50_46_Pro_frame000097.jpg,1,banana,table_left,draft_unreviewed
images/val/WIN_20261006_23_50_46_Pro_frame000097.jpg,2,fanta_can,table_left,draft_unreviewed
images/val/WIN_20261006_23_50_46_Pro_frame000097.jpg,3,green_apple,table_left,draft_unreviewed
images/val/WIN_20261006_23_50_46_Pro_frame000097.jpg,4,mug,table_left,draft_unreviewed
images/val/WIN_20261006_23_50_46_Pro_frame000097.jpg,5,peach,table_left,draft_unreviewed
images/val/WIN_20261006_23_50_46_Pro_frame000097.jpg,6,plate,table_left,draft_unreviewed
images/val/WIN_20261006_23_50_46_Pro_frame000098.jpg,0,apple,table_left,draft_unreviewed
images/val/WIN_20261006_23_50_46_Pro_frame000098.jpg,1,banana,table_left,draft_unreviewed
images/val/WIN_20261006_23_50_46_Pro_frame000098.jpg,2,fanta_can,table_left,draft_unreviewed
images/val/WIN_20261006_23_50_46_Pro_frame000098.jpg,3,green_apple,table_left,draft_unreviewed
images/val/WIN_20261006_23_50_46_Pro_frame000098.jpg,4,mug,table_left,draft_unreviewed
images/val/WIN_20261006_23_50_46_Pro_frame000098.jpg,5,peach,table_left,draft_unreviewed
images/val/WIN_20261006_23_50_46_Pro_frame000098.jpg,6,plate,table_left,draft_unreviewed
images/val/WIN_20261006_23_50_46_Pro_frame000099.jpg,0,apple,table_left,draft_unreviewed
images/val/WIN_20261006_23_50_46_Pro_frame000099.jpg,1,banana,table_left,draft_unreviewed
images/val/WIN_20261006_23_50_46_Pro_frame000099.jpg,2,fanta_can,table_left,draft_unreviewed
images/val/WIN_20261006_23_50_46_Pro_frame000099.jpg,3,green_apple,table_left,draft_unreviewed
images/val/WIN_20261006_23_50_46_Pro_frame000099.jpg,4,mug,table_left,draft_unreviewed
images/val/WIN_20261006_23_50_46_Pro_frame000099.jpg,5,peach,table_left,draft_unreviewed
images/val/WIN_20261006_23_50_46_Pro_frame000099.jpg,6,plate,table_left,draft_unreviewed
images/val/WIN_20261006_23_50_46_Pro_frame000100.jpg,0,apple,table_left,draft_unreviewed
images/val/WIN_20261006_23_50_46_Pro_frame000100.jpg,1,banana,table_left,draft_unreviewed
images/val/WIN_20261006_23_50_46_Pro_frame000100.jpg,2,fanta_can,table_left,draft_unreviewed
images/val/WIN_20261006_23_50_46_Pro_frame000100.jpg,3,green_apple,table_left,draft_unreviewed
images/val/WIN_20261006_23_50_46_Pro_frame000100.jpg,4,mug,table_left,draft_unreviewed
images/val/WIN_20261006_23_50_46_Pro_frame000100.jpg,5,peach,table_left,draft_unreviewed
images/val/WIN_20261006_23_50_46_Pro_frame000100.jpg,6,plate,table_left,draft_unreviewed
images/val/WIN_20261006_23_50_46_Pro_frame000101.jpg,0,apple,table_left,draft_unreviewed
images/val/WIN_20261006_23_50_46_Pro_frame000101.jpg,1,banana,table_left,draft_unreviewed
images/val/WIN_20261006_23_50_46_Pro_frame000101.jpg,2,fanta_can,table_left,draft_unreviewed
images/val/WIN_20261006_23_50_46_Pro_frame000101.jpg,3,green_apple,table_left,draft_unreviewed
images/val/WIN_20261006_23_50_46_Pro_frame000101.jpg,4,mug,table_left,draft_unreviewed
images/val/WIN_20261006_23_50_46_Pro_frame000101.jpg,5,peach,table_left,draft_unreviewed
images/val/WIN_20261006_23_50_46_Pro_frame000101.jpg,6,plate,table_left,draft_unreviewed
images/val/WIN_20261006_23_50_46_Pro_frame000102.jpg,0,apple,table_left,draft_unreviewed
images/val/WIN_20261006_23_50_46_Pro_frame000102.jpg,1,banana,table_left,draft_unreviewed
images/val/WIN_20261006_23_50_46_Pro_frame000102.jpg,2,fanta_can,table_left,draft_unreviewed
images/val/WIN_20261006_23_50_46_Pro_frame000102.jpg,3,green_apple,table_left,draft_unreviewed
images/val/WIN_20261006_23_50_46_Pro_frame000102.jpg,4,mug,table_left,draft_unreviewed
images/val/WIN_20261006_23_50_46_Pro_frame000102.jpg,5,peach,table_left,draft_unreviewed
images/val/WIN_20261006_23_50_46_Pro_frame000102.jpg,6,plate,table_left,draft_unreviewed
images/val/WIN_20261006_23_50_46_Pro_frame000103.jpg,0,apple,table_left,draft_unreviewed
images/val/WIN_20261006_23_50_46_Pro_frame000103.jpg,1,banana,table_left,draft_unreviewed
images/val/WIN_20261006_23_50_46_Pro_frame000103.jpg,2,fanta_can,table_left,draft_unreviewed
images/val/WIN_20261006_23_50_46_Pro_frame000103.jpg,3,green_apple,table_left,draft_unreviewed
images/val/WIN_20261006_23_50_46_Pro_frame000103.jpg,4,mug,table_left,draft_unreviewed
images/val/WIN_20261006_23_50_46_Pro_frame000103.jpg,5,peach,table_left,draft_unreviewed
images/val/WIN_20261006_23_50_46_Pro_frame000103.jpg,6,plate,table_left,draft_unreviewed
images/val/WIN_20261006_23_50_46_Pro_frame000104.jpg,0,apple,table_left,draft_unreviewed
images/val/WIN_20261006_23_50_46_Pro_frame000104.jpg,1,banana,table_left,draft_unreviewed
images/val/WIN_20261006_23_50_46_Pro_frame000104.jpg,2,fanta_can,table_left,draft_unreviewed
images/val/WIN_20261006_23_50_46_Pro_frame000104.jpg,3,green_apple,table_left,draft_unreviewed
images/val/WIN_20261006_23_50_46_Pro_frame000104.jpg,4,mug,table_left,draft_unreviewed
images/val/WIN_20261006_23_50_46_Pro_frame000104.jpg,5,peach,table_left,draft_unreviewed
images/val/WIN_20261006_23_50_46_Pro_frame000104.jpg,6,plate,table_left,draft_unreviewed
images/val/WIN_20261006_23_50_46_Pro_frame000105.jpg,0,apple,table_left,draft_unreviewed
images/val/WIN_20261006_23_50_46_Pro_frame000105.jpg,1,banana,table_left,draft_unreviewed
images/val/WIN_20261006_23_50_46_Pro_frame000105.jpg,2,fanta_can,table_left,draft_unreviewed
images/val/WIN_20261006_23_50_46_Pro_frame000105.jpg,3,green_apple,table_left,draft_unreviewed
images/val/WIN_20261006_23_50_46_Pro_frame000105.jpg,4,mug,table_left,draft_unreviewed
images/val/WIN_20261006_23_50_46_Pro_frame000105.jpg,5,peach,table_left,draft_unreviewed
images/val/WIN_20261006_23_50_46_Pro_frame000105.jpg,6,plate,table_left,draft_unreviewed
images/val/WIN_20261006_23_50_46_Pro_frame000106.jpg,0,apple,table_left,draft_unreviewed
images/val/WIN_20261006_23_50_46_Pro_frame000106.jpg,1,banana,table_left,draft_unreviewed
images/val/WIN_20261006_23_50_46_Pro_frame000106.jpg,2,fanta_can,table_left,draft_unreviewed
images/val/WIN_20261006_23_50_46_Pro_frame000106.jpg,3,green_apple,table_left,draft_unreviewed
images/val/WIN_20261006_23_50_46_Pro_frame000106.jpg,4,mug,table_left,draft_unreviewed
images/val/WIN_20261006_23_50_46_Pro_frame000106.jpg,5,peach,table_left,draft_unreviewed
images/val/WIN_20261006_23_50_46_Pro_frame000106.jpg,6,plate,table_left,draft_unreviewed
images/val/WIN_20261006_23_50_46_Pro_frame000107.jpg,0,apple,table_left,draft_unreviewed
images/val/WIN_20261006_23_50_46_Pro_frame000107.jpg,1,banana,table_left,draft_unreviewed
images/val/WIN_20261006_23_50_46_Pro_frame000107.jpg,2,fanta_can,table_left,draft_unreviewed
images/val/WIN_20261006_23_50_46_Pro_frame000107.jpg,3,green_apple,table_left,draft_unreviewed
images/val/WIN_20261006_23_50_46_Pro_frame000107.jpg,4,mug,table_left,draft_unreviewed
images/val/WIN_20261006_23_50_46_Pro_frame000107.jpg,5,peach,table_left,draft_unreviewed
images/val/WIN_20261006_23_50_46_Pro_frame000107.jpg,6,plate,table_left,draft_unreviewed
images/val/WIN_20261006_23_50_46_Pro_frame000108.jpg,0,apple,table_left,draft_unreviewed
images/val/WIN_20261006_23_50_46_Pro_frame000108.jpg,1,banana,table_left,draft_unreviewed
images/val/WIN_20261006_23_50_46_Pro_frame000108.jpg,2,fanta_can,table_left,draft_unreviewed
images/val/WIN_20261006_23_50_46_Pro_frame000108.jpg,3,green_apple,table_left,draft_unreviewed
images/val/WIN_20261006_23_50_46_Pro_frame000108.jpg,4,mug,table_left,draft_unreviewed
images/val/WIN_20261006_23_50_46_Pro_frame000108.jpg,5,peach,table_left,draft_unreviewed
images/val/WIN_20261006_23_50_46_Pro_frame000108.jpg,6,plate,table_left,draft_unreviewed
images/val/WIN_20261006_23_50_46_Pro_frame000109.jpg,0,apple,table_left,draft_unreviewed
images/val/WIN_20261006_23_50_46_Pro_frame000109.jpg,1,banana,table_left,draft_unreviewed
images/val/WIN_20261006_23_50_46_Pro_frame000109.jpg,2,fanta_can,table_left,draft_unreviewed
images/val/WIN_20261006_23_50_46_Pro_frame000109.jpg,3,green_apple,table_left,draft_unreviewed
images/val/WIN_20261006_23_50_46_Pro_frame000109.jpg,4,mug,table_left,draft_unreviewed
images/val/WIN_20261006_23_50_46_Pro_frame000109.jpg,5,peach,table_left,draft_unreviewed
images/val/WIN_20261006_23_50_46_Pro_frame000109.jpg,6,plate,table_left,draft_unreviewed
images/val/WIN_20261006_23_50_46_Pro_frame000110.jpg,0,apple,table_left,draft_unreviewed
images/val/WIN_20261006_23_50_46_Pro_frame000110.jpg,1,banana,table_left,draft_unreviewed
images/val/WIN_20261006_23_50_46_Pro_frame000110.jpg,2,fanta_can,table_left,draft_unreviewed
images/val/WIN_20261006_23_50_46_Pro_frame000110.jpg,3,green_apple,table_left,draft_unreviewed
images/val/WIN_20261006_23_50_46_Pro_frame000110.jpg,4,mug,table_left,draft_unreviewed
images/val/WIN_20261006_23_50_46_Pro_frame000110.jpg,5,peach,table_left,draft_unreviewed
images/val/WIN_20261006_23_50_46_Pro_frame000110.jpg,6,plate,table_left,draft_unreviewed
images/val/WIN_20261006_23_50_46_Pro_frame000111.jpg,0,apple,table_left,draft_unreviewed
images/val/WIN_20261006_23_50_46_Pro_frame000111.jpg,1,banana,table_left,draft_unreviewed
images/val/WIN_20261006_23_50_46_Pro_frame000111.jpg,2,fanta_can,table_left,draft_unreviewed
images/val/WIN_20261006_23_50_46_Pro_frame000111.jpg,3,green_apple,table_left,draft_unreviewed
images/val/WIN_20261006_23_50_46_Pro_frame000111.jpg,4,mug,table_left,draft_unreviewed
images/val/WIN_20261006_23_50_46_Pro_frame000111.jpg,5,peach,table_left,draft_unreviewed
images/val/WIN_20261006_23_50_46_Pro_frame000111.jpg,6,plate,table_left,draft_unreviewed
images/val/WIN_20261006_23_50_46_Pro_frame000112.jpg,0,apple,table_left,draft_unreviewed
images/val/WIN_20261006_23_50_46_Pro_frame000112.jpg,1,banana,table_left,draft_unreviewed
images/val/WIN_20261006_23_50_46_Pro_frame000112.jpg,2,fanta_can,table_left,draft_unreviewed
images/val/WIN_20261006_23_50_46_Pro_frame000112.jpg,3,green_apple,table_left,draft_unreviewed
images/val/WIN_20261006_23_50_46_Pro_frame000112.jpg,4,mug,table_left,draft_unreviewed
images/val/WIN_20261006_23_50_46_Pro_frame000112.jpg,5,peach,table_left,draft_unreviewed
images/val/WIN_20261006_23_50_46_Pro_frame000112.jpg,6,plate,table_left,draft_unreviewed
images/val/WIN_20261006_23_50_46_Pro_frame000113.jpg,0,apple,table_left,draft_unreviewed
images/val/WIN_20261006_23_50_46_Pro_frame000113.jpg,1,banana,table_left,draft_unreviewed
images/val/WIN_20261006_23_50_46_Pro_frame000113.jpg,2,fanta_can,table_left,draft_unreviewed
images/val/WIN_20261006_23_50_46_Pro_frame000113.jpg,3,green_apple,table_left,draft_unreviewed
images/val/WIN_20261006_23_50_46_Pro_frame000113.jpg,4,mug,table_left,draft_unreviewed
images/val/WIN_20261006_23_50_46_Pro_frame000113.jpg,5,peach,table_left,draft_unreviewed
images/val/WIN_20261006_23_50_46_Pro_frame000113.jpg,6,plate,table_left,draft_unreviewed
images/val/WIN_20261006_23_50_46_Pro_frame000114.jpg,0,apple,table_left,draft_unreviewed
images/val/WIN_20261006_23_50_46_Pro_frame000114.jpg,1,banana,table_left,draft_unreviewed
images/val/WIN_20261006_23_50_46_Pro_frame000114.jpg,2,fanta_can,table_left,draft_unreviewed
images/val/WIN_20261006_23_50_46_Pro_frame000114.jpg,3,green_apple,table_left,draft_unreviewed
images/val/WIN_20261006_23_50_46_Pro_frame000114.jpg,4,mug,table_left,draft_unreviewed
images/val/WIN_20261006_23_50_46_Pro_frame000114.jpg,5,peach,table_left,draft_unreviewed
images/val/WIN_20261006_23_50_46_Pro_frame000114.jpg,6,plate,table_left,draft_unreviewed
images/val/WIN_20261006_23_50_46_Pro_frame000115.jpg,0,apple,table_left,draft_unreviewed
images/val/WIN_20261006_23_50_46_Pro_frame000115.jpg,1,banana,table_left,draft_unreviewed
images/val/WIN_20261006_23_50_46_Pro_frame000115.jpg,2,fanta_can,table_left,draft_unreviewed
images/val/WIN_20261006_23_50_46_Pro_frame000115.jpg,3,green_apple,table_left,draft_unreviewed
images/val/WIN_20261006_23_50_46_Pro_frame000115.jpg,4,mug,table_left,draft_unreviewed
images/val/WIN_20261006_23_50_46_Pro_frame000115.jpg,5,peach,table_left,draft_unreviewed
images/val/WIN_20261006_23_50_46_Pro_frame000115.jpg,6,plate,table_left,draft_unreviewed
images/val/WIN_20261006_23_50_46_Pro_frame000116.jpg,0,apple,table_left,draft_unreviewed
images/val/WIN_20261006_23_50_46_Pro_frame000116.jpg,1,banana,table_left,draft_unreviewed
images/val/WIN_20261006_23_50_46_Pro_frame000116.jpg,2,fanta_can,table_left,draft_unreviewed
images/val/WIN_20261006_23_50_46_Pro_frame000116.jpg,3,green_apple,table_left,draft_unreviewed
images/val/WIN_20261006_23_50_46_Pro_frame000116.jpg,4,mug,table_left,draft_unreviewed
images/val/WIN_20261006_23_50_46_Pro_frame000116.jpg,5,peach,table_left,draft_unreviewed
images/val/WIN_20261006_23_50_46_Pro_frame000116.jpg,6,plate,table_left,draft_unreviewed
images/val/WIN_20261006_23_50_46_Pro_frame000117.jpg,0,apple,table_left,draft_unreviewed
images/val/WIN_20261006_23_50_46_Pro_frame000117.jpg,1,banana,table_left,draft_unreviewed
images/val/WIN_20261006_23_50_46_Pro_frame000117.jpg,2,fanta_can,table_left,draft_unreviewed
images/val/WIN_20261006_23_50_46_Pro_frame000117.jpg,3,green_apple,table_left,draft_unreviewed
images/val/WIN_20261006_23_50_46_Pro_frame000117.jpg,4,mug,table_left,draft_unreviewed
images/val/WIN_20261006_23_50_46_Pro_frame000117.jpg,5,peach,table_left,draft_unreviewed
images/val/WIN_20261006_23_50_46_Pro_frame000117.jpg,6,plate,table_left,draft_unreviewed
images/val/WIN_20261006_23_50_46_Pro_frame000118.jpg,0,apple,table_left,draft_unreviewed
images/val/WIN_20261006_23_50_46_Pro_frame000118.jpg,1,banana,table_left,draft_unreviewed
images/val/WIN_20261006_23_50_46_Pro_frame000118.jpg,2,fanta_can,table_left,draft_unreviewed
images/val/WIN_20261006_23_50_46_Pro_frame000118.jpg,3,green_apple,table_left,draft_unreviewed
images/val/WIN_20261006_23_50_46_Pro_frame000118.jpg,4,mug,table_left,draft_unreviewed
images/val/WIN_20261006_23_50_46_Pro_frame000118.jpg,5,peach,table_left,draft_unreviewed
images/val/WIN_20261006_23_50_46_Pro_frame000118.jpg,6,plate,table_left,draft_unreviewed
images/val/WIN_20261006_23_50_46_Pro_frame000119.jpg,0,apple,table_left,draft_unreviewed
images/val/WIN_20261006_23_50_46_Pro_frame000119.jpg,1,banana,table_left,draft_unreviewed
images/val/WIN_20261006_23_50_46_Pro_frame000119.jpg,2,fanta_can,table_left,draft_unreviewed
images/val/WIN_20261006_23_50_46_Pro_frame000119.jpg,3,green_apple,table_left,draft_unreviewed
images/val/WIN_20261006_23_50_46_Pro_frame000119.jpg,4,mug,table_left,draft_unreviewed
images/val/WIN_20261006_23_50_46_Pro_frame000119.jpg,5,peach,table_left,draft_unreviewed
images/val/WIN_20261006_23_50_46_Pro_frame000119.jpg,6,plate,table_left,draft_unreviewed
images/val/WIN_20261006_23_50_46_Pro_frame000120.jpg,0,apple,table_left,draft_unreviewed
images/val/WIN_20261006_23_50_46_Pro_frame000120.jpg,1,banana,table_left,draft_unreviewed
images/val/WIN_20261006_23_50_46_Pro_frame000120.jpg,2,fanta_can,table_left,draft_unreviewed
images/val/WIN_20261006_23_50_46_Pro_frame000120.jpg,3,green_apple,table_left,draft_unreviewed
images/val/WIN_20261006_23_50_46_Pro_frame000120.jpg,4,mug,table_left,draft_unreviewed
images/val/WIN_20261006_23_50_46_Pro_frame000120.jpg,5,peach,table_left,draft_unreviewed
images/val/WIN_20261006_23_50_46_Pro_frame000120.jpg,6,plate,table_left,draft_unreviewed
images/val/WIN_20261006_23_50_46_Pro_frame000121.jpg,0,apple,table_left,draft_unreviewed
images/val/WIN_20261006_23_50_46_Pro_frame000121.jpg,1,banana,table_left,draft_unreviewed
images/val/WIN_20261006_23_50_46_Pro_frame000121.jpg,2,fanta_can,table_left,draft_unreviewed
images/val/WIN_20261006_23_50_46_Pro_frame000121.jpg,3,green_apple,table_left,draft_unreviewed
images/val/WIN_20261006_23_50_46_Pro_frame000121.jpg,4,mug,table_left,draft_unreviewed
images/val/WIN_20261006_23_50_46_Pro_frame000121.jpg,5,peach,table_left,draft_unreviewed
images/val/WIN_20261006_23_50_46_Pro_frame000121.jpg,6,plate,table_left,draft_unreviewed
images/val/WIN_20261006_23_50_46_Pro_frame000122.jpg,0,apple,table_left,draft_unreviewed
images/val/WIN_20261006_23_50_46_Pro_frame000122.jpg,1,banana,table_left,draft_unreviewed
images/val/WIN_20261006_23_50_46_Pro_frame000122.jpg,2,fanta_can,table_left,draft_unreviewed
images/val/WIN_20261006_23_50_46_Pro_frame000122.jpg,3,green_apple,table_left,draft_unreviewed
images/val/WIN_20261006_23_50_46_Pro_frame000122.jpg,4,mug,table_left,draft_unreviewed
images/val/WIN_20261006_23_50_46_Pro_frame000122.jpg,5,peach,table_left,draft_unreviewed
images/val/WIN_20261006_23_50_46_Pro_frame000122.jpg,6,plate,table_left,draft_unreviewed
images/val/WIN_20261006_23_50_46_Pro_frame000123.jpg,0,apple,table_left,draft_unreviewed
images/val/WIN_20261006_23_50_46_Pro_frame000123.jpg,1,banana,table_left,draft_unreviewed
images/val/WIN_20261006_23_50_46_Pro_frame000123.jpg,2,fanta_can,table_left,draft_unreviewed
images/val/WIN_20261006_23_50_46_Pro_frame000123.jpg,3,green_apple,table_left,draft_unreviewed
images/val/WIN_20261006_23_50_46_Pro_frame000123.jpg,4,mug,table_left,draft_unreviewed
images/val/WIN_20261006_23_50_46_Pro_frame000123.jpg,5,peach,table_left,draft_unreviewed
images/val/WIN_20261006_23_50_46_Pro_frame000123.jpg,6,plate,table_left,draft_unreviewed
images/val/WIN_20261006_23_50_46_Pro_frame000124.jpg,0,apple,table_left,draft_unreviewed
images/val/WIN_20261006_23_50_46_Pro_frame000124.jpg,1,banana,table_left,draft_unreviewed
images/val/WIN_20261006_23_50_46_Pro_frame000124.jpg,2,fanta_can,table_left,draft_unreviewed
images/val/WIN_20261006_23_50_46_Pro_frame000124.jpg,3,green_apple,table_left,draft_unreviewed
images/val/WIN_20261006_23_50_46_Pro_frame000124.jpg,4,mug,table_left,draft_unreviewed
images/val/WIN_20261006_23_50_46_Pro_frame000124.jpg,5,peach,table_left,draft_unreviewed
images/val/WIN_20261006_23_50_46_Pro_frame000124.jpg,6,plate,table_left,draft_unreviewed
images/val/WIN_20261006_23_50_46_Pro_frame000125.jpg,0,apple,table_left,draft_unreviewed
images/val/WIN_20261006_23_50_46_Pro_frame000125.jpg,1,banana,table_left,draft_unreviewed
images/val/WIN_20261006_23_50_46_Pro_frame000125.jpg,2,fanta_can,table_left,draft_unreviewed
images/val/WIN_20261006_23_50_46_Pro_frame000125.jpg,3,green_apple,table_left,draft_unreviewed
images/val/WIN_20261006_23_50_46_Pro_frame000125.jpg,4,mug,table_left,draft_unreviewed
images/val/WIN_20261006_23_50_46_Pro_frame000125.jpg,5,peach,table_left,draft_unreviewed
images/val/WIN_20261006_23_50_46_Pro_frame000125.jpg,6,plate,table_left,draft_unreviewed
images/val/WIN_20261006_23_50_46_Pro_frame000126.jpg,0,apple,table_left,draft_unreviewed
images/val/WIN_20261006_23_50_46_Pro_frame000126.jpg,1,banana,table_left,draft_unreviewed
images/val/WIN_20261006_23_50_46_Pro_frame000126.jpg,2,fanta_can,table_left,draft_unreviewed
images/val/WIN_20261006_23_50_46_Pro_frame000126.jpg,3,green_apple,table_left,draft_unreviewed
images/val/WIN_20261006_23_50_46_Pro_frame000126.jpg,4,mug,table_left,draft_unreviewed
images/val/WIN_20261006_23_50_46_Pro_frame000126.jpg,5,peach,table_left,draft_unreviewed
images/val/WIN_20261006_23_50_46_Pro_frame000126.jpg,6,plate,table_left,draft_unreviewed
images/val/WIN_20261006_23_50_46_Pro_frame000127.jpg,0,apple,table_left,draft_unreviewed
images/val/WIN_20261006_23_50_46_Pro_frame000127.jpg,1,banana,table_left,draft_unreviewed
images/val/WIN_20261006_23_50_46_Pro_frame000127.jpg,2,fanta_can,table_left,draft_unreviewed
images/val/WIN_20261006_23_50_46_Pro_frame000127.jpg,3,green_apple,table_left,draft_unreviewed
images/val/WIN_20261006_23_50_46_Pro_frame000127.jpg,4,mug,table_left,draft_unreviewed
images/val/WIN_20261006_23_50_46_Pro_frame000127.jpg,5,peach,table_left,draft_unreviewed
images/val/WIN_20261006_23_50_46_Pro_frame000127.jpg,6,plate,table_left,draft_unreviewed
images/val/WIN_20261006_23_50_46_Pro_frame000128.jpg,0,apple,table_left,draft_unreviewed
images/val/WIN_20261006_23_50_46_Pro_frame000128.jpg,1,banana,table_left,draft_unreviewed
images/val/WIN_20261006_23_50_46_Pro_frame000128.jpg,2,fanta_can,table_left,draft_unreviewed
images/val/WIN_20261006_23_50_46_Pro_frame000128.jpg,3,green_apple,table_left,draft_unreviewed
images/val/WIN_20261006_23_50_46_Pro_frame000128.jpg,4,mug,table_left,draft_unreviewed
images/val/WIN_20261006_23_50_46_Pro_frame000128.jpg,5,peach,table_left,draft_unreviewed
images/val/WIN_20261006_23_50_46_Pro_frame000128.jpg,6,plate,table_left,draft_unreviewed
images/val/WIN_20261006_23_50_46_Pro_frame000129.jpg,0,apple,table_left,draft_unreviewed
images/val/WIN_20261006_23_50_46_Pro_frame000129.jpg,1,banana,table_left,draft_unreviewed
images/val/WIN_20261006_23_50_46_Pro_frame000129.jpg,2,fanta_can,table_left,draft_unreviewed
images/val/WIN_20261006_23_50_46_Pro_frame000129.jpg,3,green_apple,table_left,draft_unreviewed
images/val/WIN_20261006_23_50_46_Pro_frame000129.jpg,4,mug,table_left,draft_unreviewed
images/val/WIN_20261006_23_50_46_Pro_frame000129.jpg,5,peach,table_left,draft_unreviewed
images/val/WIN_20261006_23_50_46_Pro_frame000129.jpg,6,plate,table_left,draft_unreviewed
images/val/WIN_20261006_23_50_46_Pro_frame000130.jpg,0,apple,table_left,draft_unreviewed
images/val/WIN_20261006_23_50_46_Pro_frame000130.jpg,1,banana,table_left,draft_unreviewed
images/val/WIN_20261006_23_50_46_Pro_frame000130.jpg,2,fanta_can,table_left,draft_unreviewed
images/val/WIN_20261006_23_50_46_Pro_frame000130.jpg,3,green_apple,table_left,draft_unreviewed
images/val/WIN_20261006_23_50_46_Pro_frame000130.jpg,4,mug,table_left,draft_unreviewed
images/val/WIN_20261006_23_50_46_Pro_frame000130.jpg,5,peach,table_left,draft_unreviewed
images/val/WIN_20261006_23_50_46_Pro_frame000130.jpg,6,plate,table_left,draft_unreviewed
images/val/WIN_20261006_23_50_46_Pro_frame000131.jpg,0,apple,table_left,draft_unreviewed
images/val/WIN_20261006_23_50_46_Pro_frame000131.jpg,1,banana,table_left,draft_unreviewed
images/val/WIN_20261006_23_50_46_Pro_frame000131.jpg,2,fanta_can,table_left,draft_unreviewed
images/val/WIN_20261006_23_50_46_Pro_frame000131.jpg,3,green_apple,table_left,draft_unreviewed
images/val/WIN_20261006_23_50_46_Pro_frame000131.jpg,4,mug,table_left,draft_unreviewed
images/val/WIN_20261006_23_50_46_Pro_frame000131.jpg,5,peach,table_left,draft_unreviewed
images/val/WIN_20261006_23_50_46_Pro_frame000131.jpg,6,plate,table_left,draft_unreviewed
images/val/WIN_20261006_23_50_46_Pro_frame000132.jpg,0,apple,table_left,draft_unreviewed
images/val/WIN_20261006_23_50_46_Pro_frame000132.jpg,1,banana,table_left,draft_unreviewed
images/val/WIN_20261006_23_50_46_Pro_frame000132.jpg,2,fanta_can,table_left,draft_unreviewed
images/val/WIN_20261006_23_50_46_Pro_frame000132.jpg,3,green_apple,table_left,draft_unreviewed
images/val/WIN_20261006_23_50_46_Pro_frame000132.jpg,4,mug,table_left,draft_unreviewed
images/val/WIN_20261006_23_50_46_Pro_frame000132.jpg,5,peach,table_left,draft_unreviewed
images/val/WIN_20261006_23_50_46_Pro_frame000132.jpg,6,plate,table_left,draft_unreviewed
images/val/WIN_20261006_23_50_46_Pro_frame000133.jpg,0,apple,table_left,draft_unreviewed
images/val/WIN_20261006_23_50_46_Pro_frame000133.jpg,1,banana,table_left,draft_unreviewed
images/val/WIN_20261006_23_50_46_Pro_frame000133.jpg,2,fanta_can,table_left,draft_unreviewed
images/val/WIN_20261006_23_50_46_Pro_frame000133.jpg,3,green_apple,table_left,draft_unreviewed
images/val/WIN_20261006_23_50_46_Pro_frame000133.jpg,4,mug,table_left,draft_unreviewed
images/val/WIN_20261006_23_50_46_Pro_frame000133.jpg,5,peach,table_left,draft_unreviewed
images/val/WIN_20261006_23_50_46_Pro_frame000133.jpg,6,plate,table_left,draft_unreviewed
images/val/WIN_20261006_23_50_46_Pro_frame000134.jpg,0,apple,table_left,draft_unreviewed
images/val/WIN_20261006_23_50_46_Pro_frame000134.jpg,1,banana,table_left,draft_unreviewed
images/val/WIN_20261006_23_50_46_Pro_frame000134.jpg,2,fanta_can,table_left,draft_unreviewed
images/val/WIN_20261006_23_50_46_Pro_frame000134.jpg,3,green_apple,table_left,draft_unreviewed
images/val/WIN_20261006_23_50_46_Pro_frame000134.jpg,4,mug,table_left,draft_unreviewed
images/val/WIN_20261006_23_50_46_Pro_frame000134.jpg,5,peach,table_left,draft_unreviewed
images/val/WIN_20261006_23_50_46_Pro_frame000134.jpg,6,plate,table_left,draft_unreviewed
images/val/WIN_20261006_23_50_46_Pro_frame000135.jpg,0,apple,table_left,draft_unreviewed
images/val/WIN_20261006_23_50_46_Pro_frame000135.jpg,1,banana,table_left,draft_unreviewed
images/val/WIN_20261006_23_50_46_Pro_frame000135.jpg,2,fanta_can,table_left,draft_unreviewed
images/val/WIN_20261006_23_50_46_Pro_frame000135.jpg,3,green_apple,table_left,draft_unreviewed
images/val/WIN_20261006_23_50_46_Pro_frame000135.jpg,4,mug,table_left,draft_unreviewed
images/val/WIN_20261006_23_50_46_Pro_frame000135.jpg,5,peach,table_left,draft_unreviewed
images/val/WIN_20261006_23_50_46_Pro_frame000135.jpg,6,plate,table_left,draft_unreviewed
images/val/WIN_20261006_23_50_46_Pro_frame000136.jpg,0,apple,table_left,draft_unreviewed
images/val/WIN_20261006_23_50_46_Pro_frame000136.jpg,1,banana,table_left,draft_unreviewed
images/val/WIN_20261006_23_50_46_Pro_frame000136.jpg,2,fanta_can,table_left,draft_unreviewed
images/val/WIN_20261006_23_50_46_Pro_frame000136.jpg,3,green_apple,table_left,draft_unreviewed
images/val/WIN_20261006_23_50_46_Pro_frame000136.jpg,4,mug,table_left,draft_unreviewed
images/val/WIN_20261006_23_50_46_Pro_frame000136.jpg,5,peach,table_left,draft_unreviewed
images/val/WIN_20261006_23_50_46_Pro_frame000136.jpg,6,plate,table_left,draft_unreviewed
images/val/WIN_20261006_23_50_46_Pro_frame000137.jpg,0,apple,table_left,draft_unreviewed
images/val/WIN_20261006_23_50_46_Pro_frame000137.jpg,1,banana,table_left,draft_unreviewed
images/val/WIN_20261006_23_50_46_Pro_frame000137.jpg,2,fanta_can,table_left,draft_unreviewed
images/val/WIN_20261006_23_50_46_Pro_frame000137.jpg,3,green_apple,table_left,draft_unreviewed
images/val/WIN_20261006_23_50_46_Pro_frame000137.jpg,4,mug,table_left,draft_unreviewed
images/val/WIN_20261006_23_50_46_Pro_frame000137.jpg,5,peach,table_left,draft_unreviewed
images/val/WIN_20261006_23_50_46_Pro_frame000137.jpg,6,plate,table_left,draft_unreviewed
images/val/WIN_20261006_23_50_46_Pro_frame000138.jpg,0,apple,table_left,draft_unreviewed
images/val/WIN_20261006_23_50_46_Pro_frame000138.jpg,1,banana,table_left,draft_unreviewed
images/val/WIN_20261006_23_50_46_Pro_frame000138.jpg,2,fanta_can,table_left,draft_unreviewed
images/val/WIN_20261006_23_50_46_Pro_frame000138.jpg,3,green_apple,table_left,draft_unreviewed
images/val/WIN_20261006_23_50_46_Pro_frame000138.jpg,4,mug,table_left,draft_unreviewed
images/val/WIN_20261006_23_50_46_Pro_frame000138.jpg,5,peach,table_left,draft_unreviewed
images/val/WIN_20261006_23_50_46_Pro_frame000138.jpg,6,plate,table_left,draft_unreviewed
images/val/WIN_20261006_23_50_46_Pro_frame000139.jpg,0,apple,table_left,draft_unreviewed
images/val/WIN_20261006_23_50_46_Pro_frame000139.jpg,1,banana,table_left,draft_unreviewed
images/val/WIN_20261006_23_50_46_Pro_frame000139.jpg,2,fanta_can,table_left,draft_unreviewed
images/val/WIN_20261006_23_50_46_Pro_frame000139.jpg,3,green_apple,table_left,draft_unreviewed
images/val/WIN_20261006_23_50_46_Pro_frame000139.jpg,4,mug,table_left,draft_unreviewed
images/val/WIN_20261006_23_50_46_Pro_frame000139.jpg,5,peach,table_left,draft_unreviewed
images/val/WIN_20261006_23_50_46_Pro_frame000139.jpg,6,plate,table_left,draft_unreviewed
images/val/WIN_20261006_23_50_46_Pro_frame000140.jpg,0,apple,table_left,draft_unreviewed
images/val/WIN_20261006_23_50_46_Pro_frame000140.jpg,1,banana,table_left,draft_unreviewed
images/val/WIN_20261006_23_50_46_Pro_frame000140.jpg,2,fanta_can,table_left,draft_unreviewed
images/val/WIN_20261006_23_50_46_Pro_frame000140.jpg,3,green_apple,table_left,draft_unreviewed
images/val/WIN_20261006_23_50_46_Pro_frame000140.jpg,4,mug,table_left,draft_unreviewed
images/val/WIN_20261006_23_50_46_Pro_frame000140.jpg,5,peach,table_left,draft_unreviewed
images/val/WIN_20261006_23_50_46_Pro_frame000140.jpg,6,plate,table_left,draft_unreviewed
images/val/WIN_20261006_23_50_46_Pro_frame000141.jpg,0,apple,table_left,draft_unreviewed
images/val/WIN_20261006_23_50_46_Pro_frame000141.jpg,1,banana,table_left,draft_unreviewed
images/val/WIN_20261006_23_50_46_Pro_frame000141.jpg,2,fanta_can,table_left,draft_unreviewed
images/val/WIN_20261006_23_50_46_Pro_frame000141.jpg,3,green_apple,table_left,draft_unreviewed
images/val/WIN_20261006_23_50_46_Pro_frame000141.jpg,4,mug,table_left,draft_unreviewed
images/val/WIN_20261006_23_50_46_Pro_frame000141.jpg,5,peach,table_left,draft_unreviewed
images/val/WIN_20261006_23_50_46_Pro_frame000141.jpg,6,plate,table_left,draft_unreviewed
images/val/WIN_20261006_23_50_46_Pro_frame000142.jpg,0,apple,table_left,draft_unreviewed
images/val/WIN_20261006_23_50_46_Pro_frame000142.jpg,1,banana,table_left,draft_unreviewed
images/val/WIN_20261006_23_50_46_Pro_frame000142.jpg,2,fanta_can,table_left,draft_unreviewed
images/val/WIN_20261006_23_50_46_Pro_frame000142.jpg,3,green_apple,table_left,draft_unreviewed
images/val/WIN_20261006_23_50_46_Pro_frame000142.jpg,4,mug,table_left,draft_unreviewed
images/val/WIN_20261006_23_50_46_Pro_frame000142.jpg,5,peach,table_left,draft_unreviewed
images/val/WIN_20261006_23_50_46_Pro_frame000142.jpg,6,plate,table_left,draft_unreviewed
images/val/WIN_20261006_23_50_46_Pro_frame000143.jpg,0,apple,table_left,draft_unreviewed
images/val/WIN_20261006_23_50_46_Pro_frame000143.jpg,1,banana,table_left,draft_unreviewed
images/val/WIN_20261006_23_50_46_Pro_frame000143.jpg,2,fanta_can,table_left,draft_unreviewed
images/val/WIN_20261006_23_50_46_Pro_frame000143.jpg,3,green_apple,table_left,draft_unreviewed
images/val/WIN_20261006_23_50_46_Pro_frame000143.jpg,4,mug,table_left,draft_unreviewed
images/val/WIN_20261006_23_50_46_Pro_frame000143.jpg,5,peach,table_left,draft_unreviewed
images/val/WIN_20261006_23_50_46_Pro_frame000143.jpg,6,plate,table_left,draft_unreviewed
images/val/WIN_20261006_23_50_46_Pro_frame000144.jpg,0,apple,table_left,draft_unreviewed
images/val/WIN_20261006_23_50_46_Pro_frame000144.jpg,1,banana,table_left,draft_unreviewed
images/val/WIN_20261006_23_50_46_Pro_frame000144.jpg,2,fanta_can,table_left,draft_unreviewed
images/val/WIN_20261006_23_50_46_Pro_frame000144.jpg,3,green_apple,table_left,draft_unreviewed
images/val/WIN_20261006_23_50_46_Pro_frame000144.jpg,4,mug,table_left,draft_unreviewed
images/val/WIN_20261006_23_50_46_Pro_frame000144.jpg,5,peach,table_left,draft_unreviewed
images/val/WIN_20261006_23_50_46_Pro_frame000144.jpg,6,plate,table_left,draft_unreviewed
images/val/WIN_20261006_23_50_46_Pro_frame000145.jpg,0,apple,table_left,draft_unreviewed
images/val/WIN_20261006_23_50_46_Pro_frame000145.jpg,1,banana,table_left,draft_unreviewed
images/val/WIN_20261006_23_50_46_Pro_frame000145.jpg,2,fanta_can,table_left,draft_unreviewed
images/val/WIN_20261006_23_50_46_Pro_frame000145.jpg,3,green_apple,table_left,draft_unreviewed
images/val/WIN_20261006_23_50_46_Pro_frame000145.jpg,4,mug,table_left,draft_unreviewed
images/val/WIN_20261006_23_50_46_Pro_frame000145.jpg,5,peach,table_left,draft_unreviewed
images/val/WIN_20261006_23_50_46_Pro_frame000145.jpg,6,plate,table_left,draft_unreviewed
images/val/WIN_20261006_23_50_46_Pro_frame000146.jpg,0,apple,table_left,draft_unreviewed
images/val/WIN_20261006_23_50_46_Pro_frame000146.jpg,1,banana,table_left,draft_unreviewed
images/val/WIN_20261006_23_50_46_Pro_frame000146.jpg,2,fanta_can,table_left,draft_unreviewed
images/val/WIN_20261006_23_50_46_Pro_frame000146.jpg,3,green_apple,table_left,draft_unreviewed
images/val/WIN_20261006_23_50_46_Pro_frame000146.jpg,4,mug,table_left,draft_unreviewed
images/val/WIN_20261006_23_50_46_Pro_frame000146.jpg,5,peach,table_left,draft_unreviewed
images/val/WIN_20261006_23_50_46_Pro_frame000146.jpg,6,plate,table_left,draft_unreviewed
images/val/WIN_20261006_23_50_46_Pro_frame000147.jpg,0,apple,table_left,draft_unreviewed
images/val/WIN_20261006_23_50_46_Pro_frame000147.jpg,1,banana,table_left,draft_unreviewed
images/val/WIN_20261006_23_50_46_Pro_frame000147.jpg,2,fanta_can,table_left,draft_unreviewed
images/val/WIN_20261006_23_50_46_Pro_frame000147.jpg,3,green_apple,table_left,draft_unreviewed
images/val/WIN_20261006_23_50_46_Pro_frame000147.jpg,4,mug,table_left,draft_unreviewed
images/val/WIN_20261006_23_50_46_Pro_frame000147.jpg,5,peach,table_left,draft_unreviewed
images/val/WIN_20261006_23_50_46_Pro_frame000147.jpg,6,plate,table_left,draft_unreviewed
images/val/WIN_20261006_23_50_46_Pro_frame000148.jpg,0,apple,table_left,draft_unreviewed
images/val/WIN_20261006_23_50_46_Pro_frame000148.jpg,1,banana,table_left,draft_unreviewed
images/val/WIN_20261006_23_50_46_Pro_frame000148.jpg,2,fanta_can,table_left,draft_unreviewed
images/val/WIN_20261006_23_50_46_Pro_frame000148.jpg,3,green_apple,table_left,draft_unreviewed
images/val/WIN_20261006_23_50_46_Pro_frame000148.jpg,4,mug,table_left,draft_unreviewed
images/val/WIN_20261006_23_50_46_Pro_frame000148.jpg,5,peach,table_left,draft_unreviewed
images/val/WIN_20261006_23_50_46_Pro_frame000148.jpg,6,plate,table_left,draft_unreviewed
images/val/WIN_20261006_23_50_46_Pro_frame000149.jpg,0,apple,table_left,draft_unreviewed
images/val/WIN_20261006_23_50_46_Pro_frame000149.jpg,1,banana,table_left,draft_unreviewed
images/val/WIN_20261006_23_50_46_Pro_frame000149.jpg,2,fanta_can,table_left,draft_unreviewed
images/val/WIN_20261006_23_50_46_Pro_frame000149.jpg,3,green_apple,table_left,draft_unreviewed
images/val/WIN_20261006_23_50_46_Pro_frame000149.jpg,4,mug,table_left,draft_unreviewed
images/val/WIN_20261006_23_50_46_Pro_frame000149.jpg,5,peach,table_left,draft_unreviewed
images/val/WIN_20261006_23_50_46_Pro_frame000149.jpg,6,plate,table_left,draft_unreviewed
images/val/WIN_20261006_23_50_46_Pro_frame000150.jpg,0,apple,table_left,draft_unreviewed
images/val/WIN_20261006_23_50_46_Pro_frame000150.jpg,1,banana,table_left,draft_unreviewed
images/val/WIN_20261006_23_50_46_Pro_frame000150.jpg,2,fanta_can,table_left,draft_unreviewed
images/val/WIN_20261006_23_50_46_Pro_frame000150.jpg,3,green_apple,table_left,draft_unreviewed
images/val/WIN_20261006_23_50_46_Pro_frame000150.jpg,4,mug,table_left,draft_unreviewed
images/val/WIN_20261006_23_50_46_Pro_frame000150.jpg,5,peach,table_left,draft_unreviewed
images/val/WIN_20261006_23_50_46_Pro_frame000150.jpg,6,plate,table_left,draft_unreviewed
images/val/WIN_20261006_23_50_46_Pro_frame000151.jpg,0,apple,table_left,draft_unreviewed
images/val/WIN_20261006_23_50_46_Pro_frame000151.jpg,1,banana,table_left,draft_unreviewed
images/val/WIN_20261006_23_50_46_Pro_frame000151.jpg,2,fanta_can,table_left,draft_unreviewed
images/val/WIN_20261006_23_50_46_Pro_frame000151.jpg,3,green_apple,table_left,draft_unreviewed
images/val/WIN_20261006_23_50_46_Pro_frame000151.jpg,4,mug,table_left,draft_unreviewed
images/val/WIN_20261006_23_50_46_Pro_frame000151.jpg,5,peach,table_left,draft_unreviewed
images/val/WIN_20261006_23_50_46_Pro_frame000151.jpg,6,plate,table_left,draft_unreviewed
images/val/WIN_20261006_23_50_46_Pro_frame000152.jpg,0,apple,table_left,draft_unreviewed
images/val/WIN_20261006_23_50_46_Pro_frame000152.jpg,1,banana,table_left,draft_unreviewed
images/val/WIN_20261006_23_50_46_Pro_frame000152.jpg,2,fanta_can,table_left,draft_unreviewed
images/val/WIN_20261006_23_50_46_Pro_frame000152.jpg,3,green_apple,table_left,draft_unreviewed
images/val/WIN_20261006_23_50_46_Pro_frame000152.jpg,4,mug,table_left,draft_unreviewed
images/val/WIN_20261006_23_50_46_Pro_frame000152.jpg,5,peach,table_left,draft_unreviewed
images/val/WIN_20261006_23_50_46_Pro_frame000152.jpg,6,plate,table_left,draft_unreviewed
images/val/WIN_20261006_23_50_46_Pro_frame000153.jpg,0,apple,table_left,draft_unreviewed
images/val/WIN_20261006_23_50_46_Pro_frame000153.jpg,1,banana,table_left,draft_unreviewed
images/val/WIN_20261006_23_50_46_Pro_frame000153.jpg,2,fanta_can,table_left,draft_unreviewed
images/val/WIN_20261006_23_50_46_Pro_frame000153.jpg,3,green_apple,table_left,draft_unreviewed
images/val/WIN_20261006_23_50_46_Pro_frame000153.jpg,4,mug,table_left,draft_unreviewed
images/val/WIN_20261006_23_50_46_Pro_frame000153.jpg,5,peach,table_left,draft_unreviewed
images/val/WIN_20261006_23_50_46_Pro_frame000153.jpg,6,plate,table_left,draft_unreviewed
images/val/WIN_20261006_23_50_46_Pro_frame000154.jpg,0,apple,table_left,draft_unreviewed
images/val/WIN_20261006_23_50_46_Pro_frame000154.jpg,1,banana,table_left,draft_unreviewed
images/val/WIN_20261006_23_50_46_Pro_frame000154.jpg,2,fanta_can,table_left,draft_unreviewed
images/val/WIN_20261006_23_50_46_Pro_frame000154.jpg,3,green_apple,table_left,draft_unreviewed
images/val/WIN_20261006_23_50_46_Pro_frame000154.jpg,4,mug,table_left,draft_unreviewed
images/val/WIN_20261006_23_50_46_Pro_frame000154.jpg,5,peach,table_left,draft_unreviewed
images/val/WIN_20261006_23_50_46_Pro_frame000154.jpg,6,plate,table_left,draft_unreviewed
images/val/WIN_20261006_23_50_46_Pro_frame000155.jpg,0,apple,table_left,draft_unreviewed
images/val/WIN_20261006_23_50_46_Pro_frame000155.jpg,1,banana,table_left,draft_unreviewed
images/val/WIN_20261006_23_50_46_Pro_frame000155.jpg,2,fanta_can,table_left,draft_unreviewed
images/val/WIN_20261006_23_50_46_Pro_frame000155.jpg,3,green_apple,table_left,draft_unreviewed
images/val/WIN_20261006_23_50_46_Pro_frame000155.jpg,4,mug,table_left,draft_unreviewed
images/val/WIN_20261006_23_50_46_Pro_frame000155.jpg,5,peach,table_left,draft_unreviewed
images/val/WIN_20261006_23_50_46_Pro_frame000155.jpg,6,plate,table_left,draft_unreviewed
images/val/WIN_20261006_23_50_46_Pro_frame000156.jpg,0,apple,table_left,draft_unreviewed
images/val/WIN_20261006_23_50_46_Pro_frame000156.jpg,1,banana,table_left,draft_unreviewed
images/val/WIN_20261006_23_50_46_Pro_frame000156.jpg,2,fanta_can,table_left,draft_unreviewed
images/val/WIN_20261006_23_50_46_Pro_frame000156.jpg,3,green_apple,table_left,draft_unreviewed
images/val/WIN_20261006_23_50_46_Pro_frame000156.jpg,4,mug,table_left,draft_unreviewed
images/val/WIN_20261006_23_50_46_Pro_frame000156.jpg,5,peach,table_left,draft_unreviewed
images/val/WIN_20261006_23_50_46_Pro_frame000156.jpg,6,plate,table_left,draft_unreviewed
images/val/WIN_20261006_23_50_46_Pro_frame000157.jpg,0,apple,table_left,draft_unreviewed
images/val/WIN_20261006_23_50_46_Pro_frame000157.jpg,1,banana,table_left,draft_unreviewed
images/val/WIN_20261006_23_50_46_Pro_frame000157.jpg,2,fanta_can,table_left,draft_unreviewed
images/val/WIN_20261006_23_50_46_Pro_frame000157.jpg,3,green_apple,table_left,draft_unreviewed
images/val/WIN_20261006_23_50_46_Pro_frame000157.jpg,4,mug,table_left,draft_unreviewed
images/val/WIN_20261006_23_50_46_Pro_frame000157.jpg,5,peach,table_left,draft_unreviewed
images/val/WIN_20261006_23_50_46_Pro_frame000157.jpg,6,plate,table_left,draft_unreviewed
images/val/WIN_20261006_23_50_46_Pro_frame000158.jpg,0,apple,table_left,draft_unreviewed
images/val/WIN_20261006_23_50_46_Pro_frame000158.jpg,1,banana,table_left,draft_unreviewed
images/val/WIN_20261006_23_50_46_Pro_frame000158.jpg,2,fanta_can,table_left,draft_unreviewed
images/val/WIN_20261006_23_50_46_Pro_frame000158.jpg,3,green_apple,table_left,draft_unreviewed
images/val/WIN_20261006_23_50_46_Pro_frame000158.jpg,4,mug,table_left,draft_unreviewed
images/val/WIN_20261006_23_50_46_Pro_frame000158.jpg,5,peach,table_left,draft_unreviewed
images/val/WIN_20261006_23_50_46_Pro_frame000158.jpg,6,plate,table_left,draft_unreviewed
images/val/WIN_20261006_23_50_46_Pro_frame000159.jpg,0,apple,table_left,draft_unreviewed
images/val/WIN_20261006_23_50_46_Pro_frame000159.jpg,1,banana,table_left,draft_unreviewed
images/val/WIN_20261006_23_50_46_Pro_frame000159.jpg,2,fanta_can,table_left,draft_unreviewed
images/val/WIN_20261006_23_50_46_Pro_frame000159.jpg,3,green_apple,table_left,draft_unreviewed
images/val/WIN_20261006_23_50_46_Pro_frame000159.jpg,4,mug,table_left,draft_unreviewed
images/val/WIN_20261006_23_50_46_Pro_frame000159.jpg,5,peach,table_left,draft_unreviewed
images/val/WIN_20261006_23_50_46_Pro_frame000159.jpg,6,plate,table_left,draft_unreviewed
images/val/WIN_20261006_23_50_46_Pro_frame000160.jpg,0,apple,table_left,draft_unreviewed
images/val/WIN_20261006_23_50_46_Pro_frame000160.jpg,1,banana,table_left,draft_unreviewed
images/val/WIN_20261006_23_50_46_Pro_frame000160.jpg,2,fanta_can,table_left,draft_unreviewed
images/val/WIN_20261006_23_50_46_Pro_frame000160.jpg,3,green_apple,table_left,draft_unreviewed
images/val/WIN_20261006_23_50_46_Pro_frame000160.jpg,4,mug,table_left,draft_unreviewed
images/val/WIN_20261006_23_50_46_Pro_frame000160.jpg,5,peach,table_left,draft_unreviewed
images/val/WIN_20261006_23_50_46_Pro_frame000160.jpg,6,plate,table_left,draft_unreviewed
images/val/WIN_20261006_23_50_46_Pro_frame000161.jpg,0,apple,table_left,draft_unreviewed
images/val/WIN_20261006_23_50_46_Pro_frame000161.jpg,1,banana,table_left,draft_unreviewed
images/val/WIN_20261006_23_50_46_Pro_frame000161.jpg,2,fanta_can,table_left,draft_unreviewed
images/val/WIN_20261006_23_50_46_Pro_frame000161.jpg,3,green_apple,table_left,draft_unreviewed
images/val/WIN_20261006_23_50_46_Pro_frame000161.jpg,4,mug,table_left,draft_unreviewed
images/val/WIN_20261006_23_50_46_Pro_frame000161.jpg,5,peach,table_left,draft_unreviewed
images/val/WIN_20261006_23_50_46_Pro_frame000161.jpg,6,plate,table_left,draft_unreviewed
images/val/WIN_20261006_23_50_46_Pro_frame000162.jpg,0,apple,table_left,draft_unreviewed
images/val/WIN_20261006_23_50_46_Pro_frame000162.jpg,1,banana,table_left,draft_unreviewed
images/val/WIN_20261006_23_50_46_Pro_frame000162.jpg,2,fanta_can,table_left,draft_unreviewed
images/val/WIN_20261006_23_50_46_Pro_frame000162.jpg,3,green_apple,table_left,draft_unreviewed
images/val/WIN_20261006_23_50_46_Pro_frame000162.jpg,4,mug,table_left,draft_unreviewed
images/val/WIN_20261006_23_50_46_Pro_frame000162.jpg,5,peach,table_left,draft_unreviewed
images/val/WIN_20261006_23_50_46_Pro_frame000162.jpg,6,plate,table_left,draft_unreviewed
images/val/WIN_20261006_23_50_46_Pro_frame000163.jpg,0,apple,table_left,draft_unreviewed
images/val/WIN_20261006_23_50_46_Pro_frame000163.jpg,1,banana,table_left,draft_unreviewed
images/val/WIN_20261006_23_50_46_Pro_frame000163.jpg,2,fanta_can,table_left,draft_unreviewed
images/val/WIN_20261006_23_50_46_Pro_frame000163.jpg,3,green_apple,table_left,draft_unreviewed
images/val/WIN_20261006_23_50_46_Pro_frame000163.jpg,4,mug,table_left,draft_unreviewed
images/val/WIN_20261006_23_50_46_Pro_frame000163.jpg,5,peach,table_left,draft_unreviewed
images/val/WIN_20261006_23_50_46_Pro_frame000163.jpg,6,plate,table_left,draft_unreviewed
images/val/WIN_20261006_23_50_46_Pro_frame000164.jpg,0,apple,table_left,draft_unreviewed
images/val/WIN_20261006_23_50_46_Pro_frame000164.jpg,1,banana,table_left,draft_unreviewed
images/val/WIN_20261006_23_50_46_Pro_frame000164.jpg,2,fanta_can,table_left,draft_unreviewed
images/val/WIN_20261006_23_50_46_Pro_frame000164.jpg,3,green_apple,table_left,draft_unreviewed
images/val/WIN_20261006_23_50_46_Pro_frame000164.jpg,4,mug,table_left,draft_unreviewed
images/val/WIN_20261006_23_50_46_Pro_frame000164.jpg,5,peach,table_left,draft_unreviewed
images/val/WIN_20261006_23_50_46_Pro_frame000164.jpg,6,plate,table_left,draft_unreviewed
images/val/WIN_20261006_23_50_46_Pro_frame000165.jpg,0,apple,table_left,draft_unreviewed
images/val/WIN_20261006_23_50_46_Pro_frame000165.jpg,1,banana,table_left,draft_unreviewed
images/val/WIN_20261006_23_50_46_Pro_frame000165.jpg,2,fanta_can,table_left,draft_unreviewed
images/val/WIN_20261006_23_50_46_Pro_frame000165.jpg,3,green_apple,table_left,draft_unreviewed
images/val/WIN_20261006_23_50_46_Pro_frame000165.jpg,4,mug,table_left,draft_unreviewed
images/val/WIN_20261006_23_50_46_Pro_frame000165.jpg,5,peach,table_left,draft_unreviewed
images/val/WIN_20261006_23_50_46_Pro_frame000165.jpg,6,plate,table_left,draft_unreviewed
images/val/WIN_20261006_23_50_46_Pro_frame000166.jpg,0,apple,table_left,draft_unreviewed
images/val/WIN_20261006_23_50_46_Pro_frame000166.jpg,1,banana,table_left,draft_unreviewed
images/val/WIN_20261006_23_50_46_Pro_frame000166.jpg,2,fanta_can,table_left,draft_unreviewed
images/val/WIN_20261006_23_50_46_Pro_frame000166.jpg,3,green_apple,table_left,draft_unreviewed
images/val/WIN_20261006_23_50_46_Pro_frame000166.jpg,4,mug,table_left,draft_unreviewed
images/val/WIN_20261006_23_50_46_Pro_frame000166.jpg,5,peach,table_left,draft_unreviewed
images/val/WIN_20261006_23_50_46_Pro_frame000166.jpg,6,plate,table_left,draft_unreviewed
images/val/WIN_20261006_23_50_46_Pro_frame000167.jpg,0,apple,table_left,draft_unreviewed
images/val/WIN_20261006_23_50_46_Pro_frame000167.jpg,1,banana,table_left,draft_unreviewed
images/val/WIN_20261006_23_50_46_Pro_frame000167.jpg,2,fanta_can,table_left,draft_unreviewed
images/val/WIN_20261006_23_50_46_Pro_frame000167.jpg,3,green_apple,table_left,draft_unreviewed
images/val/WIN_20261006_23_50_46_Pro_frame000167.jpg,4,mug,table_left,draft_unreviewed
images/val/WIN_20261006_23_50_46_Pro_frame000167.jpg,5,peach,table_left,draft_unreviewed
images/val/WIN_20261006_23_50_46_Pro_frame000167.jpg,6,plate,table_left,draft_unreviewed
images/val/WIN_20261006_23_50_46_Pro_frame000168.jpg,0,apple,table_left,draft_unreviewed
images/val/WIN_20261006_23_50_46_Pro_frame000168.jpg,1,banana,table_left,draft_unreviewed
images/val/WIN_20261006_23_50_46_Pro_frame000168.jpg,2,fanta_can,table_left,draft_unreviewed
images/val/WIN_20261006_23_50_46_Pro_frame000168.jpg,3,green_apple,table_left,draft_unreviewed
images/val/WIN_20261006_23_50_46_Pro_frame000168.jpg,4,mug,table_left,draft_unreviewed
images/val/WIN_20261006_23_50_46_Pro_frame000168.jpg,5,peach,table_left,draft_unreviewed
images/val/WIN_20261006_23_50_46_Pro_frame000168.jpg,6,plate,table_left,draft_unreviewed
images/val/WIN_20261006_23_50_46_Pro_frame000169.jpg,0,apple,table_left,draft_unreviewed
images/val/WIN_20261006_23_50_46_Pro_frame000169.jpg,1,banana,table_left,draft_unreviewed
images/val/WIN_20261006_23_50_46_Pro_frame000169.jpg,2,fanta_can,table_left,draft_unreviewed
images/val/WIN_20261006_23_50_46_Pro_frame000169.jpg,3,green_apple,table_left,draft_unreviewed
images/val/WIN_20261006_23_50_46_Pro_frame000169.jpg,4,mug,table_left,draft_unreviewed
images/val/WIN_20261006_23_50_46_Pro_frame000169.jpg,5,peach,table_left,draft_unreviewed
images/val/WIN_20261006_23_50_46_Pro_frame000169.jpg,6,plate,table_left,draft_unreviewed
images/val/WIN_20261006_23_50_46_Pro_frame000170.jpg,0,apple,table_left,draft_unreviewed
images/val/WIN_20261006_23_50_46_Pro_frame000170.jpg,1,banana,table_left,draft_unreviewed
images/val/WIN_20261006_23_50_46_Pro_frame000170.jpg,2,fanta_can,table_left,draft_unreviewed
images/val/WIN_20261006_23_50_46_Pro_frame000170.jpg,3,green_apple,table_left,draft_unreviewed
images/val/WIN_20261006_23_50_46_Pro_frame000170.jpg,4,mug,table_left,draft_unreviewed
images/val/WIN_20261006_23_50_46_Pro_frame000170.jpg,5,peach,table_left,draft_unreviewed
images/val/WIN_20261006_23_50_46_Pro_frame000170.jpg,6,plate,table_left,draft_unreviewed
images/val/WIN_20261006_23_50_46_Pro_frame000171.jpg,0,apple,table_left,draft_unreviewed
images/val/WIN_20261006_23_50_46_Pro_frame000171.jpg,1,banana,table_left,draft_unreviewed
images/val/WIN_20261006_23_50_46_Pro_frame000171.jpg,2,fanta_can,table_left,draft_unreviewed
images/val/WIN_20261006_23_50_46_Pro_frame000171.jpg,3,green_apple,table_left,draft_unreviewed
images/val/WIN_20261006_23_50_46_Pro_frame000171.jpg,4,mug,table_left,draft_unreviewed
images/val/WIN_20261006_23_50_46_Pro_frame000171.jpg,5,peach,table_left,draft_unreviewed
images/val/WIN_20261006_23_50_46_Pro_frame000171.jpg,6,plate,table_left,draft_unreviewed
images/val/WIN_20261006_23_50_46_Pro_frame000172.jpg,0,apple,table_left,draft_unreviewed
images/val/WIN_20261006_23_50_46_Pro_frame000172.jpg,1,banana,table_left,draft_unreviewed
images/val/WIN_20261006_23_50_46_Pro_frame000172.jpg,2,fanta_can,table_left,draft_unreviewed
images/val/WIN_20261006_23_50_46_Pro_frame000172.jpg,3,green_apple,table_left,draft_unreviewed
images/val/WIN_20261006_23_50_46_Pro_frame000172.jpg,4,mug,table_left,draft_unreviewed
images/val/WIN_20261006_23_50_46_Pro_frame000172.jpg,5,peach,table_left,draft_unreviewed
images/val/WIN_20261006_23_50_46_Pro_frame000172.jpg,6,plate,table_left,draft_unreviewed
images/val/WIN_20261006_23_50_46_Pro_frame000173.jpg,0,apple,table_left,draft_unreviewed
images/val/WIN_20261006_23_50_46_Pro_frame000173.jpg,1,banana,table_left,draft_unreviewed
images/val/WIN_20261006_23_50_46_Pro_frame000173.jpg,2,fanta_can,table_left,draft_unreviewed
images/val/WIN_20261006_23_50_46_Pro_frame000173.jpg,3,green_apple,table_left,draft_unreviewed
images/val/WIN_20261006_23_50_46_Pro_frame000173.jpg,4,mug,table_left,draft_unreviewed
images/val/WIN_20261006_23_50_46_Pro_frame000173.jpg,5,peach,table_left,draft_unreviewed
images/val/WIN_20261006_23_50_46_Pro_frame000173.jpg,6,plate,table_left,draft_unreviewed
images/val/WIN_20261006_23_50_46_Pro_frame000174.jpg,0,apple,table_left,draft_unreviewed
images/val/WIN_20261006_23_50_46_Pro_frame000174.jpg,1,banana,table_left,draft_unreviewed
images/val/WIN_20261006_23_50_46_Pro_frame000174.jpg,2,fanta_can,table_left,draft_unreviewed
images/val/WIN_20261006_23_50_46_Pro_frame000174.jpg,3,green_apple,table_left,draft_unreviewed
images/val/WIN_20261006_23_50_46_Pro_frame000174.jpg,4,mug,table_left,draft_unreviewed
images/val/WIN_20261006_23_50_46_Pro_frame000174.jpg,5,peach,table_left,draft_unreviewed
images/val/WIN_20261006_23_50_46_Pro_frame000174.jpg,6,plate,table_left,draft_unreviewed
images/train/WIN_20261006_23_51_34_Pro_frame000000.jpg,0,apple,table_right,draft_unreviewed
images/train/WIN_20261006_23_51_34_Pro_frame000000.jpg,1,banana,table_right,draft_unreviewed
images/train/WIN_20261006_23_51_34_Pro_frame000000.jpg,2,fanta_can,table_right,draft_unreviewed
images/train/WIN_20261006_23_51_34_Pro_frame000000.jpg,3,green_apple,table_right,draft_unreviewed
images/train/WIN_20261006_23_51_34_Pro_frame000000.jpg,4,mug,table_right,draft_unreviewed
images/train/WIN_20261006_23_51_34_Pro_frame000000.jpg,5,peach,table_right,draft_unreviewed
images/train/WIN_20261006_23_51_34_Pro_frame000000.jpg,6,plate,table_right,draft_unreviewed
images/train/WIN_20261006_23_51_34_Pro_frame000001.jpg,0,apple,table_right,draft_unreviewed
images/train/WIN_20261006_23_51_34_Pro_frame000001.jpg,1,banana,table_right,draft_unreviewed
images/train/WIN_20261006_23_51_34_Pro_frame000001.jpg,2,fanta_can,table_right,draft_unreviewed
images/train/WIN_20261006_23_51_34_Pro_frame000001.jpg,3,green_apple,table_right,draft_unreviewed
images/train/WIN_20261006_23_51_34_Pro_frame000001.jpg,4,mug,table_right,draft_unreviewed
images/train/WIN_20261006_23_51_34_Pro_frame000001.jpg,5,peach,table_right,draft_unreviewed
images/train/WIN_20261006_23_51_34_Pro_frame000001.jpg,6,plate,table_right,draft_unreviewed
images/train/WIN_20261006_23_51_34_Pro_frame000002.jpg,0,apple,table_right,draft_unreviewed
images/train/WIN_20261006_23_51_34_Pro_frame000002.jpg,1,banana,table_right,draft_unreviewed
images/train/WIN_20261006_23_51_34_Pro_frame000002.jpg,2,fanta_can,table_right,draft_unreviewed
images/train/WIN_20261006_23_51_34_Pro_frame000002.jpg,3,green_apple,table_right,draft_unreviewed
images/train/WIN_20261006_23_51_34_Pro_frame000002.jpg,4,mug,table_right,draft_unreviewed
images/train/WIN_20261006_23_51_34_Pro_frame000002.jpg,5,peach,table_right,draft_unreviewed
images/train/WIN_20261006_23_51_34_Pro_frame000002.jpg,6,plate,table_right,draft_unreviewed
images/train/WIN_20261006_23_51_34_Pro_frame000003.jpg,0,apple,table_right,draft_unreviewed
images/train/WIN_20261006_23_51_34_Pro_frame000003.jpg,1,banana,table_right,draft_unreviewed
images/train/WIN_20261006_23_51_34_Pro_frame000003.jpg,2,fanta_can,table_right,draft_unreviewed
images/train/WIN_20261006_23_51_34_Pro_frame000003.jpg,3,green_apple,table_right,draft_unreviewed
images/train/WIN_20261006_23_51_34_Pro_frame000003.jpg,4,mug,table_right,draft_unreviewed
images/train/WIN_20261006_23_51_34_Pro_frame000003.jpg,5,peach,table_right,draft_unreviewed
images/train/WIN_20261006_23_51_34_Pro_frame000003.jpg,6,plate,table_right,draft_unreviewed
images/train/WIN_20261006_23_51_34_Pro_frame000004.jpg,0,apple,table_right,draft_unreviewed
images/train/WIN_20261006_23_51_34_Pro_frame000004.jpg,1,banana,table_right,draft_unreviewed
images/train/WIN_20261006_23_51_34_Pro_frame000004.jpg,2,fanta_can,table_right,draft_unreviewed
images/train/WIN_20261006_23_51_34_Pro_frame000004.jpg,3,green_apple,table_right,draft_unreviewed
images/train/WIN_20261006_23_51_34_Pro_frame000004.jpg,4,mug,table_right,draft_unreviewed
images/train/WIN_20261006_23_51_34_Pro_frame000004.jpg,5,peach,table_right,draft_unreviewed
images/train/WIN_20261006_23_51_34_Pro_frame000004.jpg,6,plate,table_right,draft_unreviewed
images/train/WIN_20261006_23_51_34_Pro_frame000005.jpg,0,apple,table_right,draft_unreviewed
images/train/WIN_20261006_23_51_34_Pro_frame000005.jpg,1,banana,table_right,draft_unreviewed
images/train/WIN_20261006_23_51_34_Pro_frame000005.jpg,2,fanta_can,table_right,draft_unreviewed
images/train/WIN_20261006_23_51_34_Pro_frame000005.jpg,3,green_apple,table_right,draft_unreviewed
images/train/WIN_20261006_23_51_34_Pro_frame000005.jpg,4,mug,table_right,draft_unreviewed
images/train/WIN_20261006_23_51_34_Pro_frame000005.jpg,5,peach,table_right,draft_unreviewed
images/train/WIN_20261006_23_51_34_Pro_frame000005.jpg,6,plate,table_right,draft_unreviewed
images/train/WIN_20261006_23_51_34_Pro_frame000006.jpg,0,apple,table_right,draft_unreviewed
images/train/WIN_20261006_23_51_34_Pro_frame000006.jpg,1,banana,table_right,draft_unreviewed
images/train/WIN_20261006_23_51_34_Pro_frame000006.jpg,2,fanta_can,table_right,draft_unreviewed
images/train/WIN_20261006_23_51_34_Pro_frame000006.jpg,3,green_apple,table_right,draft_unreviewed
images/train/WIN_20261006_23_51_34_Pro_frame000006.jpg,4,mug,table_right,draft_unreviewed
images/train/WIN_20261006_23_51_34_Pro_frame000006.jpg,5,peach,table_right,draft_unreviewed
images/train/WIN_20261006_23_51_34_Pro_frame000006.jpg,6,plate,table_right,draft_unreviewed
images/train/WIN_20261006_23_51_34_Pro_frame000007.jpg,0,apple,table_right,draft_unreviewed
images/train/WIN_20261006_23_51_34_Pro_frame000007.jpg,1,banana,table_right,draft_unreviewed
images/train/WIN_20261006_23_51_34_Pro_frame000007.jpg,2,fanta_can,table_right,draft_unreviewed
images/train/WIN_20261006_23_51_34_Pro_frame000007.jpg,3,green_apple,table_right,draft_unreviewed
images/train/WIN_20261006_23_51_34_Pro_frame000007.jpg,4,mug,table_right,draft_unreviewed
images/train/WIN_20261006_23_51_34_Pro_frame000007.jpg,5,peach,table_right,draft_unreviewed
images/train/WIN_20261006_23_51_34_Pro_frame000007.jpg,6,plate,table_right,draft_unreviewed
images/train/WIN_20261006_23_51_34_Pro_frame000008.jpg,0,apple,table_right,draft_unreviewed
images/train/WIN_20261006_23_51_34_Pro_frame000008.jpg,1,banana,table_right,draft_unreviewed
images/train/WIN_20261006_23_51_34_Pro_frame000008.jpg,2,fanta_can,table_right,draft_unreviewed
images/train/WIN_20261006_23_51_34_Pro_frame000008.jpg,3,green_apple,table_right,draft_unreviewed
images/train/WIN_20261006_23_51_34_Pro_frame000008.jpg,4,mug,table_right,draft_unreviewed
images/train/WIN_20261006_23_51_34_Pro_frame000008.jpg,5,peach,table_right,draft_unreviewed
images/train/WIN_20261006_23_51_34_Pro_frame000008.jpg,6,plate,table_right,draft_unreviewed
images/train/WIN_20261006_23_51_34_Pro_frame000009.jpg,0,apple,table_right,draft_unreviewed
images/train/WIN_20261006_23_51_34_Pro_frame000009.jpg,1,banana,table_right,draft_unreviewed
images/train/WIN_20261006_23_51_34_Pro_frame000009.jpg,2,fanta_can,table_right,draft_unreviewed
images/train/WIN_20261006_23_51_34_Pro_frame000009.jpg,3,green_apple,table_right,draft_unreviewed
images/train/WIN_20261006_23_51_34_Pro_frame000009.jpg,4,mug,table_right,draft_unreviewed
images/train/WIN_20261006_23_51_34_Pro_frame000009.jpg,5,peach,table_right,draft_unreviewed
images/train/WIN_20261006_23_51_34_Pro_frame000009.jpg,6,plate,table_right,draft_unreviewed
images/train/WIN_20261006_23_51_34_Pro_frame000010.jpg,0,apple,table_right,draft_unreviewed
images/train/WIN_20261006_23_51_34_Pro_frame000010.jpg,1,banana,table_right,draft_unreviewed
images/train/WIN_20261006_23_51_34_Pro_frame000010.jpg,2,fanta_can,table_right,draft_unreviewed
images/train/WIN_20261006_23_51_34_Pro_frame000010.jpg,3,green_apple,table_right,draft_unreviewed
images/train/WIN_20261006_23_51_34_Pro_frame000010.jpg,4,mug,table_right,draft_unreviewed
images/train/WIN_20261006_23_51_34_Pro_frame000010.jpg,5,peach,table_right,draft_unreviewed
images/train/WIN_20261006_23_51_34_Pro_frame000010.jpg,6,plate,table_right,draft_unreviewed
images/train/WIN_20261006_23_51_34_Pro_frame000011.jpg,0,apple,table_right,draft_unreviewed
images/train/WIN_20261006_23_51_34_Pro_frame000011.jpg,1,banana,table_right,draft_unreviewed
images/train/WIN_20261006_23_51_34_Pro_frame000011.jpg,2,fanta_can,table_right,draft_unreviewed
images/train/WIN_20261006_23_51_34_Pro_frame000011.jpg,3,green_apple,table_right,draft_unreviewed
images/train/WIN_20261006_23_51_34_Pro_frame000011.jpg,4,mug,table_right,draft_unreviewed
images/train/WIN_20261006_23_51_34_Pro_frame000011.jpg,5,peach,table_right,draft_unreviewed
images/train/WIN_20261006_23_51_34_Pro_frame000011.jpg,6,plate,table_right,draft_unreviewed
images/train/WIN_20261006_23_51_34_Pro_frame000012.jpg,0,apple,table_right,draft_unreviewed
images/train/WIN_20261006_23_51_34_Pro_frame000012.jpg,1,banana,table_right,draft_unreviewed
images/train/WIN_20261006_23_51_34_Pro_frame000012.jpg,2,fanta_can,table_right,draft_unreviewed
images/train/WIN_20261006_23_51_34_Pro_frame000012.jpg,3,green_apple,table_right,draft_unreviewed
images/train/WIN_20261006_23_51_34_Pro_frame000012.jpg,4,mug,table_right,draft_unreviewed
images/train/WIN_20261006_23_51_34_Pro_frame000012.jpg,5,peach,table_right,draft_unreviewed
images/train/WIN_20261006_23_51_34_Pro_frame000012.jpg,6,plate,table_right,draft_unreviewed
images/train/WIN_20261006_23_51_34_Pro_frame000013.jpg,0,apple,table_right,draft_unreviewed
images/train/WIN_20261006_23_51_34_Pro_frame000013.jpg,1,banana,table_right,draft_unreviewed
images/train/WIN_20261006_23_51_34_Pro_frame000013.jpg,2,fanta_can,table_right,draft_unreviewed
images/train/WIN_20261006_23_51_34_Pro_frame000013.jpg,3,green_apple,table_right,draft_unreviewed
images/train/WIN_20261006_23_51_34_Pro_frame000013.jpg,4,mug,table_right,draft_unreviewed
images/train/WIN_20261006_23_51_34_Pro_frame000013.jpg,5,peach,table_right,draft_unreviewed
images/train/WIN_20261006_23_51_34_Pro_frame000013.jpg,6,plate,table_right,draft_unreviewed
images/train/WIN_20261006_23_51_34_Pro_frame000014.jpg,0,apple,table_right,draft_unreviewed
images/train/WIN_20261006_23_51_34_Pro_frame000014.jpg,1,banana,table_right,draft_unreviewed
images/train/WIN_20261006_23_51_34_Pro_frame000014.jpg,2,fanta_can,table_right,draft_unreviewed
images/train/WIN_20261006_23_51_34_Pro_frame000014.jpg,3,green_apple,table_right,draft_unreviewed
images/train/WIN_20261006_23_51_34_Pro_frame000014.jpg,4,mug,table_right,draft_unreviewed
images/train/WIN_20261006_23_51_34_Pro_frame000014.jpg,5,peach,table_right,draft_unreviewed
images/train/WIN_20261006_23_51_34_Pro_frame000014.jpg,6,plate,table_right,draft_unreviewed
images/train/WIN_20261006_23_51_34_Pro_frame000015.jpg,0,apple,table_right,draft_unreviewed
images/train/WIN_20261006_23_51_34_Pro_frame000015.jpg,1,banana,table_right,draft_unreviewed
images/train/WIN_20261006_23_51_34_Pro_frame000015.jpg,2,fanta_can,table_right,draft_unreviewed
images/train/WIN_20261006_23_51_34_Pro_frame000015.jpg,3,green_apple,table_right,draft_unreviewed
images/train/WIN_20261006_23_51_34_Pro_frame000015.jpg,4,mug,table_right,draft_unreviewed
images/train/WIN_20261006_23_51_34_Pro_frame000015.jpg,5,peach,table_right,draft_unreviewed
images/train/WIN_20261006_23_51_34_Pro_frame000015.jpg,6,plate,table_right,draft_unreviewed
images/train/WIN_20261006_23_51_34_Pro_frame000016.jpg,0,apple,table_right,draft_unreviewed
images/train/WIN_20261006_23_51_34_Pro_frame000016.jpg,1,banana,table_right,draft_unreviewed
images/train/WIN_20261006_23_51_34_Pro_frame000016.jpg,2,fanta_can,table_right,draft_unreviewed
images/train/WIN_20261006_23_51_34_Pro_frame000016.jpg,3,green_apple,table_right,draft_unreviewed
images/train/WIN_20261006_23_51_34_Pro_frame000016.jpg,4,mug,table_right,draft_unreviewed
images/train/WIN_20261006_23_51_34_Pro_frame000016.jpg,5,peach,table_right,draft_unreviewed
images/train/WIN_20261006_23_51_34_Pro_frame000016.jpg,6,plate,table_right,draft_unreviewed
images/train/WIN_20261006_23_51_34_Pro_frame000017.jpg,0,apple,table_right,draft_unreviewed
images/train/WIN_20261006_23_51_34_Pro_frame000017.jpg,1,banana,table_right,draft_unreviewed
images/train/WIN_20261006_23_51_34_Pro_frame000017.jpg,2,fanta_can,table_right,draft_unreviewed
images/train/WIN_20261006_23_51_34_Pro_frame000017.jpg,3,green_apple,table_right,draft_unreviewed
images/train/WIN_20261006_23_51_34_Pro_frame000017.jpg,4,mug,table_right,draft_unreviewed
images/train/WIN_20261006_23_51_34_Pro_frame000017.jpg,5,peach,table_right,draft_unreviewed
images/train/WIN_20261006_23_51_34_Pro_frame000017.jpg,6,plate,table_right,draft_unreviewed
images/train/WIN_20261006_23_51_34_Pro_frame000018.jpg,0,apple,table_right,draft_unreviewed
images/train/WIN_20261006_23_51_34_Pro_frame000018.jpg,1,banana,table_right,draft_unreviewed
images/train/WIN_20261006_23_51_34_Pro_frame000018.jpg,2,fanta_can,table_right,draft_unreviewed
images/train/WIN_20261006_23_51_34_Pro_frame000018.jpg,3,green_apple,table_right,draft_unreviewed
images/train/WIN_20261006_23_51_34_Pro_frame000018.jpg,4,mug,table_right,draft_unreviewed
images/train/WIN_20261006_23_51_34_Pro_frame000018.jpg,5,peach,table_right,draft_unreviewed
images/train/WIN_20261006_23_51_34_Pro_frame000018.jpg,6,plate,table_right,draft_unreviewed
images/train/WIN_20261006_23_51_34_Pro_frame000019.jpg,0,apple,table_right,draft_unreviewed
images/train/WIN_20261006_23_51_34_Pro_frame000019.jpg,1,banana,table_right,draft_unreviewed
images/train/WIN_20261006_23_51_34_Pro_frame000019.jpg,2,fanta_can,table_right,draft_unreviewed
images/train/WIN_20261006_23_51_34_Pro_frame000019.jpg,3,green_apple,table_right,draft_unreviewed
images/train/WIN_20261006_23_51_34_Pro_frame000019.jpg,4,mug,table_right,draft_unreviewed
images/train/WIN_20261006_23_51_34_Pro_frame000019.jpg,5,peach,table_right,draft_unreviewed
images/train/WIN_20261006_23_51_34_Pro_frame000019.jpg,6,plate,table_right,draft_unreviewed
images/train/WIN_20261006_23_51_34_Pro_frame000020.jpg,0,apple,table_right,draft_unreviewed
images/train/WIN_20261006_23_51_34_Pro_frame000020.jpg,1,banana,table_right,draft_unreviewed
images/train/WIN_20261006_23_51_34_Pro_frame000020.jpg,2,fanta_can,table_right,draft_unreviewed
images/train/WIN_20261006_23_51_34_Pro_frame000020.jpg,3,green_apple,table_right,draft_unreviewed
images/train/WIN_20261006_23_51_34_Pro_frame000020.jpg,4,mug,table_right,draft_unreviewed
images/train/WIN_20261006_23_51_34_Pro_frame000020.jpg,5,peach,table_right,draft_unreviewed
images/train/WIN_20261006_23_51_34_Pro_frame000020.jpg,6,plate,table_right,draft_unreviewed
images/train/WIN_20261006_23_51_34_Pro_frame000021.jpg,0,apple,table_right,draft_unreviewed
images/train/WIN_20261006_23_51_34_Pro_frame000021.jpg,1,banana,table_right,draft_unreviewed
images/train/WIN_20261006_23_51_34_Pro_frame000021.jpg,2,fanta_can,table_right,draft_unreviewed
images/train/WIN_20261006_23_51_34_Pro_frame000021.jpg,3,green_apple,table_right,draft_unreviewed
images/train/WIN_20261006_23_51_34_Pro_frame000021.jpg,4,mug,table_right,draft_unreviewed
images/train/WIN_20261006_23_51_34_Pro_frame000021.jpg,5,peach,table_right,draft_unreviewed
images/train/WIN_20261006_23_51_34_Pro_frame000021.jpg,6,plate,table_right,draft_unreviewed
images/train/WIN_20261006_23_51_34_Pro_frame000022.jpg,0,apple,table_right,draft_unreviewed
images/train/WIN_20261006_23_51_34_Pro_frame000022.jpg,1,banana,table_right,draft_unreviewed
images/train/WIN_20261006_23_51_34_Pro_frame000022.jpg,2,fanta_can,table_right,draft_unreviewed
images/train/WIN_20261006_23_51_34_Pro_frame000022.jpg,3,green_apple,table_right,draft_unreviewed
images/train/WIN_20261006_23_51_34_Pro_frame000022.jpg,4,mug,table_right,draft_unreviewed
images/train/WIN_20261006_23_51_34_Pro_frame000022.jpg,5,peach,table_right,draft_unreviewed
images/train/WIN_20261006_23_51_34_Pro_frame000022.jpg,6,plate,table_right,draft_unreviewed
images/train/WIN_20261006_23_51_34_Pro_frame000023.jpg,0,apple,table_right,draft_unreviewed
images/train/WIN_20261006_23_51_34_Pro_frame000023.jpg,1,banana,table_right,draft_unreviewed
images/train/WIN_20261006_23_51_34_Pro_frame000023.jpg,2,fanta_can,table_right,draft_unreviewed
images/train/WIN_20261006_23_51_34_Pro_frame000023.jpg,3,green_apple,table_right,draft_unreviewed
images/train/WIN_20261006_23_51_34_Pro_frame000023.jpg,4,mug,table_right,draft_unreviewed
images/train/WIN_20261006_23_51_34_Pro_frame000023.jpg,5,peach,table_right,draft_unreviewed
images/train/WIN_20261006_23_51_34_Pro_frame000023.jpg,6,plate,table_right,draft_unreviewed
images/train/WIN_20261006_23_51_34_Pro_frame000024.jpg,0,apple,table_right,draft_unreviewed
images/train/WIN_20261006_23_51_34_Pro_frame000024.jpg,1,banana,table_right,draft_unreviewed
images/train/WIN_20261006_23_51_34_Pro_frame000024.jpg,2,fanta_can,table_right,draft_unreviewed
images/train/WIN_20261006_23_51_34_Pro_frame000024.jpg,3,green_apple,table_right,draft_unreviewed
images/train/WIN_20261006_23_51_34_Pro_frame000024.jpg,4,mug,table_right,draft_unreviewed
images/train/WIN_20261006_23_51_34_Pro_frame000024.jpg,5,peach,table_right,draft_unreviewed
images/train/WIN_20261006_23_51_34_Pro_frame000024.jpg,6,plate,table_right,draft_unreviewed
images/train/WIN_20261006_23_51_34_Pro_frame000025.jpg,0,apple,table_right,draft_unreviewed
images/train/WIN_20261006_23_51_34_Pro_frame000025.jpg,1,banana,table_right,draft_unreviewed
images/train/WIN_20261006_23_51_34_Pro_frame000025.jpg,2,fanta_can,table_right,draft_unreviewed
images/train/WIN_20261006_23_51_34_Pro_frame000025.jpg,3,green_apple,table_right,draft_unreviewed
images/train/WIN_20261006_23_51_34_Pro_frame000025.jpg,4,mug,table_right,draft_unreviewed
images/train/WIN_20261006_23_51_34_Pro_frame000025.jpg,5,peach,table_right,draft_unreviewed
images/train/WIN_20261006_23_51_34_Pro_frame000025.jpg,6,plate,table_right,draft_unreviewed
images/train/WIN_20261006_23_51_34_Pro_frame000026.jpg,0,apple,table_right,draft_unreviewed
images/train/WIN_20261006_23_51_34_Pro_frame000026.jpg,1,banana,table_right,draft_unreviewed
images/train/WIN_20261006_23_51_34_Pro_frame000026.jpg,2,fanta_can,table_right,draft_unreviewed
images/train/WIN_20261006_23_51_34_Pro_frame000026.jpg,3,green_apple,table_right,draft_unreviewed
images/train/WIN_20261006_23_51_34_Pro_frame000026.jpg,4,mug,table_right,draft_unreviewed
images/train/WIN_20261006_23_51_34_Pro_frame000026.jpg,5,peach,table_right,draft_unreviewed
images/train/WIN_20261006_23_51_34_Pro_frame000026.jpg,6,plate,table_right,draft_unreviewed
images/train/WIN_20261006_23_51_34_Pro_frame000027.jpg,0,apple,table_right,draft_unreviewed
images/train/WIN_20261006_23_51_34_Pro_frame000027.jpg,1,banana,table_right,draft_unreviewed
images/train/WIN_20261006_23_51_34_Pro_frame000027.jpg,2,fanta_can,table_right,draft_unreviewed
images/train/WIN_20261006_23_51_34_Pro_frame000027.jpg,3,green_apple,table_right,draft_unreviewed
images/train/WIN_20261006_23_51_34_Pro_frame000027.jpg,4,mug,table_right,draft_unreviewed
images/train/WIN_20261006_23_51_34_Pro_frame000027.jpg,5,peach,table_right,draft_unreviewed
images/train/WIN_20261006_23_51_34_Pro_frame000027.jpg,6,plate,table_right,draft_unreviewed
images/train/WIN_20261006_23_51_34_Pro_frame000028.jpg,0,apple,table_right,draft_unreviewed
images/train/WIN_20261006_23_51_34_Pro_frame000028.jpg,1,banana,table_right,draft_unreviewed
images/train/WIN_20261006_23_51_34_Pro_frame000028.jpg,2,fanta_can,table_right,draft_unreviewed
images/train/WIN_20261006_23_51_34_Pro_frame000028.jpg,3,green_apple,table_right,draft_unreviewed
images/train/WIN_20261006_23_51_34_Pro_frame000028.jpg,4,mug,table_right,draft_unreviewed
images/train/WIN_20261006_23_51_34_Pro_frame000028.jpg,5,peach,table_right,draft_unreviewed
images/train/WIN_20261006_23_51_34_Pro_frame000028.jpg,6,plate,table_right,draft_unreviewed
images/train/WIN_20261006_23_51_34_Pro_frame000029.jpg,0,apple,table_right,draft_unreviewed
images/train/WIN_20261006_23_51_34_Pro_frame000029.jpg,1,banana,table_right,draft_unreviewed
images/train/WIN_20261006_23_51_34_Pro_frame000029.jpg,2,fanta_can,table_right,draft_unreviewed
images/train/WIN_20261006_23_51_34_Pro_frame000029.jpg,3,green_apple,table_right,draft_unreviewed
images/train/WIN_20261006_23_51_34_Pro_frame000029.jpg,4,mug,table_right,draft_unreviewed
images/train/WIN_20261006_23_51_34_Pro_frame000029.jpg,5,peach,table_right,draft_unreviewed
images/train/WIN_20261006_23_51_34_Pro_frame000029.jpg,6,plate,table_right,draft_unreviewed
images/train/WIN_20261006_23_51_34_Pro_frame000030.jpg,0,apple,table_right,draft_unreviewed
images/train/WIN_20261006_23_51_34_Pro_frame000030.jpg,1,banana,table_right,draft_unreviewed
images/train/WIN_20261006_23_51_34_Pro_frame000030.jpg,2,fanta_can,table_right,draft_unreviewed
images/train/WIN_20261006_23_51_34_Pro_frame000030.jpg,3,green_apple,table_right,draft_unreviewed
images/train/WIN_20261006_23_51_34_Pro_frame000030.jpg,4,mug,table_right,draft_unreviewed
images/train/WIN_20261006_23_51_34_Pro_frame000030.jpg,5,peach,table_right,draft_unreviewed
images/train/WIN_20261006_23_51_34_Pro_frame000030.jpg,6,plate,table_right,draft_unreviewed
images/train/WIN_20261006_23_51_34_Pro_frame000031.jpg,0,apple,table_right,draft_unreviewed
images/train/WIN_20261006_23_51_34_Pro_frame000031.jpg,1,banana,table_right,draft_unreviewed
images/train/WIN_20261006_23_51_34_Pro_frame000031.jpg,2,fanta_can,table_right,draft_unreviewed
images/train/WIN_20261006_23_51_34_Pro_frame000031.jpg,3,green_apple,table_right,draft_unreviewed
images/train/WIN_20261006_23_51_34_Pro_frame000031.jpg,4,mug,table_right,draft_unreviewed
images/train/WIN_20261006_23_51_34_Pro_frame000031.jpg,5,peach,table_right,draft_unreviewed
images/train/WIN_20261006_23_51_34_Pro_frame000031.jpg,6,plate,table_right,draft_unreviewed
images/train/WIN_20261006_23_51_34_Pro_frame000032.jpg,0,apple,table_right,draft_unreviewed
images/train/WIN_20261006_23_51_34_Pro_frame000032.jpg,1,banana,table_right,draft_unreviewed
images/train/WIN_20261006_23_51_34_Pro_frame000032.jpg,2,fanta_can,table_right,draft_unreviewed
images/train/WIN_20261006_23_51_34_Pro_frame000032.jpg,3,green_apple,table_right,draft_unreviewed
images/train/WIN_20261006_23_51_34_Pro_frame000032.jpg,4,mug,table_right,draft_unreviewed
images/train/WIN_20261006_23_51_34_Pro_frame000032.jpg,5,peach,table_right,draft_unreviewed
images/train/WIN_20261006_23_51_34_Pro_frame000032.jpg,6,plate,table_right,draft_unreviewed
images/train/WIN_20261006_23_51_34_Pro_frame000033.jpg,0,apple,table_right,draft_unreviewed
images/train/WIN_20261006_23_51_34_Pro_frame000033.jpg,1,banana,table_right,draft_unreviewed
images/train/WIN_20261006_23_51_34_Pro_frame000033.jpg,2,fanta_can,table_right,draft_unreviewed
images/train/WIN_20261006_23_51_34_Pro_frame000033.jpg,3,green_apple,table_right,draft_unreviewed
images/train/WIN_20261006_23_51_34_Pro_frame000033.jpg,4,mug,table_right,draft_unreviewed
images/train/WIN_20261006_23_51_34_Pro_frame000033.jpg,5,peach,table_right,draft_unreviewed
images/train/WIN_20261006_23_51_34_Pro_frame000033.jpg,6,plate,table_right,draft_unreviewed
images/train/WIN_20261006_23_51_34_Pro_frame000034.jpg,0,apple,table_right,draft_unreviewed
images/train/WIN_20261006_23_51_34_Pro_frame000034.jpg,1,banana,table_right,draft_unreviewed
images/train/WIN_20261006_23_51_34_Pro_frame000034.jpg,2,fanta_can,table_right,draft_unreviewed
images/train/WIN_20261006_23_51_34_Pro_frame000034.jpg,3,green_apple,table_right,draft_unreviewed
images/train/WIN_20261006_23_51_34_Pro_frame000034.jpg,4,mug,table_right,draft_unreviewed
images/train/WIN_20261006_23_51_34_Pro_frame000034.jpg,5,peach,table_right,draft_unreviewed
images/train/WIN_20261006_23_51_34_Pro_frame000034.jpg,6,plate,table_right,draft_unreviewed
images/train/WIN_20261006_23_51_34_Pro_frame000035.jpg,0,apple,table_right,draft_unreviewed
images/train/WIN_20261006_23_51_34_Pro_frame000035.jpg,1,banana,table_right,draft_unreviewed
images/train/WIN_20261006_23_51_34_Pro_frame000035.jpg,2,fanta_can,table_right,draft_unreviewed
images/train/WIN_20261006_23_51_34_Pro_frame000035.jpg,3,green_apple,table_right,draft_unreviewed
images/train/WIN_20261006_23_51_34_Pro_frame000035.jpg,4,mug,table_right,draft_unreviewed
images/train/WIN_20261006_23_51_34_Pro_frame000035.jpg,5,peach,table_right,draft_unreviewed
images/train/WIN_20261006_23_51_34_Pro_frame000035.jpg,6,plate,table_right,draft_unreviewed
images/train/WIN_20261006_23_51_34_Pro_frame000036.jpg,0,apple,table_right,draft_unreviewed
images/train/WIN_20261006_23_51_34_Pro_frame000036.jpg,1,banana,table_right,draft_unreviewed
images/train/WIN_20261006_23_51_34_Pro_frame000036.jpg,2,fanta_can,table_right,draft_unreviewed
images/train/WIN_20261006_23_51_34_Pro_frame000036.jpg,3,green_apple,table_right,draft_unreviewed
images/train/WIN_20261006_23_51_34_Pro_frame000036.jpg,4,mug,table_right,draft_unreviewed
images/train/WIN_20261006_23_51_34_Pro_frame000036.jpg,5,peach,table_right,draft_unreviewed
images/train/WIN_20261006_23_51_34_Pro_frame000036.jpg,6,plate,table_right,draft_unreviewed
images/train/WIN_20261006_23_51_34_Pro_frame000037.jpg,0,apple,table_right,draft_unreviewed
images/train/WIN_20261006_23_51_34_Pro_frame000037.jpg,1,banana,table_right,draft_unreviewed
images/train/WIN_20261006_23_51_34_Pro_frame000037.jpg,2,fanta_can,table_right,draft_unreviewed
images/train/WIN_20261006_23_51_34_Pro_frame000037.jpg,3,green_apple,table_right,draft_unreviewed
images/train/WIN_20261006_23_51_34_Pro_frame000037.jpg,4,mug,table_right,draft_unreviewed
images/train/WIN_20261006_23_51_34_Pro_frame000037.jpg,5,peach,table_right,draft_unreviewed
images/train/WIN_20261006_23_51_34_Pro_frame000037.jpg,6,plate,table_right,draft_unreviewed
images/train/WIN_20261006_23_51_34_Pro_frame000038.jpg,0,apple,table_right,draft_unreviewed
images/train/WIN_20261006_23_51_34_Pro_frame000038.jpg,1,banana,table_right,draft_unreviewed
images/train/WIN_20261006_23_51_34_Pro_frame000038.jpg,2,fanta_can,table_right,draft_unreviewed
images/train/WIN_20261006_23_51_34_Pro_frame000038.jpg,3,green_apple,table_right,draft_unreviewed
images/train/WIN_20261006_23_51_34_Pro_frame000038.jpg,4,mug,table_right,draft_unreviewed
images/train/WIN_20261006_23_51_34_Pro_frame000038.jpg,5,peach,table_right,draft_unreviewed
images/train/WIN_20261006_23_51_34_Pro_frame000038.jpg,6,plate,table_right,draft_unreviewed
images/train/WIN_20261006_23_51_34_Pro_frame000039.jpg,0,apple,table_right,draft_unreviewed
images/train/WIN_20261006_23_51_34_Pro_frame000039.jpg,1,banana,table_right,draft_unreviewed
images/train/WIN_20261006_23_51_34_Pro_frame000039.jpg,2,fanta_can,table_right,draft_unreviewed
images/train/WIN_20261006_23_51_34_Pro_frame000039.jpg,3,green_apple,table_right,draft_unreviewed
images/train/WIN_20261006_23_51_34_Pro_frame000039.jpg,4,mug,table_right,draft_unreviewed
images/train/WIN_20261006_23_51_34_Pro_frame000039.jpg,5,peach,table_right,draft_unreviewed
images/train/WIN_20261006_23_51_34_Pro_frame000039.jpg,6,plate,table_right,draft_unreviewed
images/train/WIN_20261006_23_51_34_Pro_frame000040.jpg,0,apple,table_right,draft_unreviewed
images/train/WIN_20261006_23_51_34_Pro_frame000040.jpg,1,banana,table_right,draft_unreviewed
images/train/WIN_20261006_23_51_34_Pro_frame000040.jpg,2,fanta_can,table_right,draft_unreviewed
images/train/WIN_20261006_23_51_34_Pro_frame000040.jpg,3,green_apple,table_right,draft_unreviewed
images/train/WIN_20261006_23_51_34_Pro_frame000040.jpg,4,mug,table_right,draft_unreviewed
images/train/WIN_20261006_23_51_34_Pro_frame000040.jpg,5,peach,table_right,draft_unreviewed
images/train/WIN_20261006_23_51_34_Pro_frame000040.jpg,6,plate,table_right,draft_unreviewed
images/train/WIN_20261006_23_51_34_Pro_frame000041.jpg,0,apple,table_right,draft_unreviewed
images/train/WIN_20261006_23_51_34_Pro_frame000041.jpg,1,banana,table_right,draft_unreviewed
images/train/WIN_20261006_23_51_34_Pro_frame000041.jpg,2,fanta_can,table_right,draft_unreviewed
images/train/WIN_20261006_23_51_34_Pro_frame000041.jpg,3,green_apple,table_right,draft_unreviewed
images/train/WIN_20261006_23_51_34_Pro_frame000041.jpg,4,mug,table_right,draft_unreviewed
images/train/WIN_20261006_23_51_34_Pro_frame000041.jpg,5,peach,table_right,draft_unreviewed
images/train/WIN_20261006_23_51_34_Pro_frame000041.jpg,6,plate,table_right,draft_unreviewed
images/train/WIN_20261006_23_51_34_Pro_frame000042.jpg,0,apple,table_right,draft_unreviewed
images/train/WIN_20261006_23_51_34_Pro_frame000042.jpg,1,banana,table_right,draft_unreviewed
images/train/WIN_20261006_23_51_34_Pro_frame000042.jpg,2,fanta_can,table_right,draft_unreviewed
images/train/WIN_20261006_23_51_34_Pro_frame000042.jpg,3,green_apple,table_right,draft_unreviewed
images/train/WIN_20261006_23_51_34_Pro_frame000042.jpg,4,mug,table_right,draft_unreviewed
images/train/WIN_20261006_23_51_34_Pro_frame000042.jpg,5,peach,table_right,draft_unreviewed
images/train/WIN_20261006_23_51_34_Pro_frame000042.jpg,6,plate,table_right,draft_unreviewed
images/train/WIN_20261006_23_51_34_Pro_frame000043.jpg,0,apple,table_right,draft_unreviewed
images/train/WIN_20261006_23_51_34_Pro_frame000043.jpg,1,banana,table_right,draft_unreviewed
images/train/WIN_20261006_23_51_34_Pro_frame000043.jpg,2,fanta_can,table_right,draft_unreviewed
images/train/WIN_20261006_23_51_34_Pro_frame000043.jpg,3,green_apple,table_right,draft_unreviewed
images/train/WIN_20261006_23_51_34_Pro_frame000043.jpg,4,mug,table_right,draft_unreviewed
images/train/WIN_20261006_23_51_34_Pro_frame000043.jpg,5,peach,table_right,draft_unreviewed
images/train/WIN_20261006_23_51_34_Pro_frame000043.jpg,6,plate,table_right,draft_unreviewed
images/train/WIN_20261006_23_51_34_Pro_frame000044.jpg,0,apple,table_right,draft_unreviewed
images/train/WIN_20261006_23_51_34_Pro_frame000044.jpg,1,banana,table_right,draft_unreviewed
images/train/WIN_20261006_23_51_34_Pro_frame000044.jpg,2,fanta_can,table_right,draft_unreviewed
images/train/WIN_20261006_23_51_34_Pro_frame000044.jpg,3,green_apple,table_right,draft_unreviewed
images/train/WIN_20261006_23_51_34_Pro_frame000044.jpg,4,mug,table_right,draft_unreviewed
images/train/WIN_20261006_23_51_34_Pro_frame000044.jpg,5,peach,table_right,draft_unreviewed
images/train/WIN_20261006_23_51_34_Pro_frame000044.jpg,6,plate,table_right,draft_unreviewed
images/train/WIN_20261006_23_51_34_Pro_frame000045.jpg,0,apple,table_right,draft_unreviewed
images/train/WIN_20261006_23_51_34_Pro_frame000045.jpg,1,banana,table_right,draft_unreviewed
images/train/WIN_20261006_23_51_34_Pro_frame000045.jpg,2,fanta_can,table_right,draft_unreviewed
images/train/WIN_20261006_23_51_34_Pro_frame000045.jpg,3,green_apple,table_right,draft_unreviewed
images/train/WIN_20261006_23_51_34_Pro_frame000045.jpg,4,mug,table_right,draft_unreviewed
images/train/WIN_20261006_23_51_34_Pro_frame000045.jpg,5,peach,table_right,draft_unreviewed
images/train/WIN_20261006_23_51_34_Pro_frame000045.jpg,6,plate,table_right,draft_unreviewed
images/train/WIN_20261006_23_51_34_Pro_frame000046.jpg,0,apple,table_right,draft_unreviewed
images/train/WIN_20261006_23_51_34_Pro_frame000046.jpg,1,banana,table_right,draft_unreviewed
images/train/WIN_20261006_23_51_34_Pro_frame000046.jpg,2,fanta_can,table_right,draft_unreviewed
images/train/WIN_20261006_23_51_34_Pro_frame000046.jpg,3,green_apple,table_right,draft_unreviewed
images/train/WIN_20261006_23_51_34_Pro_frame000046.jpg,4,mug,table_right,draft_unreviewed
images/train/WIN_20261006_23_51_34_Pro_frame000046.jpg,5,peach,table_right,draft_unreviewed
images/train/WIN_20261006_23_51_34_Pro_frame000046.jpg,6,plate,table_right,draft_unreviewed
images/train/WIN_20261006_23_51_34_Pro_frame000047.jpg,0,apple,table_right,draft_unreviewed
images/train/WIN_20261006_23_51_34_Pro_frame000047.jpg,1,banana,table_right,draft_unreviewed
images/train/WIN_20261006_23_51_34_Pro_frame000047.jpg,2,fanta_can,table_right,draft_unreviewed
images/train/WIN_20261006_23_51_34_Pro_frame000047.jpg,3,green_apple,table_right,draft_unreviewed
images/train/WIN_20261006_23_51_34_Pro_frame000047.jpg,4,mug,table_right,draft_unreviewed
images/train/WIN_20261006_23_51_34_Pro_frame000047.jpg,5,peach,table_right,draft_unreviewed
images/train/WIN_20261006_23_51_34_Pro_frame000047.jpg,6,plate,table_right,draft_unreviewed
images/train/WIN_20261006_23_51_34_Pro_frame000048.jpg,0,apple,table_right,draft_unreviewed
images/train/WIN_20261006_23_51_34_Pro_frame000048.jpg,1,banana,table_right,draft_unreviewed
images/train/WIN_20261006_23_51_34_Pro_frame000048.jpg,2,fanta_can,table_right,draft_unreviewed
images/train/WIN_20261006_23_51_34_Pro_frame000048.jpg,3,green_apple,table_right,draft_unreviewed
images/train/WIN_20261006_23_51_34_Pro_frame000048.jpg,4,mug,table_right,draft_unreviewed
images/train/WIN_20261006_23_51_34_Pro_frame000048.jpg,5,peach,table_right,draft_unreviewed
images/train/WIN_20261006_23_51_34_Pro_frame000048.jpg,6,plate,table_right,draft_unreviewed
images/train/WIN_20261006_23_51_34_Pro_frame000049.jpg,0,apple,table_right,draft_unreviewed
images/train/WIN_20261006_23_51_34_Pro_frame000049.jpg,1,banana,table_right,draft_unreviewed
images/train/WIN_20261006_23_51_34_Pro_frame000049.jpg,2,fanta_can,table_right,draft_unreviewed
images/train/WIN_20261006_23_51_34_Pro_frame000049.jpg,3,green_apple,table_right,draft_unreviewed
images/train/WIN_20261006_23_51_34_Pro_frame000049.jpg,4,mug,table_right,draft_unreviewed
images/train/WIN_20261006_23_51_34_Pro_frame000049.jpg,5,peach,table_right,draft_unreviewed
images/train/WIN_20261006_23_51_34_Pro_frame000049.jpg,6,plate,table_right,draft_unreviewed
images/train/WIN_20261006_23_51_34_Pro_frame000050.jpg,0,apple,table_right,draft_unreviewed
images/train/WIN_20261006_23_51_34_Pro_frame000050.jpg,1,banana,table_right,draft_unreviewed
images/train/WIN_20261006_23_51_34_Pro_frame000050.jpg,2,fanta_can,table_right,draft_unreviewed
images/train/WIN_20261006_23_51_34_Pro_frame000050.jpg,3,green_apple,table_right,draft_unreviewed
images/train/WIN_20261006_23_51_34_Pro_frame000050.jpg,4,mug,table_right,draft_unreviewed
images/train/WIN_20261006_23_51_34_Pro_frame000050.jpg,5,peach,table_right,draft_unreviewed
images/train/WIN_20261006_23_51_34_Pro_frame000050.jpg,6,plate,table_right,draft_unreviewed
images/train/WIN_20261006_23_51_34_Pro_frame000051.jpg,0,apple,table_right,draft_unreviewed
images/train/WIN_20261006_23_51_34_Pro_frame000051.jpg,1,banana,table_right,draft_unreviewed
images/train/WIN_20261006_23_51_34_Pro_frame000051.jpg,2,fanta_can,table_right,draft_unreviewed
images/train/WIN_20261006_23_51_34_Pro_frame000051.jpg,3,green_apple,table_right,draft_unreviewed
images/train/WIN_20261006_23_51_34_Pro_frame000051.jpg,4,mug,table_right,draft_unreviewed
images/train/WIN_20261006_23_51_34_Pro_frame000051.jpg,5,peach,table_right,draft_unreviewed
images/train/WIN_20261006_23_51_34_Pro_frame000051.jpg,6,plate,table_right,draft_unreviewed
images/train/WIN_20261006_23_51_34_Pro_frame000052.jpg,0,apple,table_right,draft_unreviewed
images/train/WIN_20261006_23_51_34_Pro_frame000052.jpg,1,banana,table_right,draft_unreviewed
images/train/WIN_20261006_23_51_34_Pro_frame000052.jpg,2,fanta_can,table_right,draft_unreviewed
images/train/WIN_20261006_23_51_34_Pro_frame000052.jpg,3,green_apple,table_right,draft_unreviewed
images/train/WIN_20261006_23_51_34_Pro_frame000052.jpg,4,mug,table_right,draft_unreviewed
images/train/WIN_20261006_23_51_34_Pro_frame000052.jpg,5,peach,table_right,draft_unreviewed
images/train/WIN_20261006_23_51_34_Pro_frame000052.jpg,6,plate,table_right,draft_unreviewed
images/train/WIN_20261006_23_51_34_Pro_frame000053.jpg,0,apple,table_right,draft_unreviewed
images/train/WIN_20261006_23_51_34_Pro_frame000053.jpg,1,banana,table_right,draft_unreviewed
images/train/WIN_20261006_23_51_34_Pro_frame000053.jpg,2,fanta_can,table_right,draft_unreviewed
images/train/WIN_20261006_23_51_34_Pro_frame000053.jpg,3,green_apple,table_right,draft_unreviewed
images/train/WIN_20261006_23_51_34_Pro_frame000053.jpg,4,mug,table_right,draft_unreviewed
images/train/WIN_20261006_23_51_34_Pro_frame000053.jpg,5,peach,table_right,draft_unreviewed
images/train/WIN_20261006_23_51_34_Pro_frame000053.jpg,6,plate,table_right,draft_unreviewed
images/train/WIN_20261006_23_51_34_Pro_frame000054.jpg,0,apple,table_right,draft_unreviewed
images/train/WIN_20261006_23_51_34_Pro_frame000054.jpg,1,banana,table_right,draft_unreviewed
images/train/WIN_20261006_23_51_34_Pro_frame000054.jpg,2,fanta_can,table_right,draft_unreviewed
images/train/WIN_20261006_23_51_34_Pro_frame000054.jpg,3,green_apple,table_right,draft_unreviewed
images/train/WIN_20261006_23_51_34_Pro_frame000054.jpg,4,mug,table_right,draft_unreviewed
images/train/WIN_20261006_23_51_34_Pro_frame000054.jpg,5,peach,table_right,draft_unreviewed
images/train/WIN_20261006_23_51_34_Pro_frame000054.jpg,6,plate,table_right,draft_unreviewed
images/train/WIN_20261006_23_51_34_Pro_frame000055.jpg,0,apple,table_right,draft_unreviewed
images/train/WIN_20261006_23_51_34_Pro_frame000055.jpg,1,banana,table_right,draft_unreviewed
images/train/WIN_20261006_23_51_34_Pro_frame000055.jpg,2,fanta_can,table_right,draft_unreviewed
images/train/WIN_20261006_23_51_34_Pro_frame000055.jpg,3,green_apple,table_right,draft_unreviewed
images/train/WIN_20261006_23_51_34_Pro_frame000055.jpg,4,mug,table_right,draft_unreviewed
images/train/WIN_20261006_23_51_34_Pro_frame000055.jpg,5,peach,table_right,draft_unreviewed
images/train/WIN_20261006_23_51_34_Pro_frame000055.jpg,6,plate,table_right,draft_unreviewed
images/train/WIN_20261006_23_51_34_Pro_frame000056.jpg,0,apple,table_right,draft_unreviewed
images/train/WIN_20261006_23_51_34_Pro_frame000056.jpg,1,banana,table_right,draft_unreviewed
images/train/WIN_20261006_23_51_34_Pro_frame000056.jpg,2,fanta_can,table_right,draft_unreviewed
images/train/WIN_20261006_23_51_34_Pro_frame000056.jpg,3,green_apple,table_right,draft_unreviewed
images/train/WIN_20261006_23_51_34_Pro_frame000056.jpg,4,mug,table_right,draft_unreviewed
images/train/WIN_20261006_23_51_34_Pro_frame000056.jpg,5,peach,table_right,draft_unreviewed
images/train/WIN_20261006_23_51_34_Pro_frame000056.jpg,6,plate,table_right,draft_unreviewed
images/train/WIN_20261006_23_51_34_Pro_frame000057.jpg,0,apple,table_right,draft_unreviewed
images/train/WIN_20261006_23_51_34_Pro_frame000057.jpg,1,banana,table_right,draft_unreviewed
images/train/WIN_20261006_23_51_34_Pro_frame000057.jpg,2,fanta_can,table_right,draft_unreviewed
images/train/WIN_20261006_23_51_34_Pro_frame000057.jpg,3,green_apple,table_right,draft_unreviewed
images/train/WIN_20261006_23_51_34_Pro_frame000057.jpg,4,mug,table_right,draft_unreviewed
images/train/WIN_20261006_23_51_34_Pro_frame000057.jpg,5,peach,table_right,draft_unreviewed
images/train/WIN_20261006_23_51_34_Pro_frame000057.jpg,6,plate,table_right,draft_unreviewed
images/train/WIN_20261006_23_51_34_Pro_frame000058.jpg,0,apple,table_right,draft_unreviewed
images/train/WIN_20261006_23_51_34_Pro_frame000058.jpg,1,banana,table_right,draft_unreviewed
images/train/WIN_20261006_23_51_34_Pro_frame000058.jpg,2,fanta_can,table_right,draft_unreviewed
images/train/WIN_20261006_23_51_34_Pro_frame000058.jpg,3,green_apple,table_right,draft_unreviewed
images/train/WIN_20261006_23_51_34_Pro_frame000058.jpg,4,mug,table_right,draft_unreviewed
images/train/WIN_20261006_23_51_34_Pro_frame000058.jpg,5,peach,table_right,draft_unreviewed
images/train/WIN_20261006_23_51_34_Pro_frame000058.jpg,6,plate,table_right,draft_unreviewed
images/train/WIN_20261006_23_51_34_Pro_frame000059.jpg,0,apple,table_right,draft_unreviewed
images/train/WIN_20261006_23_51_34_Pro_frame000059.jpg,1,banana,table_right,draft_unreviewed
images/train/WIN_20261006_23_51_34_Pro_frame000059.jpg,2,fanta_can,table_right,draft_unreviewed
images/train/WIN_20261006_23_51_34_Pro_frame000059.jpg,3,green_apple,table_right,draft_unreviewed
images/train/WIN_20261006_23_51_34_Pro_frame000059.jpg,4,mug,table_right,draft_unreviewed
images/train/WIN_20261006_23_51_34_Pro_frame000059.jpg,5,peach,table_right,draft_unreviewed
images/train/WIN_20261006_23_51_34_Pro_frame000059.jpg,6,plate,table_right,draft_unreviewed
images/train/WIN_20261006_23_51_34_Pro_frame000060.jpg,0,apple,table_right,draft_unreviewed
images/train/WIN_20261006_23_51_34_Pro_frame000060.jpg,1,banana,table_right,draft_unreviewed
images/train/WIN_20261006_23_51_34_Pro_frame000060.jpg,2,fanta_can,table_right,draft_unreviewed
images/train/WIN_20261006_23_51_34_Pro_frame000060.jpg,3,green_apple,table_right,draft_unreviewed
images/train/WIN_20261006_23_51_34_Pro_frame000060.jpg,4,mug,table_right,draft_unreviewed
images/train/WIN_20261006_23_51_34_Pro_frame000060.jpg,5,peach,table_right,draft_unreviewed
images/train/WIN_20261006_23_51_34_Pro_frame000060.jpg,6,plate,table_right,draft_unreviewed
images/train/WIN_20261006_23_51_34_Pro_frame000061.jpg,0,apple,table_right,draft_unreviewed
images/train/WIN_20261006_23_51_34_Pro_frame000061.jpg,1,banana,table_right,draft_unreviewed
images/train/WIN_20261006_23_51_34_Pro_frame000061.jpg,2,fanta_can,table_right,draft_unreviewed
images/train/WIN_20261006_23_51_34_Pro_frame000061.jpg,3,green_apple,table_right,draft_unreviewed
images/train/WIN_20261006_23_51_34_Pro_frame000061.jpg,4,mug,table_right,draft_unreviewed
images/train/WIN_20261006_23_51_34_Pro_frame000061.jpg,5,peach,table_right,draft_unreviewed
images/train/WIN_20261006_23_51_34_Pro_frame000061.jpg,6,plate,table_right,draft_unreviewed
images/train/WIN_20261006_23_51_34_Pro_frame000062.jpg,0,apple,table_right,draft_unreviewed
images/train/WIN_20261006_23_51_34_Pro_frame000062.jpg,1,banana,table_right,draft_unreviewed
images/train/WIN_20261006_23_51_34_Pro_frame000062.jpg,2,fanta_can,table_right,draft_unreviewed
images/train/WIN_20261006_23_51_34_Pro_frame000062.jpg,3,green_apple,table_right,draft_unreviewed
images/train/WIN_20261006_23_51_34_Pro_frame000062.jpg,4,mug,table_right,draft_unreviewed
images/train/WIN_20261006_23_51_34_Pro_frame000062.jpg,5,peach,table_right,draft_unreviewed
images/train/WIN_20261006_23_51_34_Pro_frame000062.jpg,6,plate,table_right,draft_unreviewed
images/train/WIN_20261006_23_51_34_Pro_frame000063.jpg,0,apple,table_right,draft_unreviewed
images/train/WIN_20261006_23_51_34_Pro_frame000063.jpg,1,banana,table_right,draft_unreviewed
images/train/WIN_20261006_23_51_34_Pro_frame000063.jpg,2,fanta_can,table_right,draft_unreviewed
images/train/WIN_20261006_23_51_34_Pro_frame000063.jpg,3,green_apple,table_right,draft_unreviewed
images/train/WIN_20261006_23_51_34_Pro_frame000063.jpg,4,mug,table_right,draft_unreviewed
images/train/WIN_20261006_23_51_34_Pro_frame000063.jpg,5,peach,table_right,draft_unreviewed
images/train/WIN_20261006_23_51_34_Pro_frame000063.jpg,6,plate,table_right,draft_unreviewed
images/train/WIN_20261006_23_51_34_Pro_frame000064.jpg,0,apple,table_right,draft_unreviewed
images/train/WIN_20261006_23_51_34_Pro_frame000064.jpg,1,banana,table_right,draft_unreviewed
images/train/WIN_20261006_23_51_34_Pro_frame000064.jpg,2,fanta_can,table_right,draft_unreviewed
images/train/WIN_20261006_23_51_34_Pro_frame000064.jpg,3,green_apple,table_right,draft_unreviewed
images/train/WIN_20261006_23_51_34_Pro_frame000064.jpg,4,mug,table_right,draft_unreviewed
images/train/WIN_20261006_23_51_34_Pro_frame000064.jpg,5,peach,table_right,draft_unreviewed
images/train/WIN_20261006_23_51_34_Pro_frame000064.jpg,6,plate,table_right,draft_unreviewed
images/train/WIN_20261006_23_51_34_Pro_frame000065.jpg,0,apple,table_right,draft_unreviewed
images/train/WIN_20261006_23_51_34_Pro_frame000065.jpg,1,banana,table_right,draft_unreviewed
images/train/WIN_20261006_23_51_34_Pro_frame000065.jpg,2,fanta_can,table_right,draft_unreviewed
images/train/WIN_20261006_23_51_34_Pro_frame000065.jpg,3,green_apple,table_right,draft_unreviewed
images/train/WIN_20261006_23_51_34_Pro_frame000065.jpg,4,mug,table_right,draft_unreviewed
images/train/WIN_20261006_23_51_34_Pro_frame000065.jpg,5,peach,table_right,draft_unreviewed
images/train/WIN_20261006_23_51_34_Pro_frame000065.jpg,6,plate,table_right,draft_unreviewed
images/train/WIN_20261006_23_51_34_Pro_frame000066.jpg,0,apple,table_right,draft_unreviewed
images/train/WIN_20261006_23_51_34_Pro_frame000066.jpg,1,banana,table_right,draft_unreviewed
images/train/WIN_20261006_23_51_34_Pro_frame000066.jpg,2,fanta_can,table_right,draft_unreviewed
images/train/WIN_20261006_23_51_34_Pro_frame000066.jpg,3,green_apple,table_right,draft_unreviewed
images/train/WIN_20261006_23_51_34_Pro_frame000066.jpg,4,mug,table_right,draft_unreviewed
images/train/WIN_20261006_23_51_34_Pro_frame000066.jpg,5,peach,table_right,draft_unreviewed
images/train/WIN_20261006_23_51_34_Pro_frame000066.jpg,6,plate,table_right,draft_unreviewed
images/train/WIN_20261006_23_51_34_Pro_frame000067.jpg,0,apple,table_right,draft_unreviewed
images/train/WIN_20261006_23_51_34_Pro_frame000067.jpg,1,banana,table_right,draft_unreviewed
images/train/WIN_20261006_23_51_34_Pro_frame000067.jpg,2,fanta_can,table_right,draft_unreviewed
images/train/WIN_20261006_23_51_34_Pro_frame000067.jpg,3,green_apple,table_right,draft_unreviewed
images/train/WIN_20261006_23_51_34_Pro_frame000067.jpg,4,mug,table_right,draft_unreviewed
images/train/WIN_20261006_23_51_34_Pro_frame000067.jpg,5,peach,table_right,draft_unreviewed
images/train/WIN_20261006_23_51_34_Pro_frame000067.jpg,6,plate,table_right,draft_unreviewed
images/train/WIN_20261006_23_51_34_Pro_frame000068.jpg,0,apple,table_right,draft_unreviewed
images/train/WIN_20261006_23_51_34_Pro_frame000068.jpg,1,banana,table_right,draft_unreviewed
images/train/WIN_20261006_23_51_34_Pro_frame000068.jpg,2,fanta_can,table_right,draft_unreviewed
images/train/WIN_20261006_23_51_34_Pro_frame000068.jpg,3,green_apple,table_right,draft_unreviewed
images/train/WIN_20261006_23_51_34_Pro_frame000068.jpg,4,mug,table_right,draft_unreviewed
images/train/WIN_20261006_23_51_34_Pro_frame000068.jpg,5,peach,table_right,draft_unreviewed
images/train/WIN_20261006_23_51_34_Pro_frame000068.jpg,6,plate,table_right,draft_unreviewed
images/train/WIN_20261006_23_51_34_Pro_frame000069.jpg,0,apple,table_right,draft_unreviewed
images/train/WIN_20261006_23_51_34_Pro_frame000069.jpg,1,banana,table_right,draft_unreviewed
images/train/WIN_20261006_23_51_34_Pro_frame000069.jpg,2,fanta_can,table_right,draft_unreviewed
images/train/WIN_20261006_23_51_34_Pro_frame000069.jpg,3,green_apple,table_right,draft_unreviewed
images/train/WIN_20261006_23_51_34_Pro_frame000069.jpg,4,mug,table_right,draft_unreviewed
images/train/WIN_20261006_23_51_34_Pro_frame000069.jpg,5,peach,table_right,draft_unreviewed
images/train/WIN_20261006_23_51_34_Pro_frame000069.jpg,6,plate,table_right,draft_unreviewed
images/train/WIN_20261006_23_51_34_Pro_frame000070.jpg,0,apple,table_right,draft_unreviewed
images/train/WIN_20261006_23_51_34_Pro_frame000070.jpg,1,banana,table_right,draft_unreviewed
images/train/WIN_20261006_23_51_34_Pro_frame000070.jpg,2,fanta_can,table_right,draft_unreviewed
images/train/WIN_20261006_23_51_34_Pro_frame000070.jpg,3,green_apple,table_right,draft_unreviewed
images/train/WIN_20261006_23_51_34_Pro_frame000070.jpg,4,mug,table_right,draft_unreviewed
images/train/WIN_20261006_23_51_34_Pro_frame000070.jpg,5,peach,table_right,draft_unreviewed
images/train/WIN_20261006_23_51_34_Pro_frame000070.jpg,6,plate,table_right,draft_unreviewed
images/train/WIN_20261006_23_51_34_Pro_frame000071.jpg,0,apple,table_right,draft_unreviewed
images/train/WIN_20261006_23_51_34_Pro_frame000071.jpg,1,banana,table_right,draft_unreviewed
images/train/WIN_20261006_23_51_34_Pro_frame000071.jpg,2,fanta_can,table_right,draft_unreviewed
images/train/WIN_20261006_23_51_34_Pro_frame000071.jpg,3,green_apple,table_right,draft_unreviewed
images/train/WIN_20261006_23_51_34_Pro_frame000071.jpg,4,mug,table_right,draft_unreviewed
images/train/WIN_20261006_23_51_34_Pro_frame000071.jpg,5,peach,table_right,draft_unreviewed
images/train/WIN_20261006_23_51_34_Pro_frame000071.jpg,6,plate,table_right,draft_unreviewed
images/train/WIN_20261006_23_51_34_Pro_frame000072.jpg,0,apple,table_right,draft_unreviewed
images/train/WIN_20261006_23_51_34_Pro_frame000072.jpg,1,banana,table_right,draft_unreviewed
images/train/WIN_20261006_23_51_34_Pro_frame000072.jpg,2,fanta_can,table_right,draft_unreviewed
images/train/WIN_20261006_23_51_34_Pro_frame000072.jpg,3,green_apple,table_right,draft_unreviewed
images/train/WIN_20261006_23_51_34_Pro_frame000072.jpg,4,mug,table_right,draft_unreviewed
images/train/WIN_20261006_23_51_34_Pro_frame000072.jpg,5,peach,table_right,draft_unreviewed
images/train/WIN_20261006_23_51_34_Pro_frame000072.jpg,6,plate,table_right,draft_unreviewed
images/train/WIN_20261006_23_51_34_Pro_frame000073.jpg,0,apple,table_right,draft_unreviewed
images/train/WIN_20261006_23_51_34_Pro_frame000073.jpg,1,banana,table_right,draft_unreviewed
images/train/WIN_20261006_23_51_34_Pro_frame000073.jpg,2,fanta_can,table_right,draft_unreviewed
images/train/WIN_20261006_23_51_34_Pro_frame000073.jpg,3,green_apple,table_right,draft_unreviewed
images/train/WIN_20261006_23_51_34_Pro_frame000073.jpg,4,mug,table_right,draft_unreviewed
images/train/WIN_20261006_23_51_34_Pro_frame000073.jpg,5,peach,table_right,draft_unreviewed
images/train/WIN_20261006_23_51_34_Pro_frame000073.jpg,6,plate,table_right,draft_unreviewed
images/train/WIN_20261006_23_51_34_Pro_frame000074.jpg,0,apple,table_right,draft_unreviewed
images/train/WIN_20261006_23_51_34_Pro_frame000074.jpg,1,banana,table_right,draft_unreviewed
images/train/WIN_20261006_23_51_34_Pro_frame000074.jpg,2,fanta_can,table_right,draft_unreviewed
images/train/WIN_20261006_23_51_34_Pro_frame000074.jpg,3,green_apple,table_right,draft_unreviewed
images/train/WIN_20261006_23_51_34_Pro_frame000074.jpg,4,mug,table_right,draft_unreviewed
images/train/WIN_20261006_23_51_34_Pro_frame000074.jpg,5,peach,table_right,draft_unreviewed
images/train/WIN_20261006_23_51_34_Pro_frame000074.jpg,6,plate,table_right,draft_unreviewed
images/train/WIN_20261006_23_51_34_Pro_frame000075.jpg,0,apple,table_right,draft_unreviewed
images/train/WIN_20261006_23_51_34_Pro_frame000075.jpg,1,banana,table_right,draft_unreviewed
images/train/WIN_20261006_23_51_34_Pro_frame000075.jpg,2,fanta_can,table_right,draft_unreviewed
images/train/WIN_20261006_23_51_34_Pro_frame000075.jpg,3,green_apple,table_right,draft_unreviewed
images/train/WIN_20261006_23_51_34_Pro_frame000075.jpg,4,mug,table_right,draft_unreviewed
images/train/WIN_20261006_23_51_34_Pro_frame000075.jpg,5,peach,table_right,draft_unreviewed
images/train/WIN_20261006_23_51_34_Pro_frame000075.jpg,6,plate,table_right,draft_unreviewed
images/train/WIN_20261006_23_51_34_Pro_frame000076.jpg,0,apple,table_right,draft_unreviewed
images/train/WIN_20261006_23_51_34_Pro_frame000076.jpg,1,banana,table_right,draft_unreviewed
images/train/WIN_20261006_23_51_34_Pro_frame000076.jpg,2,fanta_can,table_right,draft_unreviewed
images/train/WIN_20261006_23_51_34_Pro_frame000076.jpg,3,green_apple,table_right,draft_unreviewed
images/train/WIN_20261006_23_51_34_Pro_frame000076.jpg,4,mug,table_right,draft_unreviewed
images/train/WIN_20261006_23_51_34_Pro_frame000076.jpg,5,peach,table_right,draft_unreviewed
images/train/WIN_20261006_23_51_34_Pro_frame000076.jpg,6,plate,table_right,draft_unreviewed
images/train/WIN_20261006_23_51_34_Pro_frame000077.jpg,0,apple,table_right,draft_unreviewed
images/train/WIN_20261006_23_51_34_Pro_frame000077.jpg,1,banana,table_right,draft_unreviewed
images/train/WIN_20261006_23_51_34_Pro_frame000077.jpg,2,fanta_can,table_right,draft_unreviewed
images/train/WIN_20261006_23_51_34_Pro_frame000077.jpg,3,green_apple,table_right,draft_unreviewed
images/train/WIN_20261006_23_51_34_Pro_frame000077.jpg,4,mug,table_right,draft_unreviewed
images/train/WIN_20261006_23_51_34_Pro_frame000077.jpg,5,peach,table_right,draft_unreviewed
images/train/WIN_20261006_23_51_34_Pro_frame000077.jpg,6,plate,table_right,draft_unreviewed
images/train/WIN_20261006_23_51_34_Pro_frame000078.jpg,0,apple,table_right,draft_unreviewed
images/train/WIN_20261006_23_51_34_Pro_frame000078.jpg,1,banana,table_right,draft_unreviewed
images/train/WIN_20261006_23_51_34_Pro_frame000078.jpg,2,fanta_can,table_right,draft_unreviewed
images/train/WIN_20261006_23_51_34_Pro_frame000078.jpg,3,green_apple,table_right,draft_unreviewed
images/train/WIN_20261006_23_51_34_Pro_frame000078.jpg,4,mug,table_right,draft_unreviewed
images/train/WIN_20261006_23_51_34_Pro_frame000078.jpg,5,peach,table_right,draft_unreviewed
images/train/WIN_20261006_23_51_34_Pro_frame000078.jpg,6,plate,table_right,draft_unreviewed
images/train/WIN_20261006_23_51_34_Pro_frame000079.jpg,0,apple,table_right,draft_unreviewed
images/train/WIN_20261006_23_51_34_Pro_frame000079.jpg,1,banana,table_right,draft_unreviewed
images/train/WIN_20261006_23_51_34_Pro_frame000079.jpg,2,fanta_can,table_right,draft_unreviewed
images/train/WIN_20261006_23_51_34_Pro_frame000079.jpg,3,green_apple,table_right,draft_unreviewed
images/train/WIN_20261006_23_51_34_Pro_frame000079.jpg,4,mug,table_right,draft_unreviewed
images/train/WIN_20261006_23_51_34_Pro_frame000079.jpg,5,peach,table_right,draft_unreviewed
images/train/WIN_20261006_23_51_34_Pro_frame000079.jpg,6,plate,table_right,draft_unreviewed
images/train/WIN_20261006_23_51_34_Pro_frame000080.jpg,0,apple,table_right,draft_unreviewed
images/train/WIN_20261006_23_51_34_Pro_frame000080.jpg,1,banana,table_right,draft_unreviewed
images/train/WIN_20261006_23_51_34_Pro_frame000080.jpg,2,fanta_can,table_right,draft_unreviewed
images/train/WIN_20261006_23_51_34_Pro_frame000080.jpg,3,green_apple,table_right,draft_unreviewed
images/train/WIN_20261006_23_51_34_Pro_frame000080.jpg,4,mug,table_right,draft_unreviewed
images/train/WIN_20261006_23_51_34_Pro_frame000080.jpg,5,peach,table_right,draft_unreviewed
images/train/WIN_20261006_23_51_34_Pro_frame000080.jpg,6,plate,table_right,draft_unreviewed
images/train/WIN_20261006_23_51_34_Pro_frame000081.jpg,0,apple,table_right,draft_unreviewed
images/train/WIN_20261006_23_51_34_Pro_frame000081.jpg,1,banana,table_right,draft_unreviewed
images/train/WIN_20261006_23_51_34_Pro_frame000081.jpg,2,fanta_can,table_right,draft_unreviewed
images/train/WIN_20261006_23_51_34_Pro_frame000081.jpg,3,green_apple,table_right,draft_unreviewed
images/train/WIN_20261006_23_51_34_Pro_frame000081.jpg,4,mug,table_right,draft_unreviewed
images/train/WIN_20261006_23_51_34_Pro_frame000081.jpg,5,peach,table_right,draft_unreviewed
images/train/WIN_20261006_23_51_34_Pro_frame000081.jpg,6,plate,table_right,draft_unreviewed
images/train/WIN_20261006_23_51_34_Pro_frame000082.jpg,0,apple,table_right,draft_unreviewed
images/train/WIN_20261006_23_51_34_Pro_frame000082.jpg,1,banana,table_right,draft_unreviewed
images/train/WIN_20261006_23_51_34_Pro_frame000082.jpg,2,fanta_can,table_right,draft_unreviewed
images/train/WIN_20261006_23_51_34_Pro_frame000082.jpg,3,green_apple,table_right,draft_unreviewed
images/train/WIN_20261006_23_51_34_Pro_frame000082.jpg,4,mug,table_right,draft_unreviewed
images/train/WIN_20261006_23_51_34_Pro_frame000082.jpg,5,peach,table_right,draft_unreviewed
images/train/WIN_20261006_23_51_34_Pro_frame000082.jpg,6,plate,table_right,draft_unreviewed
images/train/WIN_20261006_23_51_34_Pro_frame000083.jpg,0,apple,table_right,draft_unreviewed
images/train/WIN_20261006_23_51_34_Pro_frame000083.jpg,1,banana,table_right,draft_unreviewed
images/train/WIN_20261006_23_51_34_Pro_frame000083.jpg,2,fanta_can,table_right,draft_unreviewed
images/train/WIN_20261006_23_51_34_Pro_frame000083.jpg,3,green_apple,table_right,draft_unreviewed
images/train/WIN_20261006_23_51_34_Pro_frame000083.jpg,4,mug,table_right,draft_unreviewed
images/train/WIN_20261006_23_51_34_Pro_frame000083.jpg,5,peach,table_right,draft_unreviewed
images/train/WIN_20261006_23_51_34_Pro_frame000083.jpg,6,plate,table_right,draft_unreviewed
images/train/WIN_20261006_23_51_34_Pro_frame000084.jpg,0,apple,table_right,draft_unreviewed
images/train/WIN_20261006_23_51_34_Pro_frame000084.jpg,1,banana,table_right,draft_unreviewed
images/train/WIN_20261006_23_51_34_Pro_frame000084.jpg,2,fanta_can,table_right,draft_unreviewed
images/train/WIN_20261006_23_51_34_Pro_frame000084.jpg,3,green_apple,table_right,draft_unreviewed
images/train/WIN_20261006_23_51_34_Pro_frame000084.jpg,4,mug,table_right,draft_unreviewed
images/train/WIN_20261006_23_51_34_Pro_frame000084.jpg,5,peach,table_right,draft_unreviewed
images/train/WIN_20261006_23_51_34_Pro_frame000084.jpg,6,plate,table_right,draft_unreviewed
images/train/WIN_20261006_23_51_34_Pro_frame000085.jpg,0,apple,table_right,draft_unreviewed
images/train/WIN_20261006_23_51_34_Pro_frame000085.jpg,1,banana,table_right,draft_unreviewed
images/train/WIN_20261006_23_51_34_Pro_frame000085.jpg,2,fanta_can,table_right,draft_unreviewed
images/train/WIN_20261006_23_51_34_Pro_frame000085.jpg,3,green_apple,table_right,draft_unreviewed
images/train/WIN_20261006_23_51_34_Pro_frame000085.jpg,4,mug,table_right,draft_unreviewed
images/train/WIN_20261006_23_51_34_Pro_frame000085.jpg,5,peach,table_right,draft_unreviewed
images/train/WIN_20261006_23_51_34_Pro_frame000085.jpg,6,plate,table_right,draft_unreviewed
images/train/WIN_20261006_23_51_34_Pro_frame000086.jpg,0,apple,table_right,draft_unreviewed
images/train/WIN_20261006_23_51_34_Pro_frame000086.jpg,1,banana,table_right,draft_unreviewed
images/train/WIN_20261006_23_51_34_Pro_frame000086.jpg,2,fanta_can,table_right,draft_unreviewed
images/train/WIN_20261006_23_51_34_Pro_frame000086.jpg,3,green_apple,table_right,draft_unreviewed
images/train/WIN_20261006_23_51_34_Pro_frame000086.jpg,4,mug,table_right,draft_unreviewed
images/train/WIN_20261006_23_51_34_Pro_frame000086.jpg,5,peach,table_right,draft_unreviewed
images/train/WIN_20261006_23_51_34_Pro_frame000086.jpg,6,plate,table_right,draft_unreviewed
images/train/WIN_20261006_23_51_34_Pro_frame000087.jpg,0,apple,table_right,draft_unreviewed
images/train/WIN_20261006_23_51_34_Pro_frame000087.jpg,1,banana,table_right,draft_unreviewed
images/train/WIN_20261006_23_51_34_Pro_frame000087.jpg,2,fanta_can,table_right,draft_unreviewed
images/train/WIN_20261006_23_51_34_Pro_frame000087.jpg,3,green_apple,table_right,draft_unreviewed
images/train/WIN_20261006_23_51_34_Pro_frame000087.jpg,4,mug,table_right,draft_unreviewed
images/train/WIN_20261006_23_51_34_Pro_frame000087.jpg,5,peach,table_right,draft_unreviewed
images/train/WIN_20261006_23_51_34_Pro_frame000087.jpg,6,plate,table_right,draft_unreviewed
images/train/WIN_20261006_23_51_34_Pro_frame000088.jpg,0,apple,table_right,draft_unreviewed
images/train/WIN_20261006_23_51_34_Pro_frame000088.jpg,1,banana,table_right,draft_unreviewed
images/train/WIN_20261006_23_51_34_Pro_frame000088.jpg,2,fanta_can,table_right,draft_unreviewed
images/train/WIN_20261006_23_51_34_Pro_frame000088.jpg,3,green_apple,table_right,draft_unreviewed
images/train/WIN_20261006_23_51_34_Pro_frame000088.jpg,4,mug,table_right,draft_unreviewed
images/train/WIN_20261006_23_51_34_Pro_frame000088.jpg,5,peach,table_right,draft_unreviewed
images/train/WIN_20261006_23_51_34_Pro_frame000088.jpg,6,plate,table_right,draft_unreviewed
images/train/WIN_20261006_23_51_34_Pro_frame000089.jpg,0,apple,table_right,draft_unreviewed
images/train/WIN_20261006_23_51_34_Pro_frame000089.jpg,1,banana,table_right,draft_unreviewed
images/train/WIN_20261006_23_51_34_Pro_frame000089.jpg,2,fanta_can,table_right,draft_unreviewed
images/train/WIN_20261006_23_51_34_Pro_frame000089.jpg,3,green_apple,table_right,draft_unreviewed
images/train/WIN_20261006_23_51_34_Pro_frame000089.jpg,4,mug,table_right,draft_unreviewed
images/train/WIN_20261006_23_51_34_Pro_frame000089.jpg,5,peach,table_right,draft_unreviewed
images/train/WIN_20261006_23_51_34_Pro_frame000089.jpg,6,plate,table_right,draft_unreviewed
images/train/WIN_20261006_23_51_34_Pro_frame000090.jpg,0,apple,table_right,draft_unreviewed
images/train/WIN_20261006_23_51_34_Pro_frame000090.jpg,1,banana,table_right,draft_unreviewed
images/train/WIN_20261006_23_51_34_Pro_frame000090.jpg,2,fanta_can,table_right,draft_unreviewed
images/train/WIN_20261006_23_51_34_Pro_frame000090.jpg,3,green_apple,table_right,draft_unreviewed
images/train/WIN_20261006_23_51_34_Pro_frame000090.jpg,4,mug,table_right,draft_unreviewed
images/train/WIN_20261006_23_51_34_Pro_frame000090.jpg,5,peach,table_right,draft_unreviewed
images/train/WIN_20261006_23_51_34_Pro_frame000090.jpg,6,plate,table_right,draft_unreviewed
images/train/WIN_20261006_23_51_34_Pro_frame000091.jpg,0,apple,table_right,draft_unreviewed
images/train/WIN_20261006_23_51_34_Pro_frame000091.jpg,1,banana,table_right,draft_unreviewed
images/train/WIN_20261006_23_51_34_Pro_frame000091.jpg,2,fanta_can,table_right,draft_unreviewed
images/train/WIN_20261006_23_51_34_Pro_frame000091.jpg,3,green_apple,table_right,draft_unreviewed
images/train/WIN_20261006_23_51_34_Pro_frame000091.jpg,4,mug,table_right,draft_unreviewed
images/train/WIN_20261006_23_51_34_Pro_frame000091.jpg,5,peach,table_right,draft_unreviewed
images/train/WIN_20261006_23_51_34_Pro_frame000091.jpg,6,plate,table_right,draft_unreviewed
images/train/WIN_20261006_23_51_34_Pro_frame000092.jpg,0,apple,table_right,draft_unreviewed
images/train/WIN_20261006_23_51_34_Pro_frame000092.jpg,1,banana,table_right,draft_unreviewed
images/train/WIN_20261006_23_51_34_Pro_frame000092.jpg,2,fanta_can,table_right,draft_unreviewed
images/train/WIN_20261006_23_51_34_Pro_frame000092.jpg,3,green_apple,table_right,draft_unreviewed
images/train/WIN_20261006_23_51_34_Pro_frame000092.jpg,4,mug,table_right,draft_unreviewed
images/train/WIN_20261006_23_51_34_Pro_frame000092.jpg,5,peach,table_right,draft_unreviewed
images/train/WIN_20261006_23_51_34_Pro_frame000092.jpg,6,plate,table_right,draft_unreviewed
images/train/WIN_20261006_23_51_34_Pro_frame000093.jpg,0,apple,table_right,draft_unreviewed
images/train/WIN_20261006_23_51_34_Pro_frame000093.jpg,1,banana,table_right,draft_unreviewed
images/train/WIN_20261006_23_51_34_Pro_frame000093.jpg,2,fanta_can,table_right,draft_unreviewed
images/train/WIN_20261006_23_51_34_Pro_frame000093.jpg,3,green_apple,table_right,draft_unreviewed
images/train/WIN_20261006_23_51_34_Pro_frame000093.jpg,4,mug,table_right,draft_unreviewed
images/train/WIN_20261006_23_51_34_Pro_frame000093.jpg,5,peach,table_right,draft_unreviewed
images/train/WIN_20261006_23_51_34_Pro_frame000093.jpg,6,plate,table_right,draft_unreviewed
images/train/WIN_20261006_23_51_34_Pro_frame000094.jpg,0,apple,table_right,draft_unreviewed
images/train/WIN_20261006_23_51_34_Pro_frame000094.jpg,1,banana,table_right,draft_unreviewed
images/train/WIN_20261006_23_51_34_Pro_frame000094.jpg,2,fanta_can,table_right,draft_unreviewed
images/train/WIN_20261006_23_51_34_Pro_frame000094.jpg,3,green_apple,table_right,draft_unreviewed
images/train/WIN_20261006_23_51_34_Pro_frame000094.jpg,4,mug,table_right,draft_unreviewed
images/train/WIN_20261006_23_51_34_Pro_frame000094.jpg,5,peach,table_right,draft_unreviewed
images/train/WIN_20261006_23_51_34_Pro_frame000094.jpg,6,plate,table_right,draft_unreviewed
images/train/WIN_20261006_23_51_34_Pro_frame000095.jpg,0,apple,table_right,draft_unreviewed
images/train/WIN_20261006_23_51_34_Pro_frame000095.jpg,1,banana,table_right,draft_unreviewed
images/train/WIN_20261006_23_51_34_Pro_frame000095.jpg,2,fanta_can,table_right,draft_unreviewed
images/train/WIN_20261006_23_51_34_Pro_frame000095.jpg,3,green_apple,table_right,draft_unreviewed
images/train/WIN_20261006_23_51_34_Pro_frame000095.jpg,4,mug,table_right,draft_unreviewed
images/train/WIN_20261006_23_51_34_Pro_frame000095.jpg,5,peach,table_right,draft_unreviewed
images/train/WIN_20261006_23_51_34_Pro_frame000095.jpg,6,plate,table_right,draft_unreviewed
images/train/WIN_20261006_23_51_34_Pro_frame000096.jpg,0,apple,table_right,draft_unreviewed
images/train/WIN_20261006_23_51_34_Pro_frame000096.jpg,1,banana,table_right,draft_unreviewed
images/train/WIN_20261006_23_51_34_Pro_frame000096.jpg,2,fanta_can,table_right,draft_unreviewed
images/train/WIN_20261006_23_51_34_Pro_frame000096.jpg,3,green_apple,table_right,draft_unreviewed
images/train/WIN_20261006_23_51_34_Pro_frame000096.jpg,4,mug,table_right,draft_unreviewed
images/train/WIN_20261006_23_51_34_Pro_frame000096.jpg,5,peach,table_right,draft_unreviewed
images/train/WIN_20261006_23_51_34_Pro_frame000096.jpg,6,plate,table_right,draft_unreviewed
images/train/WIN_20261006_23_51_34_Pro_frame000097.jpg,0,apple,table_right,draft_unreviewed
images/train/WIN_20261006_23_51_34_Pro_frame000097.jpg,1,banana,table_right,draft_unreviewed
images/train/WIN_20261006_23_51_34_Pro_frame000097.jpg,2,fanta_can,table_right,draft_unreviewed
images/train/WIN_20261006_23_51_34_Pro_frame000097.jpg,3,green_apple,table_right,draft_unreviewed
images/train/WIN_20261006_23_51_34_Pro_frame000097.jpg,4,mug,table_right,draft_unreviewed
images/train/WIN_20261006_23_51_34_Pro_frame000097.jpg,5,peach,table_right,draft_unreviewed
images/train/WIN_20261006_23_51_34_Pro_frame000097.jpg,6,plate,table_right,draft_unreviewed
images/train/WIN_20261006_23_51_34_Pro_frame000098.jpg,0,apple,table_right,draft_unreviewed
images/train/WIN_20261006_23_51_34_Pro_frame000098.jpg,1,banana,table_right,draft_unreviewed
images/train/WIN_20261006_23_51_34_Pro_frame000098.jpg,2,fanta_can,table_right,draft_unreviewed
images/train/WIN_20261006_23_51_34_Pro_frame000098.jpg,3,green_apple,table_right,draft_unreviewed
images/train/WIN_20261006_23_51_34_Pro_frame000098.jpg,4,mug,table_right,draft_unreviewed
images/train/WIN_20261006_23_51_34_Pro_frame000098.jpg,5,peach,table_right,draft_unreviewed
images/train/WIN_20261006_23_51_34_Pro_frame000098.jpg,6,plate,table_right,draft_unreviewed
images/train/WIN_20261006_23_51_34_Pro_frame000099.jpg,0,apple,table_right,draft_unreviewed
images/train/WIN_20261006_23_51_34_Pro_frame000099.jpg,1,banana,table_right,draft_unreviewed
images/train/WIN_20261006_23_51_34_Pro_frame000099.jpg,2,fanta_can,table_right,draft_unreviewed
images/train/WIN_20261006_23_51_34_Pro_frame000099.jpg,3,green_apple,table_right,draft_unreviewed
images/train/WIN_20261006_23_51_34_Pro_frame000099.jpg,4,mug,table_right,draft_unreviewed
images/train/WIN_20261006_23_51_34_Pro_frame000099.jpg,5,peach,table_right,draft_unreviewed
images/train/WIN_20261006_23_51_34_Pro_frame000099.jpg,6,plate,table_right,draft_unreviewed
images/train/WIN_20261006_23_51_34_Pro_frame000100.jpg,0,apple,table_right,draft_unreviewed
images/train/WIN_20261006_23_51_34_Pro_frame000100.jpg,1,banana,table_right,draft_unreviewed
images/train/WIN_20261006_23_51_34_Pro_frame000100.jpg,2,fanta_can,table_right,draft_unreviewed
images/train/WIN_20261006_23_51_34_Pro_frame000100.jpg,3,green_apple,table_right,draft_unreviewed
images/train/WIN_20261006_23_51_34_Pro_frame000100.jpg,4,mug,table_right,draft_unreviewed
images/train/WIN_20261006_23_51_34_Pro_frame000100.jpg,5,peach,table_right,draft_unreviewed
images/train/WIN_20261006_23_51_34_Pro_frame000100.jpg,6,plate,table_right,draft_unreviewed
images/train/WIN_20261006_23_51_34_Pro_frame000101.jpg,0,apple,table_right,draft_unreviewed
images/train/WIN_20261006_23_51_34_Pro_frame000101.jpg,1,banana,table_right,draft_unreviewed
images/train/WIN_20261006_23_51_34_Pro_frame000101.jpg,2,fanta_can,table_right,draft_unreviewed
images/train/WIN_20261006_23_51_34_Pro_frame000101.jpg,3,green_apple,table_right,draft_unreviewed
images/train/WIN_20261006_23_51_34_Pro_frame000101.jpg,4,mug,table_right,draft_unreviewed
images/train/WIN_20261006_23_51_34_Pro_frame000101.jpg,5,peach,table_right,draft_unreviewed
images/train/WIN_20261006_23_51_34_Pro_frame000101.jpg,6,plate,table_right,draft_unreviewed
images/train/WIN_20261006_23_51_34_Pro_frame000102.jpg,0,apple,table_right,draft_unreviewed
images/train/WIN_20261006_23_51_34_Pro_frame000102.jpg,1,banana,table_right,draft_unreviewed
images/train/WIN_20261006_23_51_34_Pro_frame000102.jpg,2,fanta_can,table_right,draft_unreviewed
images/train/WIN_20261006_23_51_34_Pro_frame000102.jpg,3,green_apple,table_right,draft_unreviewed
images/train/WIN_20261006_23_51_34_Pro_frame000102.jpg,4,mug,table_right,draft_unreviewed
images/train/WIN_20261006_23_51_34_Pro_frame000102.jpg,5,peach,table_right,draft_unreviewed
images/train/WIN_20261006_23_51_34_Pro_frame000102.jpg,6,plate,table_right,draft_unreviewed
images/train/WIN_20261006_23_51_34_Pro_frame000103.jpg,0,apple,table_right,draft_unreviewed
images/train/WIN_20261006_23_51_34_Pro_frame000103.jpg,1,banana,table_right,draft_unreviewed
images/train/WIN_20261006_23_51_34_Pro_frame000103.jpg,2,fanta_can,table_right,draft_unreviewed
images/train/WIN_20261006_23_51_34_Pro_frame000103.jpg,3,green_apple,table_right,draft_unreviewed
images/train/WIN_20261006_23_51_34_Pro_frame000103.jpg,4,mug,table_right,draft_unreviewed
images/train/WIN_20261006_23_51_34_Pro_frame000103.jpg,5,peach,table_right,draft_unreviewed
images/train/WIN_20261006_23_51_34_Pro_frame000103.jpg,6,plate,table_right,draft_unreviewed
images/train/WIN_20261006_23_51_34_Pro_frame000104.jpg,0,apple,table_right,draft_unreviewed
images/train/WIN_20261006_23_51_34_Pro_frame000104.jpg,1,banana,table_right,draft_unreviewed
images/train/WIN_20261006_23_51_34_Pro_frame000104.jpg,2,fanta_can,table_right,draft_unreviewed
images/train/WIN_20261006_23_51_34_Pro_frame000104.jpg,3,green_apple,table_right,draft_unreviewed
images/train/WIN_20261006_23_51_34_Pro_frame000104.jpg,4,mug,table_right,draft_unreviewed
images/train/WIN_20261006_23_51_34_Pro_frame000104.jpg,5,peach,table_right,draft_unreviewed
images/train/WIN_20261006_23_51_34_Pro_frame000104.jpg,6,plate,table_right,draft_unreviewed
images/train/WIN_20261006_23_51_34_Pro_frame000105.jpg,0,apple,table_right,draft_unreviewed
images/train/WIN_20261006_23_51_34_Pro_frame000105.jpg,1,banana,table_right,draft_unreviewed
images/train/WIN_20261006_23_51_34_Pro_frame000105.jpg,2,fanta_can,table_right,draft_unreviewed
images/train/WIN_20261006_23_51_34_Pro_frame000105.jpg,3,green_apple,table_right,draft_unreviewed
images/train/WIN_20261006_23_51_34_Pro_frame000105.jpg,4,mug,table_right,draft_unreviewed
images/train/WIN_20261006_23_51_34_Pro_frame000105.jpg,5,peach,table_right,draft_unreviewed
images/train/WIN_20261006_23_51_34_Pro_frame000105.jpg,6,plate,table_right,draft_unreviewed
images/train/WIN_20261006_23_51_34_Pro_frame000106.jpg,0,apple,table_right,draft_unreviewed
images/train/WIN_20261006_23_51_34_Pro_frame000106.jpg,1,banana,table_right,draft_unreviewed
images/train/WIN_20261006_23_51_34_Pro_frame000106.jpg,2,fanta_can,table_right,draft_unreviewed
images/train/WIN_20261006_23_51_34_Pro_frame000106.jpg,3,green_apple,table_right,draft_unreviewed
images/train/WIN_20261006_23_51_34_Pro_frame000106.jpg,4,mug,table_right,draft_unreviewed
images/train/WIN_20261006_23_51_34_Pro_frame000106.jpg,5,peach,table_right,draft_unreviewed
images/train/WIN_20261006_23_51_34_Pro_frame000106.jpg,6,plate,table_right,draft_unreviewed
images/train/WIN_20261006_23_51_34_Pro_frame000107.jpg,0,apple,table_right,draft_unreviewed
images/train/WIN_20261006_23_51_34_Pro_frame000107.jpg,1,banana,table_right,draft_unreviewed
images/train/WIN_20261006_23_51_34_Pro_frame000107.jpg,2,fanta_can,table_right,draft_unreviewed
images/train/WIN_20261006_23_51_34_Pro_frame000107.jpg,3,green_apple,table_right,draft_unreviewed
images/train/WIN_20261006_23_51_34_Pro_frame000107.jpg,4,mug,table_right,draft_unreviewed
images/train/WIN_20261006_23_51_34_Pro_frame000107.jpg,5,peach,table_right,draft_unreviewed
images/train/WIN_20261006_23_51_34_Pro_frame000107.jpg,6,plate,table_right,draft_unreviewed
images/train/WIN_20261006_23_51_34_Pro_frame000108.jpg,0,apple,table_right,draft_unreviewed
images/train/WIN_20261006_23_51_34_Pro_frame000108.jpg,1,banana,table_right,draft_unreviewed
images/train/WIN_20261006_23_51_34_Pro_frame000108.jpg,2,fanta_can,table_right,draft_unreviewed
images/train/WIN_20261006_23_51_34_Pro_frame000108.jpg,3,green_apple,table_right,draft_unreviewed
images/train/WIN_20261006_23_51_34_Pro_frame000108.jpg,4,mug,table_right,draft_unreviewed
images/train/WIN_20261006_23_51_34_Pro_frame000108.jpg,5,peach,table_right,draft_unreviewed
images/train/WIN_20261006_23_51_34_Pro_frame000108.jpg,6,plate,table_right,draft_unreviewed
images/train/WIN_20261006_23_51_34_Pro_frame000109.jpg,0,apple,table_right,draft_unreviewed
images/train/WIN_20261006_23_51_34_Pro_frame000109.jpg,1,banana,table_right,draft_unreviewed
images/train/WIN_20261006_23_51_34_Pro_frame000109.jpg,2,fanta_can,table_right,draft_unreviewed
images/train/WIN_20261006_23_51_34_Pro_frame000109.jpg,3,green_apple,table_right,draft_unreviewed
images/train/WIN_20261006_23_51_34_Pro_frame000109.jpg,4,mug,table_right,draft_unreviewed
images/train/WIN_20261006_23_51_34_Pro_frame000109.jpg,5,peach,table_right,draft_unreviewed
images/train/WIN_20261006_23_51_34_Pro_frame000109.jpg,6,plate,table_right,draft_unreviewed
images/train/WIN_20261006_23_51_34_Pro_frame000110.jpg,0,apple,table_right,draft_unreviewed
images/train/WIN_20261006_23_51_34_Pro_frame000110.jpg,1,banana,table_right,draft_unreviewed
images/train/WIN_20261006_23_51_34_Pro_frame000110.jpg,2,fanta_can,table_right,draft_unreviewed
images/train/WIN_20261006_23_51_34_Pro_frame000110.jpg,3,green_apple,table_right,draft_unreviewed
images/train/WIN_20261006_23_51_34_Pro_frame000110.jpg,4,mug,table_right,draft_unreviewed
images/train/WIN_20261006_23_51_34_Pro_frame000110.jpg,5,peach,table_right,draft_unreviewed
images/train/WIN_20261006_23_51_34_Pro_frame000110.jpg,6,plate,table_right,draft_unreviewed
images/train/WIN_20261006_23_51_34_Pro_frame000111.jpg,0,apple,table_right,draft_unreviewed
images/train/WIN_20261006_23_51_34_Pro_frame000111.jpg,1,banana,table_right,draft_unreviewed
images/train/WIN_20261006_23_51_34_Pro_frame000111.jpg,2,fanta_can,table_right,draft_unreviewed
images/train/WIN_20261006_23_51_34_Pro_frame000111.jpg,3,green_apple,table_right,draft_unreviewed
images/train/WIN_20261006_23_51_34_Pro_frame000111.jpg,4,mug,table_right,draft_unreviewed
images/train/WIN_20261006_23_51_34_Pro_frame000111.jpg,5,peach,table_right,draft_unreviewed
images/train/WIN_20261006_23_51_34_Pro_frame000111.jpg,6,plate,table_right,draft_unreviewed
images/train/WIN_20261006_23_51_34_Pro_frame000112.jpg,0,apple,table_right,draft_unreviewed
images/train/WIN_20261006_23_51_34_Pro_frame000112.jpg,1,banana,table_right,draft_unreviewed
images/train/WIN_20261006_23_51_34_Pro_frame000112.jpg,2,fanta_can,table_right,draft_unreviewed
images/train/WIN_20261006_23_51_34_Pro_frame000112.jpg,3,green_apple,table_right,draft_unreviewed
images/train/WIN_20261006_23_51_34_Pro_frame000112.jpg,4,mug,table_right,draft_unreviewed
images/train/WIN_20261006_23_51_34_Pro_frame000112.jpg,5,peach,table_right,draft_unreviewed
images/train/WIN_20261006_23_51_34_Pro_frame000112.jpg,6,plate,table_right,draft_unreviewed
images/train/WIN_20261006_23_51_34_Pro_frame000113.jpg,0,apple,table_right,draft_unreviewed
images/train/WIN_20261006_23_51_34_Pro_frame000113.jpg,1,banana,table_right,draft_unreviewed
images/train/WIN_20261006_23_51_34_Pro_frame000113.jpg,2,fanta_can,table_right,draft_unreviewed
images/train/WIN_20261006_23_51_34_Pro_frame000113.jpg,3,green_apple,table_right,draft_unreviewed
images/train/WIN_20261006_23_51_34_Pro_frame000113.jpg,4,mug,table_right,draft_unreviewed
images/train/WIN_20261006_23_51_34_Pro_frame000113.jpg,5,peach,table_right,draft_unreviewed
images/train/WIN_20261006_23_51_34_Pro_frame000113.jpg,6,plate,table_right,draft_unreviewed
images/train/WIN_20261006_23_51_34_Pro_frame000114.jpg,0,apple,table_right,draft_unreviewed
images/train/WIN_20261006_23_51_34_Pro_frame000114.jpg,1,banana,table_right,draft_unreviewed
images/train/WIN_20261006_23_51_34_Pro_frame000114.jpg,2,fanta_can,table_right,draft_unreviewed
images/train/WIN_20261006_23_51_34_Pro_frame000114.jpg,3,green_apple,table_right,draft_unreviewed
images/train/WIN_20261006_23_51_34_Pro_frame000114.jpg,4,mug,table_right,draft_unreviewed
images/train/WIN_20261006_23_51_34_Pro_frame000114.jpg,5,peach,table_right,draft_unreviewed
images/train/WIN_20261006_23_51_34_Pro_frame000114.jpg,6,plate,table_right,draft_unreviewed
images/train/WIN_20261006_23_51_34_Pro_frame000115.jpg,0,apple,table_right,draft_unreviewed
images/train/WIN_20261006_23_51_34_Pro_frame000115.jpg,1,banana,table_right,draft_unreviewed
images/train/WIN_20261006_23_51_34_Pro_frame000115.jpg,2,fanta_can,table_right,draft_unreviewed
images/train/WIN_20261006_23_51_34_Pro_frame000115.jpg,3,green_apple,table_right,draft_unreviewed
images/train/WIN_20261006_23_51_34_Pro_frame000115.jpg,4,mug,table_right,draft_unreviewed
images/train/WIN_20261006_23_51_34_Pro_frame000115.jpg,5,peach,table_right,draft_unreviewed
images/train/WIN_20261006_23_51_34_Pro_frame000115.jpg,6,plate,table_right,draft_unreviewed
images/train/WIN_20261006_23_51_34_Pro_frame000116.jpg,0,apple,table_right,draft_unreviewed
images/train/WIN_20261006_23_51_34_Pro_frame000116.jpg,1,banana,table_right,draft_unreviewed
images/train/WIN_20261006_23_51_34_Pro_frame000116.jpg,2,fanta_can,table_right,draft_unreviewed
images/train/WIN_20261006_23_51_34_Pro_frame000116.jpg,3,green_apple,table_right,draft_unreviewed
images/train/WIN_20261006_23_51_34_Pro_frame000116.jpg,4,mug,table_right,draft_unreviewed
images/train/WIN_20261006_23_51_34_Pro_frame000116.jpg,5,peach,table_right,draft_unreviewed
images/train/WIN_20261006_23_51_34_Pro_frame000116.jpg,6,plate,table_right,draft_unreviewed
images/train/WIN_20261006_23_51_34_Pro_frame000117.jpg,0,apple,table_right,draft_unreviewed
images/train/WIN_20261006_23_51_34_Pro_frame000117.jpg,1,banana,table_right,draft_unreviewed
images/train/WIN_20261006_23_51_34_Pro_frame000117.jpg,2,fanta_can,table_right,draft_unreviewed
images/train/WIN_20261006_23_51_34_Pro_frame000117.jpg,3,green_apple,table_right,draft_unreviewed
images/train/WIN_20261006_23_51_34_Pro_frame000117.jpg,4,mug,table_right,draft_unreviewed
images/train/WIN_20261006_23_51_34_Pro_frame000117.jpg,5,peach,table_right,draft_unreviewed
images/train/WIN_20261006_23_51_34_Pro_frame000117.jpg,6,plate,table_right,draft_unreviewed
images/train/WIN_20261006_23_51_34_Pro_frame000118.jpg,0,apple,table_right,draft_unreviewed
images/train/WIN_20261006_23_51_34_Pro_frame000118.jpg,1,banana,table_right,draft_unreviewed
images/train/WIN_20261006_23_51_34_Pro_frame000118.jpg,2,fanta_can,table_right,draft_unreviewed
images/train/WIN_20261006_23_51_34_Pro_frame000118.jpg,3,green_apple,table_right,draft_unreviewed
images/train/WIN_20261006_23_51_34_Pro_frame000118.jpg,4,mug,table_right,draft_unreviewed
images/train/WIN_20261006_23_51_34_Pro_frame000118.jpg,5,peach,table_right,draft_unreviewed
images/train/WIN_20261006_23_51_34_Pro_frame000118.jpg,6,plate,table_right,draft_unreviewed
images/train/WIN_20261006_23_51_34_Pro_frame000119.jpg,0,apple,table_right,draft_unreviewed
images/train/WIN_20261006_23_51_34_Pro_frame000119.jpg,1,banana,table_right,draft_unreviewed
images/train/WIN_20261006_23_51_34_Pro_frame000119.jpg,2,fanta_can,table_right,draft_unreviewed
images/train/WIN_20261006_23_51_34_Pro_frame000119.jpg,3,green_apple,table_right,draft_unreviewed
images/train/WIN_20261006_23_51_34_Pro_frame000119.jpg,4,mug,table_right,draft_unreviewed
images/train/WIN_20261006_23_51_34_Pro_frame000119.jpg,5,peach,table_right,draft_unreviewed
images/train/WIN_20261006_23_51_34_Pro_frame000119.jpg,6,plate,table_right,draft_unreviewed
images/train/WIN_20261006_23_51_34_Pro_frame000120.jpg,0,apple,table_right,draft_unreviewed
images/train/WIN_20261006_23_51_34_Pro_frame000120.jpg,1,banana,table_right,draft_unreviewed
images/train/WIN_20261006_23_51_34_Pro_frame000120.jpg,2,fanta_can,table_right,draft_unreviewed
images/train/WIN_20261006_23_51_34_Pro_frame000120.jpg,3,green_apple,table_right,draft_unreviewed
images/train/WIN_20261006_23_51_34_Pro_frame000120.jpg,4,mug,table_right,draft_unreviewed
images/train/WIN_20261006_23_51_34_Pro_frame000120.jpg,5,peach,table_right,draft_unreviewed
images/train/WIN_20261006_23_51_34_Pro_frame000120.jpg,6,plate,table_right,draft_unreviewed
images/train/WIN_20261006_23_51_34_Pro_frame000121.jpg,0,apple,table_right,draft_unreviewed
images/train/WIN_20261006_23_51_34_Pro_frame000121.jpg,1,banana,table_right,draft_unreviewed
images/train/WIN_20261006_23_51_34_Pro_frame000121.jpg,2,fanta_can,table_right,draft_unreviewed
images/train/WIN_20261006_23_51_34_Pro_frame000121.jpg,3,green_apple,table_right,draft_unreviewed
images/train/WIN_20261006_23_51_34_Pro_frame000121.jpg,4,mug,table_right,draft_unreviewed
images/train/WIN_20261006_23_51_34_Pro_frame000121.jpg,5,peach,table_right,draft_unreviewed
images/train/WIN_20261006_23_51_34_Pro_frame000121.jpg,6,plate,table_right,draft_unreviewed
images/train/WIN_20261006_23_51_34_Pro_frame000122.jpg,0,apple,table_right,draft_unreviewed
images/train/WIN_20261006_23_51_34_Pro_frame000122.jpg,1,banana,table_right,draft_unreviewed
images/train/WIN_20261006_23_51_34_Pro_frame000122.jpg,2,fanta_can,table_right,draft_unreviewed
images/train/WIN_20261006_23_51_34_Pro_frame000122.jpg,3,green_apple,table_right,draft_unreviewed
images/train/WIN_20261006_23_51_34_Pro_frame000122.jpg,4,mug,table_right,draft_unreviewed
images/train/WIN_20261006_23_51_34_Pro_frame000122.jpg,5,peach,table_right,draft_unreviewed
images/train/WIN_20261006_23_51_34_Pro_frame000122.jpg,6,plate,table_right,draft_unreviewed
images/train/WIN_20261006_23_51_34_Pro_frame000123.jpg,0,apple,table_right,draft_unreviewed
images/train/WIN_20261006_23_51_34_Pro_frame000123.jpg,1,banana,table_right,draft_unreviewed
images/train/WIN_20261006_23_51_34_Pro_frame000123.jpg,2,fanta_can,table_right,draft_unreviewed
images/train/WIN_20261006_23_51_34_Pro_frame000123.jpg,3,green_apple,table_right,draft_unreviewed
images/train/WIN_20261006_23_51_34_Pro_frame000123.jpg,4,mug,table_right,draft_unreviewed
images/train/WIN_20261006_23_51_34_Pro_frame000123.jpg,5,peach,table_right,draft_unreviewed
images/train/WIN_20261006_23_51_34_Pro_frame000123.jpg,6,plate,table_right,draft_unreviewed
images/train/WIN_20261006_23_51_34_Pro_frame000124.jpg,0,apple,table_right,draft_unreviewed
images/train/WIN_20261006_23_51_34_Pro_frame000124.jpg,1,banana,table_right,draft_unreviewed
images/train/WIN_20261006_23_51_34_Pro_frame000124.jpg,2,fanta_can,table_right,draft_unreviewed
images/train/WIN_20261006_23_51_34_Pro_frame000124.jpg,3,green_apple,table_right,draft_unreviewed
images/train/WIN_20261006_23_51_34_Pro_frame000124.jpg,4,mug,table_right,draft_unreviewed
images/train/WIN_20261006_23_51_34_Pro_frame000124.jpg,5,peach,table_right,draft_unreviewed
images/train/WIN_20261006_23_51_34_Pro_frame000124.jpg,6,plate,table_right,draft_unreviewed
images/train/WIN_20261006_23_51_34_Pro_frame000125.jpg,0,apple,table_right,draft_unreviewed
images/train/WIN_20261006_23_51_34_Pro_frame000125.jpg,1,banana,table_right,draft_unreviewed
images/train/WIN_20261006_23_51_34_Pro_frame000125.jpg,2,fanta_can,table_right,draft_unreviewed
images/train/WIN_20261006_23_51_34_Pro_frame000125.jpg,3,green_apple,table_right,draft_unreviewed
images/train/WIN_20261006_23_51_34_Pro_frame000125.jpg,4,mug,table_right,draft_unreviewed
images/train/WIN_20261006_23_51_34_Pro_frame000125.jpg,5,peach,table_right,draft_unreviewed
images/train/WIN_20261006_23_51_34_Pro_frame000125.jpg,6,plate,table_right,draft_unreviewed
images/train/WIN_20261006_23_51_34_Pro_frame000126.jpg,0,apple,table_right,draft_unreviewed
images/train/WIN_20261006_23_51_34_Pro_frame000126.jpg,1,banana,table_right,draft_unreviewed
images/train/WIN_20261006_23_51_34_Pro_frame000126.jpg,2,fanta_can,table_right,draft_unreviewed
images/train/WIN_20261006_23_51_34_Pro_frame000126.jpg,3,green_apple,table_right,draft_unreviewed
images/train/WIN_20261006_23_51_34_Pro_frame000126.jpg,4,mug,table_right,draft_unreviewed
images/train/WIN_20261006_23_51_34_Pro_frame000126.jpg,5,peach,table_right,draft_unreviewed
images/train/WIN_20261006_23_51_34_Pro_frame000126.jpg,6,plate,table_right,draft_unreviewed
images/train/WIN_20261006_23_51_34_Pro_frame000127.jpg,0,apple,table_right,draft_unreviewed
images/train/WIN_20261006_23_51_34_Pro_frame000127.jpg,1,banana,table_right,draft_unreviewed
images/train/WIN_20261006_23_51_34_Pro_frame000127.jpg,2,fanta_can,table_right,draft_unreviewed
images/train/WIN_20261006_23_51_34_Pro_frame000127.jpg,3,green_apple,table_right,draft_unreviewed
images/train/WIN_20261006_23_51_34_Pro_frame000127.jpg,4,mug,table_right,draft_unreviewed
images/train/WIN_20261006_23_51_34_Pro_frame000127.jpg,5,peach,table_right,draft_unreviewed
images/train/WIN_20261006_23_51_34_Pro_frame000127.jpg,6,plate,table_right,draft_unreviewed
images/train/WIN_20261006_23_51_34_Pro_frame000128.jpg,0,apple,table_right,draft_unreviewed
images/train/WIN_20261006_23_51_34_Pro_frame000128.jpg,1,banana,table_right,draft_unreviewed
images/train/WIN_20261006_23_51_34_Pro_frame000128.jpg,2,fanta_can,table_right,draft_unreviewed
images/train/WIN_20261006_23_51_34_Pro_frame000128.jpg,3,green_apple,table_right,draft_unreviewed
images/train/WIN_20261006_23_51_34_Pro_frame000128.jpg,4,mug,table_right,draft_unreviewed
images/train/WIN_20261006_23_51_34_Pro_frame000128.jpg,5,peach,table_right,draft_unreviewed
images/train/WIN_20261006_23_51_34_Pro_frame000128.jpg,6,plate,table_right,draft_unreviewed
images/train/WIN_20261006_23_51_34_Pro_frame000129.jpg,0,apple,table_right,draft_unreviewed
images/train/WIN_20261006_23_51_34_Pro_frame000129.jpg,1,banana,table_right,draft_unreviewed
images/train/WIN_20261006_23_51_34_Pro_frame000129.jpg,2,fanta_can,table_right,draft_unreviewed
images/train/WIN_20261006_23_51_34_Pro_frame000129.jpg,3,green_apple,table_right,draft_unreviewed
images/train/WIN_20261006_23_51_34_Pro_frame000129.jpg,4,mug,table_right,draft_unreviewed
images/train/WIN_20261006_23_51_34_Pro_frame000129.jpg,5,peach,table_right,draft_unreviewed
images/train/WIN_20261006_23_51_34_Pro_frame000129.jpg,6,plate,table_right,draft_unreviewed
images/train/WIN_20261006_23_51_34_Pro_frame000130.jpg,0,apple,table_right,draft_unreviewed
images/train/WIN_20261006_23_51_34_Pro_frame000130.jpg,1,banana,table_right,draft_unreviewed
images/train/WIN_20261006_23_51_34_Pro_frame000130.jpg,2,fanta_can,table_right,draft_unreviewed
images/train/WIN_20261006_23_51_34_Pro_frame000130.jpg,3,green_apple,table_right,draft_unreviewed
images/train/WIN_20261006_23_51_34_Pro_frame000130.jpg,4,mug,table_right,draft_unreviewed
images/train/WIN_20261006_23_51_34_Pro_frame000130.jpg,5,peach,table_right,draft_unreviewed
images/train/WIN_20261006_23_51_34_Pro_frame000130.jpg,6,plate,table_right,draft_unreviewed
images/train/WIN_20261006_23_51_34_Pro_frame000131.jpg,0,apple,table_right,draft_unreviewed
images/train/WIN_20261006_23_51_34_Pro_frame000131.jpg,1,banana,table_right,draft_unreviewed
images/train/WIN_20261006_23_51_34_Pro_frame000131.jpg,2,fanta_can,table_right,draft_unreviewed
images/train/WIN_20261006_23_51_34_Pro_frame000131.jpg,3,green_apple,table_right,draft_unreviewed
images/train/WIN_20261006_23_51_34_Pro_frame000131.jpg,4,mug,table_right,draft_unreviewed
images/train/WIN_20261006_23_51_34_Pro_frame000131.jpg,5,peach,table_right,draft_unreviewed
images/train/WIN_20261006_23_51_34_Pro_frame000131.jpg,6,plate,table_right,draft_unreviewed
images/train/WIN_20261006_23_51_34_Pro_frame000132.jpg,0,apple,table_right,draft_unreviewed
images/train/WIN_20261006_23_51_34_Pro_frame000132.jpg,1,banana,table_right,draft_unreviewed
images/train/WIN_20261006_23_51_34_Pro_frame000132.jpg,2,fanta_can,table_right,draft_unreviewed
images/train/WIN_20261006_23_51_34_Pro_frame000132.jpg,3,green_apple,table_right,draft_unreviewed
images/train/WIN_20261006_23_51_34_Pro_frame000132.jpg,4,mug,table_right,draft_unreviewed
images/train/WIN_20261006_23_51_34_Pro_frame000132.jpg,5,peach,table_right,draft_unreviewed
images/train/WIN_20261006_23_51_34_Pro_frame000132.jpg,6,plate,table_right,draft_unreviewed
images/train/WIN_20261006_23_51_34_Pro_frame000133.jpg,0,apple,table_right,draft_unreviewed
images/train/WIN_20261006_23_51_34_Pro_frame000133.jpg,1,banana,table_right,draft_unreviewed
images/train/WIN_20261006_23_51_34_Pro_frame000133.jpg,2,fanta_can,table_right,draft_unreviewed
images/train/WIN_20261006_23_51_34_Pro_frame000133.jpg,3,green_apple,table_right,draft_unreviewed
images/train/WIN_20261006_23_51_34_Pro_frame000133.jpg,4,mug,table_right,draft_unreviewed
images/train/WIN_20261006_23_51_34_Pro_frame000133.jpg,5,peach,table_right,draft_unreviewed
images/train/WIN_20261006_23_51_34_Pro_frame000133.jpg,6,plate,table_right,draft_unreviewed
images/train/WIN_20261006_23_51_34_Pro_frame000134.jpg,0,apple,table_right,draft_unreviewed
images/train/WIN_20261006_23_51_34_Pro_frame000134.jpg,1,banana,table_right,draft_unreviewed
images/train/WIN_20261006_23_51_34_Pro_frame000134.jpg,2,fanta_can,table_right,draft_unreviewed
images/train/WIN_20261006_23_51_34_Pro_frame000134.jpg,3,green_apple,table_right,draft_unreviewed
images/train/WIN_20261006_23_51_34_Pro_frame000134.jpg,4,mug,table_right,draft_unreviewed
images/train/WIN_20261006_23_51_34_Pro_frame000134.jpg,5,peach,table_right,draft_unreviewed
images/train/WIN_20261006_23_51_34_Pro_frame000134.jpg,6,plate,table_right,draft_unreviewed
images/train/WIN_20261006_23_51_34_Pro_frame000135.jpg,0,apple,table_right,draft_unreviewed
images/train/WIN_20261006_23_51_34_Pro_frame000135.jpg,1,banana,table_right,draft_unreviewed
images/train/WIN_20261006_23_51_34_Pro_frame000135.jpg,2,fanta_can,table_right,draft_unreviewed
images/train/WIN_20261006_23_51_34_Pro_frame000135.jpg,3,green_apple,table_right,draft_unreviewed
images/train/WIN_20261006_23_51_34_Pro_frame000135.jpg,4,mug,table_right,draft_unreviewed
images/train/WIN_20261006_23_51_34_Pro_frame000135.jpg,5,peach,table_right,draft_unreviewed
images/train/WIN_20261006_23_51_34_Pro_frame000135.jpg,6,plate,table_right,draft_unreviewed
images/train/WIN_20261006_23_51_34_Pro_frame000136.jpg,0,apple,table_right,draft_unreviewed
images/train/WIN_20261006_23_51_34_Pro_frame000136.jpg,1,banana,table_right,draft_unreviewed
images/train/WIN_20261006_23_51_34_Pro_frame000136.jpg,2,fanta_can,table_right,draft_unreviewed
images/train/WIN_20261006_23_51_34_Pro_frame000136.jpg,3,green_apple,table_right,draft_unreviewed
images/train/WIN_20261006_23_51_34_Pro_frame000136.jpg,4,mug,table_right,draft_unreviewed
images/train/WIN_20261006_23_51_34_Pro_frame000136.jpg,5,peach,table_right,draft_unreviewed
images/train/WIN_20261006_23_51_34_Pro_frame000136.jpg,6,plate,table_right,draft_unreviewed
images/train/WIN_20261006_23_51_34_Pro_frame000137.jpg,0,apple,table_right,draft_unreviewed
images/train/WIN_20261006_23_51_34_Pro_frame000137.jpg,1,banana,table_right,draft_unreviewed
images/train/WIN_20261006_23_51_34_Pro_frame000137.jpg,2,fanta_can,table_right,draft_unreviewed
images/train/WIN_20261006_23_51_34_Pro_frame000137.jpg,3,green_apple,table_right,draft_unreviewed
images/train/WIN_20261006_23_51_34_Pro_frame000137.jpg,4,mug,table_right,draft_unreviewed
images/train/WIN_20261006_23_51_34_Pro_frame000137.jpg,5,peach,table_right,draft_unreviewed
images/train/WIN_20261006_23_51_34_Pro_frame000137.jpg,6,plate,table_right,draft_unreviewed
images/train/WIN_20261006_23_51_34_Pro_frame000138.jpg,0,apple,table_right,draft_unreviewed
images/train/WIN_20261006_23_51_34_Pro_frame000138.jpg,1,banana,table_right,draft_unreviewed
images/train/WIN_20261006_23_51_34_Pro_frame000138.jpg,2,fanta_can,table_right,draft_unreviewed
images/train/WIN_20261006_23_51_34_Pro_frame000138.jpg,3,green_apple,table_right,draft_unreviewed
images/train/WIN_20261006_23_51_34_Pro_frame000138.jpg,4,mug,table_right,draft_unreviewed
images/train/WIN_20261006_23_51_34_Pro_frame000138.jpg,5,peach,table_right,draft_unreviewed
images/train/WIN_20261006_23_51_34_Pro_frame000138.jpg,6,plate,table_right,draft_unreviewed
images/train/WIN_20261006_23_51_34_Pro_frame000139.jpg,0,apple,table_right,draft_unreviewed
images/train/WIN_20261006_23_51_34_Pro_frame000139.jpg,1,banana,table_right,draft_unreviewed
images/train/WIN_20261006_23_51_34_Pro_frame000139.jpg,2,fanta_can,table_right,draft_unreviewed
images/train/WIN_20261006_23_51_34_Pro_frame000139.jpg,3,green_apple,table_right,draft_unreviewed
images/train/WIN_20261006_23_51_34_Pro_frame000139.jpg,4,mug,table_right,draft_unreviewed
images/train/WIN_20261006_23_51_34_Pro_frame000139.jpg,5,peach,table_right,draft_unreviewed
images/train/WIN_20261006_23_51_34_Pro_frame000139.jpg,6,plate,table_right,draft_unreviewed
images/train/WIN_20261006_23_51_34_Pro_frame000140.jpg,0,apple,table_right,draft_unreviewed
images/train/WIN_20261006_23_51_34_Pro_frame000140.jpg,1,banana,table_right,draft_unreviewed
images/train/WIN_20261006_23_51_34_Pro_frame000140.jpg,2,fanta_can,table_right,draft_unreviewed
images/train/WIN_20261006_23_51_34_Pro_frame000140.jpg,3,green_apple,table_right,draft_unreviewed
images/train/WIN_20261006_23_51_34_Pro_frame000140.jpg,4,mug,table_right,draft_unreviewed
images/train/WIN_20261006_23_51_34_Pro_frame000140.jpg,5,peach,table_right,draft_unreviewed
images/train/WIN_20261006_23_51_34_Pro_frame000140.jpg,6,plate,table_right,draft_unreviewed
images/train/WIN_20261006_23_51_34_Pro_frame000141.jpg,0,apple,table_right,draft_unreviewed
images/train/WIN_20261006_23_51_34_Pro_frame000141.jpg,1,banana,table_right,draft_unreviewed
images/train/WIN_20261006_23_51_34_Pro_frame000141.jpg,2,fanta_can,table_right,draft_unreviewed
images/train/WIN_20261006_23_51_34_Pro_frame000141.jpg,3,green_apple,table_right,draft_unreviewed
images/train/WIN_20261006_23_51_34_Pro_frame000141.jpg,4,mug,table_right,draft_unreviewed
images/train/WIN_20261006_23_51_34_Pro_frame000141.jpg,5,peach,table_right,draft_unreviewed
images/train/WIN_20261006_23_51_34_Pro_frame000141.jpg,6,plate,table_right,draft_unreviewed
images/train/WIN_20261006_23_51_34_Pro_frame000142.jpg,0,apple,table_right,draft_unreviewed
images/train/WIN_20261006_23_51_34_Pro_frame000142.jpg,1,banana,table_right,draft_unreviewed
images/train/WIN_20261006_23_51_34_Pro_frame000142.jpg,2,fanta_can,table_right,draft_unreviewed
images/train/WIN_20261006_23_51_34_Pro_frame000142.jpg,3,green_apple,table_right,draft_unreviewed
images/train/WIN_20261006_23_51_34_Pro_frame000142.jpg,4,mug,table_right,draft_unreviewed
images/train/WIN_20261006_23_51_34_Pro_frame000142.jpg,5,peach,table_right,draft_unreviewed
images/train/WIN_20261006_23_51_34_Pro_frame000142.jpg,6,plate,table_right,draft_unreviewed
images/train/WIN_20261006_23_51_34_Pro_frame000143.jpg,0,apple,table_right,draft_unreviewed
images/train/WIN_20261006_23_51_34_Pro_frame000143.jpg,1,banana,table_right,draft_unreviewed
images/train/WIN_20261006_23_51_34_Pro_frame000143.jpg,2,fanta_can,table_right,draft_unreviewed
images/train/WIN_20261006_23_51_34_Pro_frame000143.jpg,3,green_apple,table_right,draft_unreviewed
images/train/WIN_20261006_23_51_34_Pro_frame000143.jpg,4,mug,table_right,draft_unreviewed
images/train/WIN_20261006_23_51_34_Pro_frame000143.jpg,5,peach,table_right,draft_unreviewed
images/train/WIN_20261006_23_51_34_Pro_frame000143.jpg,6,plate,table_right,draft_unreviewed
images/train/WIN_20261006_23_51_34_Pro_frame000144.jpg,0,apple,table_right,draft_unreviewed
images/train/WIN_20261006_23_51_34_Pro_frame000144.jpg,1,banana,table_right,draft_unreviewed
images/train/WIN_20261006_23_51_34_Pro_frame000144.jpg,2,fanta_can,table_right,draft_unreviewed
images/train/WIN_20261006_23_51_34_Pro_frame000144.jpg,3,green_apple,table_right,draft_unreviewed
images/train/WIN_20261006_23_51_34_Pro_frame000144.jpg,4,mug,table_right,draft_unreviewed
images/train/WIN_20261006_23_51_34_Pro_frame000144.jpg,5,peach,table_right,draft_unreviewed
images/train/WIN_20261006_23_51_34_Pro_frame000144.jpg,6,plate,table_right,draft_unreviewed
images/train/WIN_20261006_23_51_34_Pro_frame000145.jpg,0,apple,table_right,draft_unreviewed
images/train/WIN_20261006_23_51_34_Pro_frame000145.jpg,1,banana,table_right,draft_unreviewed
images/train/WIN_20261006_23_51_34_Pro_frame000145.jpg,2,fanta_can,table_right,draft_unreviewed
images/train/WIN_20261006_23_51_34_Pro_frame000145.jpg,3,green_apple,table_right,draft_unreviewed
images/train/WIN_20261006_23_51_34_Pro_frame000145.jpg,4,mug,table_right,draft_unreviewed
images/train/WIN_20261006_23_51_34_Pro_frame000145.jpg,5,peach,table_right,draft_unreviewed
images/train/WIN_20261006_23_51_34_Pro_frame000145.jpg,6,plate,table_right,draft_unreviewed
images/train/WIN_20261006_23_51_34_Pro_frame000146.jpg,0,apple,table_right,draft_unreviewed
images/train/WIN_20261006_23_51_34_Pro_frame000146.jpg,1,banana,table_right,draft_unreviewed
images/train/WIN_20261006_23_51_34_Pro_frame000146.jpg,2,fanta_can,table_right,draft_unreviewed
images/train/WIN_20261006_23_51_34_Pro_frame000146.jpg,3,green_apple,table_right,draft_unreviewed
images/train/WIN_20261006_23_51_34_Pro_frame000146.jpg,4,mug,table_right,draft_unreviewed
images/train/WIN_20261006_23_51_34_Pro_frame000146.jpg,5,peach,table_right,draft_unreviewed
images/train/WIN_20261006_23_51_34_Pro_frame000146.jpg,6,plate,table_right,draft_unreviewed
images/train/WIN_20261006_23_51_34_Pro_frame000147.jpg,0,apple,table_right,draft_unreviewed
images/train/WIN_20261006_23_51_34_Pro_frame000147.jpg,1,banana,table_right,draft_unreviewed
images/train/WIN_20261006_23_51_34_Pro_frame000147.jpg,2,fanta_can,table_right,draft_unreviewed
images/train/WIN_20261006_23_51_34_Pro_frame000147.jpg,3,green_apple,table_right,draft_unreviewed
images/train/WIN_20261006_23_51_34_Pro_frame000147.jpg,4,mug,table_right,draft_unreviewed
images/train/WIN_20261006_23_51_34_Pro_frame000147.jpg,5,peach,table_right,draft_unreviewed
images/train/WIN_20261006_23_51_34_Pro_frame000147.jpg,6,plate,table_right,draft_unreviewed
images/train/WIN_20261006_23_51_34_Pro_frame000148.jpg,0,apple,table_right,draft_unreviewed
images/train/WIN_20261006_23_51_34_Pro_frame000148.jpg,1,banana,table_right,draft_unreviewed
images/train/WIN_20261006_23_51_34_Pro_frame000148.jpg,2,fanta_can,table_right,draft_unreviewed
images/train/WIN_20261006_23_51_34_Pro_frame000148.jpg,3,green_apple,table_right,draft_unreviewed
images/train/WIN_20261006_23_51_34_Pro_frame000148.jpg,4,mug,table_right,draft_unreviewed
images/train/WIN_20261006_23_51_34_Pro_frame000148.jpg,5,peach,table_right,draft_unreviewed
images/train/WIN_20261006_23_51_34_Pro_frame000148.jpg,6,plate,table_right,draft_unreviewed
images/train/WIN_20261006_23_51_34_Pro_frame000149.jpg,0,apple,table_right,draft_unreviewed
images/train/WIN_20261006_23_51_34_Pro_frame000149.jpg,1,banana,table_right,draft_unreviewed
images/train/WIN_20261006_23_51_34_Pro_frame000149.jpg,2,fanta_can,table_right,draft_unreviewed
images/train/WIN_20261006_23_51_34_Pro_frame000149.jpg,3,green_apple,table_right,draft_unreviewed
images/train/WIN_20261006_23_51_34_Pro_frame000149.jpg,4,mug,table_right,draft_unreviewed
images/train/WIN_20261006_23_51_34_Pro_frame000149.jpg,5,peach,table_right,draft_unreviewed
images/train/WIN_20261006_23_51_34_Pro_frame000149.jpg,6,plate,table_right,draft_unreviewed
images/train/WIN_20261006_23_51_34_Pro_frame000150.jpg,0,apple,table_right,draft_unreviewed
images/train/WIN_20261006_23_51_34_Pro_frame000150.jpg,1,banana,table_right,draft_unreviewed
images/train/WIN_20261006_23_51_34_Pro_frame000150.jpg,2,fanta_can,table_right,draft_unreviewed
images/train/WIN_20261006_23_51_34_Pro_frame000150.jpg,3,green_apple,table_right,draft_unreviewed
images/train/WIN_20261006_23_51_34_Pro_frame000150.jpg,4,mug,table_right,draft_unreviewed
images/train/WIN_20261006_23_51_34_Pro_frame000150.jpg,5,peach,table_right,draft_unreviewed
images/train/WIN_20261006_23_51_34_Pro_frame000150.jpg,6,plate,table_right,draft_unreviewed
images/train/WIN_20261006_23_51_34_Pro_frame000151.jpg,0,apple,table_right,draft_unreviewed
images/train/WIN_20261006_23_51_34_Pro_frame000151.jpg,1,banana,table_right,draft_unreviewed
images/train/WIN_20261006_23_51_34_Pro_frame000151.jpg,2,fanta_can,table_right,draft_unreviewed
images/train/WIN_20261006_23_51_34_Pro_frame000151.jpg,3,green_apple,table_right,draft_unreviewed
images/train/WIN_20261006_23_51_34_Pro_frame000151.jpg,4,mug,table_right,draft_unreviewed
images/train/WIN_20261006_23_51_34_Pro_frame000151.jpg,5,peach,table_right,draft_unreviewed
images/train/WIN_20261006_23_51_34_Pro_frame000151.jpg,6,plate,table_right,draft_unreviewed
images/train/WIN_20261006_23_51_34_Pro_frame000152.jpg,0,apple,table_right,draft_unreviewed
images/train/WIN_20261006_23_51_34_Pro_frame000152.jpg,1,banana,table_right,draft_unreviewed
images/train/WIN_20261006_23_51_34_Pro_frame000152.jpg,2,fanta_can,table_right,draft_unreviewed
images/train/WIN_20261006_23_51_34_Pro_frame000152.jpg,3,green_apple,table_right,draft_unreviewed
images/train/WIN_20261006_23_51_34_Pro_frame000152.jpg,4,mug,table_right,draft_unreviewed
images/train/WIN_20261006_23_51_34_Pro_frame000152.jpg,5,peach,table_right,draft_unreviewed
images/train/WIN_20261006_23_51_34_Pro_frame000152.jpg,6,plate,table_right,draft_unreviewed
images/train/WIN_20261006_23_51_34_Pro_frame000153.jpg,0,apple,table_right,draft_unreviewed
images/train/WIN_20261006_23_51_34_Pro_frame000153.jpg,1,banana,table_right,draft_unreviewed
images/train/WIN_20261006_23_51_34_Pro_frame000153.jpg,2,fanta_can,table_right,draft_unreviewed
images/train/WIN_20261006_23_51_34_Pro_frame000153.jpg,3,green_apple,table_right,draft_unreviewed
images/train/WIN_20261006_23_51_34_Pro_frame000153.jpg,4,mug,table_right,draft_unreviewed
images/train/WIN_20261006_23_51_34_Pro_frame000153.jpg,5,peach,table_right,draft_unreviewed
images/train/WIN_20261006_23_51_34_Pro_frame000153.jpg,6,plate,table_right,draft_unreviewed
images/train/WIN_20261006_23_51_34_Pro_frame000154.jpg,0,apple,table_right,draft_unreviewed
images/train/WIN_20261006_23_51_34_Pro_frame000154.jpg,1,banana,table_right,draft_unreviewed
images/train/WIN_20261006_23_51_34_Pro_frame000154.jpg,2,fanta_can,table_right,draft_unreviewed
images/train/WIN_20261006_23_51_34_Pro_frame000154.jpg,3,green_apple,table_right,draft_unreviewed
images/train/WIN_20261006_23_51_34_Pro_frame000154.jpg,4,mug,table_right,draft_unreviewed
images/train/WIN_20261006_23_51_34_Pro_frame000154.jpg,5,peach,table_right,draft_unreviewed
images/train/WIN_20261006_23_51_34_Pro_frame000154.jpg,6,plate,table_right,draft_unreviewed
images/train/WIN_20261006_23_51_34_Pro_frame000155.jpg,0,apple,table_right,draft_unreviewed
images/train/WIN_20261006_23_51_34_Pro_frame000155.jpg,1,banana,table_right,draft_unreviewed
images/train/WIN_20261006_23_51_34_Pro_frame000155.jpg,2,fanta_can,table_right,draft_unreviewed
images/train/WIN_20261006_23_51_34_Pro_frame000155.jpg,3,green_apple,table_right,draft_unreviewed
images/train/WIN_20261006_23_51_34_Pro_frame000155.jpg,4,mug,table_right,draft_unreviewed
images/train/WIN_20261006_23_51_34_Pro_frame000155.jpg,5,peach,table_right,draft_unreviewed
images/train/WIN_20261006_23_51_34_Pro_frame000155.jpg,6,plate,table_right,draft_unreviewed
images/train/WIN_20261006_23_51_34_Pro_frame000156.jpg,0,apple,table_right,draft_unreviewed
images/train/WIN_20261006_23_51_34_Pro_frame000156.jpg,1,banana,table_right,draft_unreviewed
images/train/WIN_20261006_23_51_34_Pro_frame000156.jpg,2,fanta_can,table_right,draft_unreviewed
images/train/WIN_20261006_23_51_34_Pro_frame000156.jpg,3,green_apple,table_right,draft_unreviewed
images/train/WIN_20261006_23_51_34_Pro_frame000156.jpg,4,mug,table_right,draft_unreviewed
images/train/WIN_20261006_23_51_34_Pro_frame000156.jpg,5,peach,table_right,draft_unreviewed
images/train/WIN_20261006_23_51_34_Pro_frame000156.jpg,6,plate,table_right,draft_unreviewed
images/train/WIN_20261006_23_51_34_Pro_frame000157.jpg,0,apple,table_right,draft_unreviewed
images/train/WIN_20261006_23_51_34_Pro_frame000157.jpg,1,banana,table_right,draft_unreviewed
images/train/WIN_20261006_23_51_34_Pro_frame000157.jpg,2,fanta_can,table_right,draft_unreviewed
images/train/WIN_20261006_23_51_34_Pro_frame000157.jpg,3,green_apple,table_right,draft_unreviewed
images/train/WIN_20261006_23_51_34_Pro_frame000157.jpg,4,mug,table_right,draft_unreviewed
images/train/WIN_20261006_23_51_34_Pro_frame000157.jpg,5,peach,table_right,draft_unreviewed
images/train/WIN_20261006_23_51_34_Pro_frame000157.jpg,6,plate,table_right,draft_unreviewed
images/train/WIN_20261006_23_51_34_Pro_frame000158.jpg,0,apple,table_right,draft_unreviewed
images/train/WIN_20261006_23_51_34_Pro_frame000158.jpg,1,banana,table_right,draft_unreviewed
images/train/WIN_20261006_23_51_34_Pro_frame000158.jpg,2,fanta_can,table_right,draft_unreviewed
images/train/WIN_20261006_23_51_34_Pro_frame000158.jpg,3,green_apple,table_right,draft_unreviewed
images/train/WIN_20261006_23_51_34_Pro_frame000158.jpg,4,mug,table_right,draft_unreviewed
images/train/WIN_20261006_23_51_34_Pro_frame000158.jpg,5,peach,table_right,draft_unreviewed
images/train/WIN_20261006_23_51_34_Pro_frame000158.jpg,6,plate,table_right,draft_unreviewed
images/train/WIN_20261006_23_51_34_Pro_frame000159.jpg,0,apple,table_right,draft_unreviewed
images/train/WIN_20261006_23_51_34_Pro_frame000159.jpg,1,banana,table_right,draft_unreviewed
images/train/WIN_20261006_23_51_34_Pro_frame000159.jpg,2,fanta_can,table_right,draft_unreviewed
images/train/WIN_20261006_23_51_34_Pro_frame000159.jpg,3,green_apple,table_right,draft_unreviewed
images/train/WIN_20261006_23_51_34_Pro_frame000159.jpg,4,mug,table_right,draft_unreviewed
images/train/WIN_20261006_23_51_34_Pro_frame000159.jpg,5,peach,table_right,draft_unreviewed
images/train/WIN_20261006_23_51_34_Pro_frame000159.jpg,6,plate,table_right,draft_unreviewed
images/train/WIN_20261006_23_51_34_Pro_frame000160.jpg,0,apple,table_right,draft_unreviewed
images/train/WIN_20261006_23_51_34_Pro_frame000160.jpg,1,banana,table_right,draft_unreviewed
images/train/WIN_20261006_23_51_34_Pro_frame000160.jpg,2,fanta_can,table_right,draft_unreviewed
images/train/WIN_20261006_23_51_34_Pro_frame000160.jpg,3,green_apple,table_right,draft_unreviewed
images/train/WIN_20261006_23_51_34_Pro_frame000160.jpg,4,mug,table_right,draft_unreviewed
images/train/WIN_20261006_23_51_34_Pro_frame000160.jpg,5,peach,table_right,draft_unreviewed
images/train/WIN_20261006_23_51_34_Pro_frame000160.jpg,6,plate,table_right,draft_unreviewed
images/train/WIN_20261006_23_51_34_Pro_frame000161.jpg,0,apple,table_right,draft_unreviewed
images/train/WIN_20261006_23_51_34_Pro_frame000161.jpg,1,banana,table_right,draft_unreviewed
images/train/WIN_20261006_23_51_34_Pro_frame000161.jpg,2,fanta_can,table_right,draft_unreviewed
images/train/WIN_20261006_23_51_34_Pro_frame000161.jpg,3,green_apple,table_right,draft_unreviewed
images/train/WIN_20261006_23_51_34_Pro_frame000161.jpg,4,mug,table_right,draft_unreviewed
images/train/WIN_20261006_23_51_34_Pro_frame000161.jpg,5,peach,table_right,draft_unreviewed
images/train/WIN_20261006_23_51_34_Pro_frame000161.jpg,6,plate,table_right,draft_unreviewed
images/train/WIN_20261006_23_51_34_Pro_frame000162.jpg,0,apple,table_right,draft_unreviewed
images/train/WIN_20261006_23_51_34_Pro_frame000162.jpg,1,banana,table_right,draft_unreviewed
images/train/WIN_20261006_23_51_34_Pro_frame000162.jpg,2,fanta_can,table_right,draft_unreviewed
images/train/WIN_20261006_23_51_34_Pro_frame000162.jpg,3,green_apple,table_right,draft_unreviewed
images/train/WIN_20261006_23_51_34_Pro_frame000162.jpg,4,mug,table_right,draft_unreviewed
images/train/WIN_20261006_23_51_34_Pro_frame000162.jpg,5,peach,table_right,draft_unreviewed
images/train/WIN_20261006_23_51_34_Pro_frame000162.jpg,6,plate,table_right,draft_unreviewed
images/train/WIN_20261006_23_51_34_Pro_frame000163.jpg,0,apple,table_right,draft_unreviewed
images/train/WIN_20261006_23_51_34_Pro_frame000163.jpg,1,banana,table_right,draft_unreviewed
images/train/WIN_20261006_23_51_34_Pro_frame000163.jpg,2,fanta_can,table_right,draft_unreviewed
images/train/WIN_20261006_23_51_34_Pro_frame000163.jpg,3,green_apple,table_right,draft_unreviewed
images/train/WIN_20261006_23_51_34_Pro_frame000163.jpg,4,mug,table_right,draft_unreviewed
images/train/WIN_20261006_23_51_34_Pro_frame000163.jpg,5,peach,table_right,draft_unreviewed
images/train/WIN_20261006_23_51_34_Pro_frame000163.jpg,6,plate,table_right,draft_unreviewed
images/train/WIN_20261006_23_51_34_Pro_frame000164.jpg,0,apple,table_right,draft_unreviewed
images/train/WIN_20261006_23_51_34_Pro_frame000164.jpg,1,banana,table_right,draft_unreviewed
images/train/WIN_20261006_23_51_34_Pro_frame000164.jpg,2,fanta_can,table_right,draft_unreviewed
images/train/WIN_20261006_23_51_34_Pro_frame000164.jpg,3,green_apple,table_right,draft_unreviewed
images/train/WIN_20261006_23_51_34_Pro_frame000164.jpg,4,mug,table_right,draft_unreviewed
images/train/WIN_20261006_23_51_34_Pro_frame000164.jpg,5,peach,table_right,draft_unreviewed
images/train/WIN_20261006_23_51_34_Pro_frame000164.jpg,6,plate,table_right,draft_unreviewed
images/train/WIN_20261006_23_51_34_Pro_frame000165.jpg,0,apple,table_right,draft_unreviewed
images/train/WIN_20261006_23_51_34_Pro_frame000165.jpg,1,banana,table_right,draft_unreviewed
images/train/WIN_20261006_23_51_34_Pro_frame000165.jpg,2,fanta_can,table_right,draft_unreviewed
images/train/WIN_20261006_23_51_34_Pro_frame000165.jpg,3,green_apple,table_right,draft_unreviewed
images/train/WIN_20261006_23_51_34_Pro_frame000165.jpg,4,mug,table_right,draft_unreviewed
images/train/WIN_20261006_23_51_34_Pro_frame000165.jpg,5,peach,table_right,draft_unreviewed
images/train/WIN_20261006_23_51_34_Pro_frame000165.jpg,6,plate,table_right,draft_unreviewed
images/train/WIN_20261006_23_51_34_Pro_frame000166.jpg,0,apple,table_right,draft_unreviewed
images/train/WIN_20261006_23_51_34_Pro_frame000166.jpg,1,banana,table_right,draft_unreviewed
images/train/WIN_20261006_23_51_34_Pro_frame000166.jpg,2,fanta_can,table_right,draft_unreviewed
images/train/WIN_20261006_23_51_34_Pro_frame000166.jpg,3,green_apple,table_right,draft_unreviewed
images/train/WIN_20261006_23_51_34_Pro_frame000166.jpg,4,mug,table_right,draft_unreviewed
images/train/WIN_20261006_23_51_34_Pro_frame000166.jpg,5,peach,table_right,draft_unreviewed
images/train/WIN_20261006_23_51_34_Pro_frame000166.jpg,6,plate,table_right,draft_unreviewed
images/train/WIN_20261006_23_51_34_Pro_frame000167.jpg,0,apple,table_right,draft_unreviewed
images/train/WIN_20261006_23_51_34_Pro_frame000167.jpg,1,banana,table_right,draft_unreviewed
images/train/WIN_20261006_23_51_34_Pro_frame000167.jpg,2,fanta_can,table_right,draft_unreviewed
images/train/WIN_20261006_23_51_34_Pro_frame000167.jpg,3,green_apple,table_right,draft_unreviewed
images/train/WIN_20261006_23_51_34_Pro_frame000167.jpg,4,mug,table_right,draft_unreviewed
images/train/WIN_20261006_23_51_34_Pro_frame000167.jpg,5,peach,table_right,draft_unreviewed
images/train/WIN_20261006_23_51_34_Pro_frame000167.jpg,6,plate,table_right,draft_unreviewed
images/train/WIN_20261006_23_51_34_Pro_frame000168.jpg,0,apple,table_right,draft_unreviewed
images/train/WIN_20261006_23_51_34_Pro_frame000168.jpg,1,banana,table_right,draft_unreviewed
images/train/WIN_20261006_23_51_34_Pro_frame000168.jpg,2,fanta_can,table_right,draft_unreviewed
images/train/WIN_20261006_23_51_34_Pro_frame000168.jpg,3,green_apple,table_right,draft_unreviewed
images/train/WIN_20261006_23_51_34_Pro_frame000168.jpg,4,mug,table_right,draft_unreviewed
images/train/WIN_20261006_23_51_34_Pro_frame000168.jpg,5,peach,table_right,draft_unreviewed
images/train/WIN_20261006_23_51_34_Pro_frame000168.jpg,6,plate,table_right,draft_unreviewed
images/train/WIN_20261006_23_51_34_Pro_frame000169.jpg,0,apple,table_right,draft_unreviewed
images/train/WIN_20261006_23_51_34_Pro_frame000169.jpg,1,banana,table_right,draft_unreviewed
images/train/WIN_20261006_23_51_34_Pro_frame000169.jpg,2,fanta_can,table_right,draft_unreviewed
images/train/WIN_20261006_23_51_34_Pro_frame000169.jpg,3,green_apple,table_right,draft_unreviewed
images/train/WIN_20261006_23_51_34_Pro_frame000169.jpg,4,mug,table_right,draft_unreviewed
images/train/WIN_20261006_23_51_34_Pro_frame000169.jpg,5,peach,table_right,draft_unreviewed
images/train/WIN_20261006_23_51_34_Pro_frame000169.jpg,6,plate,table_right,draft_unreviewed
images/train/WIN_20261006_23_51_34_Pro_frame000170.jpg,0,apple,table_right,draft_unreviewed
images/train/WIN_20261006_23_51_34_Pro_frame000170.jpg,1,banana,table_right,draft_unreviewed
images/train/WIN_20261006_23_51_34_Pro_frame000170.jpg,2,fanta_can,table_right,draft_unreviewed
images/train/WIN_20261006_23_51_34_Pro_frame000170.jpg,3,green_apple,table_right,draft_unreviewed
images/train/WIN_20261006_23_51_34_Pro_frame000170.jpg,4,mug,table_right,draft_unreviewed
images/train/WIN_20261006_23_51_34_Pro_frame000170.jpg,5,peach,table_right,draft_unreviewed
images/train/WIN_20261006_23_51_34_Pro_frame000170.jpg,6,plate,table_right,draft_unreviewed
images/train/WIN_20261006_23_51_34_Pro_frame000171.jpg,0,apple,table_right,draft_unreviewed
images/train/WIN_20261006_23_51_34_Pro_frame000171.jpg,1,banana,table_right,draft_unreviewed
images/train/WIN_20261006_23_51_34_Pro_frame000171.jpg,2,fanta_can,table_right,draft_unreviewed
images/train/WIN_20261006_23_51_34_Pro_frame000171.jpg,3,green_apple,table_right,draft_unreviewed
images/train/WIN_20261006_23_51_34_Pro_frame000171.jpg,4,mug,table_right,draft_unreviewed
images/train/WIN_20261006_23_51_34_Pro_frame000171.jpg,5,peach,table_right,draft_unreviewed
images/train/WIN_20261006_23_51_34_Pro_frame000171.jpg,6,plate,table_right,draft_unreviewed
images/train/WIN_20261006_23_51_34_Pro_frame000172.jpg,0,apple,table_right,draft_unreviewed
images/train/WIN_20261006_23_51_34_Pro_frame000172.jpg,1,banana,table_right,draft_unreviewed
images/train/WIN_20261006_23_51_34_Pro_frame000172.jpg,2,fanta_can,table_right,draft_unreviewed
images/train/WIN_20261006_23_51_34_Pro_frame000172.jpg,3,green_apple,table_right,draft_unreviewed
images/train/WIN_20261006_23_51_34_Pro_frame000172.jpg,4,mug,table_right,draft_unreviewed
images/train/WIN_20261006_23_51_34_Pro_frame000172.jpg,5,peach,table_right,draft_unreviewed
images/train/WIN_20261006_23_51_34_Pro_frame000172.jpg,6,plate,table_right,draft_unreviewed
images/train/WIN_20261006_23_51_34_Pro_frame000173.jpg,0,apple,table_right,draft_unreviewed
images/train/WIN_20261006_23_51_34_Pro_frame000173.jpg,1,banana,table_right,draft_unreviewed
images/train/WIN_20261006_23_51_34_Pro_frame000173.jpg,2,fanta_can,table_right,draft_unreviewed
images/train/WIN_20261006_23_51_34_Pro_frame000173.jpg,3,green_apple,table_right,draft_unreviewed
images/train/WIN_20261006_23_51_34_Pro_frame000173.jpg,4,mug,table_right,draft_unreviewed
images/train/WIN_20261006_23_51_34_Pro_frame000173.jpg,5,peach,table_right,draft_unreviewed
images/train/WIN_20261006_23_51_34_Pro_frame000173.jpg,6,plate,table_right,draft_unreviewed
images/train/WIN_20261006_23_51_34_Pro_frame000174.jpg,0,apple,table_right,draft_unreviewed
images/train/WIN_20261006_23_51_34_Pro_frame000174.jpg,1,banana,table_right,draft_unreviewed
images/train/WIN_20261006_23_51_34_Pro_frame000174.jpg,2,fanta_can,table_right,draft_unreviewed
images/train/WIN_20261006_23_51_34_Pro_frame000174.jpg,3,green_apple,table_right,draft_unreviewed
images/train/WIN_20261006_23_51_34_Pro_frame000174.jpg,4,mug,table_right,draft_unreviewed
images/train/WIN_20261006_23_51_34_Pro_frame000174.jpg,5,peach,table_right,draft_unreviewed
images/train/WIN_20261006_23_51_34_Pro_frame000174.jpg,6,plate,table_right,draft_unreviewed
images/train/WIN_20261006_23_51_34_Pro_frame000175.jpg,0,apple,table_right,draft_unreviewed
images/train/WIN_20261006_23_51_34_Pro_frame000175.jpg,1,banana,table_right,draft_unreviewed
images/train/WIN_20261006_23_51_34_Pro_frame000175.jpg,2,fanta_can,table_right,draft_unreviewed
images/train/WIN_20261006_23_51_34_Pro_frame000175.jpg,3,green_apple,table_right,draft_unreviewed
images/train/WIN_20261006_23_51_34_Pro_frame000175.jpg,4,mug,table_right,draft_unreviewed
images/train/WIN_20261006_23_51_34_Pro_frame000175.jpg,5,peach,table_right,draft_unreviewed
images/train/WIN_20261006_23_51_34_Pro_frame000175.jpg,6,plate,table_right,draft_unreviewed
images/train/WIN_20261006_23_51_34_Pro_frame000176.jpg,0,apple,table_right,draft_unreviewed
images/train/WIN_20261006_23_51_34_Pro_frame000176.jpg,1,banana,table_right,draft_unreviewed
images/train/WIN_20261006_23_51_34_Pro_frame000176.jpg,2,fanta_can,table_right,draft_unreviewed
images/train/WIN_20261006_23_51_34_Pro_frame000176.jpg,3,green_apple,table_right,draft_unreviewed
images/train/WIN_20261006_23_51_34_Pro_frame000176.jpg,4,mug,table_right,draft_unreviewed
images/train/WIN_20261006_23_51_34_Pro_frame000176.jpg,5,peach,table_right,draft_unreviewed
images/train/WIN_20261006_23_51_34_Pro_frame000176.jpg,6,plate,table_right,draft_unreviewed
images/train/WIN_20261006_23_51_34_Pro_frame000177.jpg,0,apple,table_right,draft_unreviewed
images/train/WIN_20261006_23_51_34_Pro_frame000177.jpg,1,banana,table_right,draft_unreviewed
images/train/WIN_20261006_23_51_34_Pro_frame000177.jpg,2,fanta_can,table_right,draft_unreviewed
images/train/WIN_20261006_23_51_34_Pro_frame000177.jpg,3,green_apple,table_right,draft_unreviewed
images/train/WIN_20261006_23_51_34_Pro_frame000177.jpg,4,mug,table_right,draft_unreviewed
images/train/WIN_20261006_23_51_34_Pro_frame000177.jpg,5,peach,table_right,draft_unreviewed
images/train/WIN_20261006_23_51_34_Pro_frame000177.jpg,6,plate,table_right,draft_unreviewed
images/train/WIN_20261006_23_51_34_Pro_frame000178.jpg,0,apple,table_right,draft_unreviewed
images/train/WIN_20261006_23_51_34_Pro_frame000178.jpg,1,banana,table_right,draft_unreviewed
images/train/WIN_20261006_23_51_34_Pro_frame000178.jpg,2,fanta_can,table_right,draft_unreviewed
images/train/WIN_20261006_23_51_34_Pro_frame000178.jpg,3,green_apple,table_right,draft_unreviewed
images/train/WIN_20261006_23_51_34_Pro_frame000178.jpg,4,mug,table_right,draft_unreviewed
images/train/WIN_20261006_23_51_34_Pro_frame000178.jpg,5,peach,table_right,draft_unreviewed
images/train/WIN_20261006_23_51_34_Pro_frame000178.jpg,6,plate,table_right,draft_unreviewed
images/train/WIN_20261006_23_51_34_Pro_frame000179.jpg,0,apple,table_right,draft_unreviewed
images/train/WIN_20261006_23_51_34_Pro_frame000179.jpg,1,banana,table_right,draft_unreviewed
images/train/WIN_20261006_23_51_34_Pro_frame000179.jpg,2,fanta_can,table_right,draft_unreviewed
images/train/WIN_20261006_23_51_34_Pro_frame000179.jpg,3,green_apple,table_right,draft_unreviewed
images/train/WIN_20261006_23_51_34_Pro_frame000179.jpg,4,mug,table_right,draft_unreviewed
images/train/WIN_20261006_23_51_34_Pro_frame000179.jpg,5,peach,table_right,draft_unreviewed
images/train/WIN_20261006_23_51_34_Pro_frame000179.jpg,6,plate,table_right,draft_unreviewed
images/train/WIN_20261006_23_51_34_Pro_frame000180.jpg,0,apple,table_right,draft_unreviewed
images/train/WIN_20261006_23_51_34_Pro_frame000180.jpg,1,banana,table_right,draft_unreviewed
images/train/WIN_20261006_23_51_34_Pro_frame000180.jpg,2,fanta_can,table_right,draft_unreviewed
images/train/WIN_20261006_23_51_34_Pro_frame000180.jpg,3,green_apple,table_right,draft_unreviewed
images/train/WIN_20261006_23_51_34_Pro_frame000180.jpg,4,mug,table_right,draft_unreviewed
images/train/WIN_20261006_23_51_34_Pro_frame000180.jpg,5,peach,table_right,draft_unreviewed
images/train/WIN_20261006_23_51_34_Pro_frame000180.jpg,6,plate,table_right,draft_unreviewed
images/train/WIN_20261006_23_51_34_Pro_frame000181.jpg,0,apple,table_right,draft_unreviewed
images/train/WIN_20261006_23_51_34_Pro_frame000181.jpg,1,banana,table_right,draft_unreviewed
images/train/WIN_20261006_23_51_34_Pro_frame000181.jpg,2,fanta_can,table_right,draft_unreviewed
images/train/WIN_20261006_23_51_34_Pro_frame000181.jpg,3,green_apple,table_right,draft_unreviewed
images/train/WIN_20261006_23_51_34_Pro_frame000181.jpg,4,mug,table_right,draft_unreviewed
images/train/WIN_20261006_23_51_34_Pro_frame000181.jpg,5,peach,table_right,draft_unreviewed
images/train/WIN_20261006_23_51_34_Pro_frame000181.jpg,6,plate,table_right,draft_unreviewed
images/train/WIN_20261006_23_51_34_Pro_frame000182.jpg,0,apple,table_right,draft_unreviewed
images/train/WIN_20261006_23_51_34_Pro_frame000182.jpg,1,banana,table_right,draft_unreviewed
images/train/WIN_20261006_23_51_34_Pro_frame000182.jpg,2,fanta_can,table_right,draft_unreviewed
images/train/WIN_20261006_23_51_34_Pro_frame000182.jpg,3,green_apple,table_right,draft_unreviewed
images/train/WIN_20261006_23_51_34_Pro_frame000182.jpg,4,mug,table_right,draft_unreviewed
images/train/WIN_20261006_23_51_34_Pro_frame000182.jpg,5,peach,table_right,draft_unreviewed
images/train/WIN_20261006_23_51_34_Pro_frame000182.jpg,6,plate,table_right,draft_unreviewed
images/train/WIN_20261006_23_51_34_Pro_frame000183.jpg,0,apple,table_right,draft_unreviewed
images/train/WIN_20261006_23_51_34_Pro_frame000183.jpg,1,banana,table_right,draft_unreviewed
images/train/WIN_20261006_23_51_34_Pro_frame000183.jpg,2,fanta_can,table_right,draft_unreviewed
images/train/WIN_20261006_23_51_34_Pro_frame000183.jpg,3,green_apple,table_right,draft_unreviewed
images/train/WIN_20261006_23_51_34_Pro_frame000183.jpg,4,mug,table_right,draft_unreviewed
images/train/WIN_20261006_23_51_34_Pro_frame000183.jpg,5,peach,table_right,draft_unreviewed
images/train/WIN_20261006_23_51_34_Pro_frame000183.jpg,6,plate,table_right,draft_unreviewed
images/train/WIN_20261006_23_51_34_Pro_frame000184.jpg,0,apple,table_right,draft_unreviewed
images/train/WIN_20261006_23_51_34_Pro_frame000184.jpg,1,banana,table_right,draft_unreviewed
images/train/WIN_20261006_23_51_34_Pro_frame000184.jpg,2,fanta_can,table_right,draft_unreviewed
images/train/WIN_20261006_23_51_34_Pro_frame000184.jpg,3,green_apple,table_right,draft_unreviewed
images/train/WIN_20261006_23_51_34_Pro_frame000184.jpg,4,mug,table_right,draft_unreviewed
images/train/WIN_20261006_23_51_34_Pro_frame000184.jpg,5,peach,table_right,draft_unreviewed
images/train/WIN_20261006_23_51_34_Pro_frame000184.jpg,6,plate,table_right,draft_unreviewed
images/train/WIN_20261006_23_51_34_Pro_frame000185.jpg,0,apple,table_right,draft_unreviewed
images/train/WIN_20261006_23_51_34_Pro_frame000185.jpg,1,banana,table_right,draft_unreviewed
images/train/WIN_20261006_23_51_34_Pro_frame000185.jpg,2,fanta_can,table_right,draft_unreviewed
images/train/WIN_20261006_23_51_34_Pro_frame000185.jpg,3,green_apple,table_right,draft_unreviewed
images/train/WIN_20261006_23_51_34_Pro_frame000185.jpg,4,mug,table_right,draft_unreviewed
images/train/WIN_20261006_23_51_34_Pro_frame000185.jpg,5,peach,table_right,draft_unreviewed
images/train/WIN_20261006_23_51_34_Pro_frame000185.jpg,6,plate,table_right,draft_unreviewed
images/train/WIN_20261006_23_51_34_Pro_frame000186.jpg,0,apple,table_right,draft_unreviewed
images/train/WIN_20261006_23_51_34_Pro_frame000186.jpg,1,banana,table_right,draft_unreviewed
images/train/WIN_20261006_23_51_34_Pro_frame000186.jpg,2,fanta_can,table_right,draft_unreviewed
images/train/WIN_20261006_23_51_34_Pro_frame000186.jpg,3,green_apple,table_right,draft_unreviewed
images/train/WIN_20261006_23_51_34_Pro_frame000186.jpg,4,mug,table_right,draft_unreviewed
images/train/WIN_20261006_23_51_34_Pro_frame000186.jpg,5,peach,table_right,draft_unreviewed
images/train/WIN_20261006_23_51_34_Pro_frame000186.jpg,6,plate,table_right,draft_unreviewed
images/train/WIN_20261006_23_51_34_Pro_frame000187.jpg,0,apple,table_right,draft_unreviewed
images/train/WIN_20261006_23_51_34_Pro_frame000187.jpg,1,banana,table_right,draft_unreviewed
images/train/WIN_20261006_23_51_34_Pro_frame000187.jpg,2,fanta_can,table_right,draft_unreviewed
images/train/WIN_20261006_23_51_34_Pro_frame000187.jpg,3,green_apple,table_right,draft_unreviewed
images/train/WIN_20261006_23_51_34_Pro_frame000187.jpg,4,mug,table_right,draft_unreviewed
images/train/WIN_20261006_23_51_34_Pro_frame000187.jpg,5,peach,table_right,draft_unreviewed
images/train/WIN_20261006_23_51_34_Pro_frame000187.jpg,6,plate,table_right,draft_unreviewed
images/train/WIN_20261006_23_51_34_Pro_frame000188.jpg,0,apple,table_right,draft_unreviewed
images/train/WIN_20261006_23_51_34_Pro_frame000188.jpg,1,banana,table_right,draft_unreviewed
images/train/WIN_20261006_23_51_34_Pro_frame000188.jpg,2,fanta_can,table_right,draft_unreviewed
images/train/WIN_20261006_23_51_34_Pro_frame000188.jpg,3,green_apple,table_right,draft_unreviewed
images/train/WIN_20261006_23_51_34_Pro_frame000188.jpg,4,mug,table_right,draft_unreviewed
images/train/WIN_20261006_23_51_34_Pro_frame000188.jpg,5,peach,table_right,draft_unreviewed
images/train/WIN_20261006_23_51_34_Pro_frame000188.jpg,6,plate,table_right,draft_unreviewed
images/train/WIN_20261006_23_51_34_Pro_frame000189.jpg,0,apple,table_right,draft_unreviewed
images/train/WIN_20261006_23_51_34_Pro_frame000189.jpg,1,banana,table_right,draft_unreviewed
images/train/WIN_20261006_23_51_34_Pro_frame000189.jpg,2,fanta_can,table_right,draft_unreviewed
images/train/WIN_20261006_23_51_34_Pro_frame000189.jpg,3,green_apple,table_right,draft_unreviewed
images/train/WIN_20261006_23_51_34_Pro_frame000189.jpg,4,mug,table_right,draft_unreviewed
images/train/WIN_20261006_23_51_34_Pro_frame000189.jpg,5,peach,table_right,draft_unreviewed
images/train/WIN_20261006_23_51_34_Pro_frame000189.jpg,6,plate,table_right,draft_unreviewed
images/train/WIN_20261006_23_51_34_Pro_frame000190.jpg,0,apple,table_right,draft_unreviewed
images/train/WIN_20261006_23_51_34_Pro_frame000190.jpg,1,banana,table_right,draft_unreviewed
images/train/WIN_20261006_23_51_34_Pro_frame000190.jpg,2,fanta_can,table_right,draft_unreviewed
images/train/WIN_20261006_23_51_34_Pro_frame000190.jpg,3,green_apple,table_right,draft_unreviewed
images/train/WIN_20261006_23_51_34_Pro_frame000190.jpg,4,mug,table_right,draft_unreviewed
images/train/WIN_20261006_23_51_34_Pro_frame000190.jpg,5,peach,table_right,draft_unreviewed
images/train/WIN_20261006_23_51_34_Pro_frame000190.jpg,6,plate,table_right,draft_unreviewed
images/train/WIN_20261006_23_51_34_Pro_frame000191.jpg,0,apple,table_right,draft_unreviewed
images/train/WIN_20261006_23_51_34_Pro_frame000191.jpg,1,banana,table_right,draft_unreviewed
images/train/WIN_20261006_23_51_34_Pro_frame000191.jpg,2,fanta_can,table_right,draft_unreviewed
images/train/WIN_20261006_23_51_34_Pro_frame000191.jpg,3,green_apple,table_right,draft_unreviewed
images/train/WIN_20261006_23_51_34_Pro_frame000191.jpg,4,mug,table_right,draft_unreviewed
images/train/WIN_20261006_23_51_34_Pro_frame000191.jpg,5,peach,table_right,draft_unreviewed
images/train/WIN_20261006_23_51_34_Pro_frame000191.jpg,6,plate,table_right,draft_unreviewed
images/train/WIN_20261006_23_51_34_Pro_frame000192.jpg,0,apple,table_right,draft_unreviewed
images/train/WIN_20261006_23_51_34_Pro_frame000192.jpg,1,banana,table_right,draft_unreviewed
images/train/WIN_20261006_23_51_34_Pro_frame000192.jpg,2,fanta_can,table_right,draft_unreviewed
images/train/WIN_20261006_23_51_34_Pro_frame000192.jpg,3,green_apple,table_right,draft_unreviewed
images/train/WIN_20261006_23_51_34_Pro_frame000192.jpg,4,mug,table_right,draft_unreviewed
images/train/WIN_20261006_23_51_34_Pro_frame000192.jpg,5,peach,table_right,draft_unreviewed
images/train/WIN_20261006_23_51_34_Pro_frame000192.jpg,6,plate,table_right,draft_unreviewed
images/train/WIN_20261006_23_51_34_Pro_frame000193.jpg,0,apple,table_right,draft_unreviewed
images/train/WIN_20261006_23_51_34_Pro_frame000193.jpg,1,banana,table_right,draft_unreviewed
images/train/WIN_20261006_23_51_34_Pro_frame000193.jpg,2,fanta_can,table_right,draft_unreviewed
images/train/WIN_20261006_23_51_34_Pro_frame000193.jpg,3,green_apple,table_right,draft_unreviewed
images/train/WIN_20261006_23_51_34_Pro_frame000193.jpg,4,mug,table_right,draft_unreviewed
images/train/WIN_20261006_23_51_34_Pro_frame000193.jpg,5,peach,table_right,draft_unreviewed
images/train/WIN_20261006_23_51_34_Pro_frame000193.jpg,6,plate,table_right,draft_unreviewed
images/train/WIN_20261006_23_51_34_Pro_frame000194.jpg,0,apple,table_right,draft_unreviewed
images/train/WIN_20261006_23_51_34_Pro_frame000194.jpg,1,banana,table_right,draft_unreviewed
images/train/WIN_20261006_23_51_34_Pro_frame000194.jpg,2,fanta_can,table_right,draft_unreviewed
images/train/WIN_20261006_23_51_34_Pro_frame000194.jpg,3,green_apple,table_right,draft_unreviewed
images/train/WIN_20261006_23_51_34_Pro_frame000194.jpg,4,mug,table_right,draft_unreviewed
images/train/WIN_20261006_23_51_34_Pro_frame000194.jpg,5,peach,table_right,draft_unreviewed
images/train/WIN_20261006_23_51_34_Pro_frame000194.jpg,6,plate,table_right,draft_unreviewed
images/train/WIN_20261006_23_51_34_Pro_frame000195.jpg,0,apple,table_right,draft_unreviewed
images/train/WIN_20261006_23_51_34_Pro_frame000195.jpg,1,banana,table_right,draft_unreviewed
images/train/WIN_20261006_23_51_34_Pro_frame000195.jpg,2,fanta_can,table_right,draft_unreviewed
images/train/WIN_20261006_23_51_34_Pro_frame000195.jpg,3,green_apple,table_right,draft_unreviewed
images/train/WIN_20261006_23_51_34_Pro_frame000195.jpg,4,mug,table_right,draft_unreviewed
images/train/WIN_20261006_23_51_34_Pro_frame000195.jpg,5,peach,table_right,draft_unreviewed
images/train/WIN_20261006_23_51_34_Pro_frame000195.jpg,6,plate,table_right,draft_unreviewed
images/train/WIN_20261006_23_51_34_Pro_frame000196.jpg,0,apple,table_right,draft_unreviewed
images/train/WIN_20261006_23_51_34_Pro_frame000196.jpg,1,banana,table_right,draft_unreviewed
images/train/WIN_20261006_23_51_34_Pro_frame000196.jpg,2,fanta_can,table_right,draft_unreviewed
images/train/WIN_20261006_23_51_34_Pro_frame000196.jpg,3,green_apple,table_right,draft_unreviewed
images/train/WIN_20261006_23_51_34_Pro_frame000196.jpg,4,mug,table_right,draft_unreviewed
images/train/WIN_20261006_23_51_34_Pro_frame000196.jpg,5,peach,table_right,draft_unreviewed
images/train/WIN_20261006_23_51_34_Pro_frame000196.jpg,6,plate,table_right,draft_unreviewed
images/train/WIN_20261006_23_51_34_Pro_frame000197.jpg,0,apple,table_right,draft_unreviewed
images/train/WIN_20261006_23_51_34_Pro_frame000197.jpg,1,banana,table_right,draft_unreviewed
images/train/WIN_20261006_23_51_34_Pro_frame000197.jpg,2,fanta_can,table_right,draft_unreviewed
images/train/WIN_20261006_23_51_34_Pro_frame000197.jpg,3,green_apple,table_right,draft_unreviewed
images/train/WIN_20261006_23_51_34_Pro_frame000197.jpg,4,mug,table_right,draft_unreviewed
images/train/WIN_20261006_23_51_34_Pro_frame000197.jpg,5,peach,table_right,draft_unreviewed
images/train/WIN_20261006_23_51_34_Pro_frame000197.jpg,6,plate,table_right,draft_unreviewed
images/train/WIN_20261006_23_51_34_Pro_frame000198.jpg,0,apple,table_right,draft_unreviewed
images/train/WIN_20261006_23_51_34_Pro_frame000198.jpg,1,banana,table_right,draft_unreviewed
images/train/WIN_20261006_23_51_34_Pro_frame000198.jpg,2,fanta_can,table_right,draft_unreviewed
images/train/WIN_20261006_23_51_34_Pro_frame000198.jpg,3,green_apple,table_right,draft_unreviewed
images/train/WIN_20261006_23_51_34_Pro_frame000198.jpg,4,mug,table_right,draft_unreviewed
images/train/WIN_20261006_23_51_34_Pro_frame000198.jpg,5,peach,table_right,draft_unreviewed
images/train/WIN_20261006_23_51_34_Pro_frame000198.jpg,6,plate,table_right,draft_unreviewed
images/train/WIN_20261006_23_51_34_Pro_frame000199.jpg,0,apple,table_right,draft_unreviewed
images/train/WIN_20261006_23_51_34_Pro_frame000199.jpg,1,banana,table_right,draft_unreviewed
images/train/WIN_20261006_23_51_34_Pro_frame000199.jpg,2,fanta_can,table_right,draft_unreviewed
images/train/WIN_20261006_23_51_34_Pro_frame000199.jpg,3,green_apple,table_right,draft_unreviewed
images/train/WIN_20261006_23_51_34_Pro_frame000199.jpg,4,mug,table_right,draft_unreviewed
images/train/WIN_20261006_23_51_34_Pro_frame000199.jpg,5,peach,table_right,draft_unreviewed
images/train/WIN_20261006_23_51_34_Pro_frame000199.jpg,6,plate,table_right,draft_unreviewed
images/train/WIN_20261006_23_51_34_Pro_frame000200.jpg,0,apple,table_right,draft_unreviewed
images/train/WIN_20261006_23_51_34_Pro_frame000200.jpg,1,banana,table_right,draft_unreviewed
images/train/WIN_20261006_23_51_34_Pro_frame000200.jpg,2,fanta_can,table_right,draft_unreviewed
images/train/WIN_20261006_23_51_34_Pro_frame000200.jpg,3,green_apple,table_right,draft_unreviewed
images/train/WIN_20261006_23_51_34_Pro_frame000200.jpg,4,mug,table_right,draft_unreviewed
images/train/WIN_20261006_23_51_34_Pro_frame000200.jpg,5,peach,table_right,draft_unreviewed
images/train/WIN_20261006_23_51_34_Pro_frame000200.jpg,6,plate,table_right,draft_unreviewed
images/train/WIN_20261006_23_51_34_Pro_frame000201.jpg,0,apple,table_right,draft_unreviewed
images/train/WIN_20261006_23_51_34_Pro_frame000201.jpg,1,banana,table_right,draft_unreviewed
images/train/WIN_20261006_23_51_34_Pro_frame000201.jpg,2,fanta_can,table_right,draft_unreviewed
images/train/WIN_20261006_23_51_34_Pro_frame000201.jpg,3,green_apple,table_right,draft_unreviewed
images/train/WIN_20261006_23_51_34_Pro_frame000201.jpg,4,mug,table_right,draft_unreviewed
images/train/WIN_20261006_23_51_34_Pro_frame000201.jpg,5,peach,table_right,draft_unreviewed
images/train/WIN_20261006_23_51_34_Pro_frame000201.jpg,6,plate,table_right,draft_unreviewed
images/train/WIN_20261006_23_51_34_Pro_frame000202.jpg,0,apple,table_right,draft_unreviewed
images/train/WIN_20261006_23_51_34_Pro_frame000202.jpg,1,banana,table_right,draft_unreviewed
images/train/WIN_20261006_23_51_34_Pro_frame000202.jpg,2,fanta_can,table_right,draft_unreviewed
images/train/WIN_20261006_23_51_34_Pro_frame000202.jpg,3,green_apple,table_right,draft_unreviewed
images/train/WIN_20261006_23_51_34_Pro_frame000202.jpg,4,mug,table_right,draft_unreviewed
images/train/WIN_20261006_23_51_34_Pro_frame000202.jpg,5,peach,table_right,draft_unreviewed
images/train/WIN_20261006_23_51_34_Pro_frame000202.jpg,6,plate,table_right,draft_unreviewed
images/train/WIN_20261006_23_51_34_Pro_frame000203.jpg,0,apple,table_right,draft_unreviewed
images/train/WIN_20261006_23_51_34_Pro_frame000203.jpg,1,banana,table_right,draft_unreviewed
images/train/WIN_20261006_23_51_34_Pro_frame000203.jpg,2,fanta_can,table_right,draft_unreviewed
images/train/WIN_20261006_23_51_34_Pro_frame000203.jpg,3,green_apple,table_right,draft_unreviewed
images/train/WIN_20261006_23_51_34_Pro_frame000203.jpg,4,mug,table_right,draft_unreviewed
images/train/WIN_20261006_23_51_34_Pro_frame000203.jpg,5,peach,table_right,draft_unreviewed
images/train/WIN_20261006_23_51_34_Pro_frame000203.jpg,6,plate,table_right,draft_unreviewed
images/train/WIN_20261006_23_51_34_Pro_frame000204.jpg,0,apple,table_right,draft_unreviewed
images/train/WIN_20261006_23_51_34_Pro_frame000204.jpg,1,banana,table_right,draft_unreviewed
images/train/WIN_20261006_23_51_34_Pro_frame000204.jpg,2,fanta_can,table_right,draft_unreviewed
images/train/WIN_20261006_23_51_34_Pro_frame000204.jpg,3,green_apple,table_right,draft_unreviewed
images/train/WIN_20261006_23_51_34_Pro_frame000204.jpg,4,mug,table_right,draft_unreviewed
images/train/WIN_20261006_23_51_34_Pro_frame000204.jpg,5,peach,table_right,draft_unreviewed
images/train/WIN_20261006_23_51_34_Pro_frame000204.jpg,6,plate,table_right,draft_unreviewed
images/train/WIN_20261006_23_51_34_Pro_frame000205.jpg,0,apple,table_right,draft_unreviewed
images/train/WIN_20261006_23_51_34_Pro_frame000205.jpg,1,banana,table_right,draft_unreviewed
images/train/WIN_20261006_23_51_34_Pro_frame000205.jpg,2,fanta_can,table_right,draft_unreviewed
images/train/WIN_20261006_23_51_34_Pro_frame000205.jpg,3,green_apple,table_right,draft_unreviewed
images/train/WIN_20261006_23_51_34_Pro_frame000205.jpg,4,mug,table_right,draft_unreviewed
images/train/WIN_20261006_23_51_34_Pro_frame000205.jpg,5,peach,table_right,draft_unreviewed
images/train/WIN_20261006_23_51_34_Pro_frame000205.jpg,6,plate,table_right,draft_unreviewed
images/train/WIN_20261006_23_51_34_Pro_frame000206.jpg,0,apple,table_right,draft_unreviewed
images/train/WIN_20261006_23_51_34_Pro_frame000206.jpg,1,banana,table_right,draft_unreviewed
images/train/WIN_20261006_23_51_34_Pro_frame000206.jpg,2,fanta_can,table_right,draft_unreviewed
images/train/WIN_20261006_23_51_34_Pro_frame000206.jpg,3,green_apple,table_right,draft_unreviewed
images/train/WIN_20261006_23_51_34_Pro_frame000206.jpg,4,mug,table_right,draft_unreviewed
images/train/WIN_20261006_23_51_34_Pro_frame000206.jpg,5,peach,table_right,draft_unreviewed
images/train/WIN_20261006_23_51_34_Pro_frame000206.jpg,6,plate,table_right,draft_unreviewed
images/train/WIN_20261006_23_51_34_Pro_frame000207.jpg,0,apple,table_right,draft_unreviewed
images/train/WIN_20261006_23_51_34_Pro_frame000207.jpg,1,banana,table_right,draft_unreviewed
images/train/WIN_20261006_23_51_34_Pro_frame000207.jpg,2,fanta_can,table_right,draft_unreviewed
images/train/WIN_20261006_23_51_34_Pro_frame000207.jpg,3,green_apple,table_right,draft_unreviewed
images/train/WIN_20261006_23_51_34_Pro_frame000207.jpg,4,mug,table_right,draft_unreviewed
images/train/WIN_20261006_23_51_34_Pro_frame000207.jpg,5,peach,table_right,draft_unreviewed
images/train/WIN_20261006_23_51_34_Pro_frame000207.jpg,6,plate,table_right,draft_unreviewed
images/train/WIN_20261006_23_51_34_Pro_frame000208.jpg,0,apple,table_right,draft_unreviewed
images/train/WIN_20261006_23_51_34_Pro_frame000208.jpg,1,banana,table_right,draft_unreviewed
images/train/WIN_20261006_23_51_34_Pro_frame000208.jpg,2,fanta_can,table_right,draft_unreviewed
images/train/WIN_20261006_23_51_34_Pro_frame000208.jpg,3,green_apple,table_right,draft_unreviewed
images/train/WIN_20261006_23_51_34_Pro_frame000208.jpg,4,mug,table_right,draft_unreviewed
images/train/WIN_20261006_23_51_34_Pro_frame000208.jpg,5,peach,table_right,draft_unreviewed
images/train/WIN_20261006_23_51_34_Pro_frame000208.jpg,6,plate,table_right,draft_unreviewed
